Chamado_ID;Quarto_ID;Funcionario_ID;Tipo_Chamado;Prioridade;Data_Abertura;Data_Fechamento;Avaliacao_Atendimento
CHM-6292521;QRT-57763;FUN-01568;Hidráulica;Baixa;01/01/2026 17:11;03/01/2026 08:55;1
CHM-5069900;QRT-49389;FUN-08828;Frigobar com Defeito;Baixa;05/07/2024 15:39;06/07/2024 03:53;4
CHM-1743893;QRT-19734;FUN-09324;Ar-condicionado;Média;31/05/2025 22:10;01/06/2025 00:13;4
CHM-2892948;QRT-26237;FUN-67282;Hidráulica;Baixa;28/06/2025 17:44;29/06/2025 15:14;4
CHM-3024486;QRT-95618;FUN-08234;Frigobar com Defeito;Baixa;2025-05-26;27/05/2025 01:54;5
CHM-7009920;QRT-55454;FUN-03036;Wi-Fi;Baixa;2024-12-04;05/12/2024 08:51;5
CHM-7752792;QRT-95201;FUN-15867;TV / Controle;Alta;14/07/2024 07:04;14/07/2024 10:32;2
CHM-6370741;QRT-03596;FUN-22607;Wi-Fi;Alta;28/07/2024 15:45;28/07/2024 16:08;5
CHM-6020312;QRT-87466;FUN-71493;Wi-Fi;Baixa;08/09/2025 08:10;09/09/2025 07:56;5
CHM-0937995;QRT-85739;FUN-37715;Fechadura Eletrônica;Média;09/02/2025 14:16;09/02/2025 19:07;5
CHM-2119329;QRT-76454;FUN-92045;Wi-Fi;Média;11-07-2024;11/07/2024 12:34;4
CHM-3691843;QRT-92558;FUN-64047;Hidráulica;Média;29/08/2024 14:36;30/08/2024 12:17;2
CHM-0510961;QRT-81819;FUN-21094;Wi-Fi;Média;01-07-2024;01.07.24;5
CHM-7602365;QRT-76575;FUN-92045;Wi-Fi;Média;07.11.24;08.11.24;5
CHM-7174743;QRT-91810;FUN-82886;Fechadura Eletrônica;Baixa;2025-01-20;21-01-2025;5
CHM-9074507;QRT-67879;FUN-04670;TV / Controle;P2;03/01/2026 19:41;03.01.26;3
CHM-8730139;QRT-75780;FUN-48683;Hidráulica;Baixa;11/08/2025 17:53;2025-08-11;5
CHM-2626140;QRT-09674;FUN-09324;Limpeza Extra;Média;16/10/2025 23:49;17/10/2025 03:24;5
CHM-0001490;QRT-42908;FUN-66580;Hidráulica;P2;26/05/2026 16:19;27/05/2026 20:14;2
CHM-6844089;QRT-95712;FUN-78820;Ar-condicionado;P1;13/09/2025 14:48;13/09/2025 15:38;5
CHM-0142963;QRT-38689;FUN-96354;Wi-Fi;Baixa;01/09/2025 21:16;02/09/2025 04:46;4
CHM-9749101;QRT-45185;FUN-34873;Ar-condicionado;Média;25/11/2025 09:42;25/11/2025 18:18;2
CHM-2788962;QRT-13758;FUN-02909;Fechadura Eletrônica;alta;18.08.24;18.08.24;4
CHM-4132957;QRT-15710;FUN-96106;Limpeza Extra;Média;07.07.24;08/07/2024 02:57;4
CHM-8920421;QRT-29393;FUN-52300;TV / Controle;BAIXA;2025-12-30;2025-12-30;4
CHM-2513105;QRT-83689;FUN-49170;Elétrica;Média;2026-04-07;07/04/2026 11:28;4
CHM-1445060;QRT-07031;FUN-81524;Elétrica;Baixa;14-04-2026;14/04/2026 14:27;5
CHM-9243828;QRT-37672;FUN-05739;TV / Controle;Alta;12/07/2025 17:23;12/07/2025 19:19;5
CHM-8955105;QRT-02862;FUN-01568;Wi-Fi;Média;22-03-2026;22/03/2026 22:10;4
CHM-0390130;QRT-40043;FUN-49170;Fechadura Eletrônica;Média;15/02/2026 16:10;15/02/2026 19:18;5
CHM-1632846;QRT-86712;FUN-69727;Hidráulica;Média;14/04/2026 06:10;14/04/2026 22:14;3
CHM-0211831;QRT-78217;FUN-22607;Limpeza Extra;Média;05/05/2026 23:42;06-05-2026;4
CHM-3764160;QRT-41316;FUN-45111;Limpeza Extra;ALTA;26/09/2024 19:08;2024-09-26;4
CHM-9395952;QRT-42819;FUN-57664;Wi-Fi;Média;16.05.25;16/05/2025 18:00;4
CHM-9378133;QRT-54048;FUN-21094;Elétrica;Média;2024-12-13;13/12/2024 14:26;5
CHM-4022038;QRT-15355;FUN-64755;LIMPEZA EXTRA;Média;05/05/2025 08:07;05/05/2025 09:05;3
CHM-1245166;QRT-99264;FUN-52300;Limpeza Extra;Baixa;16-10-2025;17/10/2025 04:34;4
CHM-2144450;QRT-60540;FUN-43763;Hidráulica;Média;20/12/2024 14:45;20.12.24;4
CHM-9361867;QRT-15710;FUN-57664;Fechadura Eletrônica;Alta;25/09/2025 17:18;2025-09-25;3
CHM-1912504;QRT-26080;FUN-39946;Elétrica;Alta;06/10/2024 10:56;2024-10-06;5
CHM-0834423;QRT-12236;FUN-19473;Limpeza Extra;Média;20/08/2025 17:30;20/08/2025 19:47;4
CHM-1570759;QRT-57208;FUN-52793;Ar-condicionado;Baixa;12/12/2025 10:52;12/12/2025 20:28;4
CHM-9534010;QRT-13534;FUN-34873;Hidráulica;Média;04/06/2026 13:14;04-06-2026;5
CHM-4861853;QRT-91492;FUN-15867;Elétrica;Média;31/05/2025 07:53;31.05.25;4
CHM-4695576;QRT-14624;FUN-15867;Ar-condicionado;Média;26/08/2024 07:35;26/08/2024 11:08;4
CHM-0935198;QRT-68507;FUN-49170;Ar-condicionado;P2;03/09/2025 20:13;03/09/2025 23:37;5
CHM-4922103;QRT-69520;FUN-34079;Ar-condicionado;Média;09.06.26;09/06/2026 14:26;4
CHM-8386662;QRT-11654;FUN-25313;TV / Controle;Alta;28/09/2024 19:56;28-09-2024;4
CHM-4957241;QRT-03930;FUN-08849;Ar-condicionado;Alta;22/01/2026 14:36;22/01/2026 15:32;5
CHM-2000804;QRT-98042;FUN-19473;Elétrica;Média;10/06/2025 07:03;10-06-2025;3
CHM-3516310;QRT-68507;FUN-57664;Frigobar com Defeito;Média;2025-08-06;07/08/2025 03:15;5
CHM-2491761;QRT-74690;FUN-50800;Hidráulica;Média;07-09-2025;08/09/2025 00:01;3
CHM-9665371;QRT-69411;FUN-15867;Wi-Fi;Média;03/12/2024 13:53;03-12-2024;5
CHM-7664923;QRT-29802;FUN-73856;Hidráulica;Baixa;14/01/2025 16:21;14/01/2025 23:40;5
CHM-9415413;QRT-71975;FUN-49013;Fechadura Eletrônica;Alta;12/11/2025 18:22;12-11-2025;3
CHM-5464574;QRT-22585;FUN-90839;TV / Controle;Média;03/08/2025 16:19;03/08/2025 19:23;4
CHM-4276640;QRT-95923;FUN-29826;Wi-Fi;Baixa;21/04/2026 21:52;22/04/2026 08:45;3
CHM-7943004;QRT-76736;FUN-16922;TV / Controle;Média;03/01/2026 17:36;04/01/2026 03:16;3
CHM-4029193;QRT-42908;FUN-66580;Hidráulica;Média;04.10.25;05/10/2025 12:16;2
CHM-0391586;QRT-93908;FUN-29826;Limpeza Extra;Alta;16.11.25;16/11/2025 08:17;4
CHM-4464544;QRT-56980;FUN-57664;Frigobar com Defeito;ALTA;01.09.25;01/09/2025 22:22;5
CHM-8302200;QRT-96237;FUN-65780;Elétrica;Baixa;2025-08-30;31/08/2025 07:36;5
CHM-2362369;QRT-03446;FUN-12040;Ar-condicionado;P2;23/08/2024 19:36;24/08/2024 04:19;2
CHM-2490105;QRT-47628;FUN-89330;Limpeza Extra;Alta;2025-07-27;27/07/2025 13:06;4
CHM-8872219;QRT-56455;FUN-16922;Wi-Fi;Alta;10.06.26;10/06/2026 16:53;2
CHM-9301899;QRT-31930;FUN-73856;TV / Controle;Média;2025-06-03;2025-06-04;3
CHM-0950354;QRT-88654;FUN-28577;Wi-Fi;Média;23/07/2024 19:23;24/07/2024 02:59;5
CHM-6373384;QRT-04414;FUN-71181;Elétrica;Media;27/05/2026 06:49;28/05/2026 00:35;3
CHM-0079939;QRT-72363;FUN-22027;Wi-Fi;Alta;02/04/2025 08:06;02/04/2025 09:08;5
CHM-4107871;QRT-02007;FUN-37715;Limpeza Extra;MÉDIA;07/02/2025 22:24;08/02/2025 01:58;5
CHM-4356306;QRT-60979;FUN-81524;Wi-Fi;Média;26/05/2025 22:51;27/05/2025 02:58;3
CHM-9518280;QRT-78524;FUN-78820;Wi-Fi;BAIXA;14.07.25;14/07/2025 21:40;5
CHM-4286539;QRT-53914;FUN-16922;Hidráulica;Média;04/06/2025 13:44;04/06/2025 17:12;5
CHM-8662166;QRT-73232;FUN-64047;Fechadura Eletrônica;Baixa;08/02/2026 18:19;09-02-2026;4
CHM-9873828;QRT-92964;FUN-49170;Limpeza Extra;Média;20/08/2025 12:42;20/08/2025 15:32;5
CHM-0024014;QRT-94556;FUN-08828;wi-fi;Baixa;16/12/2025 08:53;17/12/2025 13:24;3
CHM-4060030;QRT-22178;FUN-16922;Hidráulica;Alta;30/09/2024 22:23;2024-10-01;4
CHM-7564391;QRT-98370;FUN-22027;Ar-condicionado;Alta;07/06/2026 14:46;07/06/2026 15:46;5
CHM-2913888;QRT-65918;FUN-86194;TV / Controle;Baixa;09/04/2025 09:39;10/04/2025 00:44;4
CHM-0868557;QRT-94225;FUN-19473;Hidráulica;Alta;26.01.26;2026-01-26;3
CHM-5280057;QRT-25571;FUN-67282;Elétrica;Média;14-11-2025;15.11.25;5
CHM-8646639;QRT-96687;FUN-76103;Elétrica;Média;15/03/2025 06:53;15/03/2025 09:45;5
CHM-9991551;QRT-80765;FUN-83865;Fechadura Eletrônica;Média;30.07.25;30/07/2025 14:44;4
CHM-7127038;QRT-92177;FUN-49013;Hidráulica;Média;17/03/2026 11:11;17/03/2026 23:38;3
CHM-5737222;QRT-04283;FUN-39946;Wi-Fi;Alta;27/10/2024 08:27;27-10-2024;5
CHM-1271138;QRT-46149;FUN-64755;Wi-Fi;Média;05/10/2025 17:39;05/10/2025 19:45;5
CHM-1185084;QRT-94556;FUN-70436;Hidráulica;Média;22.12.24;22/12/2024 23:43;4
CHM-2166997;QRT-18531;FUN-25313;Fechadura Eletrônica;Baixa;13/12/2025 14:29;2025-12-14;1
CHM-2419211;QRT-14624;FUN-48683;Ar-condicionado;Média;06-08-2024;07/08/2024 01:43;4
CHM-9942397;QRT-64260;FUN-41540;Fechadura Eletrônica;Baixa;02/10/2024 10:38;04/10/2024 05:18;2
CHM-6645052;QRT-87654;FUN-71493;Elétrica;Baixa;09/12/2025 20:31;10.12.25;3
CHM-6171830;QRT-41748;FUN-12040;Ar-condicionado;Baixa;14/03/2026 14:33;15/03/2026 01:31;5
CHM-2051874;QRT-41356;FUN-52300;Limpeza Extra;Média;29/11/2025 14:59;29/11/2025 18:22;4
CHM-4124489;QRT-56455;FUN-16922;Fechadura Eletrônica;Baixa;03/08/2025 17:50;04/08/2025 10:03;5
CHM-2115749;QRT-53917;FUN-22027;Wi-Fi;Baixa;07/04/2025 10:38;09/04/2025 09:06;3
CHM-7033725;QRT-42819;FUN-05739;Elétrica;Alta;11/07/2024 09:29;11/07/2024 10:00;5
CHM-3517292;QRT-87613;FUN-76103;Ar-condicionado;baixa;09/11/2025 22:15;10/11/2025 13:31;5
CHM-7297785;QRT-83689;FUN-49170;Hidráulica;Média;22/11/2025 17:06;22/11/2025 22:09;5
CHM-8618974;QRT-87183;FUN-12576;Ar-condicionado;Média;24.07.24;25/07/2024 02:09;4
CHM-5430160;QRT-29854;FUN-64755;Ar-condicionado;Alta;02/09/2024 16:13;02/09/2024 17:08;4
CHM-5461563;QRT-53432;FUN-41540;Wi-Fi;Baixa;11-09-2025;12/09/2025 03:17;4
CHM-2422652;QRT-17820;FUN-13975;Wi-Fi;Média;31-01-2026;31/01/2026 14:07;5
CHM-3905011;QRT-28319;FUN-05739;Hidráulica;Alta;29/01/2025 20:05;29/01/2025 22:05;3
CHM-7313778;QRT-27391;FUN-07814;Ar-condicionado;Baixa;10-05-2025;10/05/2025 16:53;5
CHM-5622475;QRT-37204;FUN-50800;TV / Controle;Alta;03/03/2026 07:49;03/03/2026 09:45;5
CHM-3007038;QRT-07215;FUN-05739;Wi-Fi;Média;29/05/2025 17:08;30/05/2025 01:04;4
CHM-9664612;QRT-74465;FUN-08486;Hidráulica;Baixa;11-06-2025;11/06/2025 21:25;5
CHM-3424312;QRT-17482;FUN-22607;Fechadura Eletrônica;Média;19/02/2026 09:27;19/02/2026 11:12;5
CHM-8591095;QRT-98042;FUN-65780;WI-FI;Média;11/09/2024 09:57;11-09-2024;5
CHM-4473936;QRT-47168;FUN-96354;Ar-condicionado;Baixa;31/12/2024 11:20;31-12-2024;4
CHM-2753569;QRT-49389;FUN-08828;Wi-Fi;Baixa;31/10/2024 12:51;31/10/2024 23:44;3
CHM-3530912;QRT-78055;FUN-25313;AR-CONDICIONADO;Média;27/07/2024 08:01;27/07/2024 09:09;4
CHM-1464287;QRT-04283;FUN-08486;Hidráulica;Alta;24/07/2024 12:10;24/07/2024 13:20;5
CHM-4167354;QRT-22585;FUN-90839;Ar-condicionado;Média;17-08-2024;17/08/2024 16:08;5
CHM-7024014;QRT-90947;FUN-71181;Hidráulica;Baixa;03/10/2024 10:31;04/10/2024 15:57;3
CHM-8553093;QRT-78524;FUN-73856;Elétrica;Média;14-08-2024;14/08/2024 18:51;3
CHM-7749995;QRT-44476;FUN-16922;Elétrica;Média;23/01/2026 19:47;24/01/2026 00:35;5
CHM-7178174;QRT-53432;FUN-86199;Elétrica;Média;06.03.25;06/03/2025 20:09;3
CHM-7456429;QRT-59498;FUN-92045;TV / Controle;Média;17/06/2025 16:28;17.06.25;4
CHM-4778286;QRT-70680;FUN-07814;Ar-condicionado;Baixa;10/10/2025 19:02;11/10/2025 04:31;5
CHM-6572351;QRT-59474;FUN-81524;Fechadura Eletrônica;Baixa;05/06/2025 14:22;05/06/2025 22:39;5
CHM-7230163;QRT-29439;FUN-15784;Frigobar com Defeito;Baixa;07/04/2025 22:08;08-04-2025;5
CHM-3510831;QRT-49331;FUN-22607;Elétrica;Média;22/04/2026 20:26;22/04/2026 22:43;5
CHM-7729611;QRT-13595;FUN-09102;Elétrica;Baixa;14/11/2025 13:16;17/11/2025 17:50;2
CHM-0982012;QRT-03596;FUN-71493;Limpeza Extra;Média;27/06/2025 10:35;27/06/2025 12:34;4
CHM-4221286;QRT-45866;FUN-29826;Hidráulica;Média;12/02/2026 17:33;12/02/2026 20:45;5
CHM-3746326;QRT-31908;FUN-12040;Ar-condicionado;Média;26/03/2026 14:12;2026-03-26;5
CHM-0319852;QRT-83689;FUN-64755;TV / Controle;Alta;13/07/2025 10:30;2025-07-13;3
CHM-2710767;QRT-92171;FUN-78820;Hidráulica;Alta;22/11/2024 13:58;2024-11-22;4
CHM-6382054;QRT-60845;FUN-15867;Hidráulica;Média;01/03/2026 15:06;01/03/2026 18:26;3
CHM-0111446;QRT-09785;FUN-07814;Ar-condicionado;Alta;26/11/2024 14:29;26/11/2024 14:55;4
CHM-3912592;QRT-74691;FUN-96106;TV / Controle;Média;17/11/2025 10:27;18/11/2025 03:02;3
CHM-1624846;QRT-13534;FUN-50800;Ar-condicionado;Média;04/12/2024 23:04;05.12.24;3
CHM-2920443;QRT-61962;FUN-05739;Wi-Fi;Baixa;13-07-2025;14/07/2025 12:27;5
CHM-3928169;QRT-06780;FUN-52793;Hidráulica;Baixa;16/07/2025 20:38;18/07/2025 15:54;3
CHM-4738924;QRT-28212;FUN-57664;Wi-Fi;Média;06/10/2025 19:20;06/10/2025 23:15;4
CHM-8845778;QRT-77112;FUN-22027;Elétrica;alta;01-11-2025;01-11-2025;5
CHM-1147583;QRT-53432;FUN-90839;Ar-condicionado;Média;09.08.24;09/08/2024 13:56;5
CHM-1666379;QRT-02862;FUN-86199;Limpeza  Extra;Média;08/12/2024 13:16;10/12/2024 14:38;3
CHM-8330839;QRT-65099;FUN-47371;Hidráulica;Baixa;16-01-2025;17/01/2025 13:40;3
CHM-3853255;QRT-84941;FUN-69104;Ar-condicionado;Média;18/04/2026 11:51;18-04-2026;5
CHM-7473332;QRT-23155;FUN-05739;Ar-condicionado;Média;31/07/2024 21:55;01.08.24;2
CHM-0721357;QRT-62407;FUN-08109;Limpeza Extra;Media;13/01/2026 21:28;14/01/2026 02:57;5
CHM-7585237;QRT-04542;FUN-09102;Ar-condicionado;P3;03/05/2025 18:04;04/05/2025 09:19;4
CHM-4836643;QRT-95712;FUN-67710;Limpeza Extra;Média;07/09/2024 16:41;2024-09-08;1
CHM-1544453;QRT-86467;FUN-81524;Frigobar com Defeito;Média;12/09/2025 18:21;13/09/2025 01:17;5
CHM-4729067;QRT-55333;FUN-36473;Wi-Fi;P1;17/06/2025 20:01;17/06/2025 20:46;5
CHM-5548194;QRT-87183;FUN-37715;Fechadura Eletrônica;Média;23/03/2026 19:30;23/03/2026 22:35;5
CHM-7454371;QRT-16068;FUN-02909;Wi-Fi;Média;16-05-2026;16-05-2026;5
CHM-0668476;QRT-11826;FUN-08849;TV / Controle;Média;23/09/2024 13:01;23/09/2024 16:34;4
CHM-0671113;QRT-84972;FUN-07814;Ar-condicionado;Alta;16/04/2026 14:27;16-04-2026;3
CHM-8736379;QRT-03659;FUN-49170;TV / Controle;Baixa;06/10/2025 20:26;07/10/2025 18:50;4
CHM-6343941;QRT-39368;FUN-89330;Elétrica;Baixa;17/03/2025 10:49;18-03-2025;3
CHM-1453185;QRT-69835;FUN-12040;Ar-condicionado;Baixa;11.09.25;12/09/2025 11:11;4
CHM-0061809;QRT-55333;FUN-48159;Wi-Fi;Baixa;10-03-2026;10/03/2026 14:54;5
CHM-6652903;QRT-25078;FUN-86194;Frigobar com Defeito;Baixa;07/09/2025 21:54;08/09/2025 19:27;5
CHM-0887681;QRT-56455;FUN-73856;Hidráulica;Alta;12/02/2025 18:05;12/02/2025 18:51;4
CHM-2038848;QRT-65173;FUN-28577;Ar-condicionado;Baixa;26.07.24;27.07.24;4
CHM-2336395;QRT-86876;FUN-48159;Wi-Fi;Média;30/08/2025 18:20;2025-08-30;5
CHM-0608090;QRT-80227;FUN-64755;Hidráulica;Média;30/01/2025 12:15;30/01/2025 23:06;2
CHM-8059554;QRT-87466;FUN-08849;Ar-condicionado;Média;25/04/2026 23:01;26/04/2026 03:59;5
CHM-2049362;QRT-23438;FUN-86199;Ar-condicionado;Baixa;27-09-2024;27/09/2024 18:05;5
CHM-4172857;QRT-00087;FUN-08109;Wi-Fi;Baixa;2026-01-11;12.01.26;4
CHM-0941452;QRT-41338;FUN-49013;Ar-condicionado;Baixa;27/07/2024 21:26;28-07-2024;5
CHM-3677946;QRT-26080;FUN-10947;Fechadura Eletrônica;Média;03/12/2025 18:06;03/12/2025 21:57;5
CHM-8997322;QRT-29980;FUN-64755;Elétrica;Média;2025-10-07;08/10/2025 01:19;5
CHM-5487405;QRT-06780;FUN-08486;Ar-condicionado;Baixa;07.02.25;09/02/2025 04:42;2
CHM-1540185;QRT-86201;FUN-50800;Ar-condicionado;Média;01/03/2025 10:02;02/03/2025 21:24;1
CHM-2235352;QRT-37131;FUN-48159;Limpeza Extra;Baixa;05.04.26;06/04/2026 16:59;1
CHM-2919451;QRT-11607;FUN-23383;Ar-condicionado;Alta;15/04/2026 19:43;15-04-2026;3
CHM-2662365;QRT-61719;FUN-02909;Ar-condicionado;Média;22/05/2025 11:55;2025-05-22;5
CHM-9535343;QRT-83424;FUN-71493;Elétrica;Média;29/08/2024 13:11;29/08/2024 19:13;5
CHM-1571588;QRT-37477;FUN-88121;Hidráulica;Baixa;15/03/2026 23:27;16/03/2026 06:12;3
CHM-2546260;QRT-22178;FUN-67710;Elétrica;Alta;20/08/2024 19:51;20/08/2024 22:03;3
CHM-3855184;QRT-78524;FUN-67710;Hidráulica;Média;10/04/2026 23:24;11/04/2026 03:04;4
CHM-3951853;QRT-21496;FUN-86199;Fechadura Eletrônica;Média;09/01/2026 11:19;09/01/2026 14:35;5
CHM-3969072;QRT-80765;FUN-86194;Wi-Fi;Média;21/03/2026 15:53;21/03/2026 19:34;3
CHM-8678805;QRT-39575;FUN-69727;Limpeza Extra;Baixa;04/01/2026 11:34;05-01-2026;5
CHM-9038974;QRT-03369;FUN-12576;Ar-condicionado;Média;25/01/2025 16:59;26/01/2025 03:19;3
CHM-2784807;QRT-75123;FUN-50800;Wi-Fi;Média;2025-10-03;04/10/2025 12:28;2
CHM-1837277;QRT-49331;FUN-08109;Fechadura Eletrônica;Média;21.06.26;21/06/2026 20:36;5
CHM-2213981;QRT-21077;FUN-86194;Limpeza Extra;Baixa;30.11.24;01/12/2024 11:39;5
CHM-2761454;QRT-13595;FUN-09102;Wi-Fi;Média;28/11/2024 21:51;29/11/2024 01:19;5
CHM-8351365;QRT-24274;FUN-48683;Ar-condicionado;P2;27.11.24;27/11/2024 11:05;4
CHM-7648298;QRT-47964;FUN-29826;Wi-Fi;Média;13/08/2024 13:23;13/08/2024 16:36;4
CHM-9219357;QRT-37131;FUN-36473;Ar-condicionado;Média;16-10-2025;16-10-2025;2
CHM-5329100;QRT-94556;FUN-70436;Hidráulica;Média;25/07/2024 08:03;25.07.24;5
CHM-8955454;QRT-58898;FUN-36473;Wi-Fi;Média;01/12/2025 11:12;02.12.25;1
CHM-2342845;QRT-42444;FUN-76103;Elétrica;Média;13/05/2025 23:59;14/05/2025 02:23;5
CHM-7799772;QRT-22585;FUN-01568;Fechadura Eletrônica;Baixa;02-03-2026;03/03/2026 09:14;4
CHM-5885727;QRT-16535;FUN-19473;Elétrica;Média;17-08-2024;17/08/2024 12:35;4
CHM-2365109;QRT-13758;FUN-71493;Elétrica;Média;15/07/2025 19:17;16/07/2025 01:02;4
CHM-4536889;QRT-47759;FUN-18700;Ar-condicionado;Baixa;12.08.24;2024-08-13;4
CHM-0081853;QRT-67879;FUN-36473;Wi-Fi;Média;04-06-2025;2025-06-04;5
CHM-3359739;QRT-89410;FUN-74014;Wi-Fi;Alta;02/07/2025 11:09;02/07/2025 14:30;2
CHM-1711292;QRT-72363;FUN-22027;Wi-Fi;Média;03/11/2024 13:24;03/11/2024 23:40;2
CHM-4966009;QRT-53290;FUN-92311;Hidráulica;Baixa;2025-11-09;10/11/2025 04:38;5
CHM-2273268;QRT-69411;FUN-50800;Hidráulica;Media;06/09/2025 06:42;06/09/2025 15:43;2
CHM-3667951;QRT-35519;FUN-34873;Ar-condicionado;baixa;27/05/2026 12:34;28-05-2026;5
CHM-6096997;QRT-62109;FUN-71493;TV / Controle;Baixa;02/04/2025 10:36;02/04/2025 19:39;5
CHM-7470777;QRT-98042;FUN-65780;TV / Controle;Média;15-02-2025;2025-02-15;5
CHM-6529414;QRT-43677;FUN-94946;Hidráulica;Alta;01/11/2025 13:48;01/11/2025 16:50;2
CHM-7859986;QRT-75030;FUN-19473;Ar-condicionado;Média;15/05/2026 18:41;15/05/2026 23:08;4
CHM-1658818;QRT-11218;FUN-45111;Limpeza Extra;Alta;08-02-2025;08/02/2025 19:14;5
CHM-2421125;QRT-80306;FUN-66580;TV / Controle;Baixa;07-06-2025;09.06.25;3
CHM-2508437;QRT-26080;FUN-39946;Hidráulica;Média;03.06.26;03/06/2026 22:08;2
CHM-9845380;QRT-74690;FUN-50800;Limpeza Extra;Média;06.01.26;06/01/2026 22:55;5
CHM-9703899;QRT-98370;FUN-22027;TV / Controle;Média;24/11/2024 06:05;24/11/2024 10:40;5
CHM-8946063;QRT-65055;FUN-86194;Frigobar com Defeito;Média;31.05.26;31/05/2026 12:53;5
CHM-6216270;QRT-70944;FUN-07814;Limpeza Extra;Média;07/10/2025 14:09;07/10/2025 20:48;3
CHM-2525889;QRT-11649;FUN-07814;Ar-condicionado;Média;22/11/2025 23:55;23/11/2025 03:17;4
CHM-9956862;QRT-02711;FUN-49170;Elétrica;MÉDIA;20.07.24;21/07/2024 04:37;2
CHM-6322762;QRT-41338;FUN-64706;Limpeza Extra;Média;22/02/2025 21:38;23/02/2025 01:59;5
CHM-7104424;QRT-27801;FUN-66580;ar-condicionado;BAIXA;17/02/2026 16:39;18-02-2026;5
CHM-8684404;QRT-27342;FUN-55799;Ar-condicionado;Média;28/11/2025 23:35;29/11/2025 04:27;4
CHM-9935244;QRT-04542;FUN-08234;Limpeza Extra;Baixa;2025-02-20;22/02/2025 15:48;1
CHM-4335112;QRT-56047;FUN-13975;Ar-condicionado;Media;14/05/2025 23:52;15/05/2025 02:38;5
CHM-6020865;QRT-54048;FUN-70436;Hidráulica;Baixa;31/12/2025 15:02;01/01/2026 18:40;2
CHM-7684585;QRT-07031;FUN-45111;Fechadura Eletrônica;Média;16-03-2025;2025-03-16;5
CHM-1258476;QRT-78524;FUN-83865;Fechadura Eletrônica;Média;23/04/2026 11:07;23/04/2026 20:00;3
CHM-4819643;QRT-44476;FUN-16922;Limpeza Extra;Alta;25-05-2026;25-05-2026;5
CHM-2711000;QRT-24118;FUN-70436;Hidráulica;Baixa;04/06/2026 13:52;05/06/2026 15:57;3
CHM-0395434;QRT-72078;FUN-32345;Frigobar com Defeito;Média;08/03/2025 16:03;08/03/2025 20:17;5
CHM-2223416;QRT-04542;FUN-94946;Frigobar com Defeito;Alta;25/11/2025 12:17;25/11/2025 14:53;3
CHM-7572087;QRT-85920;FUN-64755;Limpeza Extra;Média;23/07/2025 10:24;2025-07-23;4
CHM-0011600;QRT-34396;FUN-08109;Elétrica;Alta;2024-10-12;12/10/2024 09:24;5
CHM-0151174;QRT-22585;FUN-69104;TV / CONTROLE;Média;28/07/2025 14:50;2025-07-28;4
CHM-1452140;QRT-26280;FUN-64706;Ar-condicionado;Alta;08-04-2025;08/04/2025 16:00;4
CHM-8550993;QRT-90947;FUN-12576;Hidráulica;Baixa;11/02/2026 07:22;11/02/2026 13:27;4
CHM-9454233;QRT-03596;FUN-47371;TV / Controle;Baixa;2024-11-23;2024-11-26;3
CHM-1241015;QRT-92558;FUN-64047;Ar-condicionado;Média;20/03/2025 06:08;20.03.25;4
CHM-7414694;QRT-83424;FUN-02909;Hidráulica;Média;06/05/2026 12:38;2026-05-06;5
CHM-7290559;QRT-24118;FUN-21094;Wi-Fi;Média;21/04/2026 23:05;22/04/2026 07:42;3
CHM-0124759;QRT-87183;FUN-37715;Ar-condicionado;Média;07/01/2026 06:44;07/01/2026 14:12;4
CHM-4703630;QRT-75780;FUN-48683;Hidráulica;Média;23/05/2025 10:08;23-05-2025;4
CHM-5297054;QRT-66932;FUN-08828;Ar-condicionado;Média;02/12/2025 07:33;02/12/2025 18:38;1
CHM-9861379;QRT-74691;FUN-64755;Limpeza Extra;Baixa;06.03.26;07/03/2026 11:07;2
CHM-7033769;QRT-90111;FUN-34873;Ar-condicionado;Média;23/09/2024 10:29;23/09/2024 11:16;5
CHM-2176090;QRT-39368;FUN-76103;Ar-condicionado;Baixa;12/02/2026 08:56;13/02/2026 06:42;4
CHM-3993303;QRT-90762;FUN-05739;Elétrica;Alta;24/04/2026 07:17;24/04/2026 07:28;5
CHM-0430444;QRT-72107;FUN-71181;Elétrica;Média;07/11/2025 23:39;08.11.25;4
CHM-4510966;QRT-22560;FUN-69727;Ar-condicionado;Média;22.07.25;22/07/2025 11:39;4
CHM-7287878;QRT-14624;FUN-50800;Limpeza Extra;Média;25-11-2025;25/11/2025 16:10;2
CHM-5041765;QRT-78115;FUN-83865;Wi-Fi;Alta;02/06/2026 23:52;03.06.26;2
CHM-0646314;QRT-63998;FUN-64706;Frigobar com Defeito;Alta;26-10-2024;26-10-2024;4
CHM-0638181;QRT-23373;FUN-71493;Ar-condicionado;Média;07/12/2025 22:47;08.12.25;4
CHM-7531193;QRT-58898;FUN-04670;Ar-condicionado;Alta;31.12.24;31/12/2024 23:17;5
CHM-8112392;QRT-16398;FUN-21094;Ar-condicionado;alta;21/04/2026 22:49;22/04/2026 00:25;4
CHM-2521098;QRT-69375;FUN-34873;Elétrica;Média;26-11-2025;26/11/2025 16:26;5
CHM-5871366;QRT-27801;FUN-76103;Ar-condicionado;Baixa;13/09/2025 06:39;14/09/2025 21:25;3
CHM-7338821;QRT-78055;FUN-22607;Wi-Fi;Alta;2026-05-23;24/05/2026 00:34;4
CHM-9273679;QRT-85687;FUN-10947;TV / Controle;Média;05.11.24;2024-11-05;5
CHM-4395849;QRT-19577;FUN-52793;Frigobar com Defeito;Média;05-09-2025;2025-09-05;5
CHM-6055809;QRT-62407;FUN-71493;Wi-Fi  ;Media;2024-10-06;06-10-2024;5
CHM-3653700;QRT-11218;FUN-76103;Wi-Fi;Média;14/08/2024 23:38;15/08/2024 05:34;5
CHM-1802554;QRT-86467;FUN-18700;Limpeza Extra;Alta;07/02/2025 13:24;07/02/2025 15:06;5
CHM-5991382;QRT-74766;FUN-01568;Frigobar com Defeito;Baixa;04/05/2025 08:08;2025-05-04;3
CHM-3377204;QRT-73232;FUN-67282;TV / Controle;Média;21/10/2024 21:08;22/10/2024 02:03;4
CHM-7895739;QRT-92171;FUN-83865;TV / Controle;Média;2025-04-14;14/04/2025 20:24;5
CHM-7423345;QRT-43330;FUN-34873;Limpeza Extra;Baixa;14/04/2025 08:56;15/04/2025 06:14;5
CHM-1960020;QRT-76575;FUN-08828;TV / Controle;BAIXA;30/09/2025 13:08;30/09/2025 15:54;5
CHM-9122056;QRT-42908;FUN-66580;Ar-condicionado;Baixa;21/09/2025 06:49;22/09/2025 02:07;3
CHM-6362735;QRT-41338;FUN-49013;Ar-condicionado;Baixa;02-09-2025;02/09/2025 20:01;4
CHM-5644500;QRT-28645;FUN-90839;Hidráulica;Média;2025-11-01;01/11/2025 21:40;4
CHM-9881757;QRT-70536;FUN-43763;Hidráulica;Média;10/11/2024 16:18;11/11/2024 00:20;3
CHM-7410728;QRT-39888;FUN-67710;Wi-Fi;Alta;21/05/2025 13:41;21/05/2025 15:13;3
CHM-3233813;QRT-25217;FUN-55799;Fechadura Eletrônica;Média;2026-03-04;2026-03-04;1
CHM-7786128;QRT-75780;FUN-69727;Ar-condicionado;Média;20/12/2024 20:09;21/12/2024 02:35;5
CHM-7132159;QRT-16068;FUN-47371;Ar-condicionado;Alta;08/06/2025 08:10;08/06/2025 08:36;5
CHM-8619781;QRT-81933;FUN-23286;Hidráulica;Média;16/11/2024 18:08;18/11/2024 09:27;2
CHM-7172186;QRT-01345;FUN-87234;Elétrica;Média;21.01.26;21/01/2026 23:46;5
CHM-2013219;QRT-58898;FUN-28577;Limpeza Extra;Baixa;17/08/2024 21:45;19/08/2024 01:27;2
CHM-9146798;QRT-75123;FUN-48683;TV / Controle;Média;07/12/2025 16:01;07/12/2025 19:29;5
CHM-1171352;QRT-02819;FUN-08486;Hidráulica;Baixa;22/10/2025 16:01;23/10/2025 14:14;4
CHM-2983423;QRT-00699;FUN-49170;Limpeza Extra;Baixa;2025-08-19;20-08-2025;4
CHM-6070605;QRT-23373;FUN-22607;Elétrica;Baixa;25/11/2024 12:19;25/11/2024 22:49;5
CHM-3876986;QRT-66170;FUN-28577;Wi-Fi;Média;30/03/2025 21:21;31/03/2025 01:05;5
CHM-7257299;QRT-53040;FUN-92311;Wi-Fi;Baixa;2024-10-05;06/10/2024 14:05;5
CHM-3396592;QRT-54489;FUN-05739;Elétrica;Alta;2025-03-27;27/03/2025 16:32;5
CHM-9862656;QRT-93180;FUN-64755;Fechadura Eletrônica;Alta;26.09.25;2025-09-26;5
CHM-5784413;QRT-47928;FUN-94946;Elétrica;Média;30/08/2024 10:05;30/08/2024 15:39;4
CHM-0332921;QRT-02055;FUN-39946;Hidráulica;Média;01.05.26;02/05/2026 03:38;3
CHM-0793937;QRT-94991;FUN-74014;TV / Controle;Média;02/08/2024 08:36;2024-08-02;3
CHM-0548699;QRT-29485;FUN-73856;TV / Controle;Baixa;24/06/2026 16:54;25/06/2026 06:38;5
CHM-0907724;QRT-81775;FUN-64706;Hidráulica;Média;05/11/2024 14:57;05/11/2024 16:23;5
CHM-3487654;QRT-42819;FUN-05739;Wi-Fi;Média;27-06-2025;28/06/2025 00:55;5
CHM-2343304;QRT-57190;FUN-37715;Limpeza Extra;baixa;2025-11-10;2025-11-11;5
CHM-5076949;QRT-75780;FUN-69727;Limpeza Extra;Média;2024-11-19;19/11/2024 17:56;4
CHM-3714123;QRT-25409;FUN-49013;Wi-Fi;Alta;05/03/2025 13:19;05.03.25;5
CHM-6861887;QRT-64556;FUN-48159;Hidráulica;Média;09-12-2025;2025-12-09;4
CHM-1983585;QRT-78115;FUN-73856;Limpeza Extra;Baixa;08/12/2024 21:02;09/12/2024 16:02;4
CHM-3812214;QRT-02047;FUN-08828;Ar-condicionado;Baixa;16/03/2026 08:17;16-03-2026;5
CHM-2968086;QRT-86467;FUN-89330;Wi-Fi;Alta;10/07/2025 10:11;10/07/2025 11:36;4
CHM-1058191;QRT-15710;FUN-49170;TV / Controle;Alta;01/08/2025 22:27;02/08/2025 01:59;3
CHM-8331024;QRT-63998;FUN-64047;Wi-Fi;Média;26/12/2025 13:29;26.12.25;5
CHM-8256352;QRT-16851;FUN-78820;Elétrica;Média;2025-01-03;03/01/2025 15:53;5
CHM-2210855;QRT-84072;FUN-96106;Ar-condicionado;MÉDIA;10/07/2024 17:08;11/07/2024 01:01;4
CHM-7494390;QRT-10817;FUN-36473;Frigobar com Defeito;Baixa;16/03/2025 08:27;16/03/2025 19:37;4
CHM-1178243;QRT-74691;FUN-05739;Limpeza Extra;Média;29/03/2025 12:57;2025-03-29;5
CHM-2255759;QRT-91628;FUN-52793;Limpeza Extra;Média;07/07/2025 07:47;2025-07-07;5
CHM-3496983;QRT-37672;FUN-05739;Wi-Fi;Alta;08/06/2025 15:23;08/06/2025 15:55;5
CHM-7731379;QRT-59512;FUN-67282;Fechadura Eletrônica;P3;15/12/2024 16:50;16/12/2024 01:28;4
CHM-5510120;QRT-70661;FUN-94946;Hidráulica;Alta;08/02/2026 13:44;08/02/2026 14:18;5
CHM-6446544;QRT-75289;FUN-32345;Ar-condicionado;Média;01/03/2026 10:15;01/03/2026 15:09;4
CHM-6529689;QRT-34396;FUN-47371;Wi-Fi;Alta;24/04/2026 22:42;25/04/2026 02:09;3
CHM-8627964;QRT-15355;FUN-49170;Ar-condicionado;Média;2024-10-09;10/10/2024 00:43;4
CHM-8560343;QRT-53040;FUN-12040;Wi-Fi;Média;08/11/2024 15:21;08/11/2024 22:41;5
CHM-6842497;QRT-74690;FUN-29826;Fechadura Eletrônica;Baixa;20.04.26;22-04-2026;3
CHM-4243699;QRT-78524;FUN-83865;TV / Controle;alta;26/12/2024 21:12;26.12.24;5
CHM-2261272;QRT-34521;FUN-49013;Wi-Fi;Alta;16/11/2025 17:52;16/11/2025 18:22;5
CHM-7011603;QRT-34521;FUN-67282;Ar-condicionado;Baixa;17.09.25;17/09/2025 21:33;4
CHM-2001237;QRT-73451;FUN-34873;Elétrica;Baixa;24/10/2024 13:52;2024-10-24;3
CHM-2899059;QRT-37672;FUN-05739;Limpeza Extra;Alta;28/07/2025 21:45;28/07/2025 22:22;3
CHM-5892712;QRT-02862;FUN-90839;Elétrica;Média;14/12/2024 07:02;14.12.24;5
CHM-4655243;QRT-62109;FUN-02909;Limpeza Extra;Alta;01.02.26;01/02/2026 15:13;4
CHM-5016810;QRT-42819;FUN-05739;TV / Controle;Média;05/09/2025 10:06;05/09/2025 12:40;5
CHM-8210963;QRT-00452;FUN-96106;Elétrica;Alta;28/05/2025 06:51;28/05/2025 09:43;3
CHM-5870038;QRT-73232;FUN-88121;Wi-Fi;Média;17/08/2025 16:22;18.08.25;3
CHM-8938666;QRT-58511;FUN-86194;Wi-Fi;Média;2025-03-12;13/03/2025 02:12;5
CHM-0490472;QRT-03369;FUN-71181;Wi-Fi;Média;23/06/2025 14:22;23/06/2025 17:15;3
CHM-4108848;QRT-84941;FUN-09102;Wi-Fi;Baixa;17/07/2024 16:33;2024-07-17;4
CHM-4806747;QRT-71975;FUN-15784;Wi-Fi;baixa;31/08/2024 22:46;2024-09-01;5
CHM-7877331;QRT-38783;FUN-29826;Limpeza Extra;Baixa;03/03/2025 14:24;05/03/2025 03:54;3
CHM-3028825;QRT-38773;FUN-37715;Limpeza Extra;Média;2025-08-22;22/08/2025 18:47;5
CHM-3223992;QRT-13595;FUN-41540;Wi-Fi;Alta;28/11/2025 06:17;28/11/2025 08:41;3
CHM-0566641;QRT-66083;FUN-71493;TV / Controle;Alta;09/06/2026 18:19;2026-06-09;4
CHM-2606515;QRT-94225;FUN-83865;Fechadura Eletrônica;Baixa;04/01/2025 15:19;05/01/2025 04:26;4
CHM-3198796;QRT-78524;FUN-78820;Ar-condicionado;Alta;14/01/2025 21:33;14-01-2025;1
CHM-7981310;QRT-76736;FUN-65780;Limpeza Extra;Média;2026-02-03;03/02/2026 17:16;5
CHM-5263181;QRT-62284;FUN-71493;Wi-Fi;Baixa;28/09/2025 17:00;28/09/2025 22:10;4
CHM-0307963;QRT-56980;FUN-32345;TV / Controle;Baixa;05.06.26;05/06/2026 18:12;4
CHM-3480991;QRT-54116;FUN-50800;Wi-Fi;Alta;29/07/2024 06:51;29-07-2024;4
CHM-9437491;QRT-40957;FUN-65780;Limpeza Extra;Média;29/01/2025 11:25;29/01/2025 17:59;5
CHM-3934793;QRT-66092;FUN-90839;Frigobar com Defeito;Média;09/10/2025 09:44;09/10/2025 11:31;5
CHM-9601483;QRT-74690;FUN-34873;Limpeza Extra;Média;12.04.26;12/04/2026 22:19;5
CHM-6448783;QRT-62109;FUN-47371;Wi-Fi;Alta;05/11/2024 07:21;05/11/2024 07:55;5
CHM-4115938;QRT-80800;FUN-64706;Hidráulica;Média;30/10/2025 23:51;31/10/2025 03:18;5
CHM-5391911;QRT-04542;FUN-69104;Wi-Fi;Alta;2025-04-10;10/04/2025 20:59;3
CHM-6686797;QRT-68160;FUN-87234;Ar-condicionado;Média;06-02-2025;06/02/2025 13:55;4
CHM-5045540;QRT-89443;FUN-64755;Fechadura Eletrônica;Baixa;10/12/2025 20:40;11/12/2025 09:31;3
CHM-1655977;QRT-40957;FUN-19473;Hidráulica;Alta;10/05/2025 14:59;10/05/2025 16:15;5
CHM-3167857;QRT-13758;FUN-47371;Fechadura Eletrônica;Alta;20/03/2025 21:30;20/03/2025 22:24;4
CHM-7982767;QRT-96428;FUN-10947;Elétrica;Média;21/09/2024 18:33;22/09/2024 10:00;3
CHM-2534950;QRT-73974;FUN-76103;Limpeza Extra;Alta;21/10/2025 07:52;21.10.25;3
CHM-3290467;QRT-54375;FUN-45111;Wi-Fi;Média;30/04/2025 11:08;30/04/2025 17:02;5
CHM-8304557;QRT-00593;FUN-09102;Frigobar com Defeito;Média;22.09.25;22/09/2025 19:04;4
CHM-2980368;QRT-03500;FUN-88121;Ar-condicionado;Alta;14.06.26;14/06/2026 21:43;4
CHM-1008670;QRT-60845;FUN-69727;Hidráulica;Média;27/04/2026 07:05;27/04/2026 18:01;2
CHM-0298524;QRT-45132;FUN-48159;Frigobar com Defeito;Alta;22/12/2024 19:10;22.12.24;5
CHM-9904719;QRT-92964;FUN-57664;Hidráulica;Baixa;28/09/2025 20:40;29-09-2025;5
CHM-3387733;QRT-49331;FUN-08849;Ar-condicionado;Média;05/12/2025 23:16;06/12/2025 09:39;1
CHM-0751929;QRT-92321;FUN-74014;Ar-condicionado;Alta;12.01.26;12/01/2026 17:24;4
CHM-1393631;QRT-81775;FUN-15784;Frigobar com Defeito;Baixa;10/12/2024 06:19;10/12/2024 20:25;5
CHM-6477249;QRT-41338;FUN-15784;TV / Controle;Baixa;27-03-2026;28/03/2026 06:13;4
CHM-8887397;QRT-94862;FUN-48683;Frigobar com Defeito;Baixa;26/08/2025 11:10;26/08/2025 18:33;5
CHM-3492268;QRT-28319;FUN-49170;Ar-condicionado;Alta;27/01/2025 14:50;27/01/2025 15:05;5
CHM-0392883;QRT-61719;FUN-22607;Hidráulica;Média;21/11/2024 17:26;21/11/2024 19:38;5
CHM-7283585;QRT-95712;FUN-16922;Hidráulica;Média;24.10.25;24/10/2025 23:48;3
CHM-4888209;QRT-22585;FUN-86199;Ar-condicionado;Baixa;10/12/2025 17:28;11/12/2025 07:41;5
CHM-6266429;QRT-92384;FUN-64755;Frigobar com Defeito;Alta;30/06/2024 14:18;30/06/2024 15:34;3
CHM-4945902;QRT-64840;FUN-10947;Limpeza Extra;Média;22.09.24;23-09-2024;3
CHM-3592829;QRT-37131;FUN-04670;Frigobar com Defeito;Baixa;22-10-2025;22/10/2025 21:48;5
CHM-7973121;QRT-94556;FUN-21094;TV / Controle;MÉDIA;12/12/2024 17:56;2024-12-13;2
CHM-4185451;QRT-76575;FUN-13975;Ar-condicionado;Baixa;18-08-2025;2025-08-19;5
CHM-7131941;QRT-66125;FUN-92045;Limpeza Extra;MÉDIA;17.10.24;17/10/2024 10:19;4
CHM-5123225;QRT-29393;FUN-07814;TV / Controle;Baixa;17/11/2025 23:32;18/11/2025 06:01;5
CHM-3889859;QRT-59117;FUN-25313;Ar-condicionado;Baixa;2024-08-27;2024-08-28;1
CHM-4433788;QRT-18824;FUN-71493;Hidráulica;Média;11/11/2024 15:08;11/11/2024 21:48;4
CHM-6446920;QRT-37102;FUN-45111;Wi-Fi;Baixa;2025-12-04;04/12/2025 22:00;5
CHM-4520775;QRT-80800;FUN-88121;TV / Controle;Baixa;29/12/2024 20:15;30-12-2024;1
CHM-4104574;QRT-72107;FUN-52793;Hidráulica;Baixa;2025-10-17;17/10/2025 13:04;3
CHM-1090512;QRT-17482;FUN-25313;Limpeza Extra;Baixa;01.11.24;02/11/2024 07:59;5
CHM-3708751;QRT-10607;FUN-57664;Ar-condicionado;Baixa;24/10/2025 20:31;2025-10-27;2
CHM-6612835;QRT-66932;FUN-34079;Ar-condicionado;Baixa;18/03/2026 13:55;18/03/2026 21:28;4
CHM-2200466;QRT-70123;FUN-13975;Limpeza Extra;Média;13/08/2025 19:59;13/08/2025 20:52;5
CHM-7394129;QRT-40957;FUN-19473;Elétrica;Média;13/08/2025 12:11;14/08/2025 04:38;3
CHM-7692561;QRT-70944;FUN-45111;Elétrica;Média;2025-10-30;31.10.25;1
CHM-9975770;QRT-26539;FUN-48159;Hidráulica;Média;23/05/2025 22:24;24/05/2025 02:31;3
CHM-8145409;QRT-81775;FUN-49013;Wi-Fi;Média;2025-11-13;13/11/2025 17:30;5
CHM-1518466;QRT-95618;FUN-08234;TV / Controle;Baixa;11.03.25;11/03/2025 19:10;4
CHM-6234879;QRT-17820;FUN-55799;Elétrica;Média;2025-07-13;14.07.25;2
CHM-1838043;QRT-98233;FUN-09102;TV / Controle;Baixa;08/11/2024 23:38;09.11.24;4
CHM-6969219;QRT-90762;FUN-96106;Elétrica;Alta;25/01/2025 08:17;25/01/2025 09:41;5
CHM-2058397;QRT-83424;FUN-22607;TV  / Controle;Alta;06/01/2025 20:10;06/01/2025 21:00;4
CHM-4143502;QRT-71194;FUN-34873;Wi-Fi;Alta;28/07/2025 11:03;2025-07-28;3
CHM-4574524;QRT-75221;FUN-48683;Limpeza Extra;Média;20/03/2025 08:41;20-03-2025;5
CHM-8063945;QRT-94862;FUN-29826;Ar-condicionado;Baixa;15/07/2025 14:32;17/07/2025 01:27;3
CHM-9800224;QRT-81700;FUN-48159;TV / Controle;Alta;02-02-2025;03/02/2025 00:52;4
CHM-7849535;QRT-54953;FUN-39946;TV / Controle;Baixa;23/04/2026 21:10;24/04/2026 05:42;5
CHM-3784446;QRT-85188;FUN-15867;Wi-Fi;Média;17/05/2025 19:53;18/05/2025 02:13;4
CHM-6795044;QRT-87593;FUN-83865;Hidráulica;Baixa;19.12.24;20/12/2024 10:21;5
CHM-6815400;QRT-13238;FUN-71181;Wi-Fi;Baixa;31/05/2026 14:08;02/06/2026 01:18;3
CHM-6803242;QRT-47168;FUN-92311;TV / Controle;MÉDIA;14-07-2024;14/07/2024 16:52;5
CHM-0253323;QRT-87593;FUN-73856;Fechadura Eletrônica;MÉDIA;25/06/2025 15:24;25-06-2025;4
CHM-1686314;QRT-31340;FUN-18700;Limpeza Extra;Média;25/07/2025 20:28;25/07/2025 23:51;5
CHM-6841501;QRT-57190;FUN-71181;Ar-condicionado;Média;16-05-2025;17/05/2025 00:25;5
CHM-0977194;QRT-61287;FUN-08849;Ar-condicionado;Baixa;2024-07-14;15.07.24;3
CHM-8591822;QRT-01345;FUN-92045;elétrica;Alta;18/12/2024 09:18;2024-12-18;5
CHM-1433268;QRT-61962;FUN-57664;Ar-condicionado;Alta;2026-04-06;06/04/2026 06:41;5
CHM-4897546;QRT-77112;FUN-05739;Wi-Fi;Média;20/11/2025 09:26;20/11/2025 10:37;5
CHM-8962268;QRT-02047;FUN-70436;Ar-condicionado;Baixa;20/08/2024 21:32;21/08/2024 10:46;5
CHM-6972125;QRT-66932;FUN-21094;Ar-condicionado;Baixa;07/06/2026 08:32;08/06/2026 02:18;5
CHM-1176621;QRT-04025;FUN-78820;Wi-Fi;Baixa;17/06/2025 06:00;17/06/2025 08:12;4
CHM-3410245;QRT-63645;FUN-64755;Elétrica;Média;29-07-2025;2025-07-29;5
CHM-9090598;QRT-31095;FUN-36473;Hidráulica;Alta;30-04-2025;30/04/2025 21:30;3
CHM-0060558;QRT-64840;FUN-39946;Limpeza Extra;Média;19/07/2025 20:46;19/07/2025 21:41;3
CHM-3128777;QRT-75123;FUN-69727;Hidráulica;Média;20/08/2024 21:57;21/08/2024 03:23;3
CHM-2842447;QRT-90947;FUN-71181;Ar-condicionado;Baixa;2025-04-23;24/04/2025 12:02;5
CHM-6858204;QRT-71975;FUN-64047;Wi-Fi;Baixa;14/06/2026 22:43;15.06.26;5
CHM-5806511;QRT-62407;FUN-22607;Hidráulica;Alta;04/06/2025 17:23;04/06/2025 18:00;3
CHM-0018680;QRT-26354;FUN-69104;TV / Controle;P2;25/08/2025 14:03;26/08/2025 02:06;2
CHM-3920937;QRT-57190;FUN-37715;TV / Controle;Baixa;10/09/2025 13:55;11/09/2025 08:22;5
CHM-6270450;QRT-63506;FUN-39946;Limpeza Extra;Média;18/03/2025 10:25;18/03/2025 14:38;5
CHM-6051606;QRT-75221;FUN-50800;TV / Controle;Média;12/01/2026 20:43;12/01/2026 23:16;4
CHM-5228821;QRT-75030;FUN-83865;Limpeza Extra;Baixa;03/12/2024 21:55;05/12/2024 04:16;1
CHM-1398376;QRT-42908;FUN-52300;Elétrica;Alta;04/09/2024 06:36;04.09.24;3
CHM-4276231;QRT-29439;FUN-64706;Fechadura Eletrônica;Média;03/05/2025 11:44;03/05/2025 19:43;5
CHM-2917952;QRT-69375;FUN-34873;TV / Controle;Média;11/03/2025 22:12;11/03/2025 23:49;5
CHM-6571812;QRT-41934;FUN-64755;tv / controle;Média;26/04/2026 19:00;26/04/2026 22:55;4
CHM-0488077;QRT-75780;FUN-69727;Ar-condicionado;Média;12/02/2026 07:18;12/02/2026 10:28;5
CHM-7151987;QRT-24594;FUN-25313;Elétrica;Alta;2024-11-06;06-11-2024;3
CHM-3514245;QRT-61962;FUN-64755;Wi-Fi;Baixa;03/06/2026 18:41;04-06-2026;5
CHM-3241468;QRT-51602;FUN-71181;Ar-condicionado;Baixa;02/06/2025 19:16;05/06/2025 17:10;2
CHM-2759667;QRT-11592;FUN-23361;Wi-Fi;Média;15/08/2025 07:39;15/08/2025 09:54;4
CHM-2738622;QRT-75030;FUN-16922;Ar-condicionado;Baixa;28/03/2026 13:20;28/03/2026 16:45;4
CHM-9339225;QRT-40043;FUN-32345;Elétrica;Alta;11/08/2025 16:27;11/08/2025 17:36;4
CHM-5447348;QRT-47628;FUN-81524;Limpeza Extra;Média;27/01/2026 09:37;27/01/2026 18:29;3
CHM-1447922;QRT-55013;FUN-70436;Elétrica;Média;2024-10-01;01/10/2024 17:39;5
CHM-6742547;QRT-51483;FUN-48159;Ar-condicionado;Média;2025-05-05;05/05/2025 23:44;4
CHM-8986638;QRT-66092;FUN-08234;Hidráulica;Media;31/07/2025 15:16;31/07/2025 16:17;5
CHM-3605264;QRT-60661;FUN-52793;Limpeza Extra;Baixa;13/01/2025 23:40;16/01/2025 04:12;2
CHM-2794566;QRT-29485;FUN-83865;Limpeza Extra;Média;02/12/2025 18:55;02.12.25;3
CHM-0819333;QRT-72144;FUN-36473;Elétrica;Alta;01/12/2024 19:22;02/12/2024 01:31;3
CHM-4494118;QRT-83424;FUN-08109;Hidráulica;Alta;06/01/2026 12:14;06/01/2026 13:33;5
CHM-8611034;QRT-86201;FUN-69727;TV / Controle;Baixa;02/01/2026 09:57;02/01/2026 12:50;4
CHM-5811468;QRT-41748;FUN-48159;Elétrica;MÉDIA;26/03/2026 22:36;27/03/2026 01:09;5
CHM-7516132;QRT-26756;FUN-01568;Limpeza Extra;Alta;08/03/2025 12:41;08.03.25;1
CHM-3049855;QRT-81775;FUN-64706;TV / Controle;Baixa;13/05/2026 20:29;14/05/2026 00:50;5
CHM-5506370;QRT-77305;FUN-69727;Frigobar com Defeito;ALTA;28/04/2025 17:10;28/04/2025 17:25;5
CHM-9961542;QRT-16068;FUN-25313;Ar-condicionado;Média;04-07-2024;04-07-2024;5
CHM-7979897;QRT-86536;FUN-76103;Frigobar com Defeito;Alta;2026-03-15;15/03/2026 21:39;3
CHM-3267926;QRT-70123;FUN-87234;TV / Controle;Média;2025-12-24;24-12-2025;4
CHM-3220504;QRT-66092;FUN-41540;TV / Controle;Média;08-08-2025;08/08/2025 12:28;5
CHM-5731288;QRT-25571;FUN-64706;Limpeza Extra;Média;2026-04-02;03.04.26;3
CHM-1911576;QRT-27540;FUN-73856;Wi-Fi;Alta;08/12/2024 09:57;08/12/2024 13:41;1
CHM-3036804;QRT-00087;FUN-71493;Limpeza Extra;P3;29/12/2025 21:50;2025-12-30;5
CHM-3702676;QRT-72144;FUN-23383;Ar-condicionado;Média;2026-01-20;21.01.26;5
CHM-5800150;QRT-34396;FUN-02909;Hidráulica;Média;18/09/2025 06:08;18/09/2025 10:26;5
CHM-9037585;QRT-63645;FUN-57664;Elétrica;Média;25-03-2026;25/03/2026 19:06;3
CHM-9568281;QRT-54953;FUN-08486;Ar-condicionado;Média;2024-07-20;21.07.24;3
CHM-3440898;QRT-80306;FUN-45111;Hidráulica;Média;01/10/2025 14:00;2025-10-01;4
CHM-3329158;QRT-47964;FUN-48683;Ar-condicionado;MÉDIA;19-11-2024;20.11.24;3
CHM-4405457;QRT-78380;FUN-89330;TV / Controle;Média;18/05/2025 07:25;18/05/2025 16:46;3
CHM-9577017;QRT-34396;FUN-25313;Ar-condicionado;Média;20/11/2025 09:21;20/11/2025 11:56;5
CHM-4419062;QRT-64556;FUN-04670;Elétrica;Alta;28/04/2026 16:44;28/04/2026 17:19;4
CHM-3676939;QRT-29439;FUN-88121;TV / Controle;Média;20-07-2024;20/07/2024 09:24;5
CHM-2035176;QRT-77305;FUN-50800;Frigobar com Defeito;Média;03/01/2025 21:34;03.01.25;4
CHM-9915448;QRT-66170;FUN-36473;Elétrica;Média;11/10/2025 12:23;11/10/2025 14:41;5
CHM-3740065;QRT-09785;FUN-76103;Elétrica;Alta;18/04/2025 11:28;18/04/2025 12:27;5
CHM-8519830;QRT-04414;FUN-37715;Wi-Fi;Media;2025-06-16;17/06/2025 01:19;5
CHM-3182360;QRT-16068;FUN-08109;Fechadura Eletrônica;Média;26-12-2025;26/12/2025 23:20;5
CHM-8326503;QRT-16851;FUN-16922;Ar-condicionado;Baixa;27/09/2025 07:43;27/09/2025 18:20;4
CHM-2880457;QRT-76454;FUN-34079;Limpeza Extra;Alta;18/11/2025 15:34;2025-11-18;3
CHM-3770803;QRT-81819;FUN-87234;Ar-condicionado;Baixa;23/05/2026 14:57;24/05/2026 14:50;4
CHM-6388257;QRT-50555;FUN-70436;Limpeza Extra;Média;15/08/2025 06:56;2025-08-16;1
CHM-6840832;QRT-40043;FUN-22027;Limpeza Extra;Média;29/08/2024 19:31;29/08/2024 21:31;5
CHM-4489342;QRT-82654;FUN-25313;Ar-condicionado;Baixa;05/11/2024 22:40;06/11/2024 01:11;4
CHM-9328048;QRT-26280;FUN-49013;WI-FI;Baixa;17/02/2025 17:53;18/02/2025 14:10;4
CHM-0691374;QRT-64840;FUN-39946;Wi-Fi;Média;09/02/2026 16:31;09/02/2026 20:00;5
CHM-7422062;QRT-53917;FUN-22027;Wi-Fi;Alta;03/05/2025 13:11;03/05/2025 14:47;5
CHM-3303245;QRT-69925;FUN-74014;Fechadura Eletrônica;Média;19-09-2024;19/09/2024 18:38;4
CHM-6182984;QRT-02862;FUN-01568;Wi-Fi;Média;2025-06-27;27/06/2025 23:03;1
CHM-4307335;QRT-66932;FUN-92045;Ar-condicionado;Baixa;10/05/2025 23:00;11/05/2025 04:20;4
CHM-9863457;QRT-18531;FUN-08849;Ar-condicionado;Alta;08.09.24;08.09.24;5
CHM-4356672;QRT-26716;FUN-94946;Fechadura Eletrônica;Média;01/10/2024 21:45;02.10.24;5
CHM-7996885;QRT-22076;FUN-21094;Wi-Fi;Média;22/09/2024 14:50;22/09/2024 15:16;5
CHM-9896322;QRT-02047;FUN-55799;TV / Controle;Baixa;23/12/2024 19:51;2024-12-24;3
CHM-8440308;QRT-68160;FUN-34079;TV / Controle;Alta;18.03.25;18/03/2025 15:01;2
CHM-5302730;QRT-06043;FUN-71181;TV / Controle;Média;06/10/2024 19:16;07-10-2024;4
CHM-2201821;QRT-75780;FUN-29826;Ar-condicionado;Baixa;26/05/2025 22:07;28.05.25;2
CHM-3313306;QRT-62109;FUN-25313;Elétrica;Alta;01/01/2026 11:34;01/01/2026 11:58;5
CHM-3389839;QRT-62109;FUN-08109;Wi-Fi;Alta;2025-12-13;14/12/2025 01:03;5
CHM-6559541;QRT-86201;FUN-48683;Elétrica;Alta;29.06.25;29-06-2025;3
CHM-4093070;QRT-56321;FUN-45111;Hidráulica;Média;04/04/2025 21:50;2025-04-05;3
CHM-1404899;QRT-51351;FUN-71493;Frigobar com Defeito;Alta;06/05/2025 22:42;06/05/2025 23:09;5
CHM-0366419;QRT-84941;FUN-09102;Ar-condicionado;Média;30/12/2024 09:40;30/12/2024 22:58;3
CHM-6950939;QRT-53432;FUN-69104;Fechadura Eletrônica;Baixa;2026-02-17;19/02/2026 12:00;2
CHM-1401536;QRT-86536;FUN-45111;Hidráulica;Baixa;25/02/2026 13:08;26-02-2026;4
CHM-6241314;QRT-41356;FUN-52300;Elétrica;Baixa;17/09/2024 21:32;18/09/2024 16:33;4
CHM-5278249;QRT-09785;FUN-52300;Ar-condicionado;Média;14/02/2025 11:35;14/02/2025 15:30;3
CHM-1090359;QRT-86876;FUN-04670;Ar-condicionado;Baixa;22/12/2025 20:01;23/12/2025 00:11;5
CHM-2303508;QRT-02819;FUN-12576;Ar-condicionado;Alta;22-01-2025;22/01/2025 14:57;3
CHM-3323283;QRT-17820;FUN-13975;Wi-Fi;Baixa;14.09.24;18/09/2024 06:15;1
CHM-5675228;QRT-31042;FUN-22607;Elétrica;Média;04/09/2025 10:11;04/09/2025 12:12;4
CHM-4186154;QRT-03446;FUN-04670;Wi-Fi;Alta;22/11/2024 13:12;22-11-2024;5
CHM-8092703;QRT-85329;FUN-08234;Elétrica;Média;01/08/2024 10:13;01-08-2024;5
CHM-5454741;QRT-86959;FUN-09102;Hidráulica;Média;16/03/2026 08:23;17/03/2026 01:55;1
CHM-6822768;QRT-15355;FUN-49170;Wi-Fi;Alta;28/04/2025 10:49;28/04/2025 11:15;4
CHM-8706687;QRT-00593;FUN-09102;TV / Controle;Média;07.09.24;08/09/2024 19:41;1
CHM-3532117;QRT-87183;FUN-39946;TV / Controle;Média;25.08.24;26/08/2024 06:22;3
CHM-2259365;QRT-29802;FUN-19473;Ar-condicionado;Alta;2024-12-25;25/12/2024 10:10;3
CHM-1187029;QRT-65918;FUN-65780;Elétrica;Média;13/07/2025 09:05;2025-07-13;3
CHM-2517483;QRT-66170;FUN-12040;Wi-Fi;Alta;29/04/2025 08:52;29-04-2025;4
CHM-5645109;QRT-76454;FUN-13975;Ar-condicionado;P2;30.11.24;01/12/2024 00:52;4
CHM-2981086;QRT-94756;FUN-41540;Elétrica;Alta;20.12.25;20-12-2025;5
CHM-9454296;QRT-11649;FUN-89330;TV / Controle;Média;20/02/2026 18:34;21/02/2026 04:20;3
CHM-2201831;QRT-53914;FUN-86194;Fechadura Eletrônica;Alta;08.05.26;08/05/2026 11:09;5
CHM-5169659;QRT-74691;FUN-49170;TV / Controle;Baixa;2024-09-07;07/09/2024 18:09;5
CHM-3644495;QRT-88400;FUN-49013;Ar-condicionado;Baixa;01/10/2025 06:01;01/10/2025 14:12;5
CHM-1857143;QRT-43330;FUN-50800;TV / CONTROLE;Alta;23/07/2025 21:31;23/07/2025 22:45;4
CHM-7253685;QRT-83424;FUN-71493;Ar-condicionado;Média;21/08/2025 19:30;22/08/2025 00:24;5
CHM-0942393;QRT-56047;FUN-23286;Limpeza Extra;Baixa;2026-05-27;28/05/2026 07:07;5
CHM-8735663;QRT-86959;FUN-90839;Limpeza Extra;Baixa;03/04/2026 11:08;04/04/2026 14:35;3
CHM-8523327;QRT-39888;FUN-19473;Wi-Fi;Média;22-11-2025;22/11/2025 16:25;3
CHM-2382586;QRT-22178;FUN-16922;Limpeza Extra;Média;16/08/2024 19:17;17/08/2024 02:04;5
CHM-0480715;QRT-87466;FUN-47371;Ar-condicionado;Média;07/05/2025 07:27;07/05/2025 12:19;4
CHM-6979999;QRT-49389;FUN-92045;Hidráulica;Média;02/09/2024 06:08;02/09/2024 11:47;4
CHM-6495400;QRT-43330;FUN-50800;Limpeza Extra;Média;23/10/2025 21:49;24/10/2025 14:12;1
CHM-0178290;QRT-64260;FUN-09324;TV / Controle;Baixa;2025-06-14;15-06-2025;4
CHM-9969010;QRT-01345;FUN-87234; Frigobar com Defeito;Média;30/10/2024 21:38;31/10/2024 01:00;3
CHM-3675773;QRT-51602;FUN-08486;Ar-condicionado;Média;14-11-2024;14/11/2024 13:05;3
CHM-2689627;QRT-98065;FUN-05739;Fechadura Eletrônica;Média;19-02-2025;19/02/2025 23:30;4
CHM-3972012;QRT-81819;FUN-87234;Hidráulica;Baixa;20-06-2026;21/06/2026 05:14;4
CHM-3649183;QRT-22076;FUN-21094;Hidráulica;Alta;22/04/2025 07:48;22/04/2025 07:57;5
CHM-5034642;QRT-66195;FUN-09102;Fechadura Eletrônica;Baixa;30/03/2025 23:42;31/03/2025 03:35;4
CHM-2102242;QRT-27833;FUN-50800;Fechadura Eletrônica;Alta;18/09/2024 09:23;18/09/2024 10:06;3
CHM-0519500;QRT-18801;FUN-08486;Elétrica;Baixa;16-02-2025;16/02/2025 21:33;5
CHM-0117966;QRT-31340;FUN-89330;Elétrica;Média;15.01.26;15/01/2026 19:13;3
CHM-3349653;QRT-42497;FUN-09102;Fechadura Eletrônica;Baixa;15/10/2024 11:34;16/10/2024 22:37;3
CHM-9276604;QRT-20026;FUN-34079;Fechadura Eletrônica;Média;11-04-2026;11/04/2026 23:10;5
CHM-8356655;QRT-72078;FUN-64755;Hidráulica;Média;25/12/2025 07:50;25.12.25;5
CHM-1881814;QRT-11607;FUN-12040;Frigobar com Defeito;Média;27/01/2025 22:05;28/01/2025 02:23;4
CHM-8242820;QRT-03446;FUN-92311;Elétrica;P3;19/08/2025 07:34;19/08/2025 11:36;4
CHM-2215286;QRT-80765;FUN-16922;Wi-Fi;Baixa;2026-03-17;17/03/2026 17:02;5
CHM-2593713;QRT-11142;FUN-23286;Ar-condicionado;Média;15/11/2025 14:34;15/11/2025 15:34;4
CHM-2182915;QRT-74691;FUN-05739;TV / Controle;Baixa;28-05-2026;29/05/2026 07:07;5
CHM-5622285;QRT-49331;FUN-08109;Frigobar com Defeito;Média;2025-07-29;30-07-2025;2
CHM-6935289;QRT-23801;FUN-09324;Wi-Fi;Média;16/01/2026 08:21;16/01/2026 15:52;4
CHM-8096259;QRT-28645;FUN-69104;Elétrica;Média;2024-10-31;01/11/2024 02:19;4
CHM-3887676;QRT-84220;FUN-39946;Wi-Fi;Baixa;08/04/2025 11:31;08/04/2025 21:16;5
CHM-9643249;QRT-95618;FUN-86199;Ar-condicionado;P1;23-03-2025;2025-03-23;5
CHM-4360315;QRT-81819;FUN-87234;Hidráulica;Alta;14/09/2024 06:33;14/09/2024 08:17;5
CHM-2963852;QRT-24810;FUN-08486;Elétrica;Média;05/11/2024 23:19;06/11/2024 15:04;3
CHM-0811030;QRT-88284;FUN-67710;Wi-Fi;Média;01/05/2025 23:05;2025-05-02;3
CHM-9790437;QRT-03540;FUN-08849;Hidráulica;Média;13/01/2025 11:51;13/01/2025 22:01;3
CHM-7045188;QRT-44476;FUN-83865;Wi-Fi;Média;2026-01-20;20/01/2026 23:45;5
CHM-9777355;QRT-41263;FUN-29826;Wi-Fi;Baixa;25/04/2025 21:21;26/04/2025 09:17;5
CHM-4199728;QRT-56455;FUN-86194;Elétrica;Baixa;10/09/2024 17:07;11/09/2024 06:19;5
CHM-8384681;QRT-57124;FUN-90839;Hidráulica;Média;30/12/2024 20:12;30/12/2024 21:37;5
CHM-7956420;QRT-29015;FUN-69727;WI-FI;Alta;24/08/2024 06:30;24/08/2024 08:51;2
CHM-6788244;QRT-74766;FUN-09102;Hidráulica;P2;30/07/2024 18:17;30/07/2024 20:44;5
CHM-7666135;QRT-75121;FUN-48683;Ar-condicionado;Alta;15/09/2024 21:23;16/09/2024 04:41;3
CHM-9743861;QRT-04025;FUN-83865;Elétrica;Alta;13/08/2024 11:28;13/08/2024 12:05;4
CHM-1975535;QRT-78380;FUN-45111;Frigobar com Defeito;Média;2025-03-17;17/03/2025 23:53;3
CHM-6978886;QRT-39746;FUN-10947;Ar-condicionado;Média;22/03/2026 22:12;22/03/2026 23:26;5
CHM-5031794;QRT-64556;FUN-96354;TV / Controle;Média;27/09/2024 23:09;2024-09-28;5
CHM-9327370;QRT-83481;FUN-16922;Hidráulica;Baixa;31/05/2025 10:51;31/05/2025 15:43;4
CHM-7420750;QRT-90762;FUN-49170;Hidráulica;Baixa;23/12/2024 08:12;2024-12-24;3
CHM-1051323;QRT-26080;FUN-37715;Fechadura Eletrônica;Alta;14/05/2025 08:11;14.05.25;5
CHM-3561068;QRT-44318;FUN-15867;Ar-condicionado;Média;22/04/2025 07:17;22/04/2025 10:13;4
CHM-0524111;QRT-88284;FUN-83865;Elétrica;Média;22/10/2024 23:55;23/10/2024 17:26;1
CHM-0867806;QRT-61962;FUN-22027;Wi-Fi;Média;20/07/2024 12:16;20/07/2024 13:35;5
CHM-9086038;QRT-92377;FUN-25313;Ar-condicionado;Alta;23/01/2025 22:08;24/01/2025 02:02;1
CHM-2507966;QRT-84941;FUN-01568;Frigobar com Defeito;Media;21/03/2026 22:19;22-03-2026;5
CHM-0591123;QRT-26280;FUN-64706;Ar-condicionado;Média;27/04/2026 18:23;28/04/2026 05:16;3
CHM-3153431;QRT-13534;FUN-29826;TV / Controle;Alta;18/06/2026 20:51;18/06/2026 21:21;4
CHM-3530962;QRT-45866;FUN-48683;Ar-condicionado;Média;09/08/2024 09:44;09/08/2024 18:48;2
CHM-9200017;QRT-04542;FUN-09324;Limpeza Extra;Alta;10/09/2024 09:38;10/09/2024 10:56;5
CHM-3273588;QRT-40957;FUN-19473;Ar-condicionado;Baixa;23/09/2024 21:52;24/09/2024 00:36;4
CHM-0655558;QRT-16535;FUN-16922;Wi-Fi;BAIXA;04/04/2026 10:32;04/04/2026 12:45;4
CHM-5536975;QRT-27723;FUN-52793;Ar-condicionado;MÉDIA;08-11-2024;09/11/2024 13:21;3
CHM-1302928;QRT-37102;FUN-81524;Ar-condicionado;Baixa;07/11/2025 10:23;07/11/2025 12:35;4
CHM-8407753;QRT-09785;FUN-45111;Wi-Fi;Média;12.05.25;13/05/2025 01:58;5
CHM-4049549;QRT-29485;FUN-78820;Elétrica;Média;01/03/2026 15:23;2026-03-01;5
CHM-2913612;QRT-67879;FUN-36473;TV / Controle;Alta;17/06/2025 20:29;17/06/2025 20:57;5
CHM-9909280;QRT-90762;FUN-05739;Elétrica;Alta;10/12/2024 10:40;10.12.24;2
CHM-9125428;QRT-14528;FUN-86194;Elétrica;Média;16/09/2024 12:07;16-09-2024;5
CHM-8897040;QRT-87466;FUN-22607;Fechadura Eletrônica;Média;20/08/2025 13:43;2025-08-20;4
CHM-1477217;QRT-29485;FUN-67710;Wi-Fi;Média;13/09/2024 07:33;13/09/2024 11:39;5
CHM-1599858;QRT-51351;FUN-22607;Wi-Fi;BAIXA;11.11.25;14-11-2025;2
CHM-2413270;QRT-03049;FUN-73856;Wi-Fi;Baixa;26/09/2025 20:58;27.09.25;5
CHM-7259188;QRT-96972;FUN-74014;Frigobar com Defeito;Média;05/11/2025 13:50;2025-11-05;4
CHM-1797453;QRT-42497;FUN-09102;Ar-condicionado;Média;28/09/2024 13:47;28.09.24;4
CHM-2696463;QRT-25409;FUN-43763;Wi-Fi  ;Baixa;09/07/2024 23:02;10/07/2024 04:12;5
CHM-4681018;QRT-86959;FUN-82886;Limpeza Extra;Média;28.10.24;28/10/2024 16:06;4
CHM-0528021;QRT-16398;FUN-21094;Limpeza Extra;P3;27/01/2026 08:07;2026-01-28;2
CHM-5611080;QRT-56321;FUN-23361;TV / Controle;Alta;02/03/2026 23:52;03/03/2026 00:39;5
CHM-5593971;QRT-78115;FUN-86194;TV / Controle;Alta;01-03-2026;01/03/2026 18:45;4
CHM-9984526;QRT-75030;FUN-19473;Hidráulica;Média;22/02/2026 14:57;2026-02-22;5
CHM-6463020;QRT-77112;FUN-49170;Hidráulica;Média;19/03/2026 08:04;19/03/2026 12:46;5
CHM-0688190;QRT-77305;FUN-34873;TV / Controle;Baixa;23-03-2026;2026-03-24;2
CHM-7555789;QRT-22585;FUN-08234;Limpeza Extra;Alta;01/05/2026 06:50;01.05.26;3
CHM-1493253;QRT-27391;FUN-66580;Ar-condicionado;Média;19/03/2025 23:58;20.03.25;5
CHM-3154018;QRT-43330;FUN-15867;Ar-condicionado;Baixa;06-11-2025;07/11/2025 05:10;4
CHM-4899188;QRT-07215;FUN-49170;ar-condicionado;Média;2026-02-14;15/02/2026 01:19;5
CHM-3901534;QRT-85367;FUN-52793;Frigobar com Defeito;Alta;22.07.25;22.07.25;5
CHM-3234277;QRT-96617;FUN-86194;Hidráulica;Baixa;01/09/2025 06:53;01-09-2025;5
CHM-5371320;QRT-42819;FUN-32345;Hidráulica;Média;14/02/2025 10:52;14/02/2025 22:11;3
CHM-0397371;QRT-56455;FUN-83865;Elétrica;Média;17-09-2024;18/09/2024 03:46;4
CHM-8482076;QRT-86959;FUN-08234;Hidráulica  ;Baixa;29/06/2026 06:54;29/06/2026 13:43;4
CHM-7576569;QRT-65173;FUN-48159;Ar-condicionado;Média;27/07/2024 12:13;27/07/2024 17:00;5
CHM-7059029;QRT-02007;FUN-74014;Wi-Fi;Média;20-06-2025;21/06/2025 03:07;5
CHM-5923927;QRT-83665;FUN-52793;TV / Controle;Baixa;2024-11-09;10/11/2024 15:53;5
CHM-2674202;QRT-41338;FUN-88121;Frigobar com Defeito;Alta;2026-04-12;12/04/2026 16:20;2
CHM-6569667;QRT-41934;FUN-32345;Hidráulica;Baixa;28-06-2026;29.06.26;2
CHM-9313382;QRT-19577;FUN-12576;Wi-Fi;Média;2025-05-19;19/05/2025 22:39;5
CHM-6060331;QRT-31908;FUN-28577;Wi-Fi;Alta;30/01/2025 13:30;30-01-2025;4
CHM-0783820;QRT-31908;FUN-28577;Elétrica;Baixa;29/01/2025 08:01;30/01/2025 10:34;2
CHM-0700235;QRT-94862;FUN-48683;Limpeza Extra;Baixa;20-05-2025;20/05/2025 20:14;3
CHM-7699941;QRT-37220;FUN-15784;Elétrica;Baixa;2026-05-07;07/05/2026 20:18;4
CHM-3825813;QRT-44318;FUN-29826;Elétrica;Média;23/01/2026 11:40;23/01/2026 16:24;4
CHM-0460165;QRT-96972;FUN-08486;Frigobar com Defeito;Média;16-08-2025;16.08.25;5
CHM-3558469;QRT-95923;FUN-34873;Ar-condicionado;Alta;21.07.25;21/07/2025 13:49;5
CHM-2985228;QRT-06113;FUN-34079;Wi-Fi  ;Alta;21.07.24;21/07/2024 23:06;3
CHM-3533321;QRT-42444;FUN-66580;Wi-Fi;Alta;17/02/2025 12:47;17-02-2025;5
CHM-5474595;QRT-31908;FUN-04670;Frigobar com Defeito;Alta;25/07/2025 22:09;26/07/2025 01:42;3
CHM-4928272;QRT-61719;FUN-02909;Ar-condicionado;Baixa;02/12/2025 15:48;03-12-2025;4
CHM-1763341;QRT-54489;FUN-57664;Frigobar com Defeito;Baixa;30/05/2026 06:11;31-05-2026;5
CHM-0394639;QRT-64840;FUN-08486;Frigobar com Defeito;Alta;26/01/2025 10:23;26/01/2025 13:17;3
CHM-9855294;QRT-70944;FUN-45111;Fechadura Eletrônica;Baixa;2025-08-16;17/08/2025 23:24;2
CHM-7455651;QRT-48327;FUN-69104;Fechadura Eletrônica;Média;30/04/2026 10:45;01/05/2026 01:17;3
CHM-1476518;QRT-42908;FUN-76103;Ar-condicionado;Média;15/12/2024 09:27;15/12/2024 10:19;5
CHM-4325578;QRT-45185;FUN-69727;Wi-Fi;Baixa;29/05/2026 15:31;30/05/2026 00:07;5
CHM-3247570;QRT-81933;FUN-21094;Wi-Fi;Média;25/07/2024 13:27;25/07/2024 15:25;4
CHM-8695315;QRT-10817;FUN-12040;Fechadura Eletrônica;Média;22/08/2024 10:08;22.08.24;4
CHM-3611634;QRT-08689;FUN-43763;Ar-condicionado;Alta;08/10/2024 13:21;08/10/2024 15:12;5
CHM-3194959;QRT-90947;FUN-12576;Frigobar com Defeito;Baixa;16/02/2026 10:35;18-02-2026;1
CHM-4990212;QRT-26080;FUN-52793;Limpeza Extra;Média;05/12/2025 08:56;05.12.25;4
CHM-7446595;QRT-21167;FUN-96354;Ar-condicionado;Baixa;12/08/2024 08:13;12/08/2024 21:54;5
CHM-7306947;QRT-46308;FUN-41540;Wi-Fi;Alta;01-01-2025;01/01/2025 09:32;5
CHM-0662730;QRT-85687;FUN-08486;Elétrica;Baixa;25/12/2024 19:29;26/12/2024 03:29;5
CHM-6702868;QRT-50555;FUN-35080;TV / Controle;Média;19/11/2024 09:00;19/11/2024 14:04;5
CHM-8304064;QRT-81700;FUN-12040;TV / Controle;Média;05/08/2024 15:10;06/08/2024 08:51;2
CHM-1715082;QRT-65099;FUN-47371;Fechadura Eletrônica;Média;30.11.25;30/11/2025 17:49;5
CHM-7651614;QRT-84220;FUN-10947;Fechadura Eletrônica;Média;03/12/2025 21:55;04/12/2025 00:48;5
CHM-7549707;QRT-86201;FUN-29826;Wi-Fi;baixa;06/01/2025 18:11;2025-01-07;4
CHM-9120983;QRT-75289;FUN-49170;Frigobar com Defeito;Baixa;27/10/2024 21:05;28/10/2024 07:03;4
CHM-2159154;QRT-45866;FUN-50800;TV / Controle;Alta;06/10/2024 07:09;06-10-2024;4
CHM-4038628;QRT-09849;FUN-50800;TV / Controle;Média;02/07/2025 23:56;03/07/2025 01:54;4
CHM-1109442;QRT-04443;FUN-90839;Frigobar com Defeito;Média;20/09/2024 19:12;20/09/2024 23:38;5
CHM-1769601;QRT-25409;FUN-64706;ar-condicionado;Baixa;12/01/2025 13:45;12/01/2025 23:11;4
CHM-9005297;QRT-89410;FUN-10947;Wi-Fi;Média;17/09/2025 06:10;17.09.25;5
CHM-9529286;QRT-83665;FUN-74014;TV / Controle;Média;29/12/2025 11:38;2025-12-29;4
CHM-9848988;QRT-22560;FUN-69727;Ar-condicionado;Baixa;08/07/2024 13:40;09.07.24;4
CHM-3103222;QRT-69375;FUN-48683;Elétrica;Baixa;30/08/2024 15:24;31/08/2024 11:23;4
CHM-5236131;QRT-83481;FUN-67710;Elétrica;Alta;27/03/2026 06:10;27/03/2026 06:40;4
CHM-0217561;QRT-77305;FUN-48683;TV / Controle;Baixa;02/03/2026 22:52;03/03/2026 11:50;5
CHM-3497100;QRT-60979;FUN-89330;Elétrica;Média;14/07/2025 13:53;14-07-2025;5
CHM-9273362;QRT-72144;FUN-36473;Hidráulica;Baixa;19/11/2025 18:16;20/11/2025 05:57;5
CHM-1930562;QRT-64840;FUN-10947;Fechadura Eletrônica;Media;05/02/2025 15:41;05/02/2025 18:47;5
CHM-6460368;QRT-60845;FUN-15867;Wi-Fi;Baixa;04.12.24;05/12/2024 03:24;4
CHM-6973174;QRT-86467;FUN-89330;Wi-Fi;Média;2025-04-27;28/04/2025 01:49;5
CHM-3597549;QRT-31042;FUN-47371;Hidráulica;Baixa;13/03/2025 12:23;13/03/2025 20:22;5
CHM-7393316;QRT-78115;FUN-19473;Elétrica;P2;11/08/2025 17:06;11/08/2025 21:54;4
CHM-6385225;QRT-68160;FUN-55799;Elétrica;Média;06/04/2026 20:30;07/04/2026 04:24;5
CHM-9077979;QRT-77305;FUN-34873;Elétrica;Baixa;27/09/2025 08:34;28/09/2025 08:17;3
CHM-3846389;QRT-74691;FUN-64755;Frigobar com Defeito;P1;20/01/2026 15:55;20.01.26;5
CHM-3617548;QRT-27723;FUN-74014;Fechadura Eletrônica;Alta;2024-08-22;22/08/2024 09:24;5
CHM-5731464;QRT-62109;FUN-71493;Limpeza Extra;Média;02/01/2026 21:10;03/01/2026 01:48;5
CHM-7180731;QRT-15710;FUN-57664;Ar-condicionado;alta;23/11/2025 14:58;23.11.25;5
CHM-5566387;QRT-01345;FUN-35080;TV / Controle;Média;23/12/2024 19:49;24/12/2024 03:23;5
CHM-5460335;QRT-25905;FUN-09102;Hidráulica;Média;31/08/2024 12:33;31.08.24;5
CHM-1441611;QRT-21077;FUN-83865;Hidráulica;Alta;2025-10-04;04/10/2025 23:09;2
CHM-9572574;QRT-41748;FUN-23383;TV / Controle;BAIXA;19.04.25;20/04/2025 07:22;5
CHM-9571317;QRT-89068;FUN-52793;Limpeza Extra;baixa;31/05/2026 18:17;01/06/2026 10:01;4
CHM-1479776;QRT-39368;FUN-18700;TV / Controle;Alta;05-02-2025;05-02-2025;5
CHM-6980198;QRT-58511;FUN-73856;Ar-condicionado;Baixa;14/06/2025 19:45;16/06/2025 08:44;1
CHM-9135503;QRT-93180;FUN-05739;Hidráulica;MÉDIA;22.10.25;22/10/2025 13:12;5
CHM-9792091;QRT-53290;FUN-28577;Elétrica;Baixa;16/11/2025 09:33;17/11/2025 08:13;4
CHM-8968814;QRT-29854;FUN-22027;Ar-condicionado;Média;13/09/2025 13:51;13/09/2025 16:15;5
CHM-9920217;QRT-41934;FUN-22027;TV / Controle;Media;01/02/2026 11:12;01/02/2026 15:08;3
CHM-9684664;QRT-29439;FUN-15784;Ar-condicionado;Alta;23/06/2026 23:06;24/06/2026 00:44;5
CHM-7627851;QRT-06043;FUN-74014;Ar-condicionado;P2;26/04/2026 16:29;26/04/2026 17:49;5
CHM-3789315;QRT-71975;FUN-67282;Hidráulica;Baixa;31/12/2025 15:12;2026-01-01;3
CHM-5548124;QRT-26716;FUN-86199;Ar-condicionado;Média;2026-03-12;12-03-2026;4
CHM-0969079;QRT-17114;FUN-12576;Hidráulica;Media;2025-04-23;23/04/2025 15:44;5
CHM-8670516;QRT-45185;FUN-50800;Hidráulica;Baixa;27.07.24;27/07/2024 20:20;5
CHM-2294916;QRT-54375;FUN-81524;Hidráulica;Baixa;16.05.25;2025-05-17;4
CHM-8864202;QRT-13238;FUN-10947;Frigobar com Defeito;Baixa;01/04/2026 13:00;01/04/2026 20:25;5
CHM-6696942;QRT-98065;FUN-64755;Limpeza Extra;Média;03/09/2025 15:15;03-09-2025;4
CHM-7987069;QRT-14528;FUN-73856;Ar-condicionado;Baixa;06/12/2024 16:00;07/12/2024 14:31;5
CHM-0541889;QRT-17495;FUN-67282;Ar-condicionado;Baixa;31-10-2025;31/10/2025 23:19;3
CHM-9598430;QRT-57208;FUN-10947;Ar-condicionado;Alta;24/05/2025 19:31;24/05/2025 20:12;5
CHM-5463541;QRT-58511;FUN-67710;Ar-condicionado;alta;13/05/2026 17:16;13/05/2026 19:58;2
CHM-0908897;QRT-96617;FUN-73856;Hidráulica;Alta;11/07/2025 18:33;11/07/2025 19:02;5
CHM-1259266;QRT-66602;FUN-96354;Ar-condicionado;P1;14/09/2025 21:38;14/09/2025 22:56;4
CHM-0673858;QRT-74691;FUN-57664;Hidráulica;Média;18-08-2024;18-08-2024;4
CHM-9509930;QRT-76445;FUN-55799;Hidráulica;Baixa;02/07/2024 14:52;03/07/2024 12:45;3
CHM-4011800;QRT-06043;FUN-08486;Ar-condicionado;Média;22-10-2024;22/10/2024 23:58;5
CHM-7537136;QRT-03446;FUN-48159;Wi-Fi;Baixa;22/09/2024 18:17;23/09/2024 20:06;2
CHM-9627392;QRT-01562;FUN-67710;Ar-condicionado;Média;03/11/2025 18:59;03/11/2025 22:09;5
CHM-2639160;QRT-17114;FUN-12576;Hidráulica;Baixa;29-09-2024;30/09/2024 02:28;4
CHM-5626116;QRT-28645;FUN-09102;Ar-condicionado;Baixa;16/07/2024 13:29;17/07/2024 14:44;1
CHM-3826987;QRT-44318;FUN-29826;Elétrica;Baixa;19/09/2025 13:00;20/09/2025 06:02;5
CHM-2332449;QRT-39312;FUN-74014;Wi-Fi;Média;2026-02-21;21/02/2026 17:45;4
CHM-8981757;QRT-95776;FUN-87234;Hidráulica;Baixa;31/08/2024 23:23;02/09/2024 13:35;3
CHM-2349454;QRT-66083;FUN-71493;TV / Controle;Média;15/03/2025 18:55;15/03/2025 23:30;5
CHM-6475199;QRT-66307;FUN-18700;Elétrica;Alta;20/04/2026 22:24;21/04/2026 00:06;5
CHM-8342359;QRT-40957;FUN-86194;TV / Controle;Baixa;08.05.25;08/05/2025 20:58;4
CHM-4051476;QRT-02055;FUN-71181;Elétrica;Baixa;08/02/2026 17:08;09-02-2026;5
CHM-9513352;QRT-92558;FUN-15784;Ar-condicionado;Baixa;07/07/2024 14:01;08/07/2024 00:14;4
CHM-1435603;QRT-56455;FUN-83865;Elétrica;Media;25/10/2024 18:43;25/10/2024 20:47;5
CHM-7065639;QRT-47802;FUN-03036;Frigobar com Defeito;Baixa;22.02.26;2026-02-23;4
CHM-3611712;QRT-41338;FUN-43763;Wi-Fi;Média;23/03/2025 23:06;24/03/2025 05:06;5
CHM-7324230;QRT-55454;FUN-21094;Ar-condicionado;Média;22/09/2025 16:02;22-09-2025;5
CHM-4682489;QRT-23155;FUN-96106;TV / Controle;Média;20.10.24;2024-10-21;5
CHM-7166478;QRT-23438;FUN-08234;Limpeza Extra;Media;29-11-2024;29/11/2024 18:13;5
CHM-1099076;QRT-02141;FUN-96106;Ar-condicionado;Baixa;24/03/2025 07:30;24-03-2025;5
CHM-3112789;QRT-84941;FUN-86199;Ar-condicionado;Média;09/04/2025 21:10;2025-04-10;3
CHM-7487136;QRT-24810;FUN-39946;Limpeza Extra;Média;03/06/2026 17:21;2026-06-04;5
CHM-4638084;QRT-52853;FUN-08486;Limpeza Extra;Alta;29/09/2025 14:26;29/09/2025 15:34;5
CHM-6571194;QRT-06113;FUN-92045;Limpeza Extra;Alta;08/01/2025 23:40;09/01/2025 00:27;5
CHM-1846078;QRT-95939;FUN-10947;Wi-Fi;Alta;06/01/2025 12:49;06/01/2025 15:50;1
CHM-4842773;QRT-16851;FUN-65780;TV / CONTROLE;Alta;2025-11-23;23/11/2025 13:10;4
CHM-4667312;QRT-62109;FUN-08109;TV / Controle;Alta;09/05/2026 10:53;09/05/2026 11:23;4
CHM-7650670;QRT-25571;FUN-49013;Ar-condicionado;Média;29/10/2024 12:27;29/10/2024 21:23;3
CHM-1565003;QRT-63207;FUN-67710;HIDRÁULICA;Alta;31.03.26;2026-03-31;2
CHM-4588257;QRT-80306;FUN-45111;TV / Controle;Média;13/09/2024 23:44;14/09/2024 08:26;2
CHM-6707083;QRT-63506;FUN-37715;Ar-condicionado;P2;04/04/2025 17:36;2025-04-04;4
CHM-9220314;QRT-47802;FUN-35080;Limpeza Extra;Média;03/11/2024 10:54;03/11/2024 19:28;1
CHM-2137923;QRT-10817;FUN-23383;TV / Controle;Baixa;04-10-2024;05/10/2024 00:33;5
CHM-4865450;QRT-80765;FUN-16922;Frigobar com Defeito;Média;01/05/2025 23:12;02/05/2025 00:48;5
CHM-4789347;QRT-93180;FUN-96106;Wi-Fi;Baixa;04/08/2025 11:14;05/08/2025 12:40;3
CHM-0369342;QRT-25409;FUN-64047;Limpeza Extra;Baixa;06/09/2024 16:09;2024-09-07;5
CHM-5188941;QRT-47628;FUN-23361;Hidráulica;Média;2024-07-07;08/07/2024 03:45;3
CHM-6586232;QRT-74465;FUN-71181;Wi-Fi;P2;06/10/2025 18:07;07/10/2025 00:18;3
CHM-4571476;QRT-37102;FUN-89330;Ar-condicionado;Média;2025-05-29;29/05/2025 15:32;5
CHM-8307028;QRT-85739;FUN-74014;Limpeza Extra;Baixa;20/07/2025 07:59;20/07/2025 18:10;5
CHM-2820647;QRT-09785;FUN-18700;Ar-condicionado;Baixa;21-06-2026;22/06/2026 03:05;5
CHM-0019802;QRT-86959;FUN-41540;Ar-condicionado;P2;22.01.25;23.01.25;3
CHM-4951143;QRT-45185;FUN-50800;Limpeza Extra;Média;23/06/2026 06:44;2026-06-23;5
CHM-1823075;QRT-41263;FUN-29826;Limpeza Extra;Média;10-08-2025;11/08/2025 02:49;5
CHM-4846703;QRT-85329;FUN-08234;Wi-Fi;Média;02/12/2025 12:48;2025-12-02;5
CHM-2283486;QRT-25571;FUN-64047;Elétrica;Média;16/06/2026 14:06;17/06/2026 15:55;3
CHM-5288658;QRT-63645;FUN-64755;Limpeza Extra;MÉDIA;27/08/2024 22:55;28/08/2024 08:58;1
CHM-5231635;QRT-58898;FUN-92311;Hidráulica;Baixa;29/05/2025 15:37;29/05/2025 23:09;4
CHM-5070747;QRT-73451;FUN-50800;Wi-Fi;Média;04.12.25;05.12.25;2
CHM-9061062;QRT-63506;FUN-52793;Ar-condicionado;Media;06/09/2024 08:19;06/09/2024 10:39;5
CHM-1001477;QRT-89068;FUN-37715;Limpeza Extra;Média;22/03/2026 20:50;23/03/2026 08:23;1
CHM-1676707;QRT-69835;FUN-23383;Elétrica;Média;2025-05-16;16.05.25;4
CHM-6655856;QRT-72363;FUN-57664;Hidráulica;Baixa;07/08/2025 20:19;2025-08-09;1
CHM-7525835;QRT-03596;FUN-71493;Ar-condicionado;Alta;01/10/2024 23:53;02/10/2024 00:18;5
CHM-4635182;QRT-96237;FUN-67710;Hidráulica;Média;02-11-2025;02/11/2025 23:20;2
CHM-0279857;QRT-66170;FUN-96354;Frigobar com Defeito;Média;04-03-2025;04/03/2025 21:17;5
CHM-9649438;QRT-94431;FUN-05739;Frigobar com Defeito;ALTA;13/02/2026 06:25;13/02/2026 07:26;5
CHM-0150815;QRT-23801;FUN-90839;Ar-condicionado;Baixa;24/11/2025 16:38;24/11/2025 19:23;4
CHM-7542427;QRT-63207;FUN-19473;Hidráulica;P3;20/03/2025 16:18;21/03/2025 01:41;5
CHM-1459954;QRT-06780;FUN-08486;Elétrica;Baixa;09-10-2024;10/10/2024 03:24;5
CHM-1173992;QRT-39368;FUN-18700;Ar-condicionado;Baixa;2024-09-12;13/09/2024 18:27;3
CHM-0852473;QRT-89443;FUN-57664;Limpeza Extra;Média;28.05.26;28/05/2026 19:49;5
CHM-6107073;QRT-73974;FUN-45111;Elétrica;Alta;21/03/2025 09:23;21/03/2025 12:26;2
CHM-7558652;QRT-42714;FUN-96354;Elétrica;P2;07-08-2025;08/08/2025 00:07;3
CHM-2179385;QRT-92955;FUN-34079;Elétrica;Alta;24/05/2026 19:43;24/05/2026 20:17;4
CHM-8034258;QRT-91628;FUN-37715;Ar-condicionado;Baixa;27/10/2024 17:40;29/10/2024 12:24;3
CHM-8278681;QRT-42908;FUN-66580;Wi-Fi;Baixa;07.05.26;2026-05-07;5
CHM-2021614;QRT-75043;FUN-39946;Elétrica;Alta;10/01/2025 19:47;10-01-2025;5
CHM-4079360;QRT-80765;FUN-16922;Limpeza Extra;Alta;10/02/2026 09:37;10/02/2026 10:37;5
CHM-8641217;QRT-88400;FUN-64047;Fechadura Eletrônica;Baixa;02/07/2024 16:37;03/07/2024 03:43;4
CHM-1861163;QRT-03369;FUN-12576;ar-condicionado;Média;01/01/2026 22:49;2026-01-02;5
CHM-9266799;QRT-45185;FUN-34873;Wi-Fi;Baixa;17/08/2024 20:01;18.08.24;4
CHM-8739258;QRT-54953;FUN-10947;Fechadura Eletrônica;Média;08/03/2025 17:14;08/03/2025 23:27;5
CHM-8586691;QRT-67879;FUN-36473;TV / Controle;Baixa;08-02-2026;08-02-2026;3
CHM-6668077;QRT-40043;FUN-49170;Ar-condicionado;Baixa;01/01/2026 17:09;02/01/2026 11:50;4
CHM-8910568;QRT-21677;FUN-25313;Ar-condicionado;Baixa;25/02/2026 07:58;25/02/2026 19:23;4
CHM-0642683;QRT-72144;FUN-96354;Ar-condicionado;Média;20/05/2025 16:39;20/05/2025 18:23;5
CHM-8794246;QRT-43677;FUN-90839;Ar-condicionado;Média;22/08/2024 19:14;22/08/2024 21:47;5
CHM-0075951;QRT-86712;FUN-15867;TV / Controle;Alta;20/12/2024 19:28;20/12/2024 19:54;5
CHM-5409115;QRT-16535;FUN-73856;Limpeza Extra;P2;20/06/2026 23:30;21.06.26;4
CHM-3269850;QRT-83424;FUN-08109;Fechadura Eletrônica;Alta;2026-01-07;07/01/2026 12:05;4
CHM-3590364;QRT-39312;FUN-74014;Hidráulica;Média;02/01/2025 11:42;02/01/2025 13:16;5
CHM-2136705;QRT-84972;FUN-23361;TV / Controle;Média;15/08/2025 17:54;16/08/2025 00:50;5
CHM-3972393;QRT-46748;FUN-70436;Ar-condicionado;Baixa;01/03/2025 14:32;02/03/2025 09:34;5
CHM-8929213;QRT-94431;FUN-22027;Ar-condicionado;Alta;07/12/2025 09:39;07-12-2025;4
CHM-5534616;QRT-72107;FUN-52793;Limpeza Extra;Média;25/09/2025 23:53;26/09/2025 07:12;5
CHM-5068682;QRT-42444;FUN-07814;Ar-condicionado;Alta;02/08/2025 22:51;02/08/2025 23:47;4
CHM-5031307;QRT-90111;FUN-69727;Limpeza Extra;ALTA;28.01.26;2026-01-28;3
CHM-4535050;QRT-16398;FUN-23286;Frigobar com Defeito;Média;20/05/2026 13:32;20/05/2026 15:02;4
CHM-6693184;QRT-56047;FUN-92045;Ar-condicionado;Média;2025-05-14;14/05/2025 22:59;4
CHM-0983375;QRT-66101;FUN-22607;Hidráulica;Alta;03-11-2025;03/11/2025 20:13;5
CHM-2189696;QRT-57181;FUN-22027;Wi-Fi;Média;14/10/2024 15:23;15-10-2024;1
CHM-8258370;QRT-98233;FUN-69104;Wi-Fi;Alta;14/12/2025 18:08;14/12/2025 19:06;5
CHM-5888658;QRT-03049;FUN-78820;Wi-Fi;Alta;31/12/2024 14:21;31/12/2024 15:19;5
CHM-5545577;QRT-06280;FUN-34873;WI-FI;Média;14/09/2024 12:55;2024-09-14;5
CHM-4269607;QRT-49331;FUN-71493;Elétrica;Média;04/09/2024 11:22;04/09/2024 17:05;4
CHM-1043482;QRT-96617;FUN-19473;Elétrica;Média;17/04/2026 21:49;2026-04-18;4
CHM-4167448;QRT-29015;FUN-48683;Wi-Fi;Média;17/05/2025 08:06;17.05.25;4
CHM-4266992;QRT-53917;FUN-32345;Limpeza Extra;Baixa;10/03/2026 19:13;11-03-2026;5
CHM-0126043;QRT-98233;FUN-69104;Wi-Fi;Média;03/11/2024 23:05;04/11/2024 05:46;5
CHM-4120254;QRT-12128;FUN-37715;Wi-Fi;Baixa;05.03.25;06-03-2025;1
CHM-3496000;QRT-15064;FUN-10947;Wi-Fi;Alta;12-01-2025;12/01/2025 13:38;3
CHM-6172337;QRT-57181;FUN-57664;TV / Controle;Média;07/05/2025 14:19;07/05/2025 19:42;5
CHM-8184602;QRT-52853;FUN-37715;Hidráulica;Media;23/07/2024 09:22;23/07/2024 15:06;4
CHM-4803100;QRT-57124;FUN-69104;Ar-condicionado;Alta;10/05/2026 16:51;10/05/2026 17:47;5
CHM-8231508;QRT-62284;FUN-08849;Limpeza Extra;Média;21.05.25;22/05/2025 00:26;3
CHM-5818278;QRT-95939;FUN-74014;Elétrica;MÉDIA;19/08/2024 18:02;20/08/2024 05:39;1
CHM-0822674;QRT-88284;FUN-83865;Wi-Fi;Baixa;18/03/2025 18:32;19/03/2025 01:13;5
CHM-3298064;QRT-84837;FUN-92311;Limpeza Extra;Alta;29/06/2025 20:27;29-06-2025;5
CHM-1931196;QRT-37477;FUN-64047;Elétrica;Média;22/05/2026 20:13;23/05/2026 02:14;4
CHM-4058237;QRT-95923;FUN-69727;Elétrica;Média;16.08.24;16-08-2024;5
CHM-5160708;QRT-94556;FUN-92045;Ar-condicionado;Média;16/04/2025 13:10;16/04/2025 18:29;4
CHM-6372400;QRT-10817;FUN-48159;Limpeza Extra;Média;26/01/2025 06:27;26/01/2025 09:45;5
CHM-2317825;QRT-86536;FUN-23361;Limpeza Extra;Média;20-03-2026;20/03/2026 11:53;5
CHM-9562643;QRT-62109;FUN-25313;Limpeza Extra;Alta;21/11/2024 15:25;21/11/2024 18:27;2
CHM-6339518;QRT-74766;FUN-69104;Limpeza Extra;Baixa;04/06/2026 06:49;04/06/2026 20:36;5
CHM-0310733;QRT-72107;FUN-08486;Elétrica;Baixa;30/11/2024 06:34;30-11-2024;4
CHM-9236493;QRT-61962;FUN-64755;Wi-Fi;P2;11/01/2025 17:35;11/01/2025 19:12;4
CHM-0492427;QRT-48634;FUN-04670;Ar-condicionado;Baixa;03-12-2025;04/12/2025 16:01;3
CHM-1730759;QRT-63506;FUN-39946;Hidráulica;Baixa;06/09/2025 15:57;07/09/2025 02:29;4
CHM-8704237;QRT-66170;FUN-48159;Elétrica;Média;08-08-2024;09/08/2024 03:35;3
CHM-7413318;QRT-61287;FUN-47371;TV / Controle;Baixa;21/03/2025 06:58;21/03/2025 13:04;4
CHM-2087748;QRT-08549;FUN-41540;Hidráulica;Baixa;24/11/2025 14:42;25/11/2025 19:55;2
CHM-4454754;QRT-74428;FUN-19473;Frigobar com Defeito;Média;12/12/2024 15:39;13/12/2024 01:02;1
CHM-5174053;QRT-75030;FUN-16922;Wi-Fi;P2;07/07/2024 10:43;07/07/2024 12:04;5
CHM-0696363;QRT-92171;FUN-86194;Hidráulica;Alta;2025-06-21;21.06.25;5
CHM-1496694;QRT-89443;FUN-32345;Elétrica;Baixa;29-03-2025;30-03-2025;2
CHM-9088520;QRT-47759;FUN-66580;Elétrica;Média;21/03/2026 12:46;22/03/2026 00:26;3
CHM-3795731;QRT-02862;FUN-08234;Limpeza Extra;Baixa;19/08/2024 06:18;19/08/2024 18:28;5
CHM-3606994;QRT-35519;FUN-50800;Limpeza  Extra;Alta;22-07-2025;2025-07-22;4
CHM-1746559;QRT-71194;FUN-69727;Wi-Fi;Média;2025-01-24;24/01/2025 09:41;5
CHM-1166762;QRT-67310;FUN-49013;TV / Controle;Alta;2025-04-27;27-04-2025;2
CHM-1798853;QRT-03500;FUN-64706;Fechadura Eletrônica;Baixa;12/12/2024 15:35;13/12/2024 12:31;5
CHM-9798356;QRT-69835;FUN-12040;Wi-Fi;Baixa;26/10/2025 08:40;26/10/2025 13:09;3
CHM-0233523;QRT-95939;FUN-74014;TV / Controle;Média;17/01/2025 23:35;18.01.25;5
CHM-2249853;QRT-27342;FUN-35080;Limpeza Extra;Alta;10/06/2025 22:54;11/06/2025 01:17;2
CHM-3869112;QRT-13595;FUN-90839;Elétrica;Baixa;09-11-2024;09/11/2024 20:21;4
CHM-8988660;QRT-06280;FUN-15867;Elétrica;Baixa;16/06/2026 14:13;17/06/2026 10:55;5
CHM-8698848;QRT-09674;FUN-08234;TV / Controle;Média;05.12.24;05/12/2024 10:35;5
CHM-3421583;QRT-92177;FUN-64706;Ar-condicionado;Baixa;21/01/2025 22:05;22.01.25;4
CHM-2312469;QRT-01798;FUN-29826;Fechadura Eletrônica;Baixa;03/07/2024 13:23;04/07/2024 07:41;4
CHM-5986865;QRT-07215;FUN-57664;Elétrica;Baixa;09/05/2026 09:21;10-05-2026;4
CHM-5179909;QRT-37477;FUN-49013;Elétrica;Media;15.09.24;15/09/2024 13:25;5
CHM-1286041;QRT-86467;FUN-81524;Hidráulica;Média;23-08-2025;23/08/2025 09:35;5
CHM-7972569;QRT-77112;FUN-49170;Elétrica;ALTA;17/07/2024 23:36;18/07/2024 01:30;5
CHM-3781778;QRT-24929;FUN-29826;Limpeza Extra;Alta;18-05-2025;18/05/2025 20:32;1
CHM-9607497;QRT-95712;FUN-78820;Limpeza Extra;Baixa;2026-02-12;13/02/2026 16:28;5
CHM-2687696;QRT-43251;FUN-76103;Limpeza Extra;Média;2025-12-05;05.12.25;4
CHM-5765798;QRT-00699;FUN-57664;Wi-Fi;Média;11/07/2025 22:42;12/07/2025 00:44;5
CHM-4326791;QRT-66195;FUN-86199;Hidráulica;Baixa;12/11/2024 15:24;12/11/2024 23:11;5
CHM-4567171;QRT-66083;FUN-02909;Elétrica;Alta;26-02-2025;26-02-2025;5
CHM-8977836;QRT-56980;FUN-05739;Hidráulica;Média;08/12/2024 16:07;09-12-2024;1
CHM-8647078;QRT-73232;FUN-49013;Wi-Fi;Baixa;09/06/2026 15:53;09-06-2026;5
CHM-6349468;QRT-47802;FUN-35080;Frigobar com Defeito;Baixa;17.05.26;18/05/2026 15:10;5
CHM-0004896;QRT-54375;FUN-52300;Ar-condicionado;Baixa;29/04/2026 19:06;2026-04-30;3
CHM-5417987;QRT-75221;FUN-50800;Wi-Fi;P2;23/01/2025 20:00;24-01-2025;5
CHM-4721003;QRT-26756;FUN-69104;Limpeza Extra;Baixa;19/04/2025 13:09;19-04-2025;3
CHM-6697479;QRT-62284;FUN-22607;TV / Controle;Alta;2025-04-16;16/04/2025 14:12;5
CHM-5579041;QRT-39312;FUN-10947;Limpeza Extra;Baixa;13.09.24;2024-09-15;3
CHM-7722518;QRT-95939;FUN-71181;Frigobar com Defeito;Média;12/06/2025 23:03;2025-06-13;5
CHM-1202743;QRT-29439;FUN-88121;Hidráulica;Média;14/08/2025 13:54;14/08/2025 16:28;5
CHM-6222489;QRT-88906;FUN-23383;Ar-condicionado;Alta;27/07/2024 14:58;27/07/2024 18:03;3
CHM-8542552;QRT-88906;FUN-28577;Fechadura Eletrônica;Média;01/05/2026 08:30;01/05/2026 12:23;5
CHM-9554566;QRT-11592;FUN-45111;Ar-condicionado;Média;25/01/2026 07:59;25.01.26;4
CHM-6838461;QRT-76454;FUN-70436;Wi-Fi;P2;09/07/2024 23:32;10/07/2024 06:24;4
CHM-5928971;QRT-75289;FUN-22027;Fechadura Eletrônica;Baixa;26/09/2024 12:14;28.09.24;3
CHM-8165406;QRT-08549;FUN-90839;Limpeza Extra;Baixa;03/01/2025 12:00;04-01-2025;5
CHM-8011110;QRT-74465;FUN-10947;Ar-condicionado;Alta;09/05/2025 19:44;09/05/2025 20:17;5
CHM-8016238;QRT-84837;FUN-48159;Limpeza Extra;Média;09/05/2026 11:41;09/05/2026 12:59;5
CHM-2925645;QRT-95201;FUN-69727;Fechadura Eletrônica;Baixa;21.07.24;22/07/2024 07:48;5
CHM-0494176;QRT-88654;FUN-04670;Hidráulica;Alta;2024-12-18;18/12/2024 19:42;3
CHM-4001677;QRT-21677;FUN-02909;Elétrica;Média;26/10/2025 14:17;26/10/2025 15:50;4
CHM-9869224;QRT-51351;FUN-02909;TV / Controle;Média;2025-03-12;13-03-2025;5
CHM-3165222;QRT-12236;FUN-73856;TV / Controle;Média;13/07/2024 18:49;2024-07-13;5
CHM-5626138;QRT-16535;FUN-19473;Hidráulica;Media;20/04/2026 18:16;20/04/2026 19:53;4
CHM-7650540;QRT-47628;FUN-18700;Hidraulica;Média;03/02/2026 16:37;04/02/2026 20:21;2
CHM-1306806;QRT-74690;FUN-34873;Fechadura Eletrônica;Média;24/12/2025 16:17;24-12-2025;4
CHM-3077281;QRT-68507;FUN-57664;Frigobar com Defeito;Média;26/08/2024 15:20;26/08/2024 20:15;5
CHM-3293367;QRT-18801;FUN-52793;Ar-condicionado;Baixa;12/12/2024 18:04;13/12/2024 03:25;4
CHM-1667194;QRT-87654;FUN-71493;Frigobar com Defeito;Baixa;2026-01-13;2026-01-13;5
CHM-0327309;QRT-86536;FUN-23361;TV / Controle;Média;21/08/2025 20:47;2025-08-22;4
CHM-7870334;QRT-31930;FUN-83865;Limpeza Extra;Baixa;25/07/2025 08:39;26/07/2025 14:52;2
CHM-2231292;QRT-87613;FUN-76103;Ar-condicionado;Alta;2025-07-07;08/07/2025 00:12;2
CHM-7731551;QRT-88400;FUN-64047;TV / Controle;Baixa;01/10/2024 12:13;02/10/2024 04:11;5
CHM-2737938;QRT-70944;FUN-23361;Wi-Fi;Baixa;2025-09-14;15/09/2025 06:46;5
CHM-8400841;QRT-96428;FUN-10947;Fechadura Eletrônica;Baixa;07/08/2025 20:13;08/08/2025 04:37;4
CHM-5001795;QRT-11649;FUN-18700;Limpeza Extra;Alta;2025-05-27;2025-05-27;5
CHM-1881736;QRT-04025;FUN-78820;Ar-condicionado;Média;10.10.24;11/10/2024 05:43;1
CHM-9233438;QRT-64840;FUN-08486;HIDRÁULICA;Baixa;25/08/2025 21:58;2025-08-27;2
CHM-0142445;QRT-24594;FUN-08109;Hidráulica;Baixa;30/07/2025 15:50;2025-07-31;4
CHM-3790351;QRT-02007;FUN-39946;Limpeza Extra;Baixa;05/11/2024 18:53;06/11/2024 12:23;5
CHM-1795384;QRT-83481;FUN-78820;Wi-Fi;Baixa;27/02/2026 16:54;28/02/2026 01:43;5
CHM-8823080;QRT-53917;FUN-64755;Hidráulica;Média;2025-09-23;24/09/2025 02:15;2
CHM-0038659;QRT-13595;FUN-09102;TV / Controle;Média;07/09/2025 14:12;07/09/2025 20:56;3
CHM-5312641;QRT-53914;FUN-78820;TV / Controle;Baixa;08/05/2026 20:37;10/05/2026 01:19;3
CHM-2743541;QRT-48327;FUN-41540;Hidráulica;Média;30.11.25;30-11-2025;5
CHM-9574501;QRT-83689;FUN-64755;Fechadura Eletrônica;Alta;24/06/2025 16:56;24/06/2025 18:03;4
CHM-1405048;QRT-60540;FUN-49013;Hidráulica;Média;2025-08-03;03/08/2025 15:33;4
CHM-2731755;QRT-91810;FUN-86199;Wi-Fi;Baixa;18/08/2024 17:49;19/08/2024 11:26;4
CHM-4548597;QRT-47928;FUN-08234;Hidráulica;Baixa;05/11/2025 18:45;2025-11-06;5
CHM-9323389;QRT-55333;FUN-23383;Frigobar com Defeito;Média;2025-11-26;26/11/2025 21:41;5
CHM-7145532;QRT-13238;FUN-39946;Limpeza Extra;MÉDIA;17/08/2025 23:54;18/08/2025 05:02;4
CHM-6527032;QRT-04283;FUN-10947;TV / Controle;Média;26/12/2025 13:13;26/12/2025 17:15;4
CHM-0280524;QRT-76575;FUN-35080;Limpeza Extra;Baixa;07/09/2025 14:13;08-09-2025;5
CHM-0002027;QRT-16851;FUN-73856;Ar-condicionado;Alta;28/05/2025 15:21;28/05/2025 16:15;4
CHM-9371767;QRT-38773;FUN-39946;Fechadura Eletronica;Baixa;06/08/2024 21:17;2024-08-07;4
CHM-1724578;QRT-64556;FUN-92311;Ar-condicionado;Média;13/12/2024 13:10;13/12/2024 15:38;4
CHM-9080317;QRT-55333;FUN-96354;Frigobar com Defeito;Média;15.05.26;15/05/2026 17:51;4
CHM-0183204;QRT-13238;FUN-71181;Ar-condicionado;MÉDIA;26/07/2024 08:01;26/07/2024 12:54;5
CHM-2802828;QRT-69375;FUN-29826;Ar-condicionado;Baixa;31/01/2026 14:26;31/01/2026 21:32;5
CHM-1481918;QRT-89443;FUN-49170;Limpeza Extra;Média;2026-06-02;02/06/2026 20:56;1
CHM-0550398;QRT-85702;FUN-67710;TV / Controle;BAIXA;23.06.26;24/06/2026 05:15;3
CHM-2895698;QRT-37102;FUN-45111;TV / Controle;P1;01.01.25;01/01/2025 11:48;1
CHM-6958346;QRT-10817;FUN-28577;Elétrica;Baixa;24-10-2025;25.10.25;5
CHM-7102940;QRT-54048;FUN-21094;Hidráulica;Baixa;03-06-2025;2025-06-03;5
CHM-9331022;QRT-59560;FUN-86199;Ar-condicionado;Média;2026-03-06;06/03/2026 14:26;5
CHM-8872657;QRT-04025;FUN-65780;Limpeza Extra;Média;21/10/2024 11:57;21/10/2024 13:26;5
CHM-6007484;QRT-01287;FUN-71493;TV / Controle;Média;02/12/2025 11:22;02/12/2025 14:29;5
CHM-6291897;QRT-12128;FUN-10947;Limpeza Extra;Baixa;2025-04-17;17/04/2025 21:01;5
CHM-6500734;QRT-02711;FUN-64755;Elétrica;Alta;2025-08-19;19/08/2025 17:32;3
CHM-0012139;QRT-09419;FUN-12576;Elétrica;Baixa;20/12/2025 20:25;21/12/2025 14:38;5
CHM-4429867;QRT-84837;FUN-12040;Elétrica;ALTA;26/10/2025 19:32;26-10-2025;5
CHM-1058159;QRT-49389;FUN-08828;Elétrica;Baixa;16/05/2026 07:24;2026-05-16;3
CHM-0529356;QRT-42908;FUN-89330;TV / Controle;Média;13/11/2025 13:48;13-11-2025;4
CHM-1542408;QRT-26716;FUN-90839;Ar-condicionado;BAIXA;03/01/2025 09:17;03-01-2025;4
CHM-6335987;QRT-78115;FUN-78820;Limpeza Extra;Média;15/06/2026 09:37;15/06/2026 15:37;5
CHM-3201091;QRT-78055;FUN-08849;Limpeza Extra;Alta;27/03/2026 14:15;27/03/2026 16:05;5
CHM-7172818;QRT-44425;FUN-21094;Wi-Fi;alta;10/12/2025 23:20;11-12-2025;2
CHM-7481121;QRT-91628;FUN-10947;Elétrica;Média;17/08/2025 20:40;18/08/2025 04:37;5
CHM-9024890;QRT-74691;FUN-49170;Ar-condicionado;Média;06/09/2025 18:52;06/09/2025 22:46;5
CHM-3328754;QRT-57763;FUN-94946;Limpeza Extra;baixa;23/10/2025 22:21;24/10/2025 03:42;5
CHM-6637215;QRT-53290;FUN-48159;Limpeza Extra;Alta;24/08/2025 14:12;24/08/2025 14:51;3
CHM-5692246;QRT-26280;FUN-15784;Limpeza Extra;Média;09-08-2025;09/08/2025 10:14;5
CHM-2261964;QRT-09849;FUN-29826;Wi-Fi;Média;19/12/2025 07:32;19/12/2025 10:11;5
CHM-5788305;QRT-90111;FUN-69727;Frigobar com Defeito;Média;31/03/2026 07:52;2026-03-31;4
CHM-2839506;QRT-56455;FUN-83865;TV / Controle;Média;03/09/2024 08:22;2024-09-03;5
CHM-8188453;QRT-24118;FUN-08828;Ar-condicionado;Média;26.02.25;26-02-2025;5
CHM-0590047;QRT-84837;FUN-23383;Hidráulica;Baixa;03/05/2026 13:19;03/05/2026 16:16;4
CHM-6395000;QRT-97434;FUN-52793;Wi-Fi;Baixa;01/01/2025 16:18;2025-01-02;5
CHM-5770466;QRT-82654;FUN-25313;Hidráulica;Média;11/08/2024 16:17;11/08/2024 19:29;5
CHM-0359662;QRT-92384;FUN-49170;Elétrica;Média;21/12/2024 14:24;21/12/2024 19:11;5
CHM-3588036;QRT-83689;FUN-22027;Limpeza Extra;Baixa;2024-10-25;25-10-2024;4
CHM-1107004;QRT-48327;FUN-69104;Hidráulica;Alta;08-06-2026;08.06.26;2
CHM-7019994;QRT-14528;FUN-86194;Limpeza Extra;Média;02/07/2024 22:36;03/07/2024 08:08;3
CHM-8379973;QRT-69925;FUN-74014;Ar-condicionado;Baixa;27/09/2025 18:03;2025-09-28;4
CHM-3564156;QRT-08284;FUN-52793;TV / Controle;Baixa;16/10/2025 06:34;16/10/2025 21:08;5
CHM-2281791;QRT-59498;FUN-13975;TV / Controle;Média;24.10.24;24/10/2024 18:53;4
CHM-4236795;QRT-45866;FUN-69727;TV / Controle;Baixa;26/08/2025 10:40;26.08.25;5
CHM-2052439;QRT-00699;FUN-49170;Hidráulica;MÉDIA;23.09.24;24/09/2024 02:17;5
CHM-3280678;QRT-56321;FUN-45111;Ar-condicionado;Média;06.09.24;06/09/2024 09:43;3
CHM-9241114;QRT-97434;FUN-52793;Elétrica;Média;2026-05-30;30/05/2026 12:52;4
CHM-5367317;QRT-60661;FUN-71181;Wi-Fi;ALTA;22/05/2026 16:51;22/05/2026 18:01;4
CHM-1879513;QRT-02862;FUN-09324;Ar-condicionado;Alta;22/04/2026 23:23;22/04/2026 23:37;4
CHM-2398194;QRT-96617;FUN-73856;TV / Controle;Média;13-06-2026;13/06/2026 21:46;5
CHM-7915619;QRT-50393;FUN-36473;Hidráulica;Baixa;06/12/2025 14:58;2025-12-07;3
CHM-2140270;QRT-56321;FUN-89330;Ar-condicionado;Baixa;01/10/2025 11:23;03-10-2025;2
CHM-7018746;QRT-94225;FUN-86194;Ar-condicionado;Baixa;30/10/2024 17:16;30/10/2024 21:31;4
CHM-1419606;QRT-52853;FUN-74014;TV / Controle;Baixa;17-08-2025;17.08.25;5
CHM-6491382;QRT-40043;FUN-96106;Hidráulica;Média;02/02/2025 11:03;03/02/2025 01:23;1
CHM-7217315;QRT-98233;FUN-94946;Limpeza Extra;Média;18/07/2025 16:26;18/07/2025 19:39;5
CHM-6792710;QRT-32164;FUN-86194;TV / Controle;Média;16.11.25;17/11/2025 00:50;5
CHM-1625944;QRT-37672;FUN-05739;Ar-condicionado;Baixa;06/07/2025 17:47;07/07/2025 00:41;5
CHM-2367623;QRT-62109;FUN-25313;Limpeza Extra;Média;17/03/2025 08:43;2025-03-17;4
CHM-6335229;QRT-94431;FUN-64755;Fechadura Eletrônica;BAIXA;2025-11-30;01/12/2025 07:47;4
CHM-1518562;QRT-46748;FUN-08828;Frigobar com Defeito;Media;26.08.24;27/08/2024 11:20;3
CHM-1286959;QRT-58511;FUN-19473;Ar-condicionado;Alta;02/12/2025 15:10;02/12/2025 16:10;4
CHM-1460858;QRT-11142;FUN-35080;Limpeza Extra;Média;13/09/2025 12:59;13/09/2025 19:16;5
CHM-5781435;QRT-86467;FUN-81524;Wi-Fi;Média;24/02/2025 19:29;24/02/2025 21:29;5
CHM-2250969;QRT-75123;FUN-34873;Ar-condicionado;Baixa;21-05-2025;21/05/2025 20:13;5
CHM-4589974;QRT-51602;FUN-74014;Ar-condicionado;Media;08/02/2025 10:32;08/02/2025 15:30;5
CHM-6480135;QRT-71975;FUN-64706;Ar-condicionado;Baixa;19-01-2026;20/01/2026 05:34;4
CHM-1918955;QRT-87593;FUN-65780;Wi-Fi;Média;07/12/2025 14:18;07/12/2025 17:20;4
CHM-4999863;QRT-40957;FUN-78820;Wi-Fi;Média;22/03/2026 13:09;23-03-2026;2
CHM-3142140;QRT-07517;FUN-25313;Elétrica;Baixa;2025-10-14;15.10.25;5
CHM-8050666;QRT-80800;FUN-67282;Ar-condicionado;Baixa;11.03.25;12.03.25;4
CHM-8827672;QRT-81700;FUN-23383;Hidráulica;Baixa;17-08-2024;18-08-2024;3
CHM-6954145;QRT-74766;FUN-09102;Limpeza Extra;Média;26.11.25;26/11/2025 17:54;5
CHM-6601089;QRT-83187;FUN-65780;Elétrica;Baixa;2025-03-08;09/03/2025 16:25;3
CHM-0911693;QRT-44425;FUN-13975;Ar-condicionado;Média;30/09/2024 19:25;30/09/2024 20:33;5
CHM-5765003;QRT-95776;FUN-13975;TV / Controle;Média;26/04/2025 13:38;26/04/2025 16:32;4
CHM-6411726;QRT-42444;FUN-52300;Hidráulica;Baixa;04-12-2025;06.12.25;3
CHM-2700235;QRT-57124;FUN-86199;AR-CONDICIONADO;Baixa;2025-08-04;05/08/2025 06:53;4
CHM-7053290;QRT-15064;FUN-12576;Hidráulica;MÉDIA;21-01-2026;21.01.26;5
CHM-9686690;QRT-65173;FUN-96354;Limpeza Extra;Baixa;15.09.25;15/09/2025 21:14;4
CHM-6683214;QRT-75123;FUN-15867;TV / Controle;Média;19/07/2024 10:00;19.07.24;5
CHM-7246942;QRT-08799;FUN-05739;Wi-Fi;Média;01/07/2025 07:35;01/07/2025 08:38;5
CHM-7920246;QRT-92177;FUN-15784;fechadura eletrônica;Média;13/02/2026 20:36;14/02/2026 01:56;5
CHM-1698518;QRT-85329;FUN-41540;TV / Controle;Baixa;2025-10-17;18/10/2025 19:10;4
CHM-1704011;QRT-65099;FUN-22607;Wi-Fi;BAIXA;02.11.25;03/11/2025 09:31;5
CHM-9359423;QRT-54953;FUN-52793;Ar-condicionado;Média;24-05-2025;24/05/2025 14:08;5
CHM-5942647;QRT-65173;FUN-96354;Ar-condicionado;BAIXA;29/11/2025 15:31;01/12/2025 22:46;1
CHM-9114001;QRT-26756;FUN-69104;Wi-Fi;Média;28-10-2024;28/10/2024 16:19;5
CHM-5713634;QRT-17820;FUN-34079;Ar-condicionado;Baixa;28/08/2025 12:58;28-08-2025;5
CHM-9739495;QRT-08689;FUN-67282;Wi-Fi;Baixa;09/09/2025 10:36;09-09-2025;3
CHM-8545086;QRT-03500;FUN-64047;Elétrica;Baixa;02/05/2025 15:04;03-05-2025;4
CHM-2076914;QRT-09849;FUN-34873;TV / Controle;Média;2024-09-03;03/09/2024 15:06;5
CHM-6888655;QRT-76281;FUN-71181;Ar-condicionado;Média;01-04-2025;2025-04-01;5
CHM-0228239;QRT-23155;FUN-96106;Wi-Fi;Baixa;20/01/2026 06:04;21/01/2026 23:13;1
CHM-3683909;QRT-66083;FUN-08849;Wi-Fi;Baixa;18/05/2025 20:46;19/05/2025 06:55;5
CHM-1664239;QRT-41338;FUN-15784;Frigobar com Defeito;Média;15/01/2026 14:23;15/01/2026 16:53;4
CHM-3092139;QRT-60661;FUN-71181;Wi-Fi;Alta;2026-06-27;27/06/2026 11:18;5
CHM-6847216;QRT-37672;FUN-32345;TV / Controle;Alta;02/04/2025 08:46;02/04/2025 10:54;3
CHM-7230692;QRT-78380;FUN-76103;Limpeza Extra;Média;29/06/2025 15:31;30/06/2025 02:05;2
CHM-6913497;QRT-89410;FUN-10947;Frigobar com Defeito;Alta;29/06/2026 06:58;29/06/2026 12:25;3
CHM-8924449;QRT-27574;FUN-23361;Ar-condicionado;Baixa;28/08/2024 20:03;30/08/2024 20:13;3
CHM-5198842;QRT-89443;FUN-22027;Elétrica;Baixa;28/06/2026 23:47;29/06/2026 10:29;4
CHM-6992174;QRT-80765;FUN-16922;Wi-Fi;Média;19/04/2026 09:18;2026-04-19;5
CHM-0307274;QRT-25409;FUN-49013;Wi-Fi;Média;22-05-2026;22/05/2026 15:04;5
CHM-4090747;QRT-73232;FUN-15784;Fechadura Eletrônica;P2;25/10/2024 20:40;25.10.24;5
CHM-0871488;QRT-31042;FUN-71493;Wi-Fi;Média;30/01/2025 22:57;31/01/2025 11:36;2
CHM-2139650;QRT-25078;FUN-86194;TV / Controle;ALTA;13/05/2026 09:35;13/05/2026 10:00;5
CHM-1434829;QRT-37131;FUN-96354;Ar-condicionado;Média;11/03/2026 14:58;11/03/2026 19:20;3
CHM-8262137;QRT-41263;FUN-69727;Hidráulica;alta;16/02/2026 06:36;16/02/2026 07:56;4
CHM-9730255;QRT-53917;FUN-05739;TV / Controle;Média;17/07/2024 17:02;18/07/2024 05:13;2
CHM-5323544;QRT-97434;FUN-12576;Ar-condicionado;Alta;30/08/2024 15:51;30/08/2024 18:01;1
CHM-2633167;QRT-53432;FUN-86199;Ar-condicionado;baixa;11/08/2025 12:19;12/08/2025 02:47;5
CHM-0164332;QRT-92177;FUN-64706;Ar-condicionado;Baixa;27-10-2025;2025-10-27;4
CHM-9767877;QRT-70536;FUN-64047;Hidráulica;Baixa;08/12/2024 19:07;08/12/2024 20:46;5
CHM-7386929;QRT-02819;FUN-10947;Ar-condicionado;Média;08/10/2025 10:45;08/10/2025 12:02;5
CHM-4731537;QRT-84072;FUN-49170;Ar-condicionado;Baixa;07/07/2024 17:11;08/07/2024 04:26;5
CHM-6782317;QRT-68610;FUN-96354;Frigobar com Defeito;Média;12/03/2025 21:05;13/03/2025 05:08;3
CHM-9727107;QRT-13238;FUN-39946;Ar-condicionado;Alta;18/06/2025 18:19;18/06/2025 18:54;5
CHM-8241432;QRT-20896;FUN-96106;Ar-condicionado;Alta;21/03/2026 16:28;21-03-2026;4
CHM-9869093;QRT-15710;FUN-96106;TV / Controle;Baixa;12/11/2024 14:17;13/11/2024 01:22;5
CHM-6143354;QRT-52853;FUN-71181;Wi-Fi;Média;27/12/2024 22:26;28/12/2024 01:40;4
CHM-9480224;QRT-92177;FUN-15784;Wi-Fi;Média;2025-10-21;21/10/2025 17:23;5
CHM-4512945;QRT-38783;FUN-50800;TV / Controle;Baixa;23/05/2025 21:22;24.05.25;5
CHM-9495831;QRT-33730;FUN-69727;Hidráulica;Média;2024-06-30;30/06/2024 16:38;5
CHM-9375070;QRT-02711;FUN-22027;Hidráulica;Alta;31/10/2024 07:16;2024-10-31;4
CHM-9912497;QRT-76281;FUN-52793;Ar-condicionado;Média;24.12.25;2025-12-25;5
CHM-0069411;QRT-03500;FUN-43763;Hidráulica;Média;19/02/2026 22:28;20/02/2026 00:15;5
CHM-1273349;QRT-26756;FUN-41540;Ar-condicionado;Média;03/02/2026 17:33;04/02/2026 05:54;2
CHM-3984361;QRT-88654;FUN-28577;Limpeza Extra;Média;19/04/2026 10:32;20/04/2026 00:35;2
CHM-8750397;QRT-44425;FUN-21094;Limpeza Extra;Média;24.04.26;2026-04-24;4
CHM-7595897;QRT-63645;FUN-22027;Elétrica;Alta;02/09/2024 07:04;02/09/2024 08:07;4
CHM-4546593;QRT-69925;FUN-39946;Elétrica;Baixa;22/02/2025 07:01;22/02/2025 16:18;5
CHM-3400928;QRT-87654;FUN-71493;TV / Controle;Média;06.05.25;06/05/2025 17:24;5
CHM-2879790;QRT-19734;FUN-09102;Ar-condicionado;Alta;18/10/2025 12:07;18/10/2025 16:54;3
CHM-6866041;QRT-18824;FUN-25313;Wi-Fi;Alta;30/04/2025 17:49;30-04-2025;4
CHM-7680022;QRT-60979;FUN-66580;Wi-Fi;Alta;23.03.26;23/03/2026 10:48;5
CHM-3261797;QRT-09261;FUN-45111;Limpeza Extra;P2;14/05/2026 06:40;14.05.26;5
CHM-6004095;QRT-11607;FUN-36473;Elétrica;Média;24/03/2026 07:20;24/03/2026 17:54;3
CHM-7239580;QRT-21677;FUN-47371;Limpeza Extra;Baixa;31/12/2025 10:24;01/01/2026 03:38;4
CHM-5449688;QRT-50393;FUN-92311;Limpeza Extra;Baixa;2025-03-22;2025-03-23;3
CHM-5868145;QRT-39888;FUN-83865;Ar-condicionado;Média;20.03.25;2025-03-20;5
CHM-8417741;QRT-03049;FUN-78820;Hidráulica;Alta;28/04/2025 06:55;28/04/2025 08:22;5
CHM-7742309;QRT-53917;FUN-49170;Frigobar com Defeito;Alta;20/02/2025 21:56;20/02/2025 22:54;5
CHM-5244578;QRT-41934;FUN-05739;Ar-condicionado;Média;29/01/2025 18:08;30-01-2025;5
CHM-0558532;QRT-46748;FUN-35080;Wi-Fi;Alta;28.03.26;28/03/2026 17:50;5
CHM-2511894;QRT-85329;FUN-86199;Wi-Fi;Alta;28/10/2025 09:24;28.10.25;5
CHM-5049576;QRT-59560;FUN-09324;Wi-Fi;Baixa;24/06/2026 22:27;2026-06-25;5
CHM-1360970;QRT-46748;FUN-92045;Wi-Fi;Média;05/01/2026 17:08;05/01/2026 18:39;5
CHM-9991406;QRT-98042;FUN-83865;Wi-Fi;Alta;23/09/2024 17:31;23/09/2024 19:29;4
CHM-9487515;QRT-03596;FUN-08109;Limpeza Extra;Média;26/08/2025 19:49;27/08/2025 02:30;3
CHM-1077438;QRT-57181;FUN-49170;Wi-Fi;Média;20/06/2026 15:40;20/06/2026 18:51;3
CHM-4456538;QRT-24929;FUN-69727;Ar-condicionado;Média;20/06/2026 22:55;21/06/2026 02:48;5
CHM-0846812;QRT-09395;FUN-49013;Fechadura Eletrônica;Baixa;31/03/2025 14:27;31-03-2025;4
CHM-1324394;QRT-04025;FUN-78820;Limpeza Extra;Baixa;19/09/2024 14:53;2024-09-20;5
CHM-7011047;QRT-68204;FUN-87234;Ar-condicionado;Baixa;03/05/2026 10:55;03-05-2026;4
CHM-0480103;QRT-79165;FUN-50800;Elétrica;Baixa;13/01/2025 12:24;13/01/2025 21:58;4
CHM-4938966;QRT-31095;FUN-96354;Frigobar com Defeito;Média;2025-09-10;10/09/2025 14:57;3
CHM-4223518;QRT-42444;FUN-52300;Ar-condicionado;Média;29/07/2025 17:11;29.07.25;5
CHM-7835417;QRT-59117;FUN-47371;Elétrica;Baixa;03/07/2025 19:03;04.07.25;5
CHM-6900879;QRT-08549;FUN-94946;Hidráulica;Média;25/02/2026 17:07;26/02/2026 02:18;2
CHM-9116027;QRT-92377;FUN-25313;Fechadura Eletrônica;Alta;01/05/2025 20:37;01/05/2025 22:07;3
CHM-7944927;QRT-56980;FUN-49170;Ar-condicionado;Alta;18/06/2026 19:12;18/06/2026 19:34;5
CHM-2798091;QRT-08549;FUN-69104;Fechadura Eletrônica;Alta;13/06/2025 17:22;13/06/2025 23:04;3
CHM-6695321;QRT-22076;FUN-92045;Elétrica;Média;24/05/2025 16:19;24/05/2025 22:08;5
CHM-8002212;QRT-51590;FUN-22027;TV / Controle;Média;06.05.26;06/05/2026 21:59;3
CHM-9942423;QRT-98065;FUN-22027;Elétrica;Média;06/11/2024 16:09;07/11/2024 04:29;1
CHM-9055935;QRT-87593;FUN-67710;Ar-condicionado;Média;30/03/2026 15:06;30.03.26;4
CHM-1479421;QRT-71975;FUN-64047;Ar-condicionado;Média;13/11/2024 06:59;2024-11-13;5
CHM-2275312;QRT-40975;FUN-71493;Limpeza Extra;Baixa;20/06/2026 17:02;21/06/2026 14:41;5
CHM-8214360;QRT-26539;FUN-96354;Limpeza Extra;Baixa;10/03/2025 10:31;11/03/2025 13:46;2
CHM-6877899;QRT-93180;FUN-96106;Elétrica;MÉDIA;14/05/2026 23:32;15/05/2026 06:16;4
CHM-3953651;QRT-03930;FUN-47371;TV / Controle;Média;19/07/2024 12:45;19/07/2024 23:10;2
CHM-6567053;QRT-12128;FUN-39946;Hidraulica;Alta;08-11-2025;08/11/2025 15:08;3
CHM-5011612;QRT-32164;FUN-19473;Wi-Fi;Baixa;09.04.25;10/04/2025 23:07;1
CHM-9403627;QRT-15710;FUN-57664;Hidráulica;Alta;24/05/2026 09:22;24/05/2026 11:16;4
CHM-8969781;QRT-89068;FUN-12576;Limpeza Extra;alta;06/07/2024 17:57;06/07/2024 18:17;5
CHM-5814925;QRT-47802;FUN-23286;TV / Controle;Baixa;2025-10-03;04/10/2025 05:50;5
CHM-9700308;QRT-08799;FUN-32345;limpeza extra;BAIXA;21/09/2024 08:03;21/09/2024 20:14;5
CHM-1478681;QRT-48327;FUN-86199;Limpeza Extra;Média;27.07.24;27/07/2024 15:57;4
CHM-2248200;QRT-51351;FUN-02909;Limpeza Extra;Média;2024-08-16;16/08/2024 22:18;5
CHM-5811072;QRT-27833;FUN-15867;Hidráulica;Média;2025-10-01;02/10/2025 04:07;5
CHM-3527894;QRT-31042;FUN-02909;TV / Controle;Baixa;22/01/2025 09:46;22-01-2025;5
CHM-6946637;QRT-20055;FUN-65780;Fechadura Eletrônica;Baixa;2026-04-13;14/04/2026 02:14;5
CHM-5039164;QRT-63609;FUN-89330;fechadura eletrônica;Média;02/02/2025 21:12;02/02/2025 23:14;4
CHM-1127396;QRT-04414;FUN-37715;Ar-condicionado;Alta;03/08/2024 16:17;03.08.24;4
CHM-9652116;QRT-70661;FUN-41540;Wi-Fi;Alta;26/05/2026 06:39;26.05.26;5
CHM-7770752;QRT-64260;FUN-90839;Wi-Fi;Alta;22.02.26;22/02/2026 11:44;5
CHM-4774168;QRT-78115;FUN-65780;Wi-Fi;Média;17/06/2026 11:39;17/06/2026 22:21;1
CHM-1811471;QRT-67310;FUN-15784;Elétrica;Baixa;2025-06-04;05/06/2025 13:24;5
CHM-0277352;QRT-64260;FUN-01568;Hidráulica;BAIXA;27/09/2025 16:53;27/09/2025 22:42;5
CHM-8239436;QRT-54048;FUN-21094;Ar-condicionado;Média;22/12/2024 20:16;23/12/2024 01:10;5
CHM-2388138;QRT-40043;FUN-49170;Fechadura Eletrônica;Média;20/03/2026 22:50;2026-03-21;3
CHM-1015910;QRT-03049;FUN-67710;Ar-condicionado;Média;20/01/2026 23:00;21/01/2026 05:51;5
CHM-3334861;QRT-59117;FUN-08849;Limpeza Extra;Alta;12/08/2025 12:56;12/08/2025 15:37;3
CHM-4181522;QRT-78055;FUN-22607;Frigobar com Defeito;Baixa;31.05.26;02/06/2026 16:11;3
CHM-9071606;QRT-27574;FUN-66580;Wi-Fi;Alta;25/08/2025 11:59;25/08/2025 12:46;5
CHM-6116754;QRT-60540;FUN-49013;Ar-condicionado;Média;19/01/2025 07:52;19.01.25;5
CHM-0214966;QRT-69411;FUN-34873;Wi-Fi;Média;04/05/2025 08:13;04/05/2025 11:38;4
CHM-9170124;QRT-57763;FUN-01568;limpeza extra;Baixa;29.07.25;30/07/2025 14:48;5
CHM-0008616;QRT-09261;FUN-89330;Frigobar com Defeito;Média;2024-09-02;02.09.24;4
CHM-7511360;QRT-51351;FUN-08849;Frigobar com Defeito;Média;06/10/2024 15:37;06/10/2024 18:06;5
CHM-3155560;QRT-41934;FUN-22027;Hidráulica;Média;04/06/2026 09:49;2026-06-04;1
CHM-5999398;QRT-66195;FUN-82886;Limpeza Extra;Alta;02.09.25;02.09.25;5
CHM-8778038;QRT-55192;FUN-45111;Hidráulica;Média;22/07/2024 22:20;23/07/2024 02:30;4
CHM-1576784;QRT-59560;FUN-09102;Ar-condicionado;Média;14/07/2024 16:56;14/07/2024 23:21;5
CHM-6969895;QRT-26756;FUN-01568;Elétrica;Baixa;16/04/2026 09:56;16/04/2026 17:28;4
CHM-0138734;QRT-83481;FUN-83865;Ar-condicionado;Alta;25-08-2025;25/08/2025 11:01;4
CHM-1071607;QRT-47168;FUN-04670;Fechadura Eletrônica;Média;24/06/2026 09:40;24/06/2026 19:39;3
CHM-7639507;QRT-28645;FUN-94946;Wi-Fi;Alta;2024-12-13;14/12/2024 00:23;1
CHM-9016275;QRT-07031;FUN-45111;Limpeza Extra;Média;29/05/2026 08:17;30/05/2026 02:52;3
CHM-7197580;QRT-92171;FUN-67710;Limpeza Extra;Média;21/06/2025 08:12;21.06.25;4
CHM-5842986;QRT-62407;FUN-02909;Hidráulica;Baixa;14/03/2026 20:02;2026-03-15;5
CHM-9299377;QRT-83665;FUN-71181;Elétrica;Média;03/08/2025 11:28;03/08/2025 12:56;5
CHM-2704911;QRT-17482;FUN-47371;Elétrica;Alta;14/03/2026 18:25;2026-03-14;3
CHM-7275322;QRT-15355;FUN-05739;Wi-Fi;Média;2025-07-05;05/07/2025 10:15;5
CHM-5673257;QRT-85702;FUN-16922;Elétrica;Média;03-12-2024;03/12/2024 20:59;5
CHM-0524854;QRT-28645;FUN-41540;Elétrica;Baixa;13/06/2026 18:51;14/06/2026 15:41;4
CHM-2532897;QRT-22585;FUN-41540;Hidráulica;Baixa;22/04/2026 19:38;23.04.26;5
CHM-2815728;QRT-85188;FUN-69727;Elétrica;P1;18/12/2024 08:30;2024-12-18;5
CHM-7230902;QRT-66092;FUN-41540;Hidráulica;Baixa;2024-11-28;30/11/2024 00:29;3
CHM-5674465;QRT-68610;FUN-04670;Ar-condicionado;Baixa;2025-03-25;27/03/2025 05:41;3
CHM-7176467;QRT-85920;FUN-05739;Wi-Fi;Média;15/10/2024 19:44;16/10/2024 06:06;1
CHM-7506389;QRT-95776;FUN-35080;Elétrica;Média;16.04.25;16.04.25;5
CHM-5927532;QRT-92955;FUN-55799;Hidráulica;Média;01/09/2025 07:27;01/09/2025 14:14;4
CHM-7012634;QRT-75221;FUN-69727;WI-FI;Baixa;30/07/2025 19:32;31/07/2025 07:16;5
CHM-6136478;QRT-75043;FUN-71181;TV / Controle;Média;08/05/2025 16:44;08/05/2025 20:25;4
CHM-2344561;QRT-75030;FUN-67710;Ar-condicionado;Baixa;12-05-2025;13/05/2025 07:53;3
CHM-8100455;QRT-63207;FUN-86194;Wi-Fi;Alta;28/11/2025 10:40;28/11/2025 11:51;5
CHM-6144696;QRT-72078;FUN-96106;Limpeza Extra;Baixa;2025-04-22;22.04.25;5
CHM-7413196;QRT-63784;FUN-52300;Hidráulica;Baixa;11/02/2026 12:36;11/02/2026 16:35;5
CHM-6421978;QRT-42355;FUN-55799;Hidráulica;Média;14/07/2025 14:05;14.07.25;5
CHM-1219780;QRT-62109;FUN-02909;Frigobar com Defeito;Média;04/11/2025 16:39;06/11/2025 06:10;3
CHM-7960419;QRT-51590;FUN-96106;Elétrica;baixa;17/04/2026 10:40;17/04/2026 21:37;4
CHM-2984432;QRT-59512;FUN-15784;Elétrica;Baixa;03/12/2024 23:27;04-12-2024;5
CHM-3259163;QRT-34521;FUN-15784;Hidráulica;MÉDIA;16/06/2026 19:30;16/06/2026 23:25;5
CHM-9006789;QRT-29393;FUN-76103;Fechadura Eletrônica;Média;12/12/2024 12:00;12-12-2024;5
CHM-3517945;QRT-15710;FUN-96106;TV / Controle;Média;17-03-2026;17/03/2026 11:22;5
CHM-4701863;QRT-04443;FUN-94946;Elétrica;Alta;20/03/2025 21:44;21/03/2025 00:05;1
CHM-7762849;QRT-28485;FUN-02909;Ar-condicionado;Alta;05/02/2026 11:06;05/02/2026 12:51;4
CHM-5071360;QRT-08549;FUN-94946;Hidráulica;Alta;14.03.26;14.03.26;2
CHM-0219831;QRT-20665;FUN-88121;Elétrica;Média;02/12/2024 08:51;02/12/2024 10:44;5
CHM-1906047;QRT-95776;FUN-03036;Wi-Fi;Média;20/09/2025 13:56;20-09-2025;5
CHM-5830504;QRT-65918;FUN-86194;Ar-condicionado;Baixa;12-07-2025;13/07/2025 00:06;5
CHM-5069470;QRT-03500;FUN-43763;Ar-condicionado;Média;11/12/2025 19:14;11/12/2025 22:38;5
CHM-6281379;QRT-90111;FUN-29826;Wi-Fi;Baixa;15/11/2025 14:27;2025-11-16;5
CHM-9074233;QRT-13595;FUN-69104;Wi-Fi;Media;27-11-2024;27/11/2024 16:13;4
CHM-9448826;QRT-08689;FUN-49013;Ar-condicionado;MÉDIA;01-05-2026;01/05/2026 15:45;3
CHM-2880003;QRT-58808;FUN-92311;Hidráulica;Baixa;12/02/2025 13:05;14/02/2025 14:01;1
CHM-6571169;QRT-42908;FUN-52300;Ar-condicionado;Baixa;28-06-2025;28/06/2025 23:21;5
CHM-2245336;QRT-21077;FUN-16922;Ar-condicionado;Baixa;10/02/2026 08:01;11/02/2026 02:27;5
CHM-4278043;QRT-28212;FUN-96106;Limpeza Extra;Alta;15/05/2026 10:59;15/05/2026 11:49;4
CHM-8510085;QRT-77305;FUN-15867;Elétrica;Alta;2025-09-23;24.09.25;3
CHM-1097594;QRT-78524;FUN-65780;Elétrica;Média;19.04.26;19/04/2026 20:31;4
CHM-6462381;QRT-15064;FUN-71181;Hidráulica;Baixa;23.05.25;25/05/2025 00:41;2
CHM-2065113;QRT-73232;FUN-43763;Hidráulica;Média;13/12/2024 12:20;13/12/2024 14:18;5
CHM-1069400;QRT-57763;FUN-41540;Wi-Fi;Alta;2026-01-08;08/01/2026 21:01;5
CHM-0006242;QRT-03540;FUN-02909;Frigobar com Defeito;Baixa;30/11/2025 21:57;01/12/2025 08:28;3
CHM-5467747;QRT-34396;FUN-08109;Hidráulica;Baixa;13/09/2024 20:23;14-09-2024;2
CHM-7949538;QRT-96972;FUN-52793;Fechadura Eletrônica;Alta;30/09/2024 14:39;30/09/2024 15:42;5
CHM-5629669;QRT-72107;FUN-71181;Wi-Fi;Alta;08/05/2025 20:04;2025-05-08;4
CHM-9044729;QRT-81700;FUN-23383;Elétrica;Baixa;15/01/2026 15:00;16/01/2026 21:25;3
CHM-5187332;QRT-51351;FUN-02909;Elétrica;Média;04.08.25;04/08/2025 19:36;4
CHM-3471144;QRT-25217;FUN-23286;Wi-Fi;Média;2026-06-22;22-06-2026;5
CHM-8158873;QRT-53917;FUN-49170;Wi-Fi;Média;03/06/2025 20:51;04/06/2025 00:26;5
CHM-3852796;QRT-53432;FUN-82886;Frigobar com Defeito;Baixa;23/03/2026 18:50;2026-03-24;5
CHM-6949433;QRT-11142;FUN-23286;Limpeza Extra;Alta;2025-04-30;30/04/2025 12:24;1
CHM-1921829;QRT-72363;FUN-64755;Hidráulica;Alta;15.03.25;15/03/2025 18:45;4
CHM-2517270;QRT-70123;FUN-23286;Ar-condicionado;Alta;08/08/2025 18:53;08/08/2025 21:36;1
CHM-6513272;QRT-80765;FUN-78820;Wi-Fi;Média;21.12.24;22/12/2024 00:02;4
CHM-4040586;QRT-98233;FUN-08234;Ar-condicionado;Alta;01/08/2024 13:00;01.08.24;3
CHM-1899941;QRT-28212;FUN-64755;Ar-condicionado;Média;2026-03-11;11/03/2026 17:16;3
CHM-1188297;QRT-16535;FUN-78820;Hidráulica;Média;22/12/2024 06:42;22/12/2024 13:47;5
CHM-7109687;QRT-16398;FUN-13975;TV / Controle;Média;03-04-2025;03-04-2025;5
CHM-7650633;QRT-06780;FUN-12576;Hidráulica;Baixa;15/07/2025 13:38;16.07.25;2
CHM-7399959;QRT-31340;FUN-89330;TV / Controle;Média;26/08/2024 09:56;26.08.24;4
CHM-2918591;QRT-45185;FUN-29826;Elétrica;BAIXA;22/06/2026 18:07;22/06/2026 23:37;5
CHM-4874085;QRT-83689;FUN-96106;Wi-Fi;Média;22/06/2025 20:19;22/06/2025 23:44;5
CHM-2231619;QRT-76736;FUN-73856;Limpeza Extra;Alta;19/10/2024 13:28;19/10/2024 14:37;5
CHM-9875942;QRT-26237;FUN-67282;Ar-condicionado;Baixa;12/10/2024 21:14;14/10/2024 12:42;3
CHM-9733732;QRT-03446;FUN-36473;TV / Controle;Alta;27/01/2026 19:46;27/01/2026 20:42;4
CHM-0899595;QRT-66307;FUN-45111;Wi-Fi;Alta;29/07/2025 20:28;30/07/2025 01:49;3
CHM-0573567;QRT-28645;FUN-86199;Limpeza Extra;Alta;09/02/2025 08:10;09-02-2025;2
CHM-0474368;QRT-74428;FUN-86194;Limpeza Extra;Baixa;14/03/2025 06:01;15.03.25;4
CHM-2191834;QRT-94991;FUN-12576;Limpeza Extra;P2;08/06/2026 06:55;08/06/2026 22:44;2
CHM-7393006;QRT-67310;FUN-88121;Ar-condicionado;Alta;03/10/2025 23:14;03/10/2025 23:58;5
CHM-3065634;QRT-83481;FUN-86194;Elétrica;Baixa;16/10/2024 19:27;17/10/2024 10:25;5
CHM-3282167;QRT-92954;FUN-55799;Fechadura Eletrônica;Média;04/08/2024 12:14;04/08/2024 13:56;4
CHM-5404983;QRT-43330;FUN-29826;Hidráulica;Média;03-10-2024;04/10/2024 03:01;4
CHM-3627730;QRT-54375;FUN-66580;Hidráulica;Média;11/11/2025 16:32;11/11/2025 20:01;4
CHM-1926497;QRT-47168;FUN-96354;Ar-condicionado;Média;29/09/2025 21:25;30/09/2025 10:12;2
CHM-2130857;QRT-09047;FUN-87234;Limpeza Extra;Alta;01/06/2025 14:21;2025-06-01;4
CHM-2330863;QRT-98370;FUN-32345;hidráulica;Baixa;19/08/2024 20:01;2024-08-20;3
CHM-5664303;QRT-27540;FUN-67710;Ar-condicionado;Média;2025-06-02;02/06/2025 18:14;3
CHM-1500528;QRT-18801;FUN-71181;Fechadura Eletrônica;Alta;28-07-2024;28.07.24;3
CHM-9187063;QRT-73232;FUN-64706;Elétrica;Baixa;2025-07-25;26/07/2025 01:31;5
CHM-1552662;QRT-89068;FUN-71181;Hidráulica;Baixa;13.07.25;13/07/2025 11:56;5
CHM-3988341;QRT-90111;FUN-29826;Limpeza Extra;Média;14.08.24;14/08/2024 21:50;5
CHM-6665172;QRT-49389;FUN-03036;Elétrica;Alta;03-10-2024;03/10/2024 20:36;5
CHM-2619432;QRT-81045;FUN-22027;TV / Controle;Média;20/05/2025 09:12;20/05/2025 10:47;5
CHM-3432544;QRT-18801;FUN-39946;Limpeza Extra;Média;07/12/2025 13:52;08/12/2025 01:15;3
CHM-1949081;QRT-41934;FUN-22027;Hidráulica;Baixa;18/09/2025 16:31;19/09/2025 09:31;5
CHM-8803339;QRT-09785;FUN-07814;Frigobar com Defeito;Baixa;28/09/2025 22:19;04/10/2025 02:41;2
CHM-2231980;QRT-41338;FUN-88121;TV / Controle;Média;02.09.24;03/09/2024 05:50;2
CHM-1302405;QRT-40957;FUN-19473;Ar-condicionado;Alta;30-05-2025;30-05-2025;5
CHM-3140129;QRT-94431;FUN-22027;Wi-Fi;Alta;04/06/2025 14:24;2025-06-04;3
CHM-4048300;QRT-68610;FUN-36473;Wi-Fi;Baixa;10-11-2025;10.11.25;3
CHM-8138360;QRT-74690;FUN-48683;Wi-Fi;Baixa;08/02/2025 21:32;09/02/2025 04:53;5
CHM-7406240;QRT-56047;FUN-03036;Fechadura Eletrônica;Média;20-12-2024;20/12/2024 19:06;5
CHM-8386650;QRT-66602;FUN-92311;Fechadura Eletrônica;Média;02/12/2025 14:04;02/12/2025 16:52;5
CHM-4217931;QRT-10817;FUN-04670;Limpeza Extra;Média;22-06-2025;22/06/2025 19:05;4
CHM-1782128;QRT-93180;FUN-64755;Hidráulica;Baixa;18/01/2026 18:41;19/01/2026 02:20;4
CHM-8122209;QRT-24274;FUN-48683;Frigobar com Defeito;Média;28/05/2026 19:05;29/05/2026 09:51;3
CHM-9299076;QRT-74465;FUN-39946;Limpeza Extra;MÉDIA;28/02/2025 13:31;28/02/2025 20:22;4
CHM-0995108;QRT-31340;FUN-52300;Hidráulica;Alta;16/04/2026 21:49;16-04-2026;5
CHM-3526805;QRT-86201;FUN-48683;Ar-condicionado;Baixa;17/08/2024 22:14;18/08/2024 12:12;4
CHM-5194542;QRT-76454;FUN-87234;Hidráulica;Média;02.05.25;03/05/2025 07:40;2
CHM-4620723;QRT-65173;FUN-36473;Frigobar com Defeito;Baixa;03/08/2024 14:06;04/08/2024 04:02;5
CHM-3474376;QRT-59474;FUN-76103;Ar-condicionado;Média;2025-07-28;28/07/2025 13:11;3
CHM-1306339;QRT-81045;FUN-64755;Wi-Fi;Média;23/07/2024 18:42;24/07/2024 03:06;2
CHM-9978405;QRT-53914;FUN-86194;Wi-Fi;Alta;28/03/2025 15:20;28/03/2025 16:26;5
CHM-0919928;QRT-81819;FUN-87234;Ar-condicionado;Baixa;07.07.25;07/07/2025 23:03;4
CHM-9109595;QRT-63998;FUN-64047;Hidráulica;baixa;01-02-2025;2025-02-01;5
CHM-3400562;QRT-81700;FUN-92311;Wi-Fi;Alta;13/11/2024 06:06;13-11-2024;3
CHM-4161431;QRT-61719;FUN-22607;Wi-Fi;Média;26/07/2025 10:40;26/07/2025 12:40;4
CHM-1934171;QRT-47964;FUN-69727;Ar-condicionado;Alta;04/01/2026 20:17;04/01/2026 21:06;5
CHM-5105973;QRT-92964;FUN-49170;Wi-Fi;Baixa;18/11/2025 14:12;19/11/2025 07:33;5
CHM-5197700;QRT-75030;FUN-86194;Limpeza Extra;Média;19/08/2024 14:01;19/08/2024 17:31;5
CHM-6090606;QRT-17482;FUN-02909;Ar-condicionado;Média;23/01/2026 08:03;23/01/2026 17:59;2
CHM-6159553;QRT-65173;FUN-04670;Elétrica;Alta;20/01/2026 16:06;20-01-2026;5
CHM-7444695;QRT-02007;FUN-10947;Elétrica;Média;2026-06-08;09/06/2026 00:47;4
CHM-3823600;QRT-03369;FUN-52793;Hidráulica;Baixa;27/08/2024 08:41;27/08/2024 21:43;4
CHM-9295832;QRT-41934;FUN-05739;Wi-Fi;Baixa;30/10/2024 09:09;01-11-2024;1
CHM-9657190;QRT-22178;FUN-16922;Wi-Fi;Alta;02/02/2025 22:28;02/02/2025 23:08;5
CHM-5486464;QRT-81775;FUN-64047; Wi-Fi;Baixa;2025-09-06;06-09-2025;4
CHM-8232932;QRT-38783;FUN-69727;Ar-condicionado;Média;13/04/2025 06:43;2025-04-13;4
CHM-0926629;QRT-39312;FUN-08486;TV / Controle;Média;20/07/2025 19:47;21/07/2025 02:40;5
CHM-0797888;QRT-61962;FUN-05739;Elétrica;Baixa;21-02-2025;22/02/2025 08:11;5
CHM-8240254;QRT-53868;FUN-52300;Elétrica;Baixa;12/02/2026 16:53;2026-02-13;4
CHM-9943117;QRT-57124;FUN-41540;Fechadura Eletrônica;Baixa;08/05/2025 13:59;09-05-2025;5
CHM-3812042;QRT-86536;FUN-45111;Hidráulica;Média;13/07/2024 10:07;13/07/2024 14:55;5
CHM-5320691;QRT-69375;FUN-34873;Wi-Fi;Média;23/04/2025 13:25;23/04/2025 17:14;5
CHM-8728189;QRT-92558;FUN-67282;Elétrica;P3;04/08/2025 23:18;05/08/2025 07:55;4
CHM-4564399;QRT-70123;FUN-92045;Fechadura Eletrônica;Média;16/03/2025 18:11;16/03/2025 20:24;4
CHM-7816691;QRT-43251;FUN-07814;Limpeza Extra;Baixa;23.09.25;24/09/2025 03:40;3
CHM-5885959;QRT-16398;FUN-35080;Hidráulica;Alta;10/07/2024 16:19;10/07/2024 17:06;4
CHM-7665003;QRT-88284;FUN-83865;Hidráulica;BAIXA;2024-09-03;05/09/2024 01:52;1
CHM-4952688;QRT-98042;FUN-19473;Ar-condicionado;Alta;05/10/2024 21:06;05/10/2024 21:36;5
CHM-9574871;QRT-80765;FUN-86194;Elétrica;Baixa;2025-09-08;2025-09-08;5
CHM-9648798;QRT-84972;FUN-52300;TV / Controle;Média;11/09/2025 22:51;12-09-2025;4
CHM-5783414;QRT-81045;FUN-22027;Fechadura Eletrônica;Média;25/04/2026 22:41;26/04/2026 06:57;2
CHM-8663855;QRT-24810;FUN-71181;Elétrica;Média;2025-02-01;2025-02-01;5
CHM-0013663;QRT-37220;FUN-88121;Limpeza Extra;Média;30/01/2026 17:32;30.01.26;5
CHM-4102861;QRT-27801;FUN-18700;Elétrica;Baixa;10/09/2025 11:07;11/09/2025 15:19;3
CHM-1458766;QRT-54489;FUN-64755;Limpeza Extra;Baixa;31.03.25;01/04/2025 18:28;5
CHM-0546221;QRT-26756;FUN-41540;Ar-condicionado;Alta;03/05/2026 06:19;03/05/2026 06:55;5
CHM-9229228;QRT-66932;FUN-13975;Hidráulica;baixa;07/06/2025 15:54;08-06-2025;4
CHM-2962538;QRT-09047;FUN-03036;Wi-Fi;Média;03/10/2024 23:33;04/10/2024 03:03;4
CHM-6306219;QRT-09849;FUN-34873;Frigobar com Defeito;Baixa;13/03/2026 20:30;14/03/2026 12:28;4
CHM-5998503;QRT-91810;FUN-82886;Fechadura Eletrônica;Média;08-07-2025;09/07/2025 11:42;3
CHM-5286162;QRT-28485;FUN-71493;Ar-condicionado;Baixa;17/11/2025 09:46;19/11/2025 06:39;2
CHM-0930260;QRT-95201;FUN-34873;Ar-condicionado;Média;26/09/2024 22:44;2024-09-27;1
CHM-0677489;QRT-57190;FUN-08486;Fechadura Eletrônica;Média;28/07/2024 20:57;29/07/2024 01:13;5
CHM-8375049;QRT-74465;FUN-71181;TV / Controle;Média;21/04/2025 12:15;21/04/2025 18:01;5
CHM-3666458;QRT-61287;FUN-22607;Elétrica;Alta;10/09/2024 11:40;2024-09-10;5
CHM-3363011;QRT-68610;FUN-92311;Limpeza Extra;Baixa;31/05/2025 12:59;01/06/2025 00:40;4
CHM-2773854;QRT-29802;FUN-78820;Ar-condicionado;Baixa;26/01/2025 21:00;27-01-2025;5
CHM-8096649;QRT-64332;FUN-02909;Ar-condicionado;Baixa;19/11/2025 12:50;21/11/2025 20:25;2
CHM-1169340;QRT-85367;FUN-71181;Ar-condicionado;Média;14/02/2026 13:53;14/02/2026 18:00;5
CHM-0205901;QRT-51483;FUN-23383;Wi-Fi;Média;22/08/2025 10:45;22/08/2025 12:13;5
CHM-1020343;QRT-83689;FUN-49170;Elétrica;Baixa;07/11/2024 06:19;07/11/2024 17:47;4
CHM-5251129;QRT-45866;FUN-69727;Elétrica;Alta;05/08/2025 11:04;05-08-2025;4
CHM-7658653;QRT-25571;FUN-15784;FRIGOBAR COM DEFEITO;Alta;19/08/2024 08:41;2024-08-19;5
CHM-3862453;QRT-26280;FUN-43763;Wi-Fi;Baixa;2024-11-30;01/12/2024 13:29;4
CHM-3301984;QRT-25409;FUN-49013;Wi-Fi;Média;2026-04-23;23.04.26;5
CHM-6237119;QRT-12128;FUN-52793;Hidráulica;Média;11/06/2025 09:08;12/06/2025 03:21;3
CHM-8006592;QRT-84837;FUN-04670;Limpeza Extra;Baixa;29/03/2025 12:12;29/03/2025 23:45;3
CHM-8030996;QRT-53432;FUN-41540;Limpeza Extra;Baixa;15/04/2026 12:47;16/04/2026 12:02;4
CHM-3027228;QRT-30636;FUN-50800;Wi-Fi;Média;07/06/2025 19:45;08-06-2025;5
CHM-1033595;QRT-29393;FUN-66580;Fechadura Eletrônica;Alta;03.05.25;03-05-2025;5
CHM-7483616;QRT-74428;FUN-67710;Wi-Fi;Alta;22-08-2025;22.08.25;5
CHM-5817613;QRT-71194;FUN-34873;Ar-condicionado;Média;03/03/2026 23:58;04/03/2026 08:26;2
CHM-7710151;QRT-88939;FUN-37715;Ar-condicionado;Média;10/05/2026 12:11;10/05/2026 15:29;4
CHM-9505981;QRT-50393;FUN-28577;Fechadura Eletrônica;P2;21/12/2025 20:53;22/12/2025 01:17;4
CHM-0954071;QRT-74766;FUN-94946;Wi-Fi;Baixa;09/10/2024 09:57;10/10/2024 01:09;4
CHM-4865749;QRT-95712;FUN-73856;Elétrica;Baixa;02-09-2024;2024-09-02;5
CHM-8744972;QRT-46748;FUN-92045;Ar-condicionado;Média;05/02/2025 13:37;2025-02-05;4
CHM-4856006;QRT-84837;FUN-96354;Wi-Fi;Alta;20.11.25;21/11/2025 00:12;4
CHM-6353862;QRT-25571;FUN-64706;Frigobar com Defeito;Baixa;27-04-2026;28/04/2026 07:39;3
CHM-5738535;QRT-41748;FUN-12040;Ar-condicionado;Média;04/06/2026 07:04;04/06/2026 17:53;2
CHM-4199715;QRT-37102;FUN-89330;Hidráulica;Média;25/12/2025 22:49;26/12/2025 05:36;5
CHM-2101094;QRT-68160;FUN-70436;Fechadura Eletrônica;Média;19/02/2025 20:14;19/02/2025 22:23;5
CHM-5351719;QRT-49331;FUN-08849;Limpeza Extra;Alta;16.02.26;16/02/2026 12:59;5
CHM-7082002;QRT-13595;FUN-90839;Fechadura Eletrônica;Baixa;13/09/2024 06:49;13/09/2024 23:07;4
CHM-1221880;QRT-37131;FUN-23383;Ar-condicionado;Média;29/03/2026 12:29;29-03-2026;2
CHM-9918905;QRT-47802;FUN-55799;Frigobar com Defeito;Alta;09/07/2024 09:19;09/07/2024 09:53;5
CHM-9041112;QRT-09047;FUN-35080;Hidráulica;Média;2025-10-26;27/10/2025 07:44;1
CHM-2411422;QRT-68507;FUN-64755;Hidráulica;Média;2025-10-24;25/10/2025 07:27;5
CHM-7542654;QRT-50393;FUN-28577;Fechadura Eletrônica;Alta;18/11/2024 11:42;2024-11-18;3
CHM-6452196;QRT-33730;FUN-29826;TV / Controle;Média;10/08/2025 07:42;10/08/2025 10:02;4
CHM-4038355;QRT-43330;FUN-50800;Ar-condicionado;Média;20.11.25;21/11/2025 00:11;5
CHM-0291001;QRT-85687;FUN-08486;Ar-condicionado;Baixa;01/09/2024 23:49;02/09/2024 15:25;5
CHM-8869834;QRT-92377;FUN-22607;Limpeza Extra;Alta;21.05.25;21.05.25;4
CHM-4846414;QRT-71194;FUN-69727;Limpeza Extra;Alta;28/12/2024 11:58;28-12-2024;3
CHM-5829211;QRT-60845;FUN-15867;Fechadura Eletrônica;Média;05-08-2024;05.08.24;5
CHM-0569235;QRT-16398;FUN-21094;Ar-condicionado;Alta;2025-04-24;24/04/2025 08:21;4
CHM-7193688;QRT-21077;FUN-65780;Wi-Fi;Média;11/10/2024 20:02;13.10.24;2
CHM-2685625;QRT-03369;FUN-71181;Limpeza Extra;Média;15/10/2024 09:07;15/10/2024 10:27;5
CHM-4152517;QRT-83689;FUN-05739;Limpeza Extra;Média;20/03/2026 21:48;21/03/2026 01:31;5
CHM-2143341;QRT-91492;FUN-15867;Ar-condicionado;Média;2025-01-09;2025-01-09;5
CHM-6884523;QRT-18824;FUN-22607;Elétrica;Alta;27/12/2025 19:35;27/12/2025 20:33;5
CHM-8116870;QRT-66083;FUN-47371;Elétrica;Média;28-11-2024;28/11/2024 17:29;5
CHM-3236839;QRT-54489;FUN-05739;Ar-condicionado;Média;2025-12-24;24/12/2025 08:07;4
CHM-8511240;QRT-61287;FUN-02909;Elétrica;Média;22/10/2024 21:20;23/10/2024 04:01;4
CHM-5462446;QRT-01345;FUN-70436;Hidráulica;Alta;25/08/2024 16:35;25/08/2024 17:42;5
CHM-3634922;QRT-66195;FUN-86199;Limpeza Extra;Baixa;21/12/2024 12:24;21/12/2024 18:47;3
CHM-6761048;QRT-85687;FUN-39946;Wi-Fi;baixa;13/01/2026 10:18;13/01/2026 23:18;4
CHM-3268199;QRT-60540;FUN-49013;Ar-condicionado;Baixa;28/11/2024 20:45;29/11/2024 02:42;3
CHM-9183509;QRT-27540;FUN-86194;Frigobar com Defeito;Média;13/12/2024 21:25;14/12/2024 01:14;4
CHM-5686183;QRT-92377;FUN-02909;TV / Controle;Média;17/03/2026 15:12;17/03/2026 23:28;3
CHM-2729700;QRT-91492;FUN-34873;Elétrica;baixa;08/07/2025 18:17;08/07/2025 23:20;5
CHM-9930395;QRT-99181;FUN-03036;Limpeza Extra;Alta;10/08/2024 18:38;10/08/2024 19:32;5
CHM-0576006;QRT-92377;FUN-08849;Wi-Fi;Alta;16/07/2024 14:04;16/07/2024 17:26;2
CHM-8641342;QRT-95618;FUN-09324;Hidráulica;Baixa;12/01/2025 20:00;13.01.25;4
CHM-0675882;QRT-25078;FUN-78820;TV / Controle;Baixa;26/09/2025 21:04;27/09/2025 20:33;5
CHM-0462809;QRT-63998;FUN-49013;Limpeza Extra;Média;2025-07-08;09/07/2025 01:48;5
CHM-9093816;QRT-24274;FUN-34873;TV / Controle;Média;23/04/2026 07:53;2026-04-23;5
CHM-6868709;QRT-54953;FUN-37715;LIMPEZA EXTRA;Média;14/09/2024 14:57;14/09/2024 16:09;4
CHM-0154617;QRT-15064;FUN-71181;Hidráulica;Baixa;16/11/2025 07:40;16/11/2025 17:05;5
CHM-8812042;QRT-74691;FUN-64755;Limpeza Extra;Alta;13/03/2026 18:15;2026-03-13;3
CHM-5379207;QRT-96617;FUN-86194;Elétrica;Baixa;09.02.25;09/02/2025 18:23;5
CHM-7116653;QRT-14624;FUN-50800;Ar-condicionado;Baixa;20/03/2025 12:15;20-03-2025;5
CHM-2295997;QRT-64332;FUN-22607;Frigobar com Defeito;Média;26/05/2026 10:00;26/05/2026 15:09;5
CHM-5828551;QRT-45866;FUN-29826;TV / Controle;Baixa;22/11/2024 23:19;23/11/2024 07:26;4
CHM-8243662;QRT-51483;FUN-23383;Frigobar com Defeito;Média;05/11/2024 21:11;06/11/2024 01:40;5
CHM-5407803;QRT-02007;FUN-74014;Hidráulica;P1;21/09/2024 18:42;21/09/2024 20:01;4
CHM-5430576;QRT-53914;FUN-83865;Ar-condicionado;Média;17.02.26;17/02/2026 11:44;4
CHM-7257437;QRT-68692;FUN-96106;Wi-Fi;Baixa;02/07/2024 14:51;04/07/2024 03:51;2
CHM-1461532;QRT-95939;FUN-12576;Hidráulica;Média;06.10.25;06/10/2025 19:11;5
CHM-2824083;QRT-51351;FUN-08849;Wi-Fi;Alta;10/09/2024 08:23;10/09/2024 11:48;3
CHM-6008526;QRT-87613;FUN-66580;Elétrica;MÉDIA;2024-09-26;26/09/2024 11:39;5
CHM-7938213;QRT-46794;FUN-22027;Limpeza Extra;Média;12/03/2026 19:27;12-03-2026;3
CHM-3533335;QRT-72144;FUN-12040;Ar-condicionado;Baixa;27-03-2026;2026-03-28;4
CHM-8309400;QRT-85687;FUN-12576;Limpeza Extra;Média;21/12/2024 19:03;21/12/2024 21:28;4
CHM-6655902;QRT-03659;FUN-22027;Ar-condicionado;Média;11/03/2025 23:18;12.03.25;2
CHM-5374117;QRT-26354;FUN-86199;Hidráulica;Media;29/08/2025 08:06;29/08/2025 13:14;5
CHM-7482762;QRT-83187;FUN-86194;Ar-condicionado;Média;26/01/2026 10:41;2026-01-26;3
CHM-7219847;QRT-31042;FUN-22607;Wi-Fi;Alta;24/10/2025 19:06;24/10/2025 20:26;5
CHM-7809371;QRT-69375;FUN-48683;TV / Controle;MÉDIA;06/05/2026 08:23;06.05.26;4
CHM-7171234;QRT-85739;FUN-74014;Frigobar com Defeito;Média;05/03/2026 14:45;05/03/2026 18:59;5
CHM-6177153;QRT-41356;FUN-18700;Ar-condicionado;Baixa;04/02/2025 08:07;04/02/2025 22:51;5
CHM-0162705;QRT-29802;FUN-86194;Frigobar com Defeito;Média;11/07/2025 08:50;11/07/2025 14:08;5
CHM-9963074;QRT-03596;FUN-25313;Fechadura Eletrônica;Média;09/09/2025 06:37;09/09/2025 12:51;5
CHM-9850080;QRT-00452;FUN-57664;Limpeza Extra;Média;06/08/2025 22:46;07/08/2025 01:43;4
CHM-8571785;QRT-42714;FUN-92311;Limpeza Extra;Baixa;27/10/2025 20:40;28/10/2025 07:25;5
CHM-8246079;QRT-75289;FUN-57664;TV / Controle;Baixa;14/07/2025 17:13;15/07/2025 11:13;5
CHM-8724359;QRT-92384;FUN-57664;Limpeza Extra;Média;24/07/2025 13:48;24/07/2025 22:41;1
CHM-4233618;QRT-59474;FUN-76103;Limpeza Extra;Média;22/08/2024 14:59;23/08/2024 08:31;2
CHM-9415445;QRT-88284;FUN-86194;TV / Controle;Baixa;01/03/2025 21:14;02-03-2025;3
CHM-4830000;QRT-01287;FUN-25313;Fechadura Eletrônica;P2;24-07-2024;24.07.24;5
CHM-4936655;QRT-53917;FUN-32345;Fechadura Eletrônica;Média;05/07/2024 20:52;05/07/2024 22:02;4
CHM-9382632;QRT-00452;FUN-64755;Elétrica;Baixa;25.02.26;26/02/2026 11:08;5
CHM-7438473;QRT-26080;FUN-52793;Wi-Fi;Baixa;08/11/2024 08:22;09/11/2024 05:03;5
CHM-5460186;QRT-46748;FUN-92045;Wi-Fi;Baixa;08/12/2025 18:01;08/12/2025 23:17;3
CHM-7407177;QRT-34396;FUN-22607;Hidráulica;Alta;23/11/2024 10:25;23-11-2024;5
CHM-8363999;QRT-25217;FUN-34079;Wi-Fi;Média;03/10/2024 06:30;03/10/2024 18:02;1
CHM-9182965;QRT-28645;FUN-90839;Wi-Fi;Média;06/10/2025 20:49;06/10/2025 23:29;5
CHM-5150606;QRT-46794;FUN-96106;Fechadura Eletrônica;Média;12/07/2024 10:26;12/07/2024 15:11;5
CHM-1442731;QRT-95201;FUN-29826;Fechadura Eletrônica;Baixa;08/01/2025 21:47;09.01.25;3
CHM-2551253;QRT-55333;FUN-36473;Frigobar com Defeito;Alta;11.02.26;11/02/2026 15:03;4
CHM-6922314;QRT-04443;FUN-08234;Ar-condicionado;Média;04/03/2026 10:33;04/03/2026 23:10;1
CHM-2313745;QRT-85920;FUN-64755;Wi-Fi;Média;26/10/2025 09:51;26/10/2025 18:24;1
CHM-5470310;QRT-58808;FUN-23383;Hidráulica;Alta;25.07.24;25-07-2024;3
CHM-2925737;QRT-24929;FUN-69727;Hidráulica;Baixa;08/11/2024 22:27;10/11/2024 01:55;3
CHM-9515352;QRT-37131;FUN-12040;Limpeza Extra;Alta;12/02/2026 16:35;12.02.26;5
CHM-8181615;QRT-45132;FUN-23383;Ar-condicionado;Baixa;07/12/2025 11:53;07/12/2025 23:59;5
CHM-8123216;QRT-70661;FUN-94946;Frigobar com Defeito;Média;01.09.25;02/09/2025 05:43;2
CHM-6264412;QRT-85367;FUN-37715;Limpeza Extra;Média;2025-02-25;25-02-2025;3
CHM-8889225;QRT-24594;FUN-71493;Fechadura Eletrônica;Média;21/08/2025 14:20;21/08/2025 20:43;5
CHM-2381538;QRT-19577;FUN-08486;Hidráulica;Alta;25.04.26;25/04/2026 16:18;5
CHM-5342713;QRT-15355;FUN-96106;TV / Controle;Baixa;27/02/2026 23:12;28/02/2026 13:14;4
CHM-4900050;QRT-59117;FUN-25313;Limpeza Extra;Média;19/10/2025 06:16;19/10/2025 08:21;4
CHM-3591570;QRT-84220;FUN-37715;Wi-Fi;Alta;30/09/2025 12:12;30/09/2025 12:58;5
CHM-5868330;QRT-67879;FUN-23383;TV / Controle;Alta;04/09/2024 15:32;04/09/2024 17:18;4
CHM-1394105;QRT-23438;FUN-41540;Wi-Fi;Média;11/11/2024 06:08;11/11/2024 08:29;4
CHM-7016485;QRT-38689;FUN-04670;Hidráulica;Média;19/03/2026 07:58;19/03/2026 10:32;5
CHM-2272763;QRT-17820;FUN-13975;Fechadura Eletrônica;Média;11/10/2025 17:53;11/10/2025 21:37;5
CHM-8223161;QRT-17820;FUN-87234;Wi-Fi;Baixa;05/04/2025 13:47;07/04/2025 05:09;1
CHM-5132244;QRT-85367;FUN-74014;Wi-Fi;Alta;07-12-2025;07/12/2025 15:33;4
CHM-7663033;QRT-87183;FUN-71181;Elétrica;Média;2025-02-27;27/02/2025 15:35;5
CHM-2282748;QRT-57208;FUN-12576;Ar-condicionado;Média;2024-11-30;30/11/2024 23:22;5
CHM-5057190;QRT-09047;FUN-92045;Ar-condicionado;Média;09/09/2024 09:31;09/09/2024 10:46;5
CHM-5035352;QRT-07517;FUN-02909;Hidráulica;Baixa;19/12/2025 21:05;20/12/2025 12:25;5
CHM-8040384;QRT-16851;FUN-67710;Fechadura Eletrônica;Média;27/11/2025 11:39;27.11.25;4
CHM-0079819;QRT-90111;FUN-15867;Ar-condicionado;Alta;16/03/2025 19:34;16/03/2025 20:12;4
CHM-0710384;QRT-42497;FUN-09102;Hidráulica;Média;04/01/2025 18:50;05.01.25;3
CHM-2957569;QRT-32164;FUN-83865;Wi-Fi;Alta;04/04/2025 13:57;04/04/2025 15:02;4
CHM-8843992;QRT-61719;FUN-08109;Hidráulica;ALTA;27/05/2026 18:40;2026-05-27;1
CHM-8715726;QRT-81819;FUN-87234;Elétrica;Média;2024-11-02;03/11/2024 02:34;3
CHM-1344344;QRT-66083;FUN-25313;Elétrica;Alta;08/01/2026 12:03;08-01-2026;4
CHM-2937835;QRT-26237;FUN-15784;Fechadura Eletrônica;Média;27.07.24;27/07/2024 12:56;5
CHM-0306457;QRT-11607;FUN-96354;Fechadura Eletrônica;Média;10.05.25;10/05/2025 11:28;3
CHM-6622485;QRT-27342;FUN-70436;Fechadura Eletrônica;BAIXA;25/08/2025 14:22;26/08/2025 05:41;5
CHM-5539104;QRT-88939;FUN-39946;Limpeza Extra;Média;21/11/2025 14:28;21/11/2025 21:55;5
CHM-9731017;QRT-44318;FUN-50800;Hidráulica;Baixa;05/06/2025 08:13;06/06/2025 07:36;5
CHM-1619570;QRT-02862;FUN-09324;Ar-condicionado;Média;03/12/2025 10:52;03/12/2025 13:41;4
CHM-5905137;QRT-98370;FUN-96106;TV / Controle;Baixa;05/05/2025 21:32;2025-05-07;2
CHM-0608882;QRT-88906;FUN-48159;Hidráulica;Média;20/03/2025 12:17;20/03/2025 14:35;3
CHM-7492430;QRT-02047;FUN-21094;TV / Controle;Alta;28/02/2026 07:45;28/02/2026 08:36;5
CHM-9016484;QRT-37672;FUN-64755;Ar-condicionado;Média;05/10/2024 19:15;05-10-2024;4
CHM-1909843;QRT-14624;FUN-29826;Wi-Fi;P2;17/11/2025 12:43;18-11-2025;2
CHM-6967355;QRT-04025;FUN-16922;Frigobar com Defeito;Baixa;19/03/2026 23:22;20/03/2026 09:38;4
CHM-5193714;QRT-63609;FUN-23361;TV / Controle;Média;23.04.26;23-04-2026;5
CHM-9947797;QRT-49389;FUN-92045;Elétrica;Média;05/04/2025 07:46;05/04/2025 13:23;3
CHM-5688149;QRT-26539;FUN-36473;Elétrica;Baixa;12/12/2024 07:54;12/12/2024 14:29;3
CHM-8368664;QRT-08799;FUN-32345;Fechadura Eletrônica;Média;23/04/2025 14:49;23.04.25;5
CHM-1728828;QRT-86201;FUN-48683;Elétrica;Média;03.07.24;03/07/2024 13:35;4
CHM-9735429;QRT-91628;FUN-10947;Hidráulica;Baixa;26/03/2026 12:23;26-03-2026;5
CHM-3739670;QRT-09674;FUN-01568;Hidráulica;Média;22/10/2024 20:39;23/10/2024 00:50;5
CHM-4306220;QRT-77305;FUN-29826;Limpeza Extra;Média;26/01/2025 14:17;26/01/2025 23:31;3
CHM-4349766;QRT-25571;FUN-49013;Fechadura Eletrônica;Média;2025-07-02;02/07/2025 23:44;3
CHM-9676884;QRT-20665;FUN-43763;Hidráulica;Alta;08/11/2025 14:50;2025-11-08;4
CHM-6019035;QRT-70536;FUN-49013;Ar-condicionado;Baixa;03/07/2025 07:22;03/07/2025 14:12;5
CHM-3304188;QRT-43580;FUN-49013;Ar-condicionado;Média;06/03/2026 07:39;06/03/2026 14:31;4
CHM-1282951;QRT-42355;FUN-34079;Ar-condicionado;Média;08/09/2024 13:20;08/09/2024 19:08;5
CHM-3737080;QRT-39368;FUN-07814;Limpeza Extra;Alta;25/04/2025 20:07;25/04/2025 21:04;5
CHM-2423299;QRT-02007;FUN-74014;Hidráulica;Média;2025-11-08;09/11/2025 02:00;5
CHM-5140609;QRT-76281;FUN-74014;TV / Controle;Alta;09/01/2026 17:31;09/01/2026 22:27;1
CHM-9595423;QRT-96428;FUN-37715;Ar-condicionado;ALTA;06/02/2026 18:27;06/02/2026 21:42;3
CHM-2511703;QRT-73232;FUN-88121;Frigobar com Defeito;Baixa;05/08/2025 15:08;05/08/2025 21:39;5
CHM-1068211;QRT-32164;FUN-65780;TV / Controle;Baixa;26/10/2025 09:45;26.10.25;5
CHM-1717675;QRT-56321;FUN-89330;Wi-Fi;Alta;23/10/2024 21:48;2024-10-23;5
CHM-9961993;QRT-00452;FUN-57664;Limpeza Extra;Baixa;14-11-2024;14-11-2024;4
CHM-1733554;QRT-17495;FUN-49013;Limpeza Extra;Média;06/01/2026 21:24;07/01/2026 01:21;5
CHM-7268381;QRT-88939;FUN-39946;Wi-Fi;Baixa;22.10.24;24/10/2024 00:39;3
CHM-0011163;QRT-86536;FUN-23361;HIDRÁULICA;P2;09/09/2024 07:31;09/09/2024 15:18;5
CHM-1446747;QRT-28319;FUN-05739;Limpeza Extra;MÉDIA;22/02/2026 22:42;23/02/2026 03:16;5
CHM-4774020;QRT-59498;FUN-13975;Hidráulica;Média;13/06/2025 07:19;13/06/2025 17:01;3
CHM-7586244;QRT-92384;FUN-22027;Wi-Fi;Baixa;2026-01-20;20/01/2026 23:44;5
CHM-3669199;QRT-00087;FUN-47371;TV / Controle;Média;29/03/2026 17:39;30/03/2026 14:38;2
CHM-9379228;QRT-41316;FUN-76103;Ar-condicionado;Baixa;04/09/2024 19:47;05/09/2024 06:26;5
CHM-8846505;QRT-46748;FUN-34079;Wi-Fi;Média;05/04/2025 07:38;05/04/2025 10:43;5
CHM-4010070;QRT-94225;FUN-73856;Hidráulica;Baixa;10/06/2025 17:39;2025-06-10;4
CHM-6286178;QRT-16851;FUN-83865;Ar-condicionado;Baixa;18-02-2026;19/02/2026 03:51;5
CHM-8902214;QRT-20026;FUN-13975;Fechadura Eletrônica;Média;13.11.25;14/11/2025 07:28;3
CHM-0892707;QRT-63609;FUN-45111;Elétrica;Média;02/07/2025 09:09;02/07/2025 19:41;3
CHM-0230928;QRT-88284;FUN-67710;Hidráulica;Média;29/05/2026 15:56;29/05/2026 17:56;5
CHM-7064387;QRT-06113;FUN-55799;Ar-condicionado;Média;18/12/2024 09:51;19-12-2024;3
CHM-1929459;QRT-39368;FUN-07814;Ar-condicionado;Baixa;06/03/2025 14:05;07/03/2025 03:55;5
CHM-0336367;QRT-24929;FUN-69727;Wi-Fi;Baixa;03/12/2024 08:17;03.12.24;5
CHM-0403254;QRT-57763;FUN-90839;Elétrica;Média;14-01-2025;15/01/2025 00:47;4
CHM-1901520;QRT-37131;FUN-28577;Ar-condicionado;Média;28/12/2025 12:16;28/12/2025 20:12;5
CHM-1602867;QRT-07031;FUN-66580;Limpeza Extra;Baixa;10/09/2024 07:02;10/09/2024 19:19;5
CHM-9280103;QRT-25078;FUN-73856;Elétrica;Baixa;2026-02-09;09/02/2026 20:45;5
CHM-0170738;QRT-49331;FUN-47371;Wi-Fi;Média;05/04/2026 12:36;05/04/2026 18:14;5
CHM-7190598;QRT-87183;FUN-39946;TV / Controle;Baixa;05/02/2026 12:37;06/02/2026 03:59;4
CHM-5045718;QRT-09395;FUN-49013;Elétrica;Baixa;26-11-2024;2024-11-26;4
CHM-7694203;QRT-08689;FUN-15784;Wi-Fi;Alta;26.11.25;26/11/2025 20:37;1
CHM-1671855;QRT-98284;FUN-49170;Elétrica;Alta;16/06/2026 10:13;16/06/2026 12:44;3
CHM-4427437;QRT-23373;FUN-08849;Hidráulica;Media;26/10/2025 16:11;27/10/2025 10:36;1
CHM-5502757;QRT-70680;FUN-81524;Limpeza Extra;Baixa;06/11/2024 17:54;07/11/2024 08:31;5
CHM-7388546;QRT-54918;FUN-69727;TV / Controle;Média;31/05/2025 09:39;31/05/2025 13:36;4
CHM-6371545;QRT-22076;FUN-21094;Hidráulica;Média;04/12/2024 08:42;04/12/2024 16:41;5
CHM-3192489;QRT-67310;FUN-64706;Elétrica;Média;19/11/2024 08:43;19/11/2024 13:07;4
CHM-4270025;QRT-84837;FUN-48159;Ar-condicionado;Alta;14/08/2024 06:04;14/08/2024 07:14;4
CHM-6645175;QRT-06335;FUN-23383;Wi-Fi;Média;24/12/2024 12:13;24/12/2024 20:03;5
CHM-2827323;QRT-43251;FUN-23361;Limpeza Extra;alta;10/03/2026 20:31;10/03/2026 21:06;5
CHM-7672860;QRT-37220;FUN-64706;Fechadura Eletrônica;Baixa;08-04-2025;09/04/2025 03:41;5
CHM-8412408;QRT-65055;FUN-78820;Fechadura Eletrônica;Alta;09/02/2025 18:02;09/02/2025 22:54;2
CHM-6047141;QRT-68204;FUN-34079;Wi-Fi;Média;03/01/2025 17:54;04/01/2025 03:50;3
CHM-1798777;QRT-78808;FUN-32345;Wi-Fi;Média;2026-05-07;07/05/2026 14:51;4
CHM-9053413;QRT-89410;FUN-10947;Ar-condicionado;Baixa;28/11/2024 22:53;29.11.24;4
CHM-3845204;QRT-69520;FUN-35080;Ar-condicionado;Média;05/07/2024 17:32;06/07/2024 08:29;3
CHM-2701316;QRT-37102;FUN-52300;TV / Controle;Baixa;23/07/2024 18:07;24-07-2024;3
CHM-6404406;QRT-17114;FUN-12576;Ar-condicionado;Alta;02/01/2026 22:02;02/01/2026 22:58;5
CHM-3641815;QRT-26716;FUN-86199;Limpeza Extra;Alta;12/01/2025 10:11;12/01/2025 10:49;4
CHM-0073144;QRT-75030;FUN-65780;Limpeza Extra;Média;2024-07-22;22/07/2024 16:22;3
CHM-3683949;QRT-11607;FUN-92311;Ar-condicionado;Alta;18/01/2026 19:20;18/01/2026 19:44;5
CHM-6353486;QRT-62109;FUN-22607;Wi-Fi;Média;31/05/2025 13:43;31/05/2025 16:37;3
CHM-8073339;QRT-53290;FUN-48159;Wi-Fi;Média;08.10.24;09/10/2024 00:49;5
CHM-2104220;QRT-42444;FUN-07814;Ar-condicionado;Alta;22/06/2025 20:36;23/06/2025 02:59;3
CHM-4594097;QRT-22585;FUN-86199;Ar-condicionado;Média;22.04.26;2026-04-22;5
CHM-2892918;QRT-10397;FUN-16922;TV / Controle;Baixa;15/09/2024 08:27;15/09/2024 19:09;5
CHM-8965317;QRT-24337;FUN-28577;Ar-condicionado;Média;02/02/2025 07:36;04/02/2025 09:46;3
CHM-5501704;QRT-89068;FUN-39946;TV / Controle;Alta;03/09/2024 23:44;03-09-2024;5
CHM-4769334;QRT-57763;FUN-01568;Elétrica;Média;17/09/2025 10:04;17/09/2025 13:56;3
CHM-1342877;QRT-90111;FUN-50800;TV / Controle;BAIXA;25/06/2025 21:07;26-06-2025;5
CHM-2579889;QRT-84837;FUN-23383;Elétrica;Alta;28/11/2025 07:06;28.11.25;4
CHM-2312543;QRT-94756;FUN-94946;Elétrica;Média;22.10.24;23/10/2024 03:13;5
CHM-3557626;QRT-65055;FUN-65780;Elétrica;Média;22/11/2025 17:04;22.11.25;5
CHM-4476643;QRT-43677;FUN-41540;Wi-Fi;Alta;21-03-2026;21/03/2026 08:45;1
CHM-2304894;QRT-42497;FUN-69104;TV / Controle;Média;17/03/2026 08:38;17/03/2026 15:24;5
CHM-7560704;QRT-17820;FUN-70436;Ar-condicionado;Baixa;28/12/2024 07:52;28/12/2024 12:24;5
CHM-1260608;QRT-65055;FUN-86194;Limpeza Extra;Média;14/07/2024 13:45;14/07/2024 15:08;4
CHM-3073557;QRT-99814;FUN-83865;Elétrica;Média;24/06/2025 11:29;24/06/2025 19:20;4
CHM-2843959;QRT-21167;FUN-28577;Fechadura Eletrônica;Baixa;21.03.25;22/03/2025 02:53;5
CHM-4694757;QRT-75123;FUN-69727;TV / Controle;Média;02/06/2026 08:23;02/06/2026 10:40;5
CHM-2450940;QRT-31930;FUN-19473;Elétrica;Alta;28/12/2024 20:50;28/12/2024 22:08;4
CHM-1801805;QRT-22076;FUN-87234;Fechadura Eletrônica;P2;13/09/2025 11:40;13/09/2025 20:17;3
CHM-7189280;QRT-09419;FUN-71181;TV / Controle;Alta;27/11/2025 11:19;27/11/2025 12:20;5
CHM-9613583;QRT-29802;FUN-19473;Hidráulica;Média;2025-09-18;18/09/2025 17:35;1
CHM-0834679;QRT-87183;FUN-12576;TV / Controle;BAIXA;31/01/2026 23:46;01/02/2026 07:52;5
CHM-6620857;QRT-07031;FUN-07814;Ar-condicionado;Baixa;20.01.25;21/01/2025 08:37;3
CHM-6426607;QRT-51602;FUN-37715;Hidráulica;Média;2024-11-06;06/11/2024 14:35;4
CHM-8374449;QRT-20026;FUN-87234;Limpeza Extra;Baixa;26-11-2025;27/11/2025 19:05;4
CHM-8960064;QRT-63207;FUN-16922;Hidráulica;Baixa;20/01/2026 16:25;21/01/2026 02:49;4
CHM-9031597;QRT-25078;FUN-65780;Hidráulica;Baixa;09/05/2026 12:07;09/05/2026 22:56;5
CHM-5765638;QRT-69520;FUN-35080;Eletrica;Média;2026-02-13;14/02/2026 05:52;2
CHM-2177959;QRT-95939;FUN-71181;Ar-condicionado;Baixa;22/03/2025 09:42;23/03/2025 02:53;5
CHM-6408304;QRT-16398;FUN-92045;Elétrica;Alta;10/02/2025 18:30;10/02/2025 18:59;4
CHM-0966530;QRT-50393;FUN-28577;TV / Controle;Baixa;02/01/2025 09:43;05.01.25;3
CHM-9352723;QRT-00699;FUN-49170;Wi-Fi;Alta;14/07/2024 21:39;14/07/2024 21:53;3
CHM-0325828;QRT-76575;FUN-87234;Wi-Fi;Média;21/02/2025 11:19;21/02/2025 12:40;5
CHM-4124141;QRT-66125;FUN-87234;Elétrica;Média;11/04/2026 16:27;12/04/2026 03:47;3
CHM-4527019;QRT-00593;FUN-08234;Frigobar com Defeito;Baixa;08/05/2025 21:52;10/05/2025 03:51;3
CHM-7869525;QRT-43677;FUN-69104;Fechadura Eletrônica;Alta;2024-12-13;13-12-2024;5
CHM-8777743;QRT-58690;FUN-10947;Fechadura Eletrônica;Média;28/10/2025 08:31;28/10/2025 11:57;4
CHM-0495365;QRT-85920;FUN-22027;Ar-condicionado;Baixa;25/02/2026 11:02;25.02.26;5
CHM-7302591;QRT-57208;FUN-52793;Wi-Fi;Média;20/06/2025 19:17;21/06/2025 00:10;3
CHM-1581450;QRT-04283;FUN-39946;Wi-Fi;Alta;02/11/2025 11:37;02-11-2025;4
CHM-0284286;QRT-53914;FUN-78820;Wi-Fi;Baixa;28/04/2025 13:44;28/04/2025 21:26;5
CHM-7732407;QRT-91492;FUN-48683;Hidráulica;Baixa;01/02/2025 20:58;02/02/2025 13:03;4
CHM-4412408;QRT-51351;FUN-25313;Elétrica;Média;26/09/2024 11:18;26/09/2024 19:10;4
CHM-7832691;QRT-70123;FUN-34079;Wi-Fi;P3;17/01/2025 13:37;2025-01-18;5
CHM-2680821;QRT-39575;FUN-29826;Fechadura Eletrônica;Baixa;01/12/2024 08:28;02-12-2024;3
CHM-4434677;QRT-79165;FUN-48683;Wi-Fi;Baixa;19/01/2026 06:44;19/01/2026 18:01;5
CHM-5456277;QRT-26354;FUN-94946;Ar-condicionado;Média;14/04/2026 11:08;14/04/2026 14:18;5
CHM-3215817;QRT-51483;FUN-28577;TV / Controle;Média;16/05/2025 22:50;2025-05-17;3
CHM-8958200;QRT-84220;FUN-52793;Wi-Fi;Baixa;03.03.26;05/03/2026 07:03;2
CHM-8474106;QRT-03369;FUN-71181;Wi-Fi;P3;31/10/2024 06:14;01/11/2024 01:52;5
CHM-3288793;QRT-96237;FUN-78820;Limpeza Extra;Baixa;2025-03-04;05/03/2025 22:37;2
CHM-5489001;QRT-92384;FUN-05739;Elétrica;ALTA;08/09/2024 09:10;08/09/2024 10:02;5
CHM-3285438;QRT-70123;FUN-21094;Elétrica;Baixa;03.06.26;04/06/2026 15:03;5
CHM-7034572;QRT-27801;FUN-07814;Ar-condicionado;Baixa;10/10/2025 11:23;11/10/2025 14:55;1
CHM-8305179;QRT-07031;FUN-76103;Wi-Fi;Baixa;2026-06-15;16/06/2026 06:51;4
CHM-5712581;QRT-42497;FUN-94946;Ar-condicionado;MÉDIA;2025-05-04;04/05/2025 20:58;5
CHM-7801445;QRT-74766;FUN-08234;Wi-Fi;Média;28.09.24;28-09-2024;4
CHM-1123769;QRT-31042;FUN-22607;Wi-Fi;Baixa;12/08/2025 15:40;13/08/2025 17:30;2
CHM-0222316;QRT-03930;FUN-22607;Frigobar com Defeito;Baixa;2026-06-13;16-06-2026;1
CHM-1509553;QRT-91628;FUN-74014;Ar-condicionado;Baixa;27.02.26;28/02/2026 00:11;4
CHM-6729822;QRT-51602;FUN-71181;Limpeza Extra;Média;14/06/2026 21:53;2026-06-15;5
CHM-0405545;QRT-83689;FUN-57664;Elétrica;Baixa;14/02/2025 15:41;18/02/2025 01:01;2
CHM-7443900;QRT-37102;FUN-52300;Ar-condicionado;Alta;29-01-2025;29/01/2025 23:26;5
CHM-4250576;QRT-03659;FUN-49170;Elétrica;Média;01/04/2026 18:58;02-04-2026;3
CHM-2556383;QRT-74690;FUN-69727;Hidráulica;Alta;05.05.26;05/05/2026 19:04;5
CHM-2572854;QRT-98370;FUN-49170;Wi-Fi;Baixa;25/11/2025 17:25;26-11-2025;4
CHM-2236165;QRT-86959;FUN-08234;Ar-condicionado;Média;06/08/2025 23:43;07.08.25;4
CHM-3970792;QRT-84007;FUN-89330;Wi-Fi;Média;24/03/2025 11:17;2025-03-24;3
CHM-8041792;QRT-57124;FUN-86199;Limpeza Extra;Média;2025-05-01;01/05/2025 11:45;5
CHM-2513160;QRT-57763;FUN-90839;Fechadura Eletrônica;Média;09/04/2025 06:32;2025-04-09;4
CHM-1435460;QRT-59512;FUN-64706;Elétrica;Média;11/12/2025 20:40;11/12/2025 21:49;5
CHM-2056744;QRT-94756;FUN-01568;TV / Controle;MÉDIA;12/11/2025 17:32;2025-11-12;5
CHM-3404086;QRT-20055;FUN-73856;Elétrica;Alta;17/12/2025 12:39;17/12/2025 14:41;2
CHM-4465185;QRT-47802;FUN-55799;Ar-condicionado;Baixa;22/02/2026 10:57;22/02/2026 17:01;3
CHM-2783343;QRT-28319;FUN-96106;Limpeza Extra;Média;20/05/2026 11:15;20/05/2026 19:07;4
CHM-0962181;QRT-37672;FUN-64755;Wi-Fi;P2;2025-04-07;2025-04-07;5
CHM-9339478;QRT-04414;FUN-52793;Limpeza Extra;Alta;02/12/2025 18:05;2025-12-02;4
CHM-8933800;QRT-25905;FUN-69104;Limpeza Extra;Alta;09-02-2025;09/02/2025 07:45;4
CHM-9778736;QRT-24810;FUN-37715;Fechadura Eletrônica;Média;19/05/2025 10:00;19/05/2025 11:56;5
CHM-0906788;QRT-85739;FUN-52793;Limpeza Extra;Média;28/10/2025 11:27;28-10-2025;5
CHM-7408017;QRT-06113;FUN-87234;Ar-condicionado;Alta;19/07/2025 08:24;19/07/2025 08:50;3
CHM-4512329;QRT-62407;FUN-08849;Ar-condicionado;Baixa;21/10/2024 16:09;22/10/2024 03:45;5
CHM-9240186;QRT-01287;FUN-71493;Fechadura Eletrônica;Alta;2025-03-14;14/03/2025 11:38;4
CHM-0617186;QRT-71194;FUN-50800;Elétrica;Média;19/05/2025 23:36;20-05-2025;1
CHM-7860432;QRT-07031;FUN-45111;Limpeza Extra;Alta;12.10.24;2024-10-13;5
CHM-3794850;QRT-21496;FUN-86199;Hidráulica;Baixa;05.08.24;05/08/2024 22:33;5
CHM-5607333;QRT-92558;FUN-67282;Limpeza Extra;Alta;19/03/2026 18:23;19.03.26;3
CHM-0875289;QRT-31930;FUN-78820;Ar-condicionado;ALTA;2026-04-24;24/04/2026 20:31;5
CHM-9351646;QRT-34521;FUN-64047;Elétrica;Média;25/02/2026 18:51;26/02/2026 01:22;4
CHM-6282231;QRT-03369;FUN-10947;Wi-Fi;Baixa;16/06/2026 10:04;17/06/2026 03:39;3
CHM-6320250;QRT-26756;FUN-86199;Fechadura Eletrônica;Média;05/06/2026 14:05;05/06/2026 16:45;3
CHM-2989270;QRT-19577;FUN-74014;Elétrica;Alta;30/10/2024 07:06;30/10/2024 08:46;5
CHM-8437208;QRT-43251;FUN-76103;TV / Controle;Baixa;08/09/2024 09:01;09/09/2024 05:53;5
CHM-2139817;QRT-24337;FUN-23383;Frigobar com Defeito;Baixa;09/03/2025 23:25;10/03/2025 05:21;5
CHM-0507869;QRT-58511;FUN-73856;TV / Controle;Média;07/04/2025 21:51;08/04/2025 03:00;4
CHM-3565959;QRT-90111;FUN-50800;Ar-condicionado;Média;06.03.25;2025-03-06;4
CHM-9920234;QRT-64260;FUN-09324;Ar-condicionado;baixa;06.03.26;07/03/2026 12:05;4
CHM-9041924;QRT-10817;FUN-28577;Elétrica;Alta;29/11/2024 20:45;30/11/2024 03:22;2
CHM-4508736;QRT-89443;FUN-22027;TV / Controle;Média;09-01-2026;10/01/2026 00:52;5
CHM-0437143;QRT-64332;FUN-08109;Hidráulica;Alta;19/04/2026 09:09;19/04/2026 12:10;3
CHM-3686062;QRT-85920;FUN-57664;AR-CONDICIONADO;Média;02/02/2026 19:03;2026-02-02;4
CHM-0032310;QRT-60845;FUN-29826;Fechadura Eletrônica;Alta;26/09/2024 19:43;26.09.24;4
CHM-8794085;QRT-43677;FUN-69104;Ar-condicionado;Média;13-08-2025;14/08/2025 02:45;5
CHM-2507984;QRT-44318;FUN-29826;TV / Controle;Alta;10/11/2025 19:50;10/11/2025 21:00;5
CHM-0889338;QRT-81045;FUN-32345;Wi-Fi;Baixa;06/05/2025 12:01;2025-05-06;5
CHM-4063989;QRT-04443;FUN-90839;Limpeza Extra;MÉDIA;08/01/2025 11:38;09/01/2025 02:02;1
CHM-9094509;QRT-81045;FUN-49170;Limpeza Extra;baixa;2025-08-08;09/08/2025 04:48;4
CHM-0227997;QRT-01798;FUN-15867;Elétrica;Média;27/01/2025 17:26;27/01/2025 21:52;3
CHM-4258869;QRT-57181;FUN-22027;Elétrica;Média;27/08/2024 10:35;27.08.24;3
CHM-8324502;QRT-31042;FUN-25313;Fechadura Eletrônica;Média;08/03/2025 17:03;08/03/2025 22:58;5
CHM-1667135;QRT-76445;FUN-21094;Ar-condicionado;Alta;07.08.25;07/08/2025 08:14;2
CHM-5272935;QRT-90947;FUN-52793;TV / Controle;Média;20/08/2024 15:48;2024-08-20;4
CHM-8027205;QRT-86876;FUN-48159;Wi-Fi;Média;07/08/2024 07:45;07.08.24;3
CHM-3260505;QRT-99814;FUN-16922;Hidráulica;Média;21/04/2025 08:03;21/04/2025 13:22;3
CHM-6315062;QRT-37672;FUN-64755;Limpeza Extra;Média;18-04-2026;18/04/2026 20:10;5
CHM-9726908;QRT-84220;FUN-37715;Wi-Fi;Baixa;20/03/2026 09:21;20/03/2026 13:19;3
CHM-8579165;QRT-54489;FUN-22027;Wi-Fi;BAIXA;18.10.25;2025-10-18;4
CHM-6829796;QRT-20896;FUN-32345;Limpeza Extra;Alta;2025-05-30;30.05.25;5
CHM-5790032;QRT-39575;FUN-69727;TV / Controle;Média;17.10.24;17/10/2024 21:42;4
CHM-5750688;QRT-88284;FUN-19473;Hidráulica;Baixa;03-07-2025;04/07/2025 23:19;2
CHM-9972339;QRT-90111;FUN-15867;Limpeza Extra;Alta;27/11/2024 14:42;27.11.24;4
CHM-6290124;QRT-41316;FUN-76103;Hidráulica;Média;18/10/2025 13:24;18/10/2025 15:53;5
CHM-0709526;QRT-00699;FUN-05739;Ar-condicionado;Media;10/12/2024 18:56;10/12/2024 21:24;5
CHM-5030847;QRT-75121;FUN-29826;Wi-Fi;Baixa;28/02/2025 15:42;01/03/2025 01:30;3
CHM-6539588;QRT-76736;FUN-65780;Elétrica;Alta;2024-08-26;26.08.24;2
CHM-1739108;QRT-41748;FUN-28577;Wi-Fi;Média;2025-08-02;02.08.25;5
CHM-0342733;QRT-62284;FUN-47371;Limpeza Extra;Média;29/06/2025 14:15;2025-06-29;5
CHM-7413448;QRT-67310;FUN-64706;Hidráulica;Média;30/12/2024 17:21;2024-12-30;5
CHM-4392718;QRT-90947;FUN-10947;Frigobar com Defeito;Alta;28/07/2025 23:18;29/07/2025 00:40;5
CHM-2664255;QRT-94225;FUN-16922;Ar-condicionado;Baixa;04-01-2025;05/01/2025 03:20;5
CHM-4824917;QRT-51590;FUN-05739;Hidráulica;Média;24/01/2026 06:45;24-01-2026;4
CHM-2204844;QRT-74691;FUN-32345;Elétrica;Baixa;18.03.25;18-03-2025;3
CHM-8629659;QRT-69925;FUN-08486;Elétrica;Baixa;21/12/2024 08:41;2024-12-21;5
CHM-2386256;QRT-28645;FUN-09102;Hidráulica;Média;2025-04-24;24/04/2025 10:38;5
CHM-4037965;QRT-43677;FUN-09324;Wi-Fi;Baixa;15/09/2024 20:08;16/09/2024 05:40;3
CHM-3696589;QRT-17495;FUN-67282;Ar-condicionado;Baixa;19/07/2025 13:18;20/07/2025 01:20;5
CHM-3743008;QRT-03540;FUN-25313;Hidráulica;Baixa;27/08/2025 20:56;2025-08-28;5
CHM-8449376;QRT-79165;FUN-15867;Hidráulica;Alta;01/09/2025 15:25;01-09-2025;5
CHM-6181974;QRT-03500;FUN-43763;Ar-condicionado;P1;25/08/2024 23:53;26/08/2024 00:33;5
CHM-5407647;QRT-53868;FUN-76103;TV / Controle;Alta;28/04/2026 17:03;28/04/2026 17:37;4
CHM-1705358;QRT-26166;FUN-03036;Limpeza Extra;Alta;02/11/2025 11:19;02/11/2025 14:45;1
CHM-6268374;QRT-21077;FUN-86194;Limpeza Extra;P2;24.09.25;25/09/2025 02:03;3
CHM-4848724;QRT-29393;FUN-52300;WI-FI;Média;10/05/2025 15:44;10/05/2025 21:27;4
CHM-3589340;QRT-99181;FUN-21094;WI-FI;Alta;03/12/2024 12:15;03/12/2024 13:22;5
CHM-0874375;QRT-34521;FUN-64047;Wi-Fi;Baixa;14.08.25;2025-08-16;2
CHM-7404055;QRT-66932;FUN-70436;Ar-condicionado;P3;10/06/2026 18:00;2026-06-11;4
CHM-7894333;QRT-31340;FUN-18700;Hidráulica;Média;25/05/2025 10:56;2025-05-25;4
CHM-1812356;QRT-01345;FUN-70436;AR-CONDICIONADO;Baixa;20.01.26;21-01-2026;1
CHM-2433148;QRT-75043;FUN-37715;Frigobar com Defeito;Média;01/12/2024 17:20;02/12/2024 07:56;2
CHM-0872857;QRT-43580;FUN-43763;Limpeza Extra;Baixa;21/10/2024 18:17;2024-10-23;1
CHM-1237920;QRT-27723;FUN-71181;Fechadura Eletrônica;Baixa;31-12-2024;01/01/2025 02:01;5
CHM-9022035;QRT-89410;FUN-08486;Fechadura Eletrônica;Média;24/10/2025 19:48;24/10/2025 23:57;5
CHM-0176028;QRT-76445;FUN-34079;Ar-condicionado;Média;09/02/2026 09:00;09/02/2026 12:33;5
CHM-1374015;QRT-26280;FUN-43763;Ar-condicionado;Média;2024-08-20;20/08/2024 16:11;4
CHM-2322933;QRT-94991;FUN-10947;Wi-Fi;Baixa;06/10/2024 08:36;06/10/2024 19:18;5
CHM-8728154;QRT-40043;FUN-05739;Hidráulica;Média;11.02.26;11/02/2026 21:28;5
CHM-7573111;QRT-84072;FUN-22027;Limpeza Extra;Média;27-06-2025;28/06/2025 01:42;5
CHM-0032625;QRT-78055;FUN-08109;Ar-condicionado;Média;28/06/2025 09:31;28/06/2025 10:04;5
CHM-6016487;QRT-72363;FUN-32345;Limpeza Extra;Média;19/12/2024 17:20;2024-12-20;4
CHM-3969918;QRT-00593;FUN-09324;TV / Controle;Média;15/05/2025 13:55;15/05/2025 15:50;4
CHM-1461039;QRT-30636;FUN-34873;TV / Controle;Baixa;31/07/2024 14:04;31/07/2024 19:32;5
CHM-0751768;QRT-39312;FUN-12576;Hidráulica;MÉDIA;28/06/2026 17:58;29-06-2026;3
CHM-3108525;QRT-11826;FUN-47371;TV / Controle;Alta;2025-08-30;30/08/2025 07:19;5
CHM-9129186;QRT-70680;FUN-89330;Wi-Fi;Média;15/09/2024 19:47;15/09/2024 23:02;5
CHM-2186415;QRT-94756;FUN-09102;Ar-condicionado;Alta;19/12/2024 10:33;19/12/2024 11:04;4
CHM-8732205;QRT-98065;FUN-49170;Limpeza Extra;Média;15/02/2026 18:22;15.02.26;5
CHM-3288768;QRT-80306;FUN-52300;Frigobar com Defeito;Média;2024-07-20;21/07/2024 02:45;2
CHM-9118153;QRT-11592;FUN-18700;Frigobar com Defeito;Alta;06/07/2024 11:18;06/07/2024 12:37;5
CHM-7055157;QRT-87466;FUN-08849;Hidráulica;Alta;05/03/2026 06:15;05/03/2026 08:06;5
CHM-0502314;QRT-58898;FUN-28577;Limpeza Extra;Alta;16/10/2025 20:54;16/10/2025 21:15;5
CHM-5042129;QRT-63506;FUN-71181;Wi-Fi;Baixa;28/11/2025 19:04;30/11/2025 09:21;3
CHM-4520827;QRT-46794;FUN-57664;Limpeza Extra;P1;11-06-2025;11/06/2025 23:07;5
CHM-1371582;QRT-23438;FUN-82886;Wi-Fi;Alta;12/10/2025 22:11;12-10-2025;5
CHM-6997186;QRT-45132;FUN-23383;Hidráulica;Média;15/04/2025 19:15;15-04-2025;4
CHM-3720017;QRT-11218;FUN-45111;Limpeza Extra;Media;15/04/2026 13:40;15/04/2026 21:46;3
CHM-0759375;QRT-85920;FUN-64755;Elétrica;Média;04-03-2026;05/03/2026 06:02;5
CHM-3312980;QRT-86536;FUN-76103;Hidráulica;Baixa;18/02/2025 16:52;18.02.25;5
CHM-1961872;QRT-75121;FUN-69727;Wi-Fi;MÉDIA;11/01/2025 08:22;11/01/2025 12:33;5
CHM-7737901;QRT-17114;FUN-39946;Frigobar com Defeito;P2;21/02/2025 12:41;21/02/2025 15:43;4
CHM-2821778;QRT-00087;FUN-08109;Ar-condicionado;Alta;19/04/2025 18:17;19/04/2025 18:54;5
CHM-4069020;QRT-29393;FUN-66580;TV / Controle;baixa;17/01/2025 08:59;2025-01-20;1
CHM-0079604;QRT-96617;FUN-86194;TV / Controle;Alta;21/10/2025 20:17;21/10/2025 21:06;5
CHM-4832397;QRT-03500;FUN-67282;Ar-condicionado;Média;25/12/2025 07:56;25/12/2025 20:25;3
CHM-3468780;QRT-42819;FUN-57664;Elétrica;Média;19/01/2025 19:58;20/01/2025 00:32;5
CHM-8043962;QRT-15710;FUN-57664;Elétrica;Média;20.09.25;20/09/2025 10:35;5
CHM-2620527;QRT-20896;FUN-49170;Ar-condicionado;Baixa;26/06/2025 18:21;28/06/2025 09:35;3
CHM-9102130;QRT-88654;FUN-28577;Wi-Fi;Média;06/08/2024 11:33;07/08/2024 02:27;3
CHM-9177282;QRT-44318;FUN-29826;Elétrica;Média;30/06/2024 12:11;30/06/2024 15:50;5
CHM-1826618;QRT-98284;FUN-96106;Hidráulica;Baixa;07/01/2025 16:34;09/01/2025 03:32;3
CHM-2399069;QRT-40043;FUN-05739;Wi-Fi;Baixa;29/07/2025 16:54;30/07/2025 04:37;5
CHM-0720061;QRT-54375;FUN-66580;Ar-condicionado;Baixa;26/05/2025 15:22;27/05/2025 05:01;5
CHM-8870252;QRT-00593;FUN-86199;Fechadura Eletrônica;Média;13/04/2025 18:21;14/04/2025 00:04;5
CHM-6039552;QRT-95939;FUN-71181;Ar-condicionado;Média;07/04/2026 16:59;08/04/2026 01:43;3
CHM-6579105;QRT-96972;FUN-39946;Elétrica;Média;15/06/2025 16:31;16-06-2025;1
CHM-0281337;QRT-11649;FUN-18700;Wi-Fi;Média;17/07/2025 18:19;2025-07-17;5
CHM-0065501;QRT-09849;FUN-48683;Limpeza Extra;Alta;27/08/2024 09:31;27/08/2024 10:48;4
CHM-9229230;QRT-12236;FUN-19473;Wi-Fi  ;Baixa;04/08/2025 07:11;2025-08-04;4
CHM-9090081;QRT-03540;FUN-02909;Ar-condicionado;Média;04/07/2025 19:27;04/07/2025 22:42;4
CHM-3175004;QRT-92321;FUN-10947;Fechadura Eletrônica;Alta;11/06/2025 19:09;11/06/2025 20:27;5
CHM-4594196;QRT-09785;FUN-18700;Wi-Fi;Média;01/09/2025 13:21;01/09/2025 16:31;5
CHM-7636204;QRT-74690;FUN-34873;Hidráulica;Baixa;12.09.25;2025-09-13;2
CHM-2303633;QRT-77305;FUN-48683;Limpeza Extra;Alta;17/01/2026 18:30;17/01/2026 20:40;1
CHM-8437122;QRT-16535;FUN-65780;Fechadura Eletrônica;Média;06/10/2025 13:20;07/10/2025 04:20;2
CHM-1657185;QRT-51984;FUN-74014;Frigobar com Defeito;Média;30/12/2024 06:56;2024-12-30;5
CHM-3160089;QRT-82654;FUN-71493;Ar-condicionado;ALTA;24/08/2024 13:23;24/08/2024 15:55;3
CHM-5735240;QRT-84837;FUN-23383;Hidráulica;Baixa;01.08.25;2025-08-02;5
CHM-0408403;QRT-87654;FUN-08849;Hidráulica;Alta;08-08-2024;08/08/2024 08:30;3
CHM-7776313;QRT-94862;FUN-69727;Wi-Fi;Baixa;03/12/2025 15:24;2025-12-03;4
CHM-4722837;QRT-24929;FUN-15867;Frigobar com Defeito;Baixa;07/06/2026 19:40;08-06-2026;4
CHM-2678500;QRT-83665;FUN-74014;AR-CONDICIONADO;Alta;15/01/2026 07:08;15/01/2026 07:23;5
CHM-7753192;QRT-69411;FUN-48683;TV / Controle;Baixa;09/10/2024 23:30;2024-10-10;5
CHM-9089536;QRT-64556;FUN-12040;Limpeza Extra;Média;16/02/2025 16:40;16/02/2025 17:46;5
CHM-9959709;QRT-51351;FUN-08849;Wi-Fi;Média;08/04/2025 20:05;09/04/2025 01:09;3
CHM-5445294;QRT-54489;FUN-32345;Hidráulica;Baixa;2025-10-17;18/10/2025 06:01;4
CHM-8045895;QRT-65099;FUN-08849;Wi-Fi;Baixa;08/02/2025 20:35;09/02/2025 07:14;5
CHM-8268886;QRT-86467;FUN-23361;Limpeza Extra;Alta;13/02/2026 06:20;13-02-2026;2
CHM-7860233;QRT-59498;FUN-55799;Ar-condicionado;Alta;20/07/2025 16:30;20/07/2025 17:05;5
CHM-3478349;QRT-29485;FUN-73856;Elétrica;Alta;23/01/2026 18:48;23-01-2026;5
CHM-7102170;QRT-42444;FUN-18700;Limpeza Extra;Média;17/08/2024 12:46;17/08/2024 17:30;4
CHM-0053676;QRT-11218;FUN-89330;Limpeza Extra;Média;10/09/2025 07:43;10-09-2025;1
CHM-7093480;QRT-12236;FUN-86194;Elétrica;Alta;30/06/2024 23:32;30/06/2024 23:51;5
CHM-4960939;QRT-62284;FUN-25313;Ar-condicionado;ALTA;18/03/2025 22:17;2025-03-19;2
CHM-1926191;QRT-59474;FUN-66580;Hidráulica;Média;2024-10-10;11/10/2024 06:30;3
CHM-1237949;QRT-15064;FUN-52793;Frigobar com Defeito;Média;11/05/2026 10:38;11/05/2026 16:30;4
CHM-5703693;QRT-45185;FUN-69727;Hidráulica;Baixa;2026-04-20;21/04/2026 13:03;5
CHM-1743075;QRT-46794;FUN-96106;Hidráulica;Média;16/07/2025 21:45;17/07/2025 00:42;5
CHM-8882301;QRT-16068;FUN-25313;Ar-condicionado;Baixa;06.07.24;07/07/2024 05:43;3
CHM-8554143;QRT-93180;FUN-96106;TV / Controle;Baixa;11-09-2025;11.09.25;3
CHM-5095934;QRT-71194;FUN-50800;Frigobar com Defeito;Alta;01/04/2025 12:00;01.04.25;5
CHM-4794159;QRT-20896;FUN-32345;Elétrica;Média;07/04/2026 13:15;07.04.26;4
CHM-0701456;QRT-08284;FUN-39946;Hidráulica;Baixa;01-10-2025;2025-10-03;3
CHM-5261289;QRT-33730;FUN-29826;Ar-condicionado;Média;10/03/2026 18:18;2026-03-11;3
CHM-7222599;QRT-31042;FUN-71493;Ar-condicionado;Alta;23/12/2024 15:17;23-12-2024;5
CHM-3136328;QRT-15355;FUN-57664;Ar-condicionado;Baixa;05/01/2025 07:10;06-01-2025;2
CHM-1323492;QRT-59560;FUN-69104;Hidráulica;Baixa;26/11/2025 08:24;26/11/2025 11:52;5
CHM-9585729;QRT-68692;FUN-32345;Wi-Fi;Média;20-06-2025;20/06/2025 17:28;5
CHM-5716159;QRT-23438;FUN-09102;Frigobar com Defeito;Baixa;02/03/2025 19:29;03/03/2025 06:33;4
CHM-9230074;QRT-26280;FUN-49013;Wi-Fi;Média;04/04/2026 11:48;04/04/2026 17:19;5
CHM-5018332;QRT-39888;FUN-67710;TV / Controle;Média;27/06/2025 15:48;27/06/2025 18:00;5
CHM-4391519;QRT-60979;FUN-81524;Elétrica;Média;28/05/2026 07:55;28.05.26;4
CHM-7967647;QRT-32164;FUN-83865;Limpeza Extra;MÉDIA;19/08/2025 20:55;19/08/2025 23:22;4
CHM-5652709;QRT-56321;FUN-45111;Hidráulica;Alta;24/10/2024 20:55;24/10/2024 23:05;2
CHM-3955558;QRT-86959;FUN-01568;TV / Controle;Baixa;20/12/2024 19:24;21/12/2024 07:35;4
CHM-9457992;QRT-74465;FUN-12576;TV / Controle;Alta;23/04/2026 19:12;23/04/2026 20:19;3
CHM-6907582;QRT-84220;FUN-39946;TV / Controle;Alta;29.09.25;29.09.25;4
CHM-4946504;QRT-42819;FUN-22027;Ar-condicionado;Baixa;2026-03-26;27/03/2026 22:45;3
CHM-8912898;QRT-00699;FUN-96106;Ar-condicionado;Alta;2025-09-24;24/09/2025 21:10;5
CHM-6933686;QRT-34521;FUN-49013;Hidráulica;Média;09/04/2026 06:04;09/04/2026 10:34;5
CHM-3639849;QRT-00699;FUN-96106;Wi-Fi;Alta;29/01/2026 21:55;29/01/2026 22:29;3
CHM-0345884;QRT-56980;FUN-64755;Hidráulica;Baixa;01/07/2025 09:12;01.07.25;4
CHM-5185946;QRT-12236;FUN-65780;Wi-Fi;Média;21-05-2026;22/05/2026 03:45;5
CHM-4884461;QRT-99181;FUN-13975;Limpeza Extra;Média;20-03-2026;20/03/2026 20:17;2
CHM-2872631;QRT-61287;FUN-25313;Limpeza Extra;Média;24/03/2025 13:16;24/03/2025 21:17;2
CHM-1231554;QRT-75123;FUN-34873;Ar-condicionado;Média;11/02/2025 11:07;11/02/2025 14:13;4
CHM-3241764;QRT-26716;FUN-69104;Hidráulica;Média;07/02/2025 12:43;07/02/2025 13:44;5
CHM-9841152;QRT-06113;FUN-03036;Fechadura Eletrônica;Baixa;14/08/2024 16:35;15/08/2024 13:14;4
CHM-4004421;QRT-13758;FUN-02909;TV / Controle;Média;27/01/2026 22:05;27/01/2026 23:49;5
CHM-8188855;QRT-66932;FUN-13975;Hidráulica;Baixa;2024-07-08;08/07/2024 22:29;5
CHM-1332081;QRT-09419;FUN-08486;Fechadura Eletrônica;Alta;07/05/2025 11:23;07-05-2025;5
CHM-5330383;QRT-86536;FUN-89330;Wi-Fi;Alta;15/12/2025 08:49;15/12/2025 09:43;5
CHM-5782505;QRT-14624;FUN-34873;Hidráulica;Média;16/05/2025 18:10;16/05/2025 23:42;4
CHM-2651161;QRT-37477;FUN-49013;Elétrica;Média;29/10/2025 21:54;2025-10-29;5
CHM-4668595;QRT-88939;FUN-52793;Hidráulica;Alta;20-12-2025;20/12/2025 08:07;5
CHM-7776553;QRT-66602;FUN-12040;Ar-condicionado;Média;29-12-2024;30/12/2024 01:26;2
CHM-5298612;QRT-90111;FUN-15867;Hidráulica;Média;10/01/2026 17:11;10/01/2026 20:31;5
CHM-6589979;QRT-96428;FUN-74014;Ar-condicionado;Alta;2026-02-24;24/02/2026 12:25;2
CHM-4655150;QRT-66125;FUN-34079;Elétrica;Média;24/04/2026 07:55;24/04/2026 11:09;5
CHM-3373243;QRT-91810;FUN-86199;Ar-condicionado;Alta;17/09/2024 20:39;2024-09-17;4
CHM-0818153;QRT-94431;FUN-96106;Wi-Fi;Baixa;12/06/2026 06:28;12-06-2026;5
CHM-7028183;QRT-38689;FUN-12040;Elétrica;Média;20/01/2026 13:53;20/01/2026 15:20;5
CHM-6671056;QRT-40043;FUN-64755;TV / Controle;Baixa;07-08-2024;2024-08-08;5
CHM-2996030;QRT-18824;FUN-47371;Elétrica;Média;28/04/2026 19:10;28.04.26;4
CHM-3701707;QRT-25905;FUN-82886;Limpeza Extra;Baixa;20/06/2025 16:54;20/06/2025 22:46;5
CHM-6486781;QRT-08284;FUN-08486;Elétrica;Baixa;20/05/2025 10:00;20/05/2025 17:53;4
CHM-4055709;QRT-41748;FUN-23383;Ar-condicionado;Alta;16/10/2024 20:33;16-10-2024;5
CHM-0007538;QRT-76445;FUN-87234;Limpeza Extra;Alta;27/01/2026 15:23;27-01-2026;4
CHM-7177101;QRT-07517;FUN-71493;Hidráulica;Baixa;13/08/2025 20:44;14/08/2025 06:08;4
CHM-4717762;QRT-42355;FUN-23286;Fechadura Eletrônica;Média;14/04/2025 09:27;14.04.25;4
CHM-1214839;QRT-31340;FUN-66580;TV / Controle;Média;19/06/2025 08:52;19/06/2025 15:32;5
CHM-4873543;QRT-10817;FUN-04670;Wi-Fi;Alta;02-08-2025;2025-08-02;3
CHM-1363310;QRT-88400;FUN-49013;Wi-Fi;P2;2025-11-03;03.11.25;1
CHM-3343436;QRT-55333;FUN-92311;Wi-Fi;Média;04/09/2025 11:45;04/09/2025 18:11;5
CHM-4711569;QRT-62407;FUN-47371;Frigobar com Defeito;Média;14/03/2026 12:48;14/03/2026 15:59;5
CHM-3240637;QRT-42908;FUN-07814;TV / Controle;Média;26-03-2025;26.03.25;5
CHM-4189173;QRT-09419;FUN-37715;Hidráulica;Media;2025-08-11;12/08/2025 12:54;1
CHM-7943909;QRT-27574;FUN-45111;Hidráulica;BAIXA;03/01/2026 15:09;04/01/2026 17:07;2
CHM-0053242;QRT-63609;FUN-52300;Frigobar com Defeito;Média;01.07.24;01/07/2024 10:49;5
CHM-8730672;QRT-83689;FUN-22027;Wi-Fi;Alta;21/12/2025 21:52;22/12/2025 00:26;1
CHM-9540783;QRT-08799;FUN-96106;Hidráulica;Alta;17.06.25;17/06/2025 16:43;5
CHM-7733094;QRT-27391;FUN-52300;Elétrica;Média;08/01/2025 09:43;08/01/2025 12:09;5
CHM-0879449;QRT-81775;FUN-64047;Ar-condicionado;Média;30/01/2026 11:18;30/01/2026 13:20;5
CHM-6978733;QRT-81045;FUN-57664;Wi-Fi;Baixa;14/04/2026 21:22;16/04/2026 14:40;3
CHM-6785817;QRT-90111;FUN-50800;Limpeza Extra;Média;25/01/2026 08:28;25/01/2026 11:12;4
CHM-2079077;QRT-09047;FUN-21094;Hidráulica;Alta;18/05/2025 16:47;18/05/2025 18:51;2
CHM-5538193;QRT-20896;FUN-57664;Wi-Fi;Média;03/05/2026 08:34;03/05/2026 14:21;3
CHM-5073615;QRT-21677;FUN-22607;Limpeza  Extra;Média;31.08.24;01/09/2024 00:01;4
CHM-9075537;QRT-73451;FUN-34873;TV / Controle;Alta;01/05/2026 19:03;01/05/2026 20:20;5
CHM-3623754;QRT-37220;FUN-88121;Ar-condicionado;Baixa;09/08/2024 09:47;09/08/2024 22:56;4
CHM-3624513;QRT-06113;FUN-34079;Wi-Fi;Média;27.09.25;28/09/2025 04:23;1
CHM-3302832;QRT-06113;FUN-03036;Wi-Fi;baixa;11-03-2026;12/03/2026 23:30;3
CHM-0453078;QRT-47628;FUN-45111;Fechadura Eletrônica;Alta;17/07/2025 23:28;18.07.25;5
CHM-8347843;QRT-58511;FUN-67710;Fechadura Eletrônica;Média;15/04/2026 12:55;16.04.26;2
CHM-6544630;QRT-11649;FUN-18700;Ar-condicionado;Baixa;10/11/2024 06:25;10/11/2024 15:16;3
CHM-4916444;QRT-86536;FUN-52300;Hidráulica;Alta;23/01/2025 20:45;23/01/2025 21:51;4
CHM-4538102;QRT-72078;FUN-22027;Ar-condicionado;Alta;25/09/2025 09:44;25/09/2025 11:04;3
CHM-7713915;QRT-75780;FUN-69727;TV / Controle;Média;20/12/2025 07:23;20/12/2025 08:51;5
CHM-8332946;QRT-58808;FUN-92311;Hidráulica;Alta;21/10/2024 19:57;21/10/2024 20:54;5
CHM-1325487;QRT-02711;FUN-32345;Ar-condicionado;Alta;21/06/2025 14:37;21/06/2025 15:02;4
CHM-2171418;QRT-85920;FUN-57664;Wi-Fi;Alta;13-09-2025;13-09-2025;4
CHM-1610088;QRT-57190;FUN-12576;Limpeza Extra;Baixa;01/01/2025 19:18;01/01/2025 22:10;4
CHM-7026311;QRT-61287;FUN-25313;Wi-Fi;Média;08/02/2025 17:52;2025-02-08;5
CHM-1696027;QRT-89068;FUN-39946;Frigobar com Defeito;Média;23/06/2025 20:28;24/06/2025 08:51;2
CHM-2901803;QRT-01562;FUN-67710;Elétrica;Media;25/12/2024 21:25;26/12/2024 08:27;2
CHM-3943680;QRT-00593;FUN-08234;Hidráulica;Média;25/10/2025 17:54;25/10/2025 22:01;5
CHM-6322605;QRT-72144;FUN-23383;Limpeza Extra;MÉDIA;20/01/2025 17:22;20/01/2025 22:31;5
CHM-1260393;QRT-92177;FUN-88121;Wi-Fi;Média;11/02/2025 15:44;11/02/2025 17:42;5
CHM-1154860;QRT-01287;FUN-08849;Frigobar com Defeito;Média;2025-04-05;05/04/2025 18:37;5
CHM-4331265;QRT-63506;FUN-71181;Limpeza Extra;Alta;13/05/2026 08:02;13/05/2026 10:19;3
CHM-2222358;QRT-63998;FUN-64706;Wi-Fi;Média;2026-06-15;16/06/2026 02:23;4
CHM-9124843;QRT-55192;FUN-07814;TV / Controle;Alta;15-01-2025;15/01/2025 16:06;5
CHM-8725371;QRT-38783;FUN-29826;Hidráulica;Média;11.06.26;11/06/2026 21:49;4
CHM-5793270;QRT-66101;FUN-71493;Ar-condicionado;Média;27/04/2026 23:29;2026-04-28;5
CHM-6934671;QRT-06780;FUN-52793;Ar-condicionado;Baixa;23/11/2024 15:24;24/11/2024 05:19;4
CHM-3181571;QRT-68610;FUN-28577;Ar-condicionado;Baixa;12/01/2025 18:12;13/01/2025 16:14;4
CHM-8941872;QRT-92955;FUN-13975;Ar-condicionado;Média;16/09/2024 11:00;16/09/2024 13:46;4
CHM-2208258;QRT-53432;FUN-09102;Limpeza Extra;Alta;03/06/2026 23:08;03-06-2026;4
CHM-2165867;QRT-98065;FUN-49170;Wi-Fi;Média;21/12/2025 07:20;21/12/2025 09:46;3
CHM-4708745;QRT-39575;FUN-15867;Elétrica;baixa;07/08/2024 10:13;10/08/2024 07:43;2
CHM-1394308;QRT-94756;FUN-01568;Limpeza Extra;MÉDIA;17/01/2026 21:34;18/01/2026 00:54;4
CHM-3142117;QRT-84837;FUN-04670;Wi-Fi;Baixa;23-08-2025;24/08/2025 08:35;5
CHM-7685546;QRT-87654;FUN-47371;Ar-condicionado;Baixa;2024-11-14;15/11/2024 02:37;5
CHM-5661649;QRT-07215;FUN-64755;Wi-Fi;Média;05/10/2024 18:16;05/10/2024 21:09;5
CHM-8342432;QRT-42497;FUN-69104;Hidráulica;Alta;17/12/2024 21:36;2024-12-17;5
CHM-5695738;QRT-89068;FUN-52793;Hidráulica;Média;27-09-2024;2024-09-28;3
CHM-8541012;QRT-76281;FUN-74014;Elétrica;Baixa;28/03/2025 10:58;29/03/2025 20:36;2
CHM-4405190;QRT-15228;FUN-43763;Frigobar com Defeito;Média;28-01-2026;28.01.26;5
CHM-7388406;QRT-71194;FUN-48683;Wi-Fi;Média;11/10/2025 15:28;11/10/2025 22:51;3
CHM-0454259;QRT-73232;FUN-64706;Ar-condicionado;MÉDIA;11-06-2026;11/06/2026 22:42;4
CHM-3481570;QRT-22178;FUN-83865;Ar-condicionado;Média;14/08/2024 10:05;14/08/2024 13:37;4
CHM-5655408;QRT-24929;FUN-34873;Elétrica;Baixa;02/05/2026 14:37;02/05/2026 19:27;5
CHM-9415873;QRT-55192;FUN-52300;Ar-condicionado;Baixa;19/06/2025 23:00;20-06-2025;5
CHM-9902844;QRT-21077;FUN-65780;Ar-condicionado;Média;18/02/2025 07:24;18-02-2025;5
CHM-8586745;QRT-49389;FUN-35080;TV / Controle;Alta;2025-02-17;17.02.25;4
CHM-3291788;QRT-86467;FUN-66580;TV / Controle;Baixa;22/02/2025 07:23;23.02.25;5
CHM-3342222;QRT-95776;FUN-92045;Hidráulica;Média;03-05-2025;04/05/2025 01:23;5
CHM-1883589;QRT-54116;FUN-50800;TV / Controle;Alta;06/09/2024 21:01;2024-09-06;5
CHM-1843497;QRT-27391;FUN-07814;Elétrica;Média;21/03/2025 07:31;21/03/2025 14:11;4
CHM-9047168;QRT-08284;FUN-74014;Frigobar com Defeito;Média;25.01.25;26/01/2025 02:24;2
CHM-0686659;QRT-47759;FUN-89330;Limpeza Extra;Alta;2026-01-01;01-01-2026;4
CHM-9173306;QRT-28212;FUN-64755;Frigobar com Defeito;Média;20.06.26;2026-06-20;4
CHM-7441689;QRT-99264;FUN-45111;Limpeza Extra;Média;25/03/2025 14:00;25/03/2025 19:52;5
CHM-5369761;QRT-04025;FUN-67710;Ar-condicionado;Média;2026-01-03;04/01/2026 01:13;4
CHM-9663401;QRT-51351;FUN-47371;Ar-condicionado;Média;14/12/2025 23:19;15/12/2025 13:56;1
CHM-4038662;QRT-28212;FUN-22027;Elétrica;Média;10/07/2025 12:54;10/07/2025 16:50;3
CHM-0750884;QRT-95712;FUN-19473;Ar-condicionado;BAIXA;29/08/2025 13:58;30/08/2025 08:23;4
CHM-5491111;QRT-32164;FUN-16922;Ar-condicionado;Baixa;29/10/2025 15:59;30/10/2025 01:11;3
CHM-8525982;QRT-07215;FUN-96106;Ar-condicionado;Alta;13/04/2026 09:56;13/04/2026 10:30;5
CHM-0667207;QRT-69411;FUN-69727;Ar-condicionado;Baixa;11/11/2024 21:23;12/11/2024 23:28;2
CHM-6255300;QRT-76445;FUN-08828;Hidráulica;Baixa;30/03/2026 22:06;31-03-2026;5
CHM-5733760;QRT-76736;FUN-65780;Fechadura Eletrônica;Alta;27/03/2026 12:47;27/03/2026 13:10;5
CHM-5906833;QRT-71194;FUN-69727;Limpeza Extra;Média;05/10/2025 23:02;06/10/2025 03:47;5
CHM-9049705;QRT-25571;FUN-15784;Ar-condicionado;Baixa;05/07/2025 16:34;06/07/2025 01:10;4
CHM-7177092;QRT-72078;FUN-32345;Limpeza Extra;Média;2026-06-03;04/06/2026 00:30;5
CHM-9280926;QRT-84941;FUN-41540;Fechadura Eletrônica;Média;15/05/2025 10:42;15/05/2025 14:26;4
CHM-2161776;QRT-72908;FUN-37715;Ar-condicionado;Alta;11/07/2025 22:10;2025-07-11;3
CHM-0789658;QRT-34521;FUN-49013;Hidráulica;Baixa;21/06/2025 15:41;22/06/2025 16:14;3
CHM-7787079;QRT-85329;FUN-90839;Elétrica;Média;04/04/2025 07:17;04/04/2025 13:50;3
CHM-3873647;QRT-66170;FUN-36473;Ar-condicionado;Média;04/01/2026 16:07;04/01/2026 17:55;5
CHM-3616520;QRT-29980;FUN-22027;Frigobar com Defeito;Baixa;22/03/2025 11:54;23/03/2025 01:33;5
CHM-7028135;QRT-31095;FUN-92311;Frigobar com Defeito;Média;24/03/2026 18:37;2026-03-24;5
CHM-7990717;QRT-60661;FUN-10947;Hidráulica;Alta;09/04/2026 12:21;09/04/2026 12:54;4
CHM-2856812;QRT-28212;FUN-32345;Limpeza Extra;Baixa;15/09/2024 18:06;16/09/2024 11:35;3
CHM-4471238;QRT-75221;FUN-34873;Wi-Fi;Alta;21/03/2026 23:51;22/03/2026 01:30;5
CHM-6945513;QRT-68692;FUN-57664;Limpeza Extra;Média;31.10.24;31/10/2024 19:41;5
CHM-3298189;QRT-63609;FUN-18700;Fechadura Eletrônica;Baixa;06-09-2025;07-09-2025;5
CHM-3275558;QRT-04283;FUN-08486;Hidráulica;Baixa;11/05/2026 22:44;12/05/2026 14:39;5
CHM-6511481;QRT-66307;FUN-45111;Wi-Fi;Alta;11.12.24;2024-12-11;5
CHM-3095507;QRT-17495;FUN-49013;Ar-condicionado;Baixa;12.12.25;12/12/2025 22:27;5
CHM-2073491;QRT-48327;FUN-08234;Limpeza Extra;BAIXA;09/04/2025 09:51;10.04.25;2
CHM-2143628;QRT-41934;FUN-96106;Wi-Fi;Média;14/03/2025 06:06;14/03/2025 10:44;4
CHM-8503487;QRT-28645;FUN-90839;Wi-Fi;Alta;13-04-2026;13/04/2026 18:32;5
CHM-2269612;QRT-61962;FUN-96106;Limpeza Extra;Alta;12/09/2025 19:50;12-09-2025;3
CHM-8643378;QRT-49331;FUN-22607;hidráulica;Média;09/09/2024 06:50;10/09/2024 01:54;1
CHM-0570791;QRT-14624;FUN-50800;TV / Controle;Média;28/05/2025 22:53;29/05/2025 03:59;5
CHM-9784444;QRT-56980;FUN-96106;Frigobar com Defeito;Média;19/05/2026 13:05;19/05/2026 17:40;5
CHM-8019863;QRT-87593;FUN-65780;Ar-condicionado;Média;09/10/2024 07:18;09/10/2024 09:59;5
CHM-9283048;QRT-18801;FUN-08486;Wi-Fi;baixa;04.09.24;05/09/2024 00:23;4
CHM-5083738;QRT-96428;FUN-12576;Hidráulica;Alta;03.04.26;03/04/2026 20:32;5
CHM-5694960;QRT-71975;FUN-67282;Frigobar com Defeito;Baixa;2024-09-16;17/09/2024 03:57;4
CHM-9025634;QRT-47759;FUN-23361;Ar-condicionado;Baixa;05/03/2025 15:39;06-03-2025;5
CHM-5289839;QRT-29015;FUN-48683;Hidráulica;BAIXA;11.07.25;12/07/2025 02:17;4
CHM-1516573;QRT-06113;FUN-55799;Fechadura Eletrônica;ALTA;08/11/2024 23:40;09/11/2024 01:27;4
CHM-6904777;QRT-88906;FUN-48159;Ar-condicionado;Média;03/07/2025 13:54;03/07/2025 19:08;5
CHM-6564993;QRT-65918;FUN-16922;Ar-condicionado;Média;15/03/2026 13:48;16/03/2026 00:35;2
CHM-6313174;QRT-57763;FUN-90839;Frigobar com Defeito;Média;11/06/2026 19:29;12/06/2026 07:00;1
CHM-1127106;QRT-51590;FUN-96106;Elétrica;Alta;01/09/2025 12:38;01/09/2025 13:34;5
CHM-9906389;QRT-98284;FUN-49170;Hidráulica;Média;04/11/2024 06:44;04/11/2024 14:16;5
CHM-1313206;QRT-10397;FUN-65780;TV / Controle;Média;21/11/2024 09:49;21/11/2024 15:23;4
CHM-5551957;QRT-94756;FUN-09324;Limpeza Extra;Baixa;30/04/2026 07:59;01.05.26;5
CHM-8475725;QRT-66092;FUN-01568;Elétrica;Alta;14/06/2025 11:44;14/06/2025 13:02;5
CHM-4259677;QRT-83424;FUN-71493;Ar-condicionado;Média;30/01/2026 10:48;30/01/2026 13:54;4
CHM-4495583;QRT-10817;FUN-48159;Ar-condicionado;Baixa;14/02/2025 10:12;15/02/2025 02:24;5
CHM-6517008;QRT-03930;FUN-71493;Wi-Fi;Baixa;25/06/2025 17:18;26/06/2025 02:12;4
CHM-9491460;QRT-65173;FUN-28577;Ar-condicionado;Média;2025-01-09;2025-01-10;3
CHM-2120950;QRT-94991;FUN-08486;Ar-condicionado;Média;14-04-2026;15/04/2026 02:41;3
CHM-7622344;QRT-70536;FUN-64706;Fechadura Eletrônica;Baixa;13/11/2025 19:43;18/11/2025 21:38;2
CHM-3561491;QRT-04542;FUN-90839;Hidráulica;Baixa;20/08/2025 19:09;21/08/2025 06:53;3
CHM-9676832;QRT-72908;FUN-12576;Frigobar com Defeito;Alta;13/11/2024 14:17;13.11.24;2
CHM-2441883;QRT-37220;FUN-67282;Wi-Fi;Média;03/04/2026 12:24;2026-04-04;1
CHM-8126636;QRT-11654;FUN-71493;Ar-condicionado;Alta;17/09/2024 15:10;17/09/2024 16:30;5
CHM-7811383;QRT-66125;FUN-92045;Fechadura Eletrônica;Baixa;18/04/2026 10:23;19.04.26;4
CHM-6160170;QRT-73451;FUN-29826;TV / Controle;Alta;14/09/2025 08:52;14/09/2025 09:43;5
CHM-7062821;QRT-93908;FUN-34873;TV / Controle;Média;30.03.25;30/03/2025 14:25;5
CHM-8522250;QRT-99814;FUN-16922;Ar-condicionado;Média;29-06-2025;29/06/2025 19:31;3
CHM-6550647;QRT-26716;FUN-09324;Wi-Fi;Média;12/02/2025 18:06;13/02/2025 00:38;5
CHM-7172529;QRT-07215;FUN-64755;Wi-Fi;Média;11-02-2025;11/02/2025 16:27;1
CHM-2209372;QRT-58808;FUN-04670;Elétrica;Média;2025-08-30;31.08.25;3
CHM-2514217;QRT-92377;FUN-47371;Wi-Fi;Baixa;2026-05-17;2026-05-17;4
CHM-9575364;QRT-27540;FUN-83865;Fechadura Eletrônica;Baixa;08/11/2025 10:01;09-11-2025;5
CHM-9162059;QRT-40957;FUN-19473;hidráulica;Média;01/10/2024 14:10;01/10/2024 19:19;5
CHM-0709912;QRT-37131;FUN-12040;Frigobar com Defeito;Baixa;07.06.26;08/06/2026 18:22;5
CHM-8781468;QRT-88400;FUN-43763;Limpeza Extra;Média;13-08-2024;13/08/2024 13:49;4
CHM-2245510;QRT-47759;FUN-18700;Fechadura Eletrônica;Baixa;04/03/2025 20:44;05/03/2025 15:28;3
CHM-3936766;QRT-08549;FUN-69104;Ar-condicionado;Alta;23-08-2025;23/08/2025 14:07;5
CHM-5799891;QRT-02047;FUN-23286;Limpeza Extra;Média;03/12/2024 11:54;03/12/2024 14:44;5
CHM-2963470;QRT-48634;FUN-04670;Elétrica;Média;2025-07-03;03/07/2025 21:32;5
CHM-4528732;QRT-63998;FUN-88121;Hidráulica;Baixa;06/03/2025 20:06;07/03/2025 02:04;5
CHM-3473694;QRT-26280;FUN-67282;Fechadura Eletrônica;Baixa;13/10/2024 21:28;14.10.24;4
CHM-1443354;QRT-09395;FUN-88121;Wi-Fi;Média;12/11/2025 17:01;12/11/2025 17:41;4
CHM-3866991;QRT-09047;FUN-87234;Limpeza Extra;Alta;27-08-2024;27.08.24;5
CHM-3240925;QRT-03049;FUN-83865;Fechadura Eletrônica;Baixa;06.03.26;07/03/2026 00:41;4
CHM-5200385;QRT-86201;FUN-15867;Ar-condicionado;MÉDIA;16.06.25;17.06.25;5
CHM-9074389;QRT-03049;FUN-83865;Elétrica;Baixa;18/11/2024 09:03;19-11-2024;1
CHM-0340326;QRT-72363;FUN-49170;Ar-condicionado;Alta;25/06/2026 20:20;25.06.26;5
CHM-9915374;QRT-63645;FUN-96106;Limpeza Extra;Media;31/10/2024 15:50;31/10/2024 18:32;4
CHM-1327692;QRT-07215;FUN-05739;Wi-Fi;Baixa;08/06/2025 16:22;08-06-2025;5
CHM-1059885;QRT-37477;FUN-67282;Wi-Fi;Média;2025-04-02;02-04-2025;3
CHM-1985480;QRT-92384;FUN-96106;Limpeza Extra;Média;07/01/2025 22:17;08/01/2025 02:33;3
CHM-0931403;QRT-75289;FUN-22027;Ar-condicionado;Alta;04/02/2025 11:40;04-02-2025;2
CHM-5268031;QRT-69520;FUN-70436;TV / Controle;Baixa;22/02/2026 16:40;23/02/2026 01:43;5
CHM-2730699;QRT-31340;FUN-81524;Elétrica;Média;18.05.26;18/05/2026 23:43;5
CHM-6210797;QRT-98042;FUN-73856;Limpeza Extra;Média;05/08/2024 07:12;05/08/2024 08:43;4
CHM-7156164;QRT-20896;FUN-32345;Hidráulica;Baixa;18/03/2026 08:56;18-03-2026;5
CHM-8762455;QRT-11649;FUN-45111;Hidráulica;MÉDIA;20/03/2025 20:57;21/03/2025 02:07;4
CHM-7132574;QRT-11654;FUN-47371;Frigobar com Defeito;Média;15/02/2025 13:23;15/02/2025 20:59;5
CHM-5538389;QRT-51351;FUN-25313;Hidráulica;Baixa;18/05/2025 19:51;19/05/2025 01:07;5
CHM-0876764;QRT-99673;FUN-64706;Elétrica;Baixa;24/03/2025 21:54;26/03/2025 01:23;2
CHM-2507678;QRT-08284;FUN-37715;Ar-condicionado;Baixa;2024-09-15;15-09-2024;4
CHM-6163304;QRT-92955;FUN-92045;Wi-Fi;Baixa;07/03/2025 19:33;11/03/2025 02:30;1
CHM-2231472;QRT-51984;FUN-74014;Elétrica;Alta;2025-02-22;2025-02-22;5
CHM-7890002;QRT-47628;FUN-23361;Ar-condicionado;Alta;20/02/2025 17:10;20/02/2025 22:20;3
CHM-5959810;QRT-64260;FUN-41540;Elétrica;Média;07/08/2025 23:05;08/08/2025 13:11;2
CHM-9936989;QRT-21167;FUN-96354;Ar-condicionado;Baixa;11/12/2025 12:32;11/12/2025 20:19;3
CHM-8973083;QRT-68160;FUN-21094;Wi-Fi;Média;17/02/2025 07:23;17/02/2025 09:03;5
CHM-0581973;QRT-70536;FUN-88121;Hidráulica;Alta;22/12/2025 19:07;22/12/2025 20:19;5
CHM-4265797;QRT-81819;FUN-87234;Wi-Fi;Média;25-10-2025;25/10/2025 21:51;4
CHM-8315229;QRT-88939;FUN-71181;Wi-Fi;Baixa;02.11.24;04/11/2024 01:08;2
CHM-4838516;QRT-03369;FUN-08486;Frigobar com Defeito;P3;03.11.24;05-11-2024;1
CHM-1963375;QRT-09785;FUN-66580;Limpeza Extra;P3;04/07/2025 20:45;05/07/2025 10:20;5
CHM-3304309;QRT-63645;FUN-22027;Hidráulica;Média;24/02/2025 15:15;24/02/2025 21:30;4
CHM-2398683;QRT-95618;FUN-01568;Hidráulica;Média;05/01/2025 08:14;05-01-2025;5
CHM-0397419;QRT-53040;FUN-48159;Wi-Fi;Média;2024-12-01;01/12/2024 07:11;3
CHM-3757762;QRT-84941;FUN-01568;Elétrica;Alta;2025-12-22;22/12/2025 18:18;1
CHM-6323052;QRT-73232;FUN-88121;Hidráulica;Baixa;16.01.25;2025-01-17;5
CHM-6702133;QRT-90762;FUN-05739;Frigobar com Defeito;Média;23/09/2024 23:01;24/09/2024 01:52;5
CHM-8900451;QRT-20026;FUN-21094;Fechadura Eletrônica;ALTA;04-02-2025;04-02-2025;3
CHM-0735223;QRT-04414;FUN-12576;Limpeza Extra;Baixa;02.06.26;02.06.26;3
CHM-2575769;QRT-43677;FUN-94946;Limpeza Extra;Média;01/10/2024 16:13;01/10/2024 20:26;4
CHM-4006466;QRT-66307;FUN-45111;Frigobar com Defeito;P3;05/11/2024 08:46;05/11/2024 16:46;5
CHM-4981315;QRT-75221;FUN-48683;TV / Controle;Baixa;08-11-2024;2024-11-09;5
CHM-3096977;QRT-24929;FUN-34873;Elétrica;Média;19/12/2025 20:28;20-12-2025;5
CHM-2425025;QRT-37672;FUN-32345;Ar-condicionado;Alta;22/01/2025 22:15;2025-01-23;1
CHM-4710767;QRT-98284;FUN-32345;Elétrica;Média;02/12/2024 12:59;02.12.24;2
CHM-2690599;QRT-38689;FUN-23383;AR-CONDICIONADO;Média;2025-10-26;27/10/2025 00:45;2
CHM-6452660;QRT-80227;FUN-96106;Limpeza Extra;Baixa;18-07-2024;20-07-2024;2
CHM-7538678;QRT-00699;FUN-22027;Ar-condicionado;Baixa;21/04/2025 08:34;22/04/2025 10:56;3
CHM-3300359;QRT-73974;FUN-18700;Limpeza Extra;Alta;18.12.25;19/12/2025 00:11;5
CHM-4779640;QRT-82654;FUN-25313;ELÉTRICA;Alta;17/11/2025 21:42;18/11/2025 03:40;1
CHM-8817001;QRT-53040;FUN-23383;Hidráulica;Média;27/04/2026 08:29;27/04/2026 11:02;4
CHM-3701427;QRT-26716;FUN-41540;Hidráulica;Alta;01/08/2024 14:49;01/08/2024 18:04;3
CHM-2689965;QRT-99814;FUN-65780;hidráulica;Alta;12/03/2026 12:07;12/03/2026 13:02;4
CHM-5816004;QRT-94225;FUN-86194;Hidráulica;Baixa;08/08/2025 16:00;2025-08-09;1
CHM-0634931;QRT-56047;FUN-23286;Ar-condicionado;P3;20/02/2025 20:58;21.02.25;5
CHM-1686856;QRT-19734;FUN-09324;Limpeza Extra;Baixa;16/10/2025 14:30;17/10/2025 09:16;5
CHM-6617172;QRT-89068;FUN-10947;Limpeza Extra;Média;29.12.25;29/12/2025 13:20;4
CHM-9066081;QRT-57763;FUN-90839;Ar-condicionado;Alta;16/12/2025 18:45;16/12/2025 18:55;5
CHM-2203630;QRT-01562;FUN-67710;Hidráulica;Média;12/02/2026 16:35;12/02/2026 20:26;4
CHM-0591632;QRT-08549;FUN-09102;Limpeza Extra;Baixa;2025-09-14;16/09/2025 19:49;2
CHM-4160016;QRT-57181;FUN-96106;Wi-Fi;Alta;03/06/2025 23:08;03.06.25;4
CHM-9800764;QRT-59117;FUN-08849;Ar-condicionado;Média;23/09/2024 11:48;23.09.24;4
CHM-3477356;QRT-78115;FUN-19473;Fechadura Eletrônica;Média;07/07/2024 11:54;07/07/2024 13:38;5
CHM-1729682;QRT-87183;FUN-12576;Ar-condicionado;Média;28/09/2024 11:19;28/09/2024 15:09;4
CHM-6619916;QRT-55013;FUN-92045;TV / Controle;Média;2026-05-12;12/05/2026 18:39;4
CHM-5235003;QRT-68610;FUN-04670;Ar-condicionado;Baixa;2026-02-10;10-02-2026;5
CHM-2554285;QRT-68507;FUN-32345;Hidráulica;Média;27/12/2024 18:08;2024-12-27;5
CHM-5345238;QRT-02055;FUN-52793;Hidráulica;Baixa;24/11/2025 12:58;24/11/2025 18:42;5
CHM-8750906;QRT-95939;FUN-37715;Elétrica;Média;24/09/2025 09:59;24/09/2025 18:29;2
CHM-8886325;QRT-95939;FUN-74014;Hidráulica;Média;08/08/2024 15:59;08/08/2024 20:20;5
CHM-2414758;QRT-07517;FUN-71493;Limpeza Extra;Média;13-12-2024;13/12/2024 10:49;3
CHM-3065677;QRT-22585;FUN-86199;Elétrica;Baixa;23/07/2025 09:35;23/07/2025 12:19;5
CHM-0721989;QRT-54918;FUN-29826;Limpeza Extra;Média;10/12/2024 14:42;10/12/2024 23:44;2
CHM-1735454;QRT-24810;FUN-37715;Hidráulica;Baixa;17/10/2024 23:20;18/10/2024 13:23;5
CHM-0701824;QRT-69375;FUN-15867;Eletrica;Média;23.11.25;23.11.25;4
CHM-2537647;QRT-94556;FUN-34079;TV / Controle;Alta;01/08/2025 11:13;01/08/2025 14:19;2
CHM-9662936;QRT-78808;FUN-22027;TV / Controle;Média;25/12/2024 09:28;2024-12-25;3
CHM-2308189;QRT-94862;FUN-34873;Fechadura Eletrônica;Baixa;18-03-2025;18/03/2025 22:10;5
CHM-1210388;QRT-16398;FUN-21094;Elétrica;Média;10/12/2025 18:17;11/12/2025 04:06;3
CHM-1902257;QRT-67310;FUN-64047;Ar-condicionado;Média;27/08/2025 18:28;28/08/2025 03:34;3
CHM-5728013;QRT-68507;FUN-64755;Ar-condicionado;Média;18/07/2024 11:27;2024-07-18;4
CHM-9960624;QRT-22178;FUN-19473;Ar-condicionado;Média;16/05/2026 15:01;16/05/2026 18:34;4
CHM-8248152;QRT-53290;FUN-12040;Wi-Fi;Baixa;12-06-2026;13/06/2026 03:32;4
CHM-5050889;QRT-32164;FUN-78820;Ar-condicionado;Baixa;2025-05-02;03/05/2025 12:34;4
CHM-3096657;QRT-53868;FUN-81524;Ar-condicionado;Média;22-11-2025;22-11-2025;3
CHM-8116274;QRT-08689;FUN-43763;TV / Controle;Alta;17/07/2025 10:28;2025-07-17;5
CHM-0810315;QRT-59560;FUN-86199;Fechadura Eletrônica;Média;29/10/2025 19:06;29/10/2025 22:23;5
CHM-8418874;QRT-76445;FUN-23286;Frigobar com Defeito;Baixa;2024-08-19;20/08/2024 08:33;5
CHM-6237816;QRT-53432;FUN-09102;TV / Controle;Média;23/09/2025 18:21;23-09-2025;5
CHM-8102745;QRT-46748;FUN-13975;ar-condicionado;Baixa;06/07/2024 09:23;06/07/2024 19:48;5
CHM-5455243;QRT-27801;FUN-45111;Elétrica;Média;22.01.26;2026-01-22;5
CHM-4599921;QRT-06780;FUN-74014;Elétrica;Baixa;23/06/2026 15:06;23/06/2026 21:31;4
CHM-6879457;QRT-02711;FUN-64755;Hidráulica;P2;26.03.26;27/03/2026 02:30;2
CHM-7149647;QRT-01562;FUN-16922;Hidráulica;Baixa;24/04/2025 20:25;25/04/2025 02:40;5
CHM-4734967;QRT-11607;FUN-96354;Elétrica;Baixa;08-12-2025;09/12/2025 00:03;4
CHM-1484955;QRT-29439;FUN-15784;Wi-Fi;BAIXA;29/03/2026 20:51;29/03/2026 23:45;5
CHM-4628440;QRT-15228;FUN-15784;Elétrica;Média;26/01/2026 09:13;2026-01-26;3
CHM-7674783;QRT-88654;FUN-23383;Ar-condicionado;Média;12/05/2026 22:09;2026-05-13;3
CHM-5547378;QRT-52853;FUN-39946;TV / Controle;Média;12/03/2025 20:36;2025-03-12;5
CHM-7236725;QRT-03540;FUN-71493;Wi-Fi;Média;06/06/2026 22:53;07/06/2026 02:25;5
CHM-2726964;QRT-72078;FUN-32345;Fechadura Eletrônica;Alta;09/09/2024 16:22;09-09-2024;3
CHM-3276776;QRT-13326;FUN-05739;Limpeza Extra;Média;2026-05-08;09/05/2026 05:17;5
CHM-6833240;QRT-02055;FUN-10947;TV / Controle;Baixa;16/12/2024 17:25;18-12-2024;3
CHM-2917943;QRT-57181;FUN-64755;Limpeza Extra;Média;29/09/2024 10:18;29/09/2024 11:57;5
CHM-6773211;QRT-69375;FUN-50800;Ar-condicionado;Média;09/12/2024 18:36;09/12/2024 22:33;5
CHM-0233209;QRT-60661;FUN-37715;Elétrica;P3;01/03/2025 06:54;01-03-2025;5
CHM-8783054;QRT-23155;FUN-57664;TV / Controle;Alta;21/06/2025 16:21;21/06/2025 17:12;5
CHM-1180352;QRT-83665;FUN-10947;Wi-Fi;Baixa;13/08/2025 12:21;13/08/2025 23:28;4
CHM-1007247;QRT-25217;FUN-87234;TV / Controle;Baixa;11/02/2025 21:50;13/02/2025 06:09;2
CHM-2645678;QRT-29393;FUN-07814;Ar-condicionado;P3;24/09/2025 22:43;25/09/2025 23:56;1
CHM-9458299;QRT-60845;FUN-69727;Ar-condicionado;P1;15/03/2026 15:08;15/03/2026 16:43;5
CHM-2152687;QRT-21496;FUN-41540; TV / Controle;Alta;29/03/2026 19:53;29/03/2026 20:13;5
CHM-3680200;QRT-85702;FUN-19473;Hidráulica;Média;2025-10-14;14/10/2025 20:02;3
CHM-1840997;QRT-84941;FUN-86199;Ar-condicionado;Baixa;2026-02-02;02-02-2026;4
CHM-3060367;QRT-65055;FUN-65780;Wi-Fi;Baixa;18/04/2026 13:14;19/04/2026 08:52;4
CHM-2853903;QRT-55013;FUN-08828;Limpeza Extra;Média;18/02/2026 16:06;18/02/2026 22:03;5
CHM-0457536;QRT-16851;FUN-78820;Limpeza Extra;Média;07.03.25;08.03.25;4
CHM-6540254;QRT-85702;FUN-83865;Ar-condicionado;Média;2025-11-12;12/11/2025 14:01;4
CHM-2958892;QRT-22076;FUN-35080;hidráulica;Baixa;28/10/2025 16:25;30/10/2025 15:53;1
CHM-8192569;QRT-66602;FUN-12040;Elétrica;Média;16/02/2026 11:08;16/02/2026 16:48;5
CHM-6225960;QRT-61962;FUN-05739;Limpeza Extra;Alta;25/01/2025 18:54;25.01.25;5
CHM-8435665;QRT-51483;FUN-12040;Ar-condicionado;Média;23/09/2025 14:37;2025-09-23;4
CHM-2244782;QRT-55333;FUN-36473;Ar-condicionado;Baixa;21/05/2026 22:02;22/05/2026 04:14;5
CHM-4990796;QRT-31340;FUN-76103;Ar-condicionado;Baixa;14/03/2026 06:44;15.03.26;5
CHM-0119072;QRT-57763;FUN-09102;Ar-condicionado;Média;18-03-2025;18/03/2025 23:23;5
CHM-6778460;QRT-13758;FUN-08109;Frigobar com Defeito;Média;24.09.24;24/09/2024 22:49;3
CHM-8046328;QRT-92171;FUN-19473;Hidráulica;MÉDIA;2025-12-02;02.12.25;5
CHM-6400310;QRT-13238;FUN-37715;Hidráulica;Alta;2024-08-13;13/08/2024 23:47;3
CHM-7220056;QRT-28319;FUN-22027;Frigobar com Defeito  ;Média;22/08/2024 10:32;22-08-2024;4
CHM-9273502;QRT-24594;FUN-47371;Wi-Fi;Alta;08/07/2024 12:34;08.07.24;5
CHM-2811426;QRT-84007;FUN-07814;Ar-condicionado;Baixa;27-03-2025;27/03/2025 18:48;5
CHM-1376799;QRT-84972;FUN-76103;Wi-Fi;Baixa;27/12/2025 10:06;28.12.25;5
CHM-2108080;QRT-08549;FUN-69104;Fechadura Eletrônica;Média;03/02/2026 20:31;04/02/2026 04:53;1
CHM-7310276;QRT-03049;FUN-78820;Wi-Fi;Alta;01/10/2025 19:40;01/10/2025 21:11;4
CHM-7158229;QRT-30636;FUN-15867;Fechadura Eletrônica;Baixa;02-01-2025;02/01/2025 23:42;3
CHM-0281149;QRT-66083;FUN-71493;Fechadura Eletrônica;Baixa;09/04/2025 18:56;10/04/2025 20:32;3
CHM-9618511;QRT-34521;FUN-43763;Ar-condicionado;Média;19/07/2025 07:26;19/07/2025 08:37;5
CHM-1527498;QRT-41316;FUN-45111;Elétrica;Baixa;2024-12-18;19/12/2024 04:41;5
CHM-4999499;QRT-49496;FUN-02909;Ar-condicionado;Alta;17/05/2026 12:10;17/05/2026 13:36;4
CHM-5232193;QRT-56980;FUN-57664;Limpeza Extra;Alta;17/10/2025 23:24;18/10/2025 00:06;4
CHM-4586272;QRT-92177;FUN-64047;Elétrica;Média;24/12/2024 23:48;25/12/2024 03:47;5
CHM-6469119;QRT-55192;FUN-23361;Ar-condicionado;Média;2025-12-15;15-12-2025;5
CHM-5584488;QRT-47168;FUN-23383;ELÉTRICA;Alta;04.10.25;04/10/2025 21:15;4
CHM-3721760;QRT-42497;FUN-01568;Ar-condicionado;Baixa;25/11/2024 12:05;25/11/2024 22:12;5
CHM-3537752;QRT-61287;FUN-08849;TV / Controle;Baixa;16/02/2026 11:12;16/02/2026 17:15;5
CHM-9442878;QRT-71975;FUN-64047;Hidráulica;Media;06.04.25;06/04/2025 12:15;5
CHM-5732732;QRT-46748;FUN-21094;Limpeza Extra;Baixa;10/09/2025 19:37;2025-09-11;5
CHM-2903523;QRT-24337;FUN-92311;Hidráulica;Média;20/03/2026 20:09;21/03/2026 09:01;1
CHM-0687211;QRT-18824;FUN-02909;Hidráulica;baixa;12/05/2025 21:05;13.05.25;3
CHM-3294934;QRT-85188;FUN-34873;Elétrica;Baixa;16/11/2025 07:47;16/11/2025 13:39;5
CHM-0395392;QRT-41934;FUN-22027;hidráulica;Média;2025-12-12;12.12.25;5
CHM-8538658;QRT-03049;FUN-16922;Ar-condicionado;Baixa;08/11/2024 13:52;08/11/2024 19:05;5
CHM-9429615;QRT-37204;FUN-48683;Elétrica;Média;01/11/2024 13:36;02/11/2024 00:08;3
CHM-0546598;QRT-27540;FUN-67710;Elétrica;Média;2026-01-06;06/01/2026 14:58;5
CHM-9602338;QRT-20026;FUN-55799;Ar-condicionado;Baixa;05/05/2026 12:43;05/05/2026 19:31;3
CHM-2102858;QRT-44425;FUN-21094; Wi-Fi;Alta;12/10/2025 11:07;12/10/2025 12:07;5
CHM-2751228;QRT-04283;FUN-52793;Wi-Fi;MÉDIA;30/10/2025 14:12;30/10/2025 16:38;5
CHM-3201490;QRT-42355;FUN-55799;TV / Controle;Baixa;02-11-2025;03-11-2025;1
CHM-4021966;QRT-95201;FUN-50800;Frigobar com Defeito;Alta;22/05/2026 12:15;22/05/2026 13:35;5
CHM-4119201;QRT-49331;FUN-25313;Frigobar com Defeito;Média;24/09/2024 09:59;24.09.24;5
CHM-1959864;QRT-51602;FUN-37715;TV / Controle;Média;07/01/2026 15:06;08/01/2026 01:24;2
CHM-9776710;QRT-17861;FUN-52793;Wi-Fi;Média;17/10/2025 15:11;17/10/2025 22:59;3
CHM-5762182;QRT-17114;FUN-74014;Hidráulica;alta;25/04/2025 22:00;26.04.25;3
CHM-5882560;QRT-26280;FUN-67282;TV / Controle;Baixa;21/08/2024 18:59;21/08/2024 22:21;3
CHM-3611127;QRT-65055;FUN-16922;Elétrica;Alta;13.12.24;13/12/2024 15:38;4
CHM-4153437;QRT-85367;FUN-08486;Fechadura Eletrônica;Média;16/06/2026 10:00;16/06/2026 13:25;5
CHM-4651662;QRT-24929;FUN-48683;Fechadura Eletrônica;Alta;26-10-2024;26/10/2024 14:07;4
CHM-5683732;QRT-29980;FUN-64755;Frigobar com Defeito;Média;28/02/2025 17:03;28.02.25;5
CHM-4669720;QRT-24594;FUN-47371;Limpeza Extra;Média;2025-12-18;18/12/2025 13:24;5
CHM-3257424;QRT-38773;FUN-37715;Hidráulica;Baixa;04.10.24;05/10/2024 08:48;4
CHM-7375768;QRT-88400;FUN-15784;Elétrica;Média;18/10/2025 07:54;18/10/2025 11:28;5
CHM-0020292;QRT-28645;FUN-01568;Hidráulica;Alta;08/07/2025 19:25;08/07/2025 20:15;4
CHM-8834679;QRT-54918;FUN-15867;Frigobar com Defeito;Baixa;18/04/2025 08:41;18/04/2025 23:09;4
CHM-8758353;QRT-26166;FUN-70436;Elétrica;Alta;31-12-2024;31-12-2024;5
CHM-9464521;QRT-81933;FUN-03036;Hidráulica;Baixa;29/05/2025 08:51;30/05/2025 03:30;3
CHM-1486095;QRT-66125;FUN-92045;Hidráulica;Alta;2025-04-21;2025-04-21;1
CHM-2124094;QRT-42497;FUN-86199;Ar-condicionado;Média;14/01/2025 13:59;15/01/2025 02:07;1
CHM-4561933;QRT-54953;FUN-08486;Wi-Fi;Alta;23/03/2026 09:29;23/03/2026 10:10;4
CHM-3765376;QRT-76445;FUN-55799;Limpeza Extra;Alta;05/10/2025 19:51;05/10/2025 20:28;5
CHM-3359108;QRT-04443;FUN-09102;Ar-condicionado;Média;24-02-2025;25/02/2025 03:33;5
CHM-3808381;QRT-10397;FUN-65780;Limpeza Extra;Baixa;2025-08-23;25/08/2025 09:18;3
CHM-0432299;QRT-85920;FUN-32345;Wi-Fi;Média;31/07/2024 09:18;31/07/2024 11:41;3
CHM-9863446;QRT-42444;FUN-18700;Wi-Fi;ALTA;08/09/2025 18:35;2025-09-08;5
CHM-1480826;QRT-59117;FUN-25313;Wi-Fi;Média;21-11-2025;21/11/2025 22:43;5
CHM-6537620;QRT-76445;FUN-03036;Limpeza Extra;Alta;20-02-2026;21/02/2026 07:34;2
CHM-7120873;QRT-47928;FUN-01568;TV / Controle;Baixa;13/07/2024 17:34;14-07-2024;4
CHM-3248374;QRT-02141;FUN-32345;Wi-Fi;Média;09/11/2024 19:49;10/11/2024 13:53;1
CHM-2971625;QRT-58808;FUN-28577;Ar-condicionado;Baixa;27/09/2024 10:18;27/09/2024 20:20;5
CHM-0871167;QRT-13326;FUN-57664; Limpeza Extra;Baixa;20-03-2025;2025-03-21;3
CHM-9645837;QRT-99814;FUN-73856;Ar-condicionado;Baixa;29/10/2024 06:02;29-10-2024;4
CHM-1135110;QRT-90762;FUN-32345;Ar-condicionado;Baixa;12.08.25;13/08/2025 03:00;5
CHM-8204202;QRT-03369;FUN-37715;Ar-condicionado;Alta;15/05/2026 09:16;15.05.26;5
CHM-9194148;QRT-86712;FUN-48683;Ar-condicionado;Baixa;26/08/2025 21:17;27/08/2025 06:15;5
CHM-0158679;QRT-75221;FUN-50800;Fechadura Eletrônica;Baixa;2026-05-01;02/05/2026 02:13;5
CHM-7464671;QRT-43677;FUN-82886;Limpeza Extra;Média;16/10/2025 12:41;16.10.25;4
CHM-7125247;QRT-74766;FUN-86199;Ar-condicionado;Baixa;23/06/2025 11:39;23/06/2025 16:22;5
CHM-9465057;QRT-74465;FUN-10947;TV / Controle;Alta;04/01/2025 14:20;04/01/2025 15:13;5
CHM-7471063;QRT-15228;FUN-64706;Ar-condicionado;Alta;2025-11-21;2025-11-21;5
CHM-7401730;QRT-49389;FUN-87234;Wi-Fi;Média;28/10/2025 15:35;28/10/2025 18:20;5
CHM-7890156;QRT-00699;FUN-22027;TV / Controle;Média;28/07/2025 10:25;28/07/2025 13:25;5
CHM-1956747;QRT-88654;FUN-28577;Ar-condicionado;Baixa;14/08/2024 18:08;15/08/2024 08:39;4
CHM-8931262;QRT-33730;FUN-15867;Limpeza Extra;Média;2025-07-24;24/07/2025 19:37;5
CHM-8356958;QRT-92321;FUN-71181;Ar-condicionado;Baixa;02/12/2024 20:25;03.12.24;2
CHM-6037010;QRT-63506;FUN-74014;TV / Controle;Baixa;23/12/2025 10:50;24/12/2025 14:08;1
CHM-9268667;QRT-43330;FUN-34873;Frigobar  com Defeito;Alta;14/10/2024 13:12;14/10/2024 14:39;4
CHM-2328920;QRT-85329;FUN-08234;TV / Controle;Baixa;25/07/2024 15:23;26-07-2024;3
CHM-2676857;QRT-23438;FUN-94946;Wi-Fi;Média;07/11/2024 13:32;07/11/2024 15:52;4
CHM-1540853;QRT-56321;FUN-76103;Ar-condicionado;Baixa;28-07-2024;30/07/2024 08:02;2
CHM-8946189;QRT-22178;FUN-65780;Limpeza Extra;baixa;20/10/2025 06:31;20/10/2025 11:21;4
CHM-6276491;QRT-81045;FUN-57664;Elétrica;Baixa;12/07/2024 19:22;13/07/2024 00:46;4
CHM-9750538;QRT-91492;FUN-69727; Wi-Fi;Baixa;07/08/2024 08:01;08/08/2024 04:05;4
CHM-7080976;QRT-59117;FUN-08849;Ar-condicionado;Média;24-04-2025;2025-04-24;3
CHM-4299305;QRT-23801;FUN-82886;Ar-condicionado;P3;31-03-2026;2026-04-01;3
CHM-3685188;QRT-92177;FUN-43763;Limpeza Extra;Média;27/02/2026 07:46;2026-02-27;2
CHM-8685308;QRT-86959;FUN-41540;Elétrica;Média;23.01.25;23-01-2025;3
CHM-7619288;QRT-45132;FUN-48159;TV / Controle;Alta;21/12/2025 06:08;21/12/2025 06:57;4
CHM-9947853;QRT-63609;FUN-18700;Hidráulica;Média;01/01/2025 16:13;01/01/2025 22:36;4
CHM-0223724;QRT-02007;FUN-08486;HIDRÁULICA;Baixa;05/05/2026 08:38;06/05/2026 03:36;5
CHM-3273146;QRT-86201;FUN-29826;Elétrica;Média;03/06/2026 15:58;2026-06-04;1
CHM-3550293;QRT-37204;FUN-34873;Fechadura Eletrônica;Alta;11-06-2026;2026-06-11;4
CHM-6590976;QRT-96617;FUN-65780;Ar-condicionado;Alta;04/02/2026 07:01;04/02/2026 07:33;5
CHM-1905802;QRT-43580;FUN-43763;Ar-condicionado;Baixa;05/05/2025 12:10;06/05/2025 02:11;5
CHM-8915427;QRT-40957;FUN-83865;TV / Controle;Alta;01.11.25;01/11/2025 15:34;5
CHM-5393413;QRT-96687;FUN-89330;Ar-condicionado;MÉDIA;10/08/2024 11:12;10.08.24;2
CHM-6240832;QRT-64260;FUN-94946;Elétrica;Média;31-10-2025;31/10/2025 17:38;4
CHM-8333572;QRT-69411;FUN-15867;Elétrica;Média;22.05.25;22.05.25;5
CHM-0377467;QRT-61962;FUN-49170;Ar-condicionado;Média;10/10/2024 09:01;10/10/2024 16:18;3
CHM-0528406;QRT-98370;FUN-05739;Limpeza Extra;Baixa;13/03/2025 08:17;13/03/2025 16:53;4
CHM-5760421;QRT-66195;FUN-08234;ELÉTRICA;Média;12-07-2025;12-07-2025;1
CHM-9017514;QRT-99264;FUN-45111;Hidráulica;Média;07/08/2025 15:05;07-08-2025;4
CHM-2444092;QRT-47759;FUN-07814;Ar-condicionado;Média;09-10-2025;09/10/2025 19:29;5
CHM-5901915;QRT-09395;FUN-15784;Ar-condicionado;Média;08/02/2025 18:33;08/02/2025 21:15;4
CHM-7259423;QRT-41316;FUN-76103;Ar-condicionado;Baixa;09/11/2024 21:31;10.11.24;5
CHM-6627690;QRT-69835;FUN-04670;TV / Controle;Alta;2026-05-30;30/05/2026 16:48;5
CHM-8236289;QRT-70944;FUN-76103;Elétrica;Alta;14/09/2024 10:07;14/09/2024 11:37;5
CHM-9210846;QRT-09261;FUN-52300;Limpeza Extra;Baixa;02/09/2025 13:38;03/09/2025 01:48;4
CHM-3588049;QRT-22178;FUN-67710;Elétrica;Alta;21/03/2026 06:39;21/03/2026 07:53;5
CHM-9981621;QRT-57763;FUN-41540;Hidráulica;baixa;14-02-2025;16/02/2025 13:51;3
CHM-4042560;QRT-17495;FUN-43763;Wi-Fi;Baixa;12/06/2026 22:55;14/06/2026 23:51;3
CHM-6289388;QRT-41934;FUN-49170;Limpeza Extra;Baixa;15/10/2024 17:47;16/10/2024 01:35;4
CHM-9435539;QRT-66101;FUN-47371;Ar-condicionado;Média;02/06/2026 20:20;03/06/2026 06:49;2
CHM-7390887;QRT-98042;FUN-83865;TV / Controle;Média;19/09/2025 18:51;19/09/2025 23:16;3
CHM-3037521;QRT-34396;FUN-08849;Fechadura Eletrônica;Baixa;14.02.25;14.02.25;4
CHM-3978005;QRT-68610;FUN-48159;Limpeza Extra;Baixa;30/06/2024 06:47;01/07/2024 10:49;2
CHM-3025881;QRT-37131;FUN-48159;Ar-condicionado;Baixa;2025-03-10;11/03/2025 07:04;5
CHM-7975612;QRT-61719;FUN-71493;Hidráulica;Média;14/09/2024 13:30;14.09.24;5
CHM-9569279;QRT-10455;FUN-67282;Ar-condicionado;BAIXA;17/08/2024 08:32;17/08/2024 12:42;4
CHM-8427492;QRT-23438;FUN-09102;Wi-Fi;Média;12/11/2024 19:07;12/11/2024 23:12;4
CHM-9005626;QRT-24810;FUN-37715;Wi-Fi;Alta;24/12/2024 11:05;24/12/2024 11:41;4
CHM-5880597;QRT-18531;FUN-02909;TV / Controle;Alta;13/01/2025 11:53;13/01/2025 15:12;3
CHM-9350691;QRT-13758;FUN-47371;Limpeza Extra;Alta;16-05-2026;16-05-2026;3
CHM-0637640;QRT-27833;FUN-48683;Ar-condicionado;Alta;06/06/2025 16:19;06/06/2025 17:26;4
CHM-6065490;QRT-83187;FUN-83865;Elétrica;Média;11/05/2026 10:10;11/05/2026 13:12;3
CHM-1648600;QRT-11592;FUN-07814;Fechadura Eletrônica;ALTA;27/02/2026 09:31;27.02.26;5
CHM-8981776;QRT-75030;FUN-65780;Hidráulica;BAIXA;14/11/2024 23:11;15-11-2024;4
CHM-8508876;QRT-11826;FUN-02909;Elétrica;Baixa;02/01/2025 07:34;05/01/2025 18:26;3
CHM-2436716;QRT-88939;FUN-12576;Limpeza Extra;Média;11/08/2024 06:52;11/08/2024 11:01;4
CHM-3030819;QRT-57763;FUN-82886;Hidráulica;Média;31/03/2026 22:55;01/04/2026 01:37;5
CHM-7214664;QRT-90762;FUN-22027;Wi-Fi;Baixa;11/12/2025 23:22;12.12.25;5
CHM-4634941;QRT-78524;FUN-78820;Ar-condicionado;Baixa;16/10/2025 08:19;17/10/2025 02:08;4
CHM-8011780;QRT-10455;FUN-64706;TV / Controle;Alta;09/02/2025 08:01;2025-02-09;5
CHM-9959245;QRT-92955;FUN-08828;Ar-condicionado;Alta;11/04/2025 11:48;11/04/2025 12:26;5
CHM-1333180;QRT-74690;FUN-50800;Fechadura Eletrônica;Alta;06.02.25;06.02.25;4
CHM-3795837;QRT-69835;FUN-12040;Limpeza Extra;Alta;17/08/2025 18:21;17/08/2025 19:04;3
CHM-6760196;QRT-43677;FUN-90839;TV / Controle;Alta;2024-10-25;25/10/2024 21:22;5
CHM-2965514;QRT-95923;FUN-34873;ar-condicionado;Baixa;2025-01-13;14/01/2025 01:50;4
CHM-2011476;QRT-03049;FUN-83865;Ar-condicionado;BAIXA;2025-12-03;04/12/2025 04:18;5
CHM-8937462;QRT-01798;FUN-48683;Frigobar com Defeito;Baixa;06/08/2025 16:08;08/08/2025 04:03;1
CHM-5571479;QRT-76281;FUN-74014;Elétrica;Alta;14/03/2026 22:24;14/03/2026 23:56;4
CHM-2332662;QRT-41748;FUN-96354;Ar-condicionado;Alta;09/02/2025 16:47;09.02.25;5
CHM-3354134;QRT-10607;FUN-96106;Elétrica;Baixa;29/06/2026 08:40;29/06/2026 18:21;5
CHM-1221651;QRT-04542;FUN-82886;Limpeza Extra  ;Baixa;04/12/2024 08:03;2024-12-05;1
CHM-4940866;QRT-59560;FUN-94946;Ar-condicionado;Média;20/04/2025 11:35;20/04/2025 18:33;4
CHM-7273860;QRT-43251;FUN-07814;Limpeza Extra;Alta;15/10/2025 22:53;2025-10-15;5
CHM-9260892;QRT-53040;FUN-36473;Hidráulica;Alta;04/03/2026 06:26;04/03/2026 08:41;3
CHM-7364010;QRT-32164;FUN-78820;Fechadura Eletrônica;Baixa;09-04-2025;09/04/2025 20:39;5
CHM-1435602;QRT-33730;FUN-34873;Ar-condicionado;Alta;21/07/2024 22:31;21/07/2024 23:08;5
CHM-3752192;QRT-27833;FUN-15867;Fechadura Eletrônica;Baixa;15/10/2025 13:22;15-10-2025;5
CHM-2901896;QRT-58808;FUN-36473;Hidráulica;Baixa;21/11/2024 08:45;22-11-2024;2
CHM-6799415;QRT-27801;FUN-66580;Wi-Fi;Média;05/04/2025 17:56;05-04-2025;4
CHM-8916837;QRT-94756;FUN-41540;TV / Controle;Alta;15/10/2025 09:03;15.10.25;4
CHM-4174965;QRT-83424;FUN-47371;Wi-Fi;Média;04/06/2025 06:28;04.06.25;5
CHM-6489617;QRT-63645;FUN-32345;Ar-condicionado;Alta;12/06/2026 17:11;12/06/2026 18:02;3
CHM-9373238;QRT-82431;FUN-71181;Ar-condicionado;Baixa;28/11/2025 15:54;29-11-2025;4
CHM-2114119;QRT-66170;FUN-28577;TV / Controle;Baixa;18/08/2024 13:57;18/08/2024 20:29;5
CHM-8282471;QRT-83689;FUN-05739;Ar-condicionado;Baixa;27/07/2024 07:53;27/07/2024 18:00;3
CHM-8796665;QRT-07517;FUN-08109;Ar-condicionado;Baixa;13/01/2025 10:30;14/01/2025 03:19;5
CHM-2051884;QRT-17820;FUN-13975;Elétrica;Média;2026-05-07;10-05-2026;3
CHM-7561941;QRT-39575;FUN-50800;Elétrica;Alta;21/09/2024 23:42;22/09/2024 00:31;5
CHM-4947266;QRT-73451;FUN-29826;Ar-condicionado;Média;14-07-2025;14/07/2025 22:48;4
CHM-4956843;QRT-51351;FUN-22607;Wi-Fi;Média;2025-12-21;21-12-2025;4
CHM-6800433;QRT-47964;FUN-34873;Elétrica;Baixa;08/07/2025 23:56;11/07/2025 09:06;2
CHM-7618375;QRT-43677;FUN-01568;Elétrica;Média;20-03-2025;21.03.25;5
CHM-1321534;QRT-81775;FUN-43763;Frigobar com Defeito;Média;31.07.25;31/07/2025 12:31;5
CHM-6329972;QRT-53290;FUN-04670;Ar-condicionado;Baixa;02/11/2024 22:35;03-11-2024;5
CHM-4426900;QRT-95712;FUN-65780;Limpeza Extra;Baixa;22/10/2025 23:13;27/10/2025 07:43;3
CHM-3195615;QRT-49496;FUN-08849;Elétrica;Média;26.12.25;27/12/2025 03:42;1
CHM-1666431;QRT-24274;FUN-15867;Hidráulica;Alta;12-11-2025;12-11-2025;3
CHM-1358747;QRT-65173;FUN-92311;Ar-condicionado;Média;19/12/2024 14:37;19/12/2024 19:15;5
CHM-6445633;QRT-09849;FUN-48683;Wi-Fi;Média;24/10/2024 16:04;24/10/2024 20:48;3
CHM-7349180;QRT-04414;FUN-12576;Elétrica;Média;28/11/2025 16:52;28/11/2025 19:20;5
CHM-8285205;QRT-56047;FUN-92045;Ar-condicionado;Média;03/04/2025 06:48;03/04/2025 10:14;4
CHM-9831418;QRT-39368;FUN-18700;Hidráulica;Baixa;2026-06-11;13/06/2026 04:51;2
CHM-1596703;QRT-16535;FUN-86194;Limpeza Extra;Baixa;17/03/2026 21:16;18/03/2026 05:03;5
CHM-0033113;QRT-07031;FUN-66580;Ar-condicionado;Média;12/10/2025 14:51;12/10/2025 18:08;4
CHM-3135491;QRT-41316;FUN-52300;Elétrica;Média;04/10/2025 12:20;04/10/2025 15:50;4
CHM-2192937;QRT-04025;FUN-67710;Limpeza Extra;Alta;30/09/2024 06:47;2024-09-30;5
CHM-0017237;QRT-70661;FUN-86199;Ar-condicionado;Baixa;11/06/2026 12:57;12/06/2026 03:54;5
CHM-8930468;QRT-11142;FUN-08828;Wi-Fi;Média;01/07/2024 20:29;02/07/2024 00:45;4
CHM-1453375;QRT-03369;FUN-08486;Elétrica;Média;2024-07-14;15/07/2024 01:15;4
CHM-4516547;QRT-37102;FUN-76103;Wi-Fi;Média;22.09.25;22.09.25;4
CHM-5791886;QRT-26354;FUN-09102;Fechadura Eletrônica;Média;21/07/2025 19:48;21/07/2025 23:35;4
CHM-1857760;QRT-58808;FUN-28577;TV / Controle;Alta;20/06/2026 22:11;20/06/2026 22:44;5
CHM-7863100;QRT-84007;FUN-81524;Frigobar  com Defeito;Baixa;19/06/2025 19:14;20/06/2025;4
CHM-7064738;QRT-07517;FUN-25313;Limpeza Extra  ;Baixa;01.07.24;02/07/2024 04:35;5
CHM-0296977;QRT-52853;FUN-12576;Wi-Fi;Média;18/09/2024 19:12;18/09/2024 23:02;5
CHM-4346644;QRT-11607;FUN-36473;Ar-condicionado;Baixa;30/07/2025 18:31;31/07/2025 02:50;5
CHM-3994031;QRT-29802;FUN-78820;Ar-condicionado;Média;10/12/2025 18:17;11/12/2025 00:14;5
CHM-7496172;QRT-03659;FUN-64755;Ar-condicionado;Baixa;18-05-2026;19/05/2026 21:34;2
CHM-1430244;QRT-29439;FUN-43763;Hidráulica;Alta;10/12/2024 17:38;10/12/2024 18:13;5
CHM-0016202;QRT-26237;FUN-88121;Ar-condicionado;Alta;29/07/2025 09:55;29-07-2025;4
CHM-4307783;QRT-39575;FUN-15867;Frigobar com Defeito;Média;02/05/2025 17:20;03/05/2025 00:18;5
CHM-9772740;QRT-87593;FUN-67710;Fechadura Eletrônica;Baixa;01/05/2025 23:11;02-05-2025;3
CHM-1712949;QRT-29980;FUN-96106;Elétrica;Alta;21/09/2025 09:00;21/09/2025 11:32;2
CHM-6547048;QRT-49331;FUN-02909;Ar-condicionado;Média;09/03/2025 21:35;10/03/2025 01:18;5
CHM-0319715;QRT-66195;FUN-82886;TV  / Controle;Baixa;18/09/2024 17:27;19.09.24;5
CHM-4540688;QRT-99673;FUN-43763;Limpeza Extra;Média;2025-02-20;21/02/2025 00:55;2
CHM-1881941;QRT-70536;FUN-15784;HIDRÁULICA;Media;31/12/2025 22:34;01/01/2026 01:37;5
CHM-0819259;QRT-63506;FUN-71181;Wi-Fi;Baixa;03-07-2025;03/07/2025 15:55;5
CHM-1477020;QRT-68507;FUN-96106;Frigobar com Defeito;Média;26/11/2024 14:41;27/11/2024 13:18;2
CHM-9211290;QRT-87466;FUN-08849;Limpeza Extra;Baixa;15/04/2025 15:47;16.04.25;2
CHM-7087834;QRT-56321;FUN-76103;Limpeza Extra;Alta;16/09/2025 22:35;16/09/2025 23:14;5
CHM-5159462;QRT-16068;FUN-25313;Limpeza Extra;Alta;15/05/2025 19:42;2025-05-15;5
CHM-0491489;QRT-26756;FUN-94946;TV / Controle;Média;01.06.25;2025-06-01;4
CHM-3346352;QRT-29802;FUN-16922;Ar-condicionado;MÉDIA;05/08/2025 17:28;06/08/2025 00:44;5
CHM-1216365;QRT-95618;FUN-90839;TV / Controle;Baixa;20/03/2025 16:04;21/03/2025 02:06;5
CHM-2339004;QRT-54489;FUN-05739;TV / Controle;Média;06-02-2026;2026-02-07;1
CHM-2704348;QRT-26237;FUN-15784;Limpeza Extra;Média;26/08/2025 23:40;27/08/2025 02:25;4
CHM-5091942;QRT-72908;FUN-37715;Frigobar com Defeito;Alta;06/01/2025 23:59;07-01-2025;5
CHM-9288622;QRT-96617;FUN-19473;Ar-condicionado;Baixa;17.07.24;18/07/2024 01:15;5
CHM-4400408;QRT-29015;FUN-69727;Ar-condicionado;Alta;31/08/2025 08:43;31/08/2025 10:34;4
CHM-0158202;QRT-03049;FUN-73856;Hidráulica;Baixa;22-12-2025;22/12/2025 15:59;4
CHM-6451275;QRT-44318;FUN-50800;Hidráulica;Baixa;04/01/2026 13:36;05.01.26;3
CHM-2993565;QRT-22178;FUN-65780;Hidráulica;Média;23/08/2024 07:29;23/08/2024 10:02;4
CHM-8385902;QRT-96428;FUN-52793;Hidráulica;Média;13/09/2024 20:38;14/09/2024 01:56;4
CHM-0733462;QRT-85367;FUN-71181;Limpeza Extra;Média;2026-04-02;02/04/2026 10:46;4
CHM-9700648;QRT-85920;FUN-49170;TV / Controle;Média;23/10/2025 08:16;23/10/2025 09:34;4
CHM-0482424;QRT-47928;FUN-09102;Ar-condicionado;Baixa;24/09/2024 23:46;25/09/2024 20:51;4
CHM-7412353;QRT-41748;FUN-48159;Ar-condicionado;ALTA;06/04/2026 15:50;06/04/2026 16:32;4
CHM-5338659;QRT-04443;FUN-82886;Ar-condicionado;Média;12/05/2026 18:34;13/05/2026 02:46;2
CHM-7373244;QRT-59474;FUN-18700;Elétrica;Alta;17/02/2026 15:10;17/02/2026 15:50;4
CHM-9969203;QRT-02141;FUN-32345;Wi-Fi;Média;08/12/2024 08:27;08/12/2024 11:12;4
CHM-8549905;QRT-96972;FUN-37715;Limpeza Extra;Média;12/06/2025 11:17;12/06/2025 12:46;5
CHM-9487064;QRT-54953;FUN-52793;Fechadura Eletrônica;Alta;30/07/2025 13:02;30/07/2025 14:05;5
CHM-9033174;QRT-57763;FUN-09102;Limpeza Extra;Baixa;08/03/2026 14:27;08/03/2026 21:53;5
CHM-5171919;QRT-62284;FUN-25313;Ar-condicionado;Média;05/07/2025 06:30;05/07/2025 13:17;5
CHM-8186933;QRT-47964;FUN-50800;Wi-Fi;Média;29/04/2026 21:51;30/04/2026 12:43;3
CHM-3367363;QRT-39575;FUN-48683;Ar-condicionado;Baixa;17.03.26;18/03/2026 03:05;5
CHM-0176017;QRT-63784;FUN-66580;Ar-condicionado;Baixa;04/04/2026 06:48;2026-04-06;1
CHM-1801441;QRT-02007;FUN-52793;Ar-condicionado;Baixa;2025-01-16;17/01/2025 09:46;5
CHM-5606873;QRT-70944;FUN-18700;Ar-condicionado;Baixa;22/06/2025 10:14;24-06-2025;3
CHM-4041877;QRT-04025;FUN-73856;Wi-Fi;Média;14/10/2025 14:23;2025-10-15;2
CHM-1110203;QRT-68204;FUN-03036;Elétrica;Alta;18/11/2024 16:44;18/11/2024 17:34;3
CHM-7309106;QRT-73451;FUN-69727;Fechadura Eletrônica;Baixa;01/03/2025 09:52;01/03/2025 17:56;5
CHM-6929539;QRT-84007;FUN-52300;Ar-condicionado;Baixa;2025-08-24;24/08/2025 23:04;5
CHM-6973623;QRT-14624;FUN-29826;Ar-condicionado;Média;25/01/2026 10:23;25/01/2026 12:06;4
CHM-2816769;QRT-16851;FUN-73856;Ar-condicionado;Média;2024-11-13;13.11.24;4
CHM-4840527;QRT-68692;FUN-32345;Frigobar com Defeito;Media;25-11-2025;25/11/2025 19:22;5
CHM-1467717;QRT-42714;FUN-36473;Frigobar com Defeito;Baixa;08/02/2025 14:15;08-02-2025;4
CHM-5818493;QRT-92177;FUN-64706;ar-condicionado;Baixa;08/10/2024 09:48;09/10/2024 19:57;1
CHM-2221446;QRT-19734;FUN-09324;Limpeza Extra;Média;29/11/2024 06:10;29/11/2024 10:03;5
CHM-3634179;QRT-26539;FUN-23383;Ar-condicionado;Alta;14/10/2025 13:39;14/10/2025 16:29;3
CHM-5759419;QRT-10817;FUN-48159;Wi-Fi;Alta;04/09/2024 19:02;04/09/2024 20:30;5
CHM-3708004;QRT-42444;FUN-45111;Wi-Fi;Média;04.01.25;04/01/2025 20:27;3
CHM-3068101;QRT-78115;FUN-73856;Ar-condicionado;Média;27/04/2025 09:52;27-04-2025;4
CHM-0429079;QRT-45866;FUN-48683;TV / Controle;Média;14/01/2025 23:23;15/01/2025 09:39;2
CHM-7676731;QRT-91492;FUN-69727;Wi-Fi;P3;03.11.24;2024-11-04;5
CHM-4473381;QRT-09261;FUN-23361;Frigobar com Defeito;Alta;14/02/2026 23:29;15.02.26;5
CHM-2991642;QRT-44425;FUN-08828;Limpeza Extra;Média;07/08/2025 15:58;07/08/2025 20:38;5
CHM-1064559;QRT-89068;FUN-37715;Elétrica;Baixa;19.01.26;21/01/2026 20:31;2
CHM-3046728;QRT-22560;FUN-50800;Ar-condicionado;P2;04/09/2025 22:25;2025-09-05;4
CHM-7053464;QRT-65099;FUN-25313;Ar-condicionado;P3;27/09/2024 07:54;28-09-2024;3
CHM-8309289;QRT-99181;FUN-35080;Elétrica;Alta;27/11/2025 11:59;27/11/2025 14:37;1
CHM-7338456;QRT-92177;FUN-64706;Hidráulica;Média;06.08.25;06.08.25;5
CHM-8056590;QRT-66092;FUN-08234;Hidráulica;Baixa;16/06/2025 06:36;17/06/2025 05:07;5
CHM-9339546;QRT-93180;FUN-49170;Wi-Fi;Média;24-12-2025;24/12/2025 13:10;5
CHM-4108221;QRT-45132;FUN-04670;Fechadura Eletrônica;baixa;2024-10-19;20/10/2024 04:47;4
CHM-9735513;QRT-91810;FUN-94946;Ar-condicionado;baixa;13.05.25;14/05/2025 10:08;5
CHM-7116898;QRT-06113;FUN-23286;Wi-Fi;Baixa;15/11/2024 08:47;15/11/2024 20:03;5
CHM-7672191;QRT-42444;FUN-89330;Ar-condicionado;Média;26/10/2025 07:03;26/10/2025 08:17;5
CHM-8761163;QRT-25571;FUN-64706;Elétrica;Média;29-06-2026;30-06-2026;5
CHM-8924907;QRT-02141;FUN-64755;Hidráulica;Baixa;12/01/2025 18:24;13/01/2025 10:14;4
CHM-7061322;QRT-64556;FUN-96354;Elétrica;Alta;19/06/2026 23:04;19-06-2026;5
CHM-0767814;QRT-54375;FUN-18700;TV / Controle;Alta;28/09/2024 23:39;29.09.24;5
CHM-9944527;QRT-53868;FUN-89330;Hidráulica;Média;29/01/2026 11:59;29/01/2026 15:47;4
CHM-7394208;QRT-53290;FUN-92311;Hidráulica;Alta;21/03/2026 06:32;21/03/2026 09:10;3
CHM-0942418;QRT-29854;FUN-57664;Elétrica;Baixa;2025-07-25;27/07/2025 21:05;2
CHM-7697943;QRT-83481;FUN-78820;Fechadura Eletrônica;Média;02/02/2025 19:29;03/02/2025 04:59;1
CHM-0232416;QRT-82431;FUN-74014;Elétrica;MÉDIA;09/11/2024 11:11;10/11/2024 19:57;2
CHM-3537365;QRT-18531;FUN-22607;Limpeza Extra;Baixa;11/04/2025 19:59;14/04/2025 12:11;3
CHM-4742167;QRT-02047;FUN-08828;Hidráulica;Média;04/06/2026 22:27;05.06.26;5
CHM-6477606;QRT-63506;FUN-12576;Wi-Fi;Alta;02.03.25;2025-03-02;3
CHM-4401366;QRT-88284;FUN-86194;Elétrica;Média;14/03/2026 10:04;14/03/2026 11:01;5
CHM-3356232;QRT-54489;FUN-49170;Limpeza Extra;baixa;14/01/2025 17:44;14-01-2025;4
CHM-2589351;QRT-44425;FUN-03036;TV / Controle;MÉDIA;07/11/2024 10:02;07.11.24;4
CHM-6891704;QRT-95201;FUN-29826;Wi-Fi;Alta;24/11/2025 23:23;25/11/2025 00:24;5
CHM-4075013;QRT-88906;FUN-92311;Ar-condicionado;Alta;09/12/2025 10:07;09/12/2025 10:47;5
CHM-3192918;QRT-11592;FUN-52300;Ar-condicionado;Média;25/10/2025 06:37;25.10.25;4
CHM-5515384;QRT-44476;FUN-67710;Limpeza Extra;P1;2026-01-12;12/01/2026 12:04;3
CHM-1928335;QRT-63869;FUN-15867;Ar-condicionado;Baixa;2024-07-01;02-07-2024;4
CHM-1474653;QRT-84837;FUN-04670;Frigobar com Defeito;Média;06/06/2025 12:24;06/06/2025 15:10;5
CHM-6038046;QRT-41338;FUN-43763;Fechadura Eletrônica;MÉDIA;19/05/2025 23:31;20/05/2025 07:21;3
CHM-5782538;QRT-23801;FUN-09324;Elétrica;Alta;31-01-2025;31/01/2025 17:24;3
CHM-9418041;QRT-54953;FUN-39946;Hidráulica;Baixa;17.12.25;18/12/2025 07:42;5
CHM-4600572;QRT-35519;FUN-50800;Limpeza Extra;Baixa;2025-04-19;20/04/2025 09:53;2
CHM-0067556;QRT-25409;FUN-64706;Elétrica;Média;25-07-2024;25/07/2024 22:21;5
CHM-6483840;QRT-52853;FUN-08486;Elétrica;Alta;19/02/2026 22:39;20/02/2026 00:29;5
CHM-9117320;QRT-78808;FUN-49170;Wi-Fi;Média;11/02/2025 09:36;11/02/2025 12:08;3
CHM-3778531;QRT-54048;FUN-92045;Limpeza Extra;MÉDIA;30/03/2026 13:10;30.03.26;5
CHM-6737118;QRT-53914;FUN-83865;Ar-condicionado;Alta;12/09/2025 22:36;13/09/2025 00:38;2
CHM-0115335;QRT-11649;FUN-07814;Ar-condicionado;Alta;21-05-2025;21/05/2025 11:28;5
CHM-5067577;QRT-02055;FUN-37715;Ar-condicionado;Média;31/03/2025 21:22;01/04/2025 01:48;4
CHM-2610345;QRT-30636;FUN-29826;Ar-condicionado;Média;19.05.26;19-05-2026;4
CHM-0569347;QRT-10455;FUN-64047;Wi-Fi;Alta;26/02/2025 15:24;2025-02-26;4
CHM-5296734;QRT-94756;FUN-82886;Ar-condicionado;Média;12/04/2025 08:50;12/04/2025 15:11;4
CHM-8352887;QRT-81045;FUN-96106;Hidráulica;Alta;2025-08-26;26-08-2025;5
CHM-9078919;QRT-00593;FUN-86199;Ar-condicionado;Baixa;16.01.26;16.01.26;5
CHM-9157831;QRT-03596;FUN-25313;Hidráulica;Média;13.11.25;13/11/2025 20:31;4
CHM-0871672;QRT-78055;FUN-47371;TV / Controle;Baixa;14/04/2025 06:19;15.04.25;3
CHM-4853586;QRT-56321;FUN-18700;TV / Controle;Baixa;26/02/2025 23:53;27/02/2025 07:01;3
CHM-1162299;QRT-43251;FUN-89330;Hidráulica;Média;09/07/2024 08:21;2024-07-09;4
CHM-7761336;QRT-70123;FUN-55799;TV / Controle;Média;09.07.25;09/07/2025 12:20;4
CHM-9268230;QRT-27574;FUN-66580;Hidráulica;Média;19/07/2025 09:31;19/07/2025 11:25;3
CHM-3094301;QRT-85739;FUN-08486;Wi-Fi;Média;09-03-2025;09/03/2025 21:11;4
CHM-2418805;QRT-43580;FUN-67282;Hidráulica;Baixa;30/04/2025 18:33;01/05/2025 06:06;4
CHM-4244400;QRT-27833;FUN-29826;Hidráulica;Média;22/04/2026 22:38;23/04/2026 04:01;5
CHM-9877812;QRT-87654;FUN-71493;TV / Controle;Baixa;08/03/2025 19:07;09/03/2025 16:45;4
CHM-0533900;QRT-68610;FUN-92311;Wi-Fi;Media;25/08/2024 13:08;25/08/2024 15:32;5
CHM-7640509;QRT-24810;FUN-71181;Limpeza Extra;Média;20/01/2025 21:02;21/01/2025 02:02;3
CHM-3874739;QRT-40975;FUN-08109;Ar-condicionado;Baixa;19/06/2026 23:48;21/06/2026 01:48;3
CHM-2884911;QRT-96972;FUN-12576;Ar-condicionado;Baixa;13/10/2024 11:53;14/10/2024 06:43;5
CHM-5050146;QRT-21167;FUN-28577;Limpeza Extra;Baixa;16/02/2025 13:16;18/02/2025 07:57;3
CHM-1693910;QRT-03540;FUN-08109;Wi-Fi;Média;26/06/2025 09:57;26/06/2025 17:54;4
CHM-3854277;QRT-95712;FUN-86194;Ar-condicionado;Alta;01/12/2025 14:12;01/12/2025 14:50;4
CHM-2189304;QRT-15064;FUN-52793;hidráulica;Alta;24/11/2024 10:35;24/11/2024 11:35;4
CHM-3271931;QRT-25217;FUN-21094;Wi-Fi;Alta;04/08/2024 13:02;04/08/2024 14:41;5
CHM-1986670;QRT-55192;FUN-76103;Ar-condicionado;Média;31-03-2026;01/04/2026 14:16;2
CHM-6022719;QRT-06113;FUN-23286;Frigobar com Defeito;Baixa;06/01/2025 17:18;07/01/2025 03:08;3
CHM-4315444;QRT-16851;FUN-83865;Fechadura Eletrônica;Baixa;09.08.24;09/08/2024 20:04;3
CHM-6895762;QRT-07031;FUN-76103;Ar-condicionado;Baixa;02/06/2026 09:15;03/06/2026 06:54;5
CHM-1209024;QRT-69520;FUN-55799;Wi-Fi;Baixa;07/07/2024 09:52;08/07/2024 10:09;1
CHM-0657035;QRT-01287;FUN-25313;FRIGOBAR COM DEFEITO;Média;07/12/2025 22:21;08/12/2025 02:01;4
CHM-5922758;QRT-76454;FUN-87234;Wi-Fi;Média;31/05/2025 18:46;2025-06-01;5
CHM-9008791;QRT-86536;FUN-23361;TV / Controle;Média;28/02/2026 20:59;28/02/2026 23:05;5
CHM-2076009;QRT-98370;FUN-22027;Wi-Fi;Média;2026-04-22;22-04-2026;4
CHM-5326742;QRT-13758;FUN-47371;Hidráulica;Média;12/04/2025 08:22;2025-04-12;2
CHM-8207630;QRT-06280;FUN-34873;Limpeza Extra;Média;11/11/2024 07:01;11/11/2024 10:46;5
CHM-7396974;QRT-29393;FUN-66580;TV / Controle;Baixa;19/04/2026 09:53;19/04/2026 13:21;4
CHM-8095443;QRT-29802;FUN-78820;TV / Controle;Alta;07/10/2024 23:39;08.10.24;3
CHM-4412855;QRT-29393;FUN-23361;Limpeza Extra;Média;2024-08-23;23/08/2024 16:08;4
CHM-8933696;QRT-04283;FUN-52793;Wi-Fi;Alta;04.01.26;04/01/2026 16:15;4
CHM-5429021;QRT-63998;FUN-88121;Ar-condicionado;Média;02/01/2025 08:00;02/01/2025 10:46;5
CHM-4231103;QRT-42444;FUN-18700;Ar-condicionado;Média;17/10/2024 18:10;18/10/2024 00:21;5
CHM-9735100;QRT-89068;FUN-12576;Elétrica;Média;02/06/2025 13:41;02-06-2025;3
CHM-0312861;QRT-26716;FUN-41540;Wi-Fi;Média;29/12/2025 20:29;29/12/2025 21:36;4
CHM-0445774;QRT-58690;FUN-12576;Wi-Fi;Baixa;08/06/2026 14:18;08/06/2026 22:39;5
CHM-0029793;QRT-08799;FUN-57664;Frigobar com Defeito;Baixa;02/04/2026 17:49;2026-04-02;5
CHM-4353376;QRT-75121;FUN-69727;Wi-Fi;Média;11/01/2026 18:39;11/01/2026 22:02;4
CHM-1370768;QRT-59474;FUN-66580;LIMPEZA EXTRA;Alta;11-04-2026;11/04/2026 18:34;5
CHM-8027991;QRT-17114;FUN-52793;Elétrica;Baixa;15/06/2026 14:57;16/06/2026 03:44;4
CHM-6390319;QRT-83187;FUN-65780;Frigobar com Defeito;Baixa;05/02/2026 15:24;05/02/2026 22:00;5
CHM-0679560;QRT-53868;FUN-81524;Hidráulica;Média;19-11-2025;19/11/2025 19:32;4
CHM-0987134;QRT-48327;FUN-86199;Elétrica;Baixa;21/06/2025 11:43;21/06/2025 21:37;3
CHM-3945532;QRT-56321;FUN-18700;Ar-condicionado;Alta;01/03/2026 20:31;01.03.26;5
CHM-9376112;QRT-30636;FUN-29826;Fechadura Eletrônica;Média;10/02/2026 18:21;10/02/2026 23:46;5
CHM-7630746;QRT-96237;FUN-78820;Ar-condicionado;Média;01/05/2025 15:45;02-05-2025;3
CHM-0104877;QRT-09785;FUN-89330;Elétrica;Média;04/02/2025 17:07;04.02.25;5
CHM-2461531;QRT-03596;FUN-47371;Ar-condicionado;Média;2026-06-13;14/06/2026 15:45;3
CHM-6479060;QRT-33730;FUN-48683;TV / Controle;Média;08/04/2025 09:00;2025-04-08;5
CHM-0173524;QRT-25217;FUN-70436;Ar-condicionado;Média;24-05-2026;24/05/2026 07:54;5
CHM-6245017;QRT-26354;FUN-08234;Hidráulica;Alta;20-02-2025;20/02/2025 23:51;4
CHM-7612379;QRT-65055;FUN-86194;Ar-condicionado;Alta;01/10/2025 09:45;2025-10-01;5
CHM-6376492;QRT-47759;FUN-52300;Limpeza Extra;Alta;19/08/2025 19:51;19/08/2025 21:46;4
CHM-8148928;QRT-85920;FUN-64755;TV / Controle;Alta;27.07.25;27/07/2025 19:29;1
CHM-5846902;QRT-88400;FUN-64706;Elétrica;Média;31/05/2026 09:09;31/05/2026 14:52;5
CHM-3655801;QRT-28319;FUN-96106;TV / Controle;Média;25/10/2025 17:21;25/10/2025 22:28;5
CHM-5924873;QRT-37672;FUN-32345;Limpeza Extra;Média;30/11/2024 18:38;30/11/2024 23:17;5
CHM-8512698;QRT-20055;FUN-16922;Limpeza Extra;Média;20.10.24;20/10/2024 19:55;3
CHM-5105221;QRT-24118;FUN-34079;LIMPEZA EXTRA;Média;28-03-2025;28/03/2025 19:12;5
CHM-8493715;QRT-25571;FUN-64047;Elétrica;Alta;26/09/2025 19:21;26/09/2025 19:42;5
CHM-1372033;QRT-81045;FUN-22027;TV / Controle;Média;29-11-2024;30/11/2024 00:03;3
CHM-4394521;QRT-76445;FUN-87234;Fechadura Eletrônica;Baixa;15/02/2025 14:33;16/02/2025 05:51;4
CHM-3849413;QRT-70680;FUN-07814;TV / Controle;Baixa;23/04/2025 22:42;24/04/2025 08:47;5
CHM-9645123;QRT-87613;FUN-18700;Elétrica;Média;11/06/2026 11:59;11/06/2026 14:55;4
CHM-9695094;QRT-20055;FUN-65780;Elétrica;Alta;27/12/2024 18:35;27/12/2024 20:12;5
CHM-4522756;QRT-78115;FUN-86194;TV / Controle;Média;18-03-2026;19/03/2026 05:19;5
CHM-4761341;QRT-13595;FUN-90839;Limpeza Extra;Média;13/09/2024 22:46;14/09/2024 01:59;3
CHM-0896680;QRT-03446;FUN-23383;Ar-condicionado;BAIXA;22/02/2025 22:38;2025-02-23;5
CHM-6513157;QRT-46308;FUN-08234;Ar-condicionado;Alta;19/01/2025 12:18;19/01/2025 12:31;4
CHM-0991358;QRT-08549;FUN-90839;Limpeza Extra;Média;29-05-2025;29/05/2025 17:52;4
CHM-9210170;QRT-04542;FUN-69104;Wi-Fi;Alta;27.09.24;27/09/2024 13:30;5
CHM-8465918;QRT-28212;FUN-57664;Ar-condicionado;Média;27/04/2025 12:03;27/04/2025 19:56;4
CHM-9014537;QRT-87593;FUN-83865;Elétrica;Media;16/03/2026 21:02;17-03-2026;3
CHM-0264408;QRT-92955;FUN-92045;TV / Controle;Alta;12/09/2024 07:00;12/09/2024 07:34;4
CHM-0497781;QRT-66195;FUN-09102;Elétrica;MÉDIA;13/04/2026 20:51;14/04/2026 06:19;3
CHM-5744157;QRT-95712;FUN-73856;Hidráulica;Alta;09/04/2025 08:49;09/04/2025 09:30;5
CHM-4282755;QRT-24337;FUN-92311;Frigobar com Defeito;Média;2025-10-06;06/10/2025 20:23;5
CHM-5150480;QRT-54918;FUN-15867;Fechadura Eletrônica;Média;24/08/2024 14:54;25.08.24;2
CHM-3297443;QRT-98284;FUN-32345;Wi-Fi;Alta;11/03/2025 12:34;11.03.25;5
CHM-0440794;QRT-76445;FUN-34079;Fechadura Eletrônica;Alta;22/01/2025 11:25;22.01.25;3
CHM-7409898;QRT-53432;FUN-09324;Fechadura Eletrônica;Média;13/08/2025 09:13;13/08/2025 13:16;4
CHM-8706893;QRT-78524;FUN-86194;Hidráulica;Media;06/01/2026 21:24;2026-01-07;4
CHM-2513486;QRT-58808;FUN-04670;Wi-Fi;Média;01/01/2026 11:09;01/01/2026 18:25;5
CHM-1603559;QRT-83187;FUN-78820;Ar-condicionado;alta;20/07/2025 17:03;20/07/2025 17:30;5
CHM-3554311;QRT-69925;FUN-39946;Fechadura Eletrônica;Média;09/04/2026 22:58;10/04/2026 05:00;4
CHM-0025069;QRT-85329;FUN-82886;Ar-condicionado;Baixa;10/06/2026 18:03;10/06/2026 22:07;4
CHM-9090100;QRT-75123;FUN-29826;Limpeza Extra;Baixa;16/05/2025 07:50;19-05-2025;2
CHM-8831813;QRT-57190;FUN-71181;Ar-condicionado;Baixa;2025-07-21;22/07/2025 14:47;2
CHM-2048618;QRT-26354;FUN-94946;TV / Controle;Baixa;17/08/2025 23:03;18/08/2025 17:21;3
CHM-8194129;QRT-78217;FUN-08849;Fechadura Eletrônica;Baixa;22/08/2024 17:05;23/08/2024 08:36;4
CHM-9611963;QRT-02007;FUN-74014;Limpeza Extra;Baixa;29-09-2025;30/09/2025 05:18;4
CHM-4699444;QRT-08284;FUN-52793;Elétrica;Média;23/05/2026 23:58;24/05/2026 09:08;2
CHM-7982967;QRT-23438;FUN-09102;Ar-condicionado;Média;07.08.25;08/08/2025 06:12;3
CHM-4719206;QRT-02047;FUN-34079;Ar-condicionado;Média;07/07/2025 12:29;07/07/2025 12:56;3
CHM-9101721;QRT-98065;FUN-22027;TV / Controle;Baixa;24/06/2025 19:16;25-06-2025;5
CHM-6478713;QRT-70944;FUN-89330;Hidráulica;Baixa;04/03/2026 16:26;2026-03-05;4
CHM-0998053;QRT-85367;FUN-74014;Wi-Fi;Média;18/02/2026 08:48;18/02/2026 14:14;3
CHM-3548031;QRT-65099;FUN-47371;Fechadura Eletrônica;Média;09/08/2025 21:22;09/08/2025 23:18;5
CHM-8176810;QRT-45185;FUN-29826;Frigobar com Defeito;Alta;30.08.24;2024-08-30;4
CHM-6916490;QRT-60661;FUN-71181;Wi-Fi;P3;03/03/2026 15:26;04/03/2026 19:20;2
CHM-4010651;QRT-23155;FUN-64755;Elétrica;Baixa;24-10-2024;24/10/2024 23:01;5
CHM-1949289;QRT-92384;FUN-64755;Wi-Fi;Baixa;02/04/2025 21:15;03/04/2025 07:59;5
CHM-3241021;QRT-59498;FUN-34079;Wi-Fi;Média;25/04/2025 19:58;25.04.25;5
CHM-1195070;QRT-59474;FUN-52300;Wi-Fi;Alta;30/08/2025 10:57;30/08/2025 12:35;5
CHM-2012432;QRT-33730;FUN-50800;Ar-condicionado;Baixa;16.02.26;16/02/2026 17:50;4
CHM-1037866;QRT-21496;FUN-69104;Frigobar com Defeito;Baixa;17/10/2024 07:49;17/10/2024 10:51;4
CHM-8803004;QRT-32164;FUN-78820;Hidráulica;Baixa;07/01/2026 16:36;09/01/2026 06:17;1
CHM-0770883;QRT-41338;FUN-64047;Ar-condicionado;Alta;2026-05-11;11/05/2026 12:28;4
CHM-4014699;QRT-94756;FUN-01568;TV / Controle;Média;13/07/2024 12:37;2024-07-13;4
CHM-8849300;QRT-92955;FUN-34079;Limpeza Extra;Média;10-08-2024;10/08/2024 19:22;5
CHM-9611133;QRT-28645;FUN-08234;Fechadura Eletrônica;Alta;01/07/2025 12:08;01/07/2025 12:35;3
CHM-4708746;QRT-92377;FUN-02909;Fechadura Eletrônica;Baixa;14/02/2026 15:18;15/02/2026 14:43;5
CHM-2155854;QRT-00087;FUN-22607;TV / Controle;Baixa;12/11/2024 22:09;14.11.24;1
CHM-6205239;QRT-06335;FUN-12040;Hidráulica;Baixa;2025-07-17;18/07/2025 07:23;3
CHM-2347165;QRT-67310;FUN-67282;TV / Controle;Alta;11/05/2026 22:03;11/05/2026 22:57;5
CHM-2826970;QRT-07215;FUN-64755;Hidráulica;Média;27-01-2025;27.01.25;5
CHM-4553150;QRT-69411;FUN-50800;TV / Controle;P3;22.11.24;23/11/2024 22:20;3
CHM-0097433;QRT-08799;FUN-05739;Wi-Fi;Média;03-12-2025;2025-12-03;5
CHM-8559421;QRT-56455;FUN-67710;Wi-Fi;Baixa;21/02/2026 18:43;22/02/2026 04:29;4
CHM-6158218;QRT-24274;FUN-29826;Wi-Fi;Média;19/02/2025 09:44;19/02/2025 15:07;5
CHM-3090275;QRT-42444;FUN-76103;Wi-Fi;Baixa;03/03/2026 16:31;04/03/2026 01:22;5
CHM-6004308;QRT-47628;FUN-23361;Hidráulica;MÉDIA;30/01/2026 22:42;31/01/2026 03:26;4
CHM-0206174;QRT-18531;FUN-25313;Elétrica;Média;20/05/2025 22:37;21/05/2025 07:27;3
CHM-5671947;QRT-85367;FUN-39946;Limpeza Extra;Baixa;05/09/2024 18:46;06/09/2024 07:04;5
CHM-4939143;QRT-58690;FUN-74014;Ar-condicionado;Baixa;17/03/2025 06:03;17-03-2025;4
CHM-8277057;QRT-24929;FUN-48683;Ar-condicionado;Média;10/11/2024 23:22;11/11/2024 02:54;4
CHM-0199853;QRT-18824;FUN-08849;Limpeza Extra;Alta;20/04/2026 10:14;20/04/2026 10:44;4
CHM-2521627;QRT-46149;FUN-96106;Elétrica;Alta;15/04/2026 16:41;15/04/2026 17:15;5
CHM-6122065;QRT-94431;FUN-32345;Elétrica;Baixa;11/10/2025 10:06;11/10/2025 22:45;4
CHM-8377233;QRT-54489;FUN-05739;Hidráulica;Média;04-01-2026;04/01/2026 14:30;5
CHM-3705762;QRT-77305;FUN-34873;Ar-condicionado;Média;28/03/2026 20:04;29/03/2026 00:53;5
CHM-4975104;QRT-00699;FUN-05739;ar-condicionado;Média;28/07/2025 22:15;29/07/2025 06:29;2
CHM-8662539;QRT-68692;FUN-22027;TV / Controle;Média;01.05.25;01/05/2025 19:42;2
CHM-8651759;QRT-85687;FUN-71181;Wi-Fi;Média;26/05/2025 21:48;2025-05-27;5
CHM-2765390;QRT-25905;FUN-01568;Limpeza Extra;Baixa;25/02/2025 15:30;26.02.25;5
CHM-9698755;QRT-88400;FUN-49013;Hidráulica;Alta;01/07/2024 13:53;01.07.24;5
CHM-3556018;QRT-96617;FUN-67710;TV / Controle;MÉDIA;16/09/2024 18:40;17.09.24;1
CHM-9247906;QRT-47628;FUN-52300;Ar-condicionado;Baixa;22.08.25;22/08/2025 17:14;5
CHM-2468968;QRT-13238;FUN-52793;Elétrica;Média;12/01/2025 13:53;12/01/2025 16:00;5
CHM-7653639;QRT-59512;FUN-49013;Ar-condicionado;BAIXA;20/03/2025 22:11;21/03/2025 16:36;4
CHM-2918337;QRT-59512;FUN-67282;Wi-Fi;Média;30/01/2026 16:45;2026-01-30;5
CHM-9155336;QRT-62284;FUN-02909;Elétrica;Média;21-06-2026;21.06.26;4
CHM-5299939;QRT-94225;FUN-78820;TV / Controle;Alta;2024-09-12;12/09/2024 12:25;5
CHM-8165966;QRT-39368;FUN-89330;LIMPEZA EXTRA;Média;10-10-2024;10-10-2024;5
CHM-1990447;QRT-63784;FUN-52300;Fechadura Eletrônica;Média;2024-08-12;2024-08-13;3
CHM-0318876;QRT-41338;FUN-43763;Ar-condicionado;Baixa;25.01.25;26/01/2025 00:54;5
CHM-2415272;QRT-58808;FUN-96354;Ar-condicionado;Média;05/02/2025 10:37;05.02.25;5
CHM-8840078;QRT-75121;FUN-29826;Hidráulica;Alta;17/02/2025 13:37;17/02/2025 13:56;3
CHM-5724217;QRT-06335;FUN-36473;Ar-condicionado;Media;07/11/2025 18:47;08/11/2025 02:28;5
CHM-9174529;QRT-55192;FUN-45111;elétrica;Média;20/09/2025 17:46;21/09/2025 03:53;3
CHM-9479749;QRT-63506;FUN-10947;Wi-Fi;Baixa;14/10/2024 10:23;14-10-2024;4
CHM-4440048;QRT-74428;FUN-19473;Wi-Fi;Baixa;24/05/2026 22:07;26/05/2026 06:29;3
CHM-2819670;QRT-45132;FUN-96354;TV / Controle;Média;31/01/2025 11:06;31/01/2025 13:01;4
CHM-4358006;QRT-53432;FUN-94946;Ar-condicionado;Baixa;2025-08-11;12.08.25;4
CHM-5258118;QRT-66170;FUN-96354;Ar-condicionado;P1;2026-06-23;23/06/2026 13:51;5
CHM-3892453;QRT-18824;FUN-71493;TV / Controle;Baixa;10/05/2026 19:55;11/05/2026 03:22;4
CHM-8575866;QRT-03049;FUN-83865;Hidráulica;Media;2025-06-08;08/06/2025 14:57;4
CHM-6713243;QRT-47759;FUN-81524;Ar-condicionado;Baixa;16/12/2024 18:17;17/12/2024 06:00;5
CHM-2237463;QRT-95939;FUN-74014;Limpeza Extra;Baixa;07/11/2024 18:22;2024-11-08;4
CHM-8882188;QRT-09047;FUN-70436;Ar-condicionado;Média;20/10/2025 07:22;20-10-2025;4
CHM-9012830;QRT-54953;FUN-08486;Limpeza Extra;Média;27/01/2025 15:59;27/01/2025 21:13;4
CHM-3193112;QRT-75780;FUN-34873;Wi-Fi;Alta;10/04/2025 23:30;11/04/2025 02:10;2
CHM-9223422;QRT-10455;FUN-88121;Limpeza Extra;Média;2026-04-27;28/04/2026 09:50;1
CHM-7887521;QRT-10397;FUN-78820;Elétrica;Média;25-09-2025;25/09/2025 10:45;4
CHM-8531740;QRT-63207;FUN-19473;Frigobar com Defeito;Alta;10/11/2025 07:22;10-11-2025;1
CHM-2139056;QRT-34396;FUN-22607;Ar-condicionado;Baixa;15/03/2026 16:50;15/03/2026 21:26;5
CHM-4761843;QRT-57763;FUN-69104;Limpeza Extra;Alta;02.12.25;02/12/2025 08:48;4
CHM-5884031;QRT-47168;FUN-04670;Ar-condicionado;Média;02/08/2025 18:03;2025-08-02;5
CHM-2095642;QRT-88939;FUN-10947;Ar-condicionado;Baixa;2025-07-24;25/07/2025 06:04;4
CHM-3644693;QRT-91810;FUN-01568;TV / Controle;alta;31.01.26;31/01/2026 19:52;2
CHM-6039425;QRT-03596;FUN-47371;Fechadura Eletrônica;Média;11/08/2024 23:07;12/08/2024 00:34;5
CHM-6515127;QRT-01345;FUN-92045;Elétrica;Média;2024-12-23;2024-12-24;4
CHM-9536706;QRT-13238;FUN-10947;Frigobar com Defeito;Média;31/08/2025 15:05;31/08/2025 19:06;3
CHM-9157208;QRT-46794;FUN-64755;TV / Controle;P3;04/04/2025 22:19;2025-04-07;2
CHM-5725721;QRT-94862;FUN-69727;Ar-condicionado;Baixa;25-06-2025;25/06/2025 17:53;5
CHM-3420125;QRT-51351;FUN-08109;TV / Controle;Alta;27/07/2025 09:38;2025-07-27;4
CHM-0054119;QRT-18824;FUN-08849;Wi-Fi;Alta;2025-07-24;24.07.25;1
CHM-3161666;QRT-11649;FUN-89330;Elétrica;Média;13/11/2024 09:45;13/11/2024 11:45;5
CHM-4268179;QRT-15355;FUN-96106;Ar-condicionado;Média;20/11/2025 07:43;20/11/2025 14:50;4
CHM-3881641;QRT-25905;FUN-86199;Elétrica;Alta;10/08/2024 14:26;10/08/2024 16:41;3
CHM-2874423;QRT-24118;FUN-03036;Limpeza Extra;Baixa;16/09/2025 10:38;17/09/2025 17:56;2
CHM-7356868;QRT-51351;FUN-22607;Limpeza Extra;P2;06/07/2024 14:40;06.07.24;5
CHM-8321760;QRT-50555;FUN-21094;Elétrica;Alta;17/10/2024 18:15;17/10/2024 18:49;5
CHM-3435591;QRT-81045;FUN-64755;Limpeza Extra;Baixa;30/12/2025 17:20;31/12/2025 05:52;3
CHM-8634609;QRT-09785;FUN-89330;Ar-condicionado;Média;03/05/2026 17:39;04/05/2026 02:10;2
CHM-0524152;QRT-41356;FUN-81524;Wi-Fi;Baixa;10-09-2024;11/09/2024 01:37;5
CHM-3871196;QRT-84072;FUN-05739;Wi-Fi;Média;13/09/2025 20:39;13/09/2025 23:29;5
CHM-4048642;QRT-24118;FUN-34079;Fechadura Eletrônica;Média;01/11/2024 08:35;01/11/2024 10:32;5
CHM-2332316;QRT-91628;FUN-71181;Hidráulica;P2;15/05/2025 07:21;15/05/2025 11:49;5
CHM-6702033;QRT-02055;FUN-08486;HIDRÁULICA;Alta;03/03/2025 12:16;03/03/2025 14:52;1
CHM-4974807;QRT-87654;FUN-08849;Limpeza Extra;Baixa;13-06-2026;14/06/2026 03:29;5
CHM-9546796;QRT-24810;FUN-08486;Wi-Fi;Média;24/07/2025 06:02;24-07-2025;5
CHM-1796020;QRT-54116;FUN-34873;Ar-condicionado;Média;13-01-2026;2026-01-14;1
CHM-2205178;QRT-26166;FUN-21094;Limpeza Extra;Média;02/06/2025 19:22;2025-06-03;2
CHM-5972411;QRT-66307;FUN-07814;Hidráulica;ALTA;30-06-2025;30-06-2025;4
CHM-6112754;QRT-37220;FUN-88121;Limpeza Extra;Média;01/12/2024 23:30;02/12/2024 02:26;5
CHM-2485714;QRT-33730;FUN-15867;TV / Controle;Média;14/10/2024 06:33;14/10/2024 09:17;5
CHM-1318291;QRT-02711;FUN-57664;Wi-Fi;Média;2026-03-20;20/03/2026 10:39;4
CHM-3117144;QRT-06113;FUN-87234;Ar-condicionado;Média;08/03/2025 11:42;08/03/2025 15:47;5
CHM-9021136;QRT-06280;FUN-48683;Wi-Fi;Baixa;31/10/2024 11:09;31.10.24;4
CHM-4564371;QRT-46794;FUN-49170;Wi-Fi;Média;05.05.26;05/05/2026 16:40;5
CHM-2997391;QRT-14624;FUN-34873;Frigobar  com Defeito;Média;06/05/2025 08:19;2025-05-06;3
CHM-1578975;QRT-84220;FUN-71181;Elétrica;Alta;18.07.25;2025-07-19;3
CHM-4846456;QRT-95776;FUN-21094;Ar-condicionado;Baixa;23/10/2025 09:45;23/10/2025 23:00;5
CHM-1944160;QRT-66170;FUN-28577;Fechadura Eletrônica;Baixa;02.02.26;03/02/2026 20:09;5
CHM-1712189;QRT-34521;FUN-43763;Limpeza Extra;Média;23/08/2024 20:56;24/08/2024 02:22;5
CHM-9878510;QRT-74691;FUN-32345;Fechadura Eletrônica;Alta;08/09/2025 10:05;08/09/2025 10:27;5
CHM-2333569;QRT-85739;FUN-10947;Hidráulica;Alta;24/04/2026 13:00;24/04/2026 13:19;4
CHM-4752084;QRT-00087;FUN-22607;ELÉTRICA;MÉDIA;16.02.25;16/02/2025 22:46;5
CHM-7608382;QRT-12128;FUN-10947;Hidráulica;Média;09/03/2026 17:48;09/03/2026 19:10;4
CHM-1403012;QRT-98370;FUN-96106;Ar-condicionado;Média;03/04/2026 16:34;03/04/2026 23:39;5
CHM-4756125;QRT-89410;FUN-52793;Limpeza Extra;Baixa;06.08.25;07/08/2025 07:33;4
CHM-8540235;QRT-69835;FUN-23383;Fechadura Eletrônica;Alta;2025-12-06;06/12/2025 23:50;5
CHM-4312879;QRT-83665;FUN-10947;Hidráulica;Baixa;14-12-2025;15/12/2025 19:41;2
CHM-3451106;QRT-21496;FUN-94946;Elétrica;Alta;26/12/2025 17:48;26/12/2025 18:12;4
CHM-4124068;QRT-81700;FUN-23383;Fechadura Eletrônica;Baixa;22/07/2024 10:55;23.07.24;4
CHM-2201138;QRT-80765;FUN-73856;Ar-condicionado;Média;30/04/2026 11:40;30.04.26;1
CHM-9743106;QRT-47628;FUN-52300;TV / Controle;Alta;15/10/2024 08:26;15/10/2024 09:36;5
CHM-9891432;QRT-16068;FUN-71493;Ar-condicionado;Média;2026-04-04;04-04-2026;5
CHM-7957854;QRT-02007;FUN-12576;Elétrica;Baixa;13/11/2025 21:49;14-11-2025;4
CHM-4496324;QRT-52853;FUN-37715;Fechadura Eletrônica;Alta;08/05/2025 22:19;08.05.25;5
CHM-7495365;QRT-63207;FUN-83865;Wi-Fi;Baixa;10/03/2026 20:09;11.03.26;4
CHM-2338311;QRT-09674;FUN-09102;Hidráulica;Baixa;2024-10-01;03.10.24;2
CHM-9640613;QRT-78380;FUN-18700;Ar-condicionado;Alta;08/08/2024 18:58;08/08/2024 19:32;5
CHM-9055900;QRT-98284;FUN-96106;TV / Controle;Média;09/03/2026 10:32;09-03-2026;4
CHM-1364967;QRT-77112;FUN-05739;Limpeza Extra;Baixa;12.05.25;13/05/2025 09:20;4
CHM-0935704;QRT-70944;FUN-52300;Wi-Fi;Alta;2024-09-21;21/09/2024 21:12;5
CHM-5493564;QRT-35519;FUN-50800;Ar-condicionado;P3;12/08/2024 09:32;2024-08-12;5
CHM-9759584;QRT-27833;FUN-34873;Elétrica;BAIXA;22-11-2024;23/11/2024 16:45;3
CHM-5847671;QRT-41316;FUN-45111;Limpeza Extra;Baixa;13/11/2024 09:58;14/11/2024 10:27;1
CHM-9211606;QRT-46149;FUN-32345;Ar-condicionado;Baixa;06-10-2025;07.10.25;5
CHM-5220877;QRT-23438;FUN-69104;Ar-condicionado;Alta;17/10/2025 11:11;17/10/2025 11:37;4
CHM-1733616;QRT-21496;FUN-01568;Elétrica;Média;12/09/2024 22:42;13/09/2024 10:10;2
CHM-3643293;QRT-39368;FUN-23361;Fechadura Eletrônica;Média;01/05/2025 23:32;02.05.25;5
CHM-1720220;QRT-59474;FUN-52300;FECHADURA ELETRÔNICA;Média;20/08/2025 20:47;21-08-2025;5
CHM-8321079;QRT-88654;FUN-36473;TV / Controle;Baixa;04-09-2025;05.09.25;5
CHM-6874050;QRT-92321;FUN-08486;Limpeza Extra;Baixa;14/06/2026 06:30;14/06/2026 22:59;5
CHM-0212126;QRT-93908;FUN-29826;Wi-Fi;Baixa;01.12.25;03/12/2025 14:43;3
CHM-2085635;QRT-94556;FUN-13975;Ar-condicionado;Média;26/04/2025 09:32;26/04/2025 10:25;4
CHM-7331455;QRT-80306;FUN-45111;Limpeza  Extra;Média;14/11/2024 12:07;14/11/2024 18:42;5
CHM-5092650;QRT-81700;FUN-48159;Ar-condicionado;Baixa;04/07/2025 07:10;2025-07-05;3
CHM-9429379;QRT-12128;FUN-71181;TV / Controle;Média;20/11/2024 08:24;20/11/2024 13:15;5
CHM-1177567;QRT-73232;FUN-67282;Elétrica;P1;15/04/2025 16:34;15/04/2025 17:27;5
CHM-3411111;QRT-57124;FUN-90839;Ar-condicionado;Alta;21/08/2025 23:59;2025-08-22;5
CHM-1146719;QRT-55454;FUN-35080;Ar-condicionado;Média;12/08/2025 10:19;12/08/2025 15:42;4
CHM-7986181;QRT-94862;FUN-15867;Wi-Fi;Média;07/10/2025 17:13;08/10/2025 14:28;2
CHM-9636782;QRT-37102;FUN-89330;Hidráulica;baixa;17/02/2026 07:22;18/02/2026 22:46;3
CHM-4501680;QRT-15710;FUN-32345;Ar-condicionado;Média;26.05.25;26/05/2025 11:28;5
CHM-3827011;QRT-63645;FUN-96106;Elétrica;Média;24/06/2025 15:23;2025-06-24;5
CHM-0167520;QRT-38783;FUN-29826;Elétrica;Baixa;16/04/2025 15:59;17/04/2025 17:46;2
CHM-2134470;QRT-59474;FUN-76103;Elétrica;Baixa;15/10/2025 21:15;16/10/2025 15:49;5
CHM-2415172;QRT-27574;FUN-52300;Wi-Fi;Baixa;31/03/2026 19:15;31/03/2026 22:07;4
CHM-4988748;QRT-87654;FUN-02909;Limpeza Extra;Alta;13/01/2025 19:25;13/01/2025 19:47;4
CHM-4912926;QRT-68204;FUN-34079;Ar-condicionado;Baixa;05/04/2026 09:36;08/04/2026 14:52;3
CHM-8307532;QRT-69375;FUN-48683;Limpeza Extra;Alta;23/10/2024 11:38;23/10/2024 12:05;5
CHM-4278934;QRT-75780;FUN-34873;Ar-condicionado;Média;10/02/2025 06:12;10/02/2025 10:07;4
CHM-5150319;QRT-90762;FUN-96106;Ar-condicionado;Alta;14/04/2025 22:52;15/04/2025 00:53;3
CHM-6281227;QRT-70661;FUN-90839;Limpeza Extra;Baixa;28/10/2024 21:52;29/10/2024 10:25;5
CHM-0473815;QRT-41338;FUN-64047;TV / Controle;Alta;11/09/2024 19:07;11/09/2024 19:51;5
CHM-2427052;QRT-68692;FUN-64755;Ar-condicionado;Média;02/12/2025 13:39;02/12/2025 23:04;2
CHM-6973131;QRT-11654;FUN-25313;TV / Controle;Média;12/05/2026 19:43;13/05/2026 02:18;4
CHM-6553786;QRT-64840;FUN-37715;Ar-condicionado;alta;05/11/2024 20:52;05/11/2024 22:25;4
CHM-2982942;QRT-60540;FUN-64706;Hidráulica;Média;2025-10-20;20/10/2025 13:43;4
CHM-8504627;QRT-35519;FUN-34873;TV / Controle;Média;19/01/2025 09:06;2025-01-19;3
CHM-0787742;QRT-84007;FUN-52300;Elétrica;Alta;26-10-2024;26/10/2024 15:21;2
CHM-9599386;QRT-17861;FUN-12576;Elétrica;Alta;13/06/2025 23:04;14-06-2025;4
CHM-4810830;QRT-62109;FUN-08849;Hidráulica;Baixa;09/12/2024 06:48;09/12/2024 19:12;4
CHM-1868338;QRT-04414;FUN-08486;ELÉTRICA;Alta;20/08/2024 15:30;20-08-2024;5
CHM-9232050;QRT-92321;FUN-08486;Ar-condicionado;Média;27/12/2024 06:43;27.12.24;4
CHM-9127044;QRT-83665;FUN-74014;Hidráulica;Baixa;28.06.25;29/06/2025 03:12;5
CHM-1892661;QRT-47628;FUN-76103;Elétrica;Alta;19.06.25;19/06/2025 18:51;3
CHM-1981042;QRT-75123;FUN-34873;Elétrica;Baixa;03/12/2024 12:48;03/12/2024 17:18;5
CHM-9920736;QRT-51483;FUN-23383;Wi-Fi;Média;29/05/2026 18:03;29/05/2026 23:27;4
CHM-2834736;QRT-23801;FUN-09102;Frigobar com Defeito;Média;2025-09-08;08-09-2025;4
CHM-9684627;QRT-25217;FUN-92045;Fechadura Eletrônica;Alta;24/06/2025 18:38;24.06.25;4
CHM-8058373;QRT-31095;FUN-04670;Wi-Fi;Baixa;02/12/2024 22:47;03/12/2024 06:02;4
CHM-0645088;QRT-81933;FUN-87234;Wi-Fi;ALTA;04/05/2026 15:06;04/05/2026 15:45;5
CHM-4298013;QRT-85702;FUN-86194;Fechadura Eletrônica;Média;26/02/2025 15:04;26/02/2025 18:02;4
CHM-1146858;QRT-26166;FUN-34079;Hidráulica;Baixa;03/02/2025 20:15;04/02/2025 10:13;5
CHM-8692358;QRT-67879;FUN-48159;Ar-condicionado;Média;05/11/2025 21:29;06.11.25;3
CHM-9110574;QRT-93908;FUN-34873;Wi-Fi;Média;23-06-2025;2025-06-24;2
CHM-8663812;QRT-67310;FUN-64047;Elétrica;Média;11.09.24;11-09-2024;5
CHM-5343613;QRT-39368;FUN-76103;Fechadura Eletrônica;Media;2024-11-27;27/11/2024 12:17;5
CHM-9683449;QRT-51351;FUN-25313;Hidráulica;Baixa;26-07-2024;2024-07-27;3
CHM-0376835;QRT-25409;FUN-64047;Limpeza Extra;Média;20/09/2024 13:16;20/09/2024 15:22;3
CHM-6389457;QRT-12236;FUN-73856;Hidráulica;Média;12/10/2025 15:55;12/10/2025 20:48;5
CHM-2484573;QRT-66195;FUN-01568;Hidráulica;Média;2024-12-26;27/12/2024 12:50;2
CHM-1182858;QRT-73232;FUN-88121;Ar-condicionado;Alta;24/07/2025 12:27;24/07/2025 12:52;5
CHM-2262479;QRT-00452;FUN-57664;Frigobar com Defeito;Alta;23/01/2025 13:16;23/01/2025 15:18;3
CHM-1382531;QRT-87593;FUN-65780;Elétrica;Média;19-09-2025;19/09/2025 20:50;5
CHM-9420068;QRT-54489;FUN-64755;Elétrica;Baixa;02/06/2026 21:58;03/06/2026 04:01;5
CHM-2724433;QRT-85739;FUN-71181;TV / Controle;Média;31/01/2025 11:52;31/01/2025 15:29;3
CHM-2737308;QRT-96428;FUN-39946;Wi-Fi;Baixa;18/07/2025 14:49;19/07/2025 20:45;2
CHM-6221721;QRT-19734;FUN-01568;Limpeza Extra;Média;01.03.26;02/03/2026 08:21;2
CHM-1435226;QRT-37204;FUN-34873;Wi-Fi;Alta;2026-03-10;10-03-2026;1
CHM-0216344;QRT-29854;FUN-05739;Hidráulica;Média;16/03/2025 13:44;16/03/2025 19:28;5
CHM-2077364;QRT-24594;FUN-25313;Limpeza Extra;Média;20.12.24;21/12/2024 02:50;4
CHM-1130816;QRT-41356;FUN-07814;Fechadura Eletrônica;Média;15/02/2026 12:23;15/02/2026 17:37;5
CHM-5602500;QRT-98233;FUN-82886;Ar-condicionado;Baixa;25/03/2025 11:25;2025-03-26;4
CHM-4677853;QRT-54116;FUN-50800;Ar-condicionado;Alta;03.01.26;03.01.26;5
CHM-5538733;QRT-75121;FUN-34873;Ar-condicionado;Média;11/04/2026 19:59;11/04/2026 20:53;5
CHM-1715740;QRT-41263;FUN-50800;Limpeza Extra;Média;09/05/2026 21:22;09-05-2026;5
CHM-2304485;QRT-54048;FUN-03036;TV / Controle;Baixa;29/06/2026 18:40;30-06-2026;4
CHM-1566331;QRT-83481;FUN-78820;Ar-condicionado;Média;2026-06-02;03/06/2026 03:34;5
CHM-2500740;QRT-89410;FUN-10947;TV / Controle;Média;25/01/2025 21:55;26/01/2025 00:39;5
CHM-1012137;QRT-17114;FUN-52793;TV / Controle;Média;07-08-2024;07/08/2024 21:29;3
CHM-1106165;QRT-58898;FUN-36473;Limpeza Extra;Media;12/07/2024 18:24;2024-07-13;1
CHM-7285851;QRT-43677;FUN-82886;Limpeza Extra;baixa;14/10/2025 20:03;15-10-2025;5
CHM-7586529;QRT-26280;FUN-88121;Elétrica;Média;14/02/2025 19:48;14-02-2025;5
CHM-2366401;QRT-28319;FUN-05739;Fechadura Eletrônica;Média;05/05/2026 20:53;2026-05-06;5
CHM-2722436;QRT-81819;FUN-87234;Elétrica;Baixa;09/01/2026 08:42;09/01/2026 22:15;5
CHM-6679892;QRT-10397;FUN-65780;Hidráulica;Média;06/02/2025 12:48;06-02-2025;4
CHM-1340288;QRT-81933;FUN-87234;Frigobar com Defeito;Média;13/12/2025 15:32;13/12/2025 19:12;4
CHM-9798732;QRT-29802;FUN-73856;Limpeza Extra;Média;21/03/2025 08:36;21.03.25;5
CHM-4237438;QRT-01345;FUN-92045;Wi-Fi;Média;2024-09-30;30/09/2024 20:34;3
CHM-9060263;QRT-95618;FUN-90839;Wi-Fi;P2;30.08.25;2025-08-30;5
CHM-3648653;QRT-11649;FUN-18700;Elétrica;Baixa;09/04/2026 18:07;11-04-2026;3
CHM-7760451;QRT-66307;FUN-07814;Hidráulica;Média;20/01/2026 20:04;21/01/2026 03:47;5
CHM-5884935;QRT-16398;FUN-03036;Elétrica;Média;29/06/2026 11:11;29/06/2026 16:36;3
CHM-5907470;QRT-44425;FUN-70436;Wi-Fi;Média;30-12-2024;30/12/2024 19:02;4
CHM-6252788;QRT-02007;FUN-10947;Ar-condicionado;Alta;13.10.25;13/10/2025 20:00;2
CHM-9715626;QRT-03540;FUN-08109;Ar-condicionado;Baixa;16/11/2024 07:42;17/11/2024 20:21;3
CHM-4182042;QRT-63784;FUN-18700;Fechadura Eletrônica;Média;15/11/2025 06:42;15/11/2025 08:46;5
CHM-6684900;QRT-98284;FUN-22027;Fechadura Eletrônica;Alta;30/09/2025 09:13;30/09/2025 11:09;5
CHM-5330401;QRT-02141;FUN-57664;Wi-Fi;Média;01/02/2025 07:05;01/02/2025 10:12;5
CHM-4018183;QRT-21677;FUN-08849;Fechadura Eletrônica;Baixa;13/09/2024 09:57;14.09.24;5
CHM-5607537;QRT-04443;FUN-09324;Elétrica;Baixa;03/05/2025 11:42;04/05/2025 17:15;3
CHM-4748463;QRT-59560;FUN-09324;TV / Controle;Alta;03/01/2026 16:08;2026-01-03;5
CHM-8674396;QRT-78524;FUN-83865;Elétrica;Média;05/05/2025 13:52;06.05.25;1
CHM-2264413;QRT-73974;FUN-89330;Hidráulica;Baixa;16-07-2024;17-07-2024;2
CHM-3091254;QRT-73974;FUN-76103;Hidráulica;Baixa;13/11/2024 14:46;15-11-2024;1
CHM-2148139;QRT-34396;FUN-47371;Hidráulica;Média;31/01/2026 07:54;31/01/2026 09:50;5
CHM-8776661;QRT-15710;FUN-22027;Ar-condicionado;Baixa;28/06/2025 12:26;30/06/2025 22:44;3
CHM-2326857;QRT-66101;FUN-08849;Wi-Fi;Baixa;22/06/2025 08:04;22/06/2025 12:12;4
CHM-0167651;QRT-83187;FUN-78820;Wi-Fi;Média;05/05/2026 16:50;06/05/2026 01:55;2
CHM-6140511;QRT-99814;FUN-86194;Elétrica;alta;25/02/2026 15:52;25/02/2026 16:35;5
CHM-3108205;QRT-96428;FUN-71181;Ar-condicionado;Média;20-03-2025;21/03/2025 03:58;1
CHM-6260782;QRT-24810;FUN-10947;Ar-condicionado;Alta;03/07/2025 13:32;2025-07-03;2
CHM-5035410;QRT-03930;FUN-47371;Fechadura Eletrônica;Alta;01/05/2026 09:53;01/05/2026 11:12;5
CHM-5275990;QRT-66125;FUN-35080;Ar-condicionado;Media;15/06/2026 09:01;15/06/2026 13:31;4
CHM-1822472;QRT-25905;FUN-08234;Frigobar com Defeito;Baixa;22-01-2025;23/01/2025 14:39;1
CHM-5064724;QRT-83187;FUN-86194;Hidráulica;Média;2025-01-24;25-01-2025;3
CHM-2177350;QRT-58511;FUN-73856;Hidráulica;P1;22/01/2026 15:39;22-01-2026;3
CHM-1040767;QRT-73232;FUN-64706;Limpeza Extra;Alta;02/02/2026 22:50;02/02/2026 23:36;5
CHM-1929081;QRT-92954;FUN-03036;Elétrica;Média;03.10.24;04/10/2024 04:29;5
CHM-4108620;QRT-12236;FUN-83865;Frigobar com Defeito;Média;24/04/2026 21:57;25/04/2026 08:28;3
CHM-5297243;QRT-55192;FUN-81524;Elétrica;Baixa;27/06/2025 23:06;28-06-2025;5
CHM-2236972;QRT-30636;FUN-69727;Limpeza Extra;Média;18/05/2025 06:00;18/05/2025 13:23;5
CHM-6300924;QRT-11607;FUN-92311;Ar-condicionado;Média;04.07.25;05.07.25;5
CHM-0058876;QRT-54953;FUN-52793;AR-CONDICIONADO;Baixa;23/07/2025 09:01;24-07-2025;4
CHM-3882185;QRT-81819;FUN-34079;Limpeza Extra;Alta;21/10/2024 16:27;21-10-2024;5
CHM-6033205;QRT-86712;FUN-48683;Limpeza Extra;Alta;19-09-2025;19/09/2025 09:52;4
CHM-3728667;QRT-04443;FUN-08234;Ar-condicionado;Media;01/03/2025 07:31;01/03/2025 08:58;4
CHM-9581227;QRT-48327;FUN-90839;Ar-condicionado;Alta;01/04/2026 08:34;01/04/2026 11:46;3
CHM-5458896;QRT-00452;FUN-05739;TV / Controle;Baixa;25/10/2025 13:03;25/10/2025 15:50;4
CHM-9915077;QRT-91628;FUN-10947;Limpeza Extra;baixa;23/08/2024 06:19;25/08/2024 02:44;3
CHM-7735936;QRT-84972;FUN-18700;Ar-condicionado;Média;2026-03-16;16/03/2026 10:29;5
CHM-0057576;QRT-28212;FUN-57664;tv / controle;Média;30/01/2025 11:04;30/01/2025 13:11;5
CHM-7086861;QRT-13534;FUN-34873;Fechadura Eletrônica;Baixa;2025-05-10;10/05/2025 23:14;5
CHM-7814139;QRT-06043;FUN-71181;Fechadura Eletrônica;Média;2026-02-05;05/02/2026 13:18;4
CHM-7653226;QRT-59512;FUN-49013;Frigobar com Defeito;Baixa;15/03/2025 17:39;16/03/2025 18:05;1
CHM-2436346;QRT-94991;FUN-74014;Ar-condicionado;Média;01/11/2024 21:45;02/11/2024 00:42;5
CHM-9701691;QRT-47802;FUN-55799;Ar-condicionado;Alta;22/10/2025 15:43;22/10/2025 16:58;4
CHM-1647159;QRT-53917;FUN-57664;Ar-condicionado;Média;03/12/2025 12:35;03.12.25;5
CHM-7002081;QRT-29980;FUN-57664;Fechadura Eletrônica;Média;20/04/2025 06:13;20/04/2025 13:49;4
CHM-6253731;QRT-24929;FUN-34873;Ar-condicionado;Baixa;25/03/2026 15:16;2026-03-27;2
CHM-4685070;QRT-94225;FUN-19473;Frigobar com Defeito;Média;08/06/2025 15:10;08/06/2025 17:15;3
CHM-0498483;QRT-31095;FUN-96354;Ar-condicionado;Média;02/06/2026 19:05;02.06.26;5
CHM-7293001;QRT-16398;FUN-13975;Ar-condicionado;Baixa;25.05.26;25/05/2026 19:59;5
CHM-5757402;QRT-01287;FUN-47371;Ar-condicionado;Média;2024-10-28;28/10/2024 17:48;5
CHM-3378809;QRT-62284;FUN-71493;Wi-Fi;Média;08/05/2025 06:25;08/05/2025 08:42;4
CHM-8321219;QRT-76575;FUN-34079;WI-FI;Baixa;24.09.24;24/09/2024 20:44;4
CHM-9536748;QRT-34396;FUN-22607;Frigobar com Defeito;Média;24/06/2025 20:05;2025-06-25;3
CHM-9918123;QRT-57181;FUN-64755;Hidráulica;Média;24/07/2024 15:04;24/07/2024 22:37;5
CHM-5321576;QRT-66101;FUN-08849;Wi-Fi;Baixa;02/08/2025 20:21;03/08/2025 00:01;5
CHM-9551147;QRT-84072;FUN-64755;Ar-condicionado;Média;2024-10-22;22/10/2024 23:34;4
CHM-1575756;QRT-54048;FUN-21094;Wi-Fi;Média;26/11/2025 22:04;27/11/2025 02:32;5
CHM-7541934;QRT-11826;FUN-02909;TV / Controle;Baixa;07-05-2025;08/05/2025 17:55;4
CHM-1411606;QRT-63869;FUN-29826;Hidraulica;Alta;27/12/2024 23:44;28/12/2024 01:11;4
CHM-8256980;QRT-43330;FUN-50800;frigobar com defeito;Baixa;13/08/2024 18:53;14/08/2024 21:33;3
CHM-9055222;QRT-83424;FUN-08849;Hidráulica;Média;11/08/2025 21:13;12-08-2025;5
CHM-5735162;QRT-92377;FUN-08109;TV / Controle;Média;14/04/2025 14:21;14/04/2025 16:27;5
CHM-7690605;QRT-67310;FUN-49013;Limpeza Extra;Média;01.07.24;2024-07-02;3
CHM-1440445;QRT-41338;FUN-64047;Wi-Fi;alta;2025-09-26;26/09/2025 21:34;5
CHM-0447197;QRT-87466;FUN-47371;Wi-Fi;Alta;16/10/2024 22:17;16/10/2024 22:56;5
CHM-7477914;QRT-23801;FUN-01568;Ar-condicionado;Baixa;03/11/2024 20:08;04/11/2024 16:17;4
CHM-3108131;QRT-59474;FUN-81524;Limpeza Extra;Baixa;21/06/2026 22:57;22/06/2026 09:41;4
CHM-1275323;QRT-17495;FUN-49013;Limpeza Extra;Média;06-07-2024;2024-07-06;5
CHM-0144977;QRT-43580;FUN-15784;Eletrica;P2;16/12/2024 15:01;16/12/2024 17:50;4
CHM-0706907;QRT-75030;FUN-78820;Ar-condicionado;Média;26.09.24;27.09.24;4
CHM-1219662;QRT-75123;FUN-29826;Wi-Fi;Media;16/06/2025 09:56;16/06/2025 13:13;4
CHM-6749047;QRT-11607;FUN-23383;Elétrica;Média;25/11/2025 19:06;25/11/2025 22:29;5
CHM-8988695;QRT-34521;FUN-64706;Limpeza Extra;Baixa;26.02.25;2025-02-26;5
CHM-0885017;QRT-95712;FUN-67710;Ar-condicionado;Baixa;26/06/2025 06:20;27/06/2025 06:17;5
CHM-0143830;QRT-88939;FUN-12576;Fechadura Eletrônica;Média;26/10/2024 21:47;27/10/2024 05:06;5
CHM-0364525;QRT-46149;FUN-49170;Wi-Fi;P2;03/02/2025 17:41;03/02/2025 22:14;5
CHM-2675030;QRT-60845;FUN-29826;Hidráulica;Alta;01.11.24;01/11/2024 19:39;5
CHM-8989829;QRT-17820;FUN-87234;Elétrica;Alta;28/10/2024 12:50;28/10/2024 14:03;5
CHM-5409455;QRT-53868;FUN-07814;Hidráulica;Alta;2025-05-22;22/05/2025 23:26;3
CHM-3228991;QRT-13238;FUN-71181;Hidráulica;Média;10/01/2025 19:57;10/01/2025 23:15;4
CHM-4893097;QRT-60979;FUN-66580;Ar-condicionado;Baixa;26-05-2026;2026-05-27;5
CHM-0723354;QRT-85367;FUN-39946;Hidráulica;Alta;01/05/2025 11:38;01/05/2025 12:14;5
CHM-3639322;QRT-95923;FUN-48683;TV / Controle;Média;25-11-2025;25/11/2025 23:03;5
CHM-9903281;QRT-56321;FUN-76103;Fechadura Eletrônica;Média;06/07/2025 19:40;07/07/2025 02:17;5
CHM-3161280;QRT-47759;FUN-18700;Wi-Fi;Média;13/10/2025 21:45;13/10/2025 23:05;5
CHM-9913123;QRT-76736;FUN-16922;Wi-Fi;Média;19/06/2026 23:38;20.06.26;1
CHM-5089592;QRT-26280;FUN-88121;Elétrica;P1;21/06/2026 14:28;21/06/2026 17:18;2
CHM-8409683;QRT-28485;FUN-47371;Elétrica;Média;18.04.26;19/04/2026 03:06;4
CHM-2189834;QRT-55192;FUN-66580;Frigobar com Defeito;Média;17/05/2026 15:49;17/05/2026 19:54;5
CHM-2930513;QRT-21167;FUN-04670;Frigobar com Defeito;Baixa;19/03/2025 09:19;19/03/2025 16:09;5
CHM-5458323;QRT-66307;FUN-23361;Limpeza Extra;Baixa;11/06/2026 20:17;12/06/2026 17:23;4
CHM-0309901;QRT-58690;FUN-37715;Elétrica;Baixa;22-02-2026;22-02-2026;5
CHM-8057021;QRT-47928;FUN-69104;Ar-condicionado;Média;13-12-2025;2025-12-13;5
CHM-6146278;QRT-60845;FUN-15867;Ar-condicionado;Média;30/09/2024 17:17;30/09/2024 23:17;3
CHM-0117316;QRT-00452;FUN-96106;Wi-Fi;Baixa;19-06-2026;19/06/2026 14:10;5
CHM-4460781;QRT-24929;FUN-15867;Wi-Fi;Média;28-10-2025;28/10/2025 19:31;5
CHM-2231770;QRT-64840;FUN-10947;Ar-condicionado;Baixa;05/08/2025 09:52;06/08/2025 05:42;3
CHM-2408238;QRT-88654;FUN-96354;Hidráulica;Média;06.04.25;07/04/2025 00:23;5
CHM-7999543;QRT-02007;FUN-37715;Frigobar com Defeito;Baixa;04/10/2025 17:45;04/10/2025 21:07;5
CHM-0184747;QRT-62284;FUN-22607;TV / Controle;Média;02-04-2025;02/04/2025 08:34;5
CHM-8720801;QRT-99814;FUN-73856;TV / Controle;Baixa;23/06/2026 08:52;23/06/2026 16:05;4
CHM-0678363;QRT-66602;FUN-12040;Hidráulica;Média;2025-08-28;29/08/2025 02:15;2
CHM-8900002;QRT-26539;FUN-12040;Fechadura Eletrônica;Alta;20/07/2025 16:02;20/07/2025 16:24;5
CHM-4804535;QRT-03596;FUN-22607;Hidráulica;Média;04.01.26;04/01/2026 18:26;5
CHM-3590395;QRT-17820;FUN-23286;Hidráulica;Média;07/01/2025 23:51;08/01/2025 03:45;5
CHM-4534269;QRT-45185;FUN-29826;Fechadura Eletrônica;Média;08/03/2025 22:41;08/03/2025 23:58;3
CHM-6684918;QRT-83424;FUN-25313;Ar-condicionado;Média;02-12-2024;02/12/2024 20:57;5
CHM-7334131;QRT-54375;FUN-52300;Hidráulica;Baixa;15.12.25;16/12/2025 04:17;5
CHM-5275768;QRT-90947;FUN-12576;Limpeza Extra;Baixa;02/09/2024 18:03;03.09.24;4
CHM-1314425;QRT-86712;FUN-50800;Wi-Fi;Média;2024-11-29;01/12/2024 00:25;2
CHM-9769334;QRT-29854;FUN-32345;Wi-Fi;Média;23/04/2026 09:31;24.04.26;3
CHM-3653637;QRT-53290;FUN-04670;Elétrica;Baixa;15/12/2024 18:52;16/12/2024 12:50;5
CHM-8620165;QRT-43251;FUN-23361;AR-CONDICIONADO;Baixa;2025-07-07;08.07.25;5
CHM-8551292;QRT-80306;FUN-23361;Wi-Fi;Média;07/12/2024 11:51;07/12/2024 16:25;5
CHM-3265926;QRT-96617;FUN-86194;Hidráulica;Baixa;13.07.25;14/07/2025 02:08;5
CHM-5832444;QRT-58898;FUN-36473;Wi-Fi;Média;2025-04-04;04/04/2025 22:16;4
CHM-7491450;QRT-15710;FUN-96106;TV / Controle;Alta;16/07/2025 23:47;17/07/2025 00:14;4
CHM-6262103;QRT-95939;FUN-37715;TV / Controle;Média;12/07/2024 14:30;12/07/2024 16:44;4
CHM-4441502;QRT-41934;FUN-57664;Ar-condicionado;Alta;18/10/2025 10:07;18/10/2025 11:32;5
CHM-3950986;QRT-15710;FUN-05739;Wi-Fi;Média;28/05/2025 12:29;28.05.25;3
CHM-5545769;QRT-63998;FUN-64047;Wi-Fi;Baixa;17/01/2025 14:36;17/01/2025 21:17;5
CHM-7936326;QRT-11592;FUN-81524;TV / Controle;Alta;23/11/2025 19:36;23/11/2025 20:27;5
CHM-2090961;QRT-81700;FUN-96354;Ar-condicionado;Baixa;20/08/2025 09:20;20/08/2025 14:45;4
CHM-1994645;QRT-79165;FUN-29826;Elétrica;Média;19-07-2025;19-07-2025;5
CHM-9921089;QRT-80765;FUN-65780;Ar-condicionado;Alta;15/07/2024 18:38;15/07/2024 19:10;3
CHM-3128024;QRT-66602;FUN-36473;TV  / Controle;Baixa;10/07/2024 08:50;10/07/2024 16:45;4
CHM-4787012;QRT-72908;FUN-39946;Hidráulica;Média;10.02.25;11/02/2025 19:01;1
CHM-4651107;QRT-24929;FUN-15867;Ar-condicionado;Média;29/12/2024 08:52;29/12/2024 13:22;5
CHM-2230641;QRT-18801;FUN-39946;HIDRÁULICA;Média;26/02/2025 16:17;27-02-2025;3
CHM-2085061;QRT-31908;FUN-96354;Hidráulica;Alta;22/02/2026 17:31;22.02.26;4
CHM-0949565;QRT-17861;FUN-12576;Limpeza Extra;Média;04/09/2024 13:29;04/09/2024 14:55;3
CHM-5376523;QRT-99673;FUN-67282;Wi-Fi;Média;14/01/2025 11:16;14/01/2025 18:28;5
CHM-9516619;QRT-11142;FUN-87234;Frigobar com Defeito;Baixa;30-06-2025;30-06-2025;5
CHM-4510888;QRT-69835;FUN-36473;Wi-Fi;Alta;21/06/2025 21:54;21.06.25;5
CHM-5986364;QRT-27342;FUN-35080;Limpeza Extra;Média;2025-09-26;26.09.25;4
CHM-7384971;QRT-72908;FUN-37715;Hidráulica;Alta;2024-08-06;06/08/2024 10:40;4
CHM-8376021;QRT-41338;FUN-67282;Wi-Fi;Alta;30/04/2025 06:59;30/04/2025 10:05;1
CHM-9465612;QRT-16068;FUN-08849;Wi-Fi;Baixa;25/11/2024 09:21;25/11/2024 21:07;5
CHM-8629912;QRT-59117;FUN-08109;Elétrica  ;Baixa;26/02/2025 08:36;26/02/2025 13:44;5
CHM-8537376;QRT-65055;FUN-65780;Elétrica;Média;28/01/2026 14:36;28/01/2026 18:53;5
CHM-1362228;QRT-07031;FUN-07814;WI-FI;Média;22/11/2025 13:05;22/11/2025 23:14;2
CHM-9968508;QRT-64556;FUN-04670;Wi-Fi;Média;25/09/2025 14:36;25.09.25;4
CHM-4503085;QRT-78524;FUN-65780;Hidráulica;Média;08.04.26;08/04/2026 15:52;5
CHM-5728045;QRT-34521;FUN-88121;Hidráulica;P3;28.02.26;28.02.26;5
CHM-5449121;QRT-93180;FUN-05739;Wi-Fi;Média;02/03/2026 06:28;02-03-2026;3
CHM-7163110;QRT-63207;FUN-83865;Wi-Fi;Baixa;08/03/2025 10:25;10-03-2025;2
CHM-1072800;QRT-98233;FUN-41540;TV / Controle;Alta;01/07/2024 23:16;02/07/2024 00:37;4
CHM-8438824;QRT-75121;FUN-15867;Wi-Fi  ;Baixa;15/06/2026 17:22;2026-06-16;5
CHM-1633122;QRT-02055;FUN-12576;Hidráulica;Alta;05.07.24;05/07/2024 22:42;4
CHM-0442243;QRT-44318;FUN-48683;Frigobar com Defeito;Baixa;26/02/2026 14:50;27/02/2026 06:01;4
CHM-9249095;QRT-92384;FUN-64755;Limpeza Extra;MÉDIA;2025-05-04;2025-05-04;5
CHM-5686489;QRT-22076;FUN-13975;Ar-condicionado;Baixa;10/10/2025 09:41;10/10/2025 16:21;5
CHM-1125339;QRT-01798;FUN-69727;Fechadura Eletrônica;MÉDIA;17/02/2026 16:24;17/02/2026 21:02;5
CHM-8707910;QRT-11218;FUN-76103;Limpeza Extra;Média;2026-05-28;28/05/2026 19:10;4
CHM-8577658;QRT-85687;FUN-10947;Elétrica;Alta;28/01/2026 11:34;28/01/2026 13:49;1
CHM-1540027;QRT-94556;FUN-70436;TV / Controle;Baixa;05/12/2025 15:08;05.12.25;5
CHM-2593711;QRT-56047;FUN-35080;TV / Controle;Baixa;08/06/2025 09:35;10/06/2025 00:50;2
CHM-6249871;QRT-85687;FUN-39946;Frigobar com Defeito;Baixa;22.09.24;23/09/2024 07:54;5
CHM-0621056;QRT-59117;FUN-22607;Wi-Fi;Alta;08/06/2026 12:56;08-06-2026;5
CHM-1425733;QRT-43677;FUN-94946;Fechadura Eletrônica;Média;20/11/2024 20:04;20/11/2024 21:18;3
CHM-7481621;QRT-11826;FUN-22607;Elétrica;Alta;03/03/2026 10:54;03/03/2026 13:16;2
CHM-5203133;QRT-26280;FUN-49013;TV / Controle;Média;2026-05-18;18/05/2026 11:49;5
CHM-4554498;QRT-65099;FUN-25313;TV / Controle;Média;05-11-2024;05/11/2024 09:11;3
CHM-0376136;QRT-26166;FUN-23286;TV / Controle;Baixa;26/04/2026 06:00;29/04/2026 17:56;3
CHM-9348168;QRT-54489;FUN-22027;Elétrica;Alta;19/03/2025 14:28;19/03/2025 16:09;4
CHM-4789277;QRT-29980;FUN-57664;Fechadura Eletrônica;Média;08/04/2025 06:44;08/04/2025 11:44;5
CHM-5030733;QRT-27723;FUN-37715;Hidráulica;Baixa;16/11/2025 17:39;2025-11-16;5
CHM-9133348;QRT-84072;FUN-96106;Limpeza Extra;Baixa;25-12-2025;26-12-2025;3
CHM-2678861;QRT-26539;FUN-04670;Hidráulica;Baixa;10-09-2024;11/09/2024 12:21;5
CHM-4895771;QRT-26237;FUN-64706;Limpeza Extra;Baixa;04/12/2025 11:18;04/12/2025 21:40;5
CHM-5981053;QRT-64556;FUN-96354;Limpeza Extra;Média;01/06/2026 15:28;01-06-2026;1
CHM-4467497;QRT-08284;FUN-37715;Limpeza Extra;Baixa;26/06/2026 14:06;26/06/2026 22:25;5
CHM-1592078;QRT-56047;FUN-55799;Hidráulica;Média;10/05/2025 18:31;10/05/2025 21:43;4
CHM-3277932;QRT-22178;FUN-78820;Limpeza Extra;Média;03/01/2025 23:55;04/01/2025 08:43;3
CHM-6145626;QRT-79165;FUN-29826;Ar-condicionado;BAIXA;06/11/2024 17:13;2024-11-07;5
CHM-7522815;QRT-82654;FUN-47371;Wi-Fi;Alta;25/01/2025 11:38;25/01/2025 12:22;4
CHM-1243930;QRT-49496;FUN-71493;Limpeza Extra;Alta;30/08/2025 18:29;2025-08-31;1
CHM-4678110;QRT-76454;FUN-92045;TV / Controle;Alta;30/09/2025 08:34;30.09.25;3
CHM-6190758;QRT-88939;FUN-10947;Wi-Fi;Baixa;24/07/2024 12:15;24/07/2024 18:37;5
CHM-5361826;QRT-95618;FUN-69104;Ar-condicionado;Baixa;22/01/2025 23:47;23/01/2025 08:05;5
CHM-9574812;QRT-84837;FUN-48159;Fechadura Eletrônica;P3;11-02-2026;2026-02-12;4
CHM-7965902;QRT-65173;FUN-12040;Ar-condicionado;Média;03/03/2025 16:28;2025-03-03;5
CHM-6067561;QRT-34521;FUN-49013;Ar-condicionado;Média;08/11/2024 09:23;08-11-2024;3
CHM-6190027;QRT-17820;FUN-87234;Elétrica;Média;17-09-2025;18/09/2025 05:02;2
CHM-5002991;QRT-26237;FUN-49013;Hidráulica;Média;03-01-2025;03.01.25;5
CHM-8633945;QRT-56321;FUN-52300;Frigobar com Defeito;Baixa;04/02/2025 16:32;05/02/2025 07:15;4
CHM-5958929;QRT-80306;FUN-76103;TV / Controle;Média;2024-07-13;13/07/2024 11:03;4
CHM-1653036;QRT-49389;FUN-23286;Hidráulica;Baixa;20-06-2026;21-06-2026;1
CHM-6694196;QRT-44476;FUN-78820;Elétrica;Média;21/05/2026 15:51;21/05/2026 23:59;1
CHM-2529738;QRT-16398;FUN-13975;Hidráulica;Média;10/04/2026 19:40;11/04/2026 04:43;1
CHM-4379345;QRT-04542;FUN-01568;Limpeza Extra;Alta;10/04/2026 20:50;10/04/2026 21:47;5
CHM-9114917;QRT-83689;FUN-05739;Ar-condicionado;P2;19/12/2025 16:17;20/12/2025 05:56;2
CHM-5473671;QRT-08689;FUN-15784;Fechadura Eletrônica;Média;23/02/2025 12:54;23/02/2025 15:24;5
CHM-2874151;QRT-75221;FUN-48683;Elétrica;Média;12.10.25;13/10/2025 09:40;2
CHM-4047318;QRT-26756;FUN-01568;Elétrica;Baixa;03/10/2024 22:44;05/10/2024 04:19;3
CHM-2409914;QRT-43251;FUN-18700;Ar-condicionado;Média;02/01/2026 11:24;02/01/2026 13:24;5
CHM-7003075;QRT-53914;FUN-83865;Wi-Fi;Baixa;2025-12-15;15/12/2025 11:35;5
CHM-4120992;QRT-75123;FUN-29826;Elétrica;Média;2025-06-08;2025-06-08;5
CHM-8653030;QRT-23438;FUN-08234;Wi-Fi;Baixa;24.12.25;25.12.25;5
CHM-7983580;QRT-24810;FUN-71181;Ar-condicionado;Alta;25/08/2025 15:49;25.08.25;5
CHM-6811601;QRT-02007;FUN-74014;Ar-condicionado;Média;12/08/2024 21:33;13/08/2024 00:45;5
CHM-1701881;QRT-86712;FUN-34873;TV / Controle;Média;03/08/2025 18:11;03/08/2025 19:28;5
CHM-3547535;QRT-53432;FUN-69104;Wi-Fi;Média;2026-05-12;12/05/2026 10:30;5
CHM-2875699;QRT-18801;FUN-74014;Elétrica;Alta;17/09/2024 20:54;17/09/2024 22:07;4
CHM-8895268;QRT-84007;FUN-52300;Hidráulica;Baixa;27/10/2025 08:50;2025-10-29;3
CHM-6329889;QRT-88654;FUN-96354;Elétrica;Média;21/02/2026 06:04;21/02/2026 15:24;3
CHM-2780773;QRT-07031;FUN-18700;Elétrica;Alta;21/05/2025 06:03;21/05/2025 06:10;5
CHM-3386871;QRT-37477;FUN-67282;Elétrica;Média;15-03-2026;15/03/2026 19:48;5
CHM-8559383;QRT-31930;FUN-16922;Hidráulica;Baixa;29.07.25;30/07/2025 12:18;4
CHM-2569020;QRT-08689;FUN-43763;Frigobar com Defeito;Alta;04/07/2024 10:07;04/07/2024 12:43;3
CHM-5042168;QRT-29015;FUN-15867;Limpeza Extra;Média;14/01/2026 13:43;14/01/2026 18:27;5
CHM-0849836;QRT-86201;FUN-15867;Limpeza Extra;Alta;16/06/2026 18:40;16/06/2026 19:47;4
CHM-0529521;QRT-01345;FUN-34079;Wi-Fi;Alta;21/12/2025 22:03;21/12/2025 23:22;3
CHM-5802615;QRT-45185;FUN-29826;Hidráulica;Média;11/12/2025 17:00;2025-12-11;4
CHM-5894761;QRT-92171;FUN-65780;Fechadura Eletrônica;Média;16/12/2025 10:13;16.12.25;5
CHM-7332668;QRT-13758;FUN-08109;Fechadura Eletrônica;Alta;17/11/2024 09:21;17/11/2024 10:51;3
CHM-8515135;QRT-28645;FUN-41540;Fechadura Eletrônica;Alta;05/07/2025 15:28;05/07/2025 16:45;5
CHM-6721736;QRT-80800;FUN-64047;Limpeza Extra;Alta;05/08/2025 21:43;05/08/2025 21:59;3
CHM-6429633;QRT-03369;FUN-10947;Hidráulica;Média;2025-07-12;12.07.25;4
CHM-3534833;QRT-25905;FUN-09102;Wi-Fi;Baixa;07/03/2026 07:26;08/03/2026 01:38;5
CHM-3362854;QRT-33730;FUN-15867;Frigobar com Defeito;Baixa;07/03/2026 08:40;2026-03-07;4
CHM-1246311;QRT-20055;FUN-86194;Hidráulica;Média;11/01/2025 22:12;2025-01-12;5
CHM-8305183;QRT-91492;FUN-69727;Hidráulica;Alta;22/02/2026 13:44;22.02.26;5
CHM-8549640;QRT-00087;FUN-08849;TV / Controle;Média;19/02/2025 10:48;19/02/2025 17:04;5
CHM-0130955;QRT-27391;FUN-23361;Ar-condicionado;Média;27/04/2026 17:05;27-04-2026;4
CHM-4624732;QRT-65173;FUN-36473;Hidráulica;baixa;27/07/2024 23:25;28-07-2024;5
CHM-8253404;QRT-60661;FUN-12576;Fechadura Eletrônica;Alta;02/09/2024 22:29;02/09/2024 23:31;5
CHM-9503348;QRT-86959;FUN-94946;Wi-Fi;Baixa;15/08/2025 13:25;15/08/2025 20:14;4
CHM-9019590;QRT-04443;FUN-69104;Hidráulica;Baixa;11/07/2024 10:43;11-07-2024;5
CHM-1648500;QRT-02711;FUN-64755;Ar-condicionado;Média;05/12/2025 18:04;05.12.25;5
CHM-8857137;QRT-14624;FUN-15867;Wi-Fi;Baixa;03/11/2025 16:12;03.11.25;5
CHM-4241965;QRT-82431;FUN-39946;Limpeza Extra;Média;08/11/2024 14:32;08/11/2024 19:43;5
CHM-1993752;QRT-29802;FUN-83865;Elétrica;Média;06/04/2026 12:51;07/04/2026 18:23;3
CHM-0996033;QRT-72144;FUN-96354;Ar-condicionado;P3;28/03/2025 21:38;29-03-2025;3
CHM-4258041;QRT-72908;FUN-12576;Wi-Fi;Baixa;01/06/2026 22:45;02/06/2026 14:52;4
CHM-0135057;QRT-23438;FUN-09324;Hidráulica;Média;08/05/2025 06:45;08/05/2025 11:05;5
CHM-9331742;QRT-39368;FUN-07814;Limpeza Extra;Média;27/11/2024 16:27;27/11/2024 17:26;5
CHM-2591701;QRT-39312;FUN-37715;Hidráulica;Média;11-01-2025;11/01/2025 14:32;5
CHM-1020577;QRT-57763;FUN-09324;Limpeza Extra;P3;31/05/2026 21:57;31/05/2026 23:59;4
CHM-8463540;QRT-82787;FUN-76103;Wi-Fi;Média;09/10/2025 18:57;10.10.25;5
CHM-7837280;QRT-70680;FUN-45111;Ar-condicionado;Média;2024-07-06;06/07/2024 15:19;3
CHM-0721677;QRT-29439;FUN-64706;Ar-condicionado;Média;2025-03-08;08.03.25;5
CHM-3665855;QRT-00452;FUN-96106;TV / Controle;Alta;2025-03-04;04/03/2025 07:36;5
CHM-7348057;QRT-46748;FUN-21094;Hidráulica;Alta;13/11/2024 06:56;13.11.24;5
CHM-1031353;QRT-57181;FUN-64755;Fechadura Eletrônica;Alta;01/02/2025 15:48;01/02/2025 18:35;3
CHM-8399446;QRT-70680;FUN-23361;TV / Controle;Alta;17-12-2025;17-12-2025;5
CHM-9974130;QRT-42819;FUN-64755;Ar-condicionado;Alta;18/05/2025 19:43;18/05/2025 20:33;4
CHM-1172102;QRT-29393;FUN-45111;Ar-condicionado;Média;28/09/2024 09:00;28.09.24;4
CHM-0790981;QRT-35519;FUN-69727;Elétrica;Baixa;10/01/2025 16:47;11/01/2025 14:24;5
CHM-7148142;QRT-67310;FUN-49013;WI-FI;Alta;25/04/2026 13:45;25/04/2026 14:04;5
CHM-5293993;QRT-90947;FUN-52793;Ar-condicionado;Baixa;2026-04-05;06/04/2026 02:53;5
CHM-6715901;QRT-55454;FUN-92045;Ar-condicionado;Média;11/03/2026 12:23;11/03/2026 17:24;5
CHM-1205480;QRT-51984;FUN-39946;Elétrica;Média;16/07/2024 12:47;2024-07-16;4
CHM-7152489;QRT-81819;FUN-70436;Elétrica;Média;29/04/2026 19:29;30-04-2026;3
CHM-0198470;QRT-66932;FUN-23286;TV / Controle;Alta;17-09-2024;18/09/2024 01:22;1
CHM-0748710;QRT-68507;FUN-49170;Hidráulica;Alta;05/01/2026 18:06;05-01-2026;5
CHM-6945412;QRT-37220;FUN-64706;Wi-Fi;Alta;23/02/2025 09:27;23-02-2025;5
CHM-3222639;QRT-26716;FUN-09324;Fechadura Eletrônica;Média;06/10/2025 09:53;06-10-2025;4
CHM-1111116;QRT-01798;FUN-15867;Elétrica;Média;13/12/2024 08:37;13/12/2024 20:55;3
CHM-1046987;QRT-09674;FUN-94946;Ar-condicionado;Média;25-08-2024;25/08/2024 14:19;4
CHM-1571758;QRT-92384;FUN-05739;Hidráulica;Baixa;04/04/2025 19:30;06/04/2025 16:31;1
CHM-9130529;QRT-42819;FUN-64755;Hidráulica;Média;22/07/2024 10:37;22/07/2024 23:44;2
CHM-2645416;QRT-89068;FUN-71181;Ar-condicionado;Baixa;09/04/2025 14:12;10/04/2025 01:41;5
CHM-5121760;QRT-04443;FUN-69104;TV / Controle;Baixa;21/04/2025 06:05;21/04/2025 10:05;4
CHM-3969977;QRT-24594;FUN-02909;Limpeza Extra;Média;23.12.25;2025-12-23;5
CHM-7499169;QRT-92384;FUN-49170;frigobar com defeito;Baixa;2024-11-03;03/11/2024 22:04;5
CHM-7741506;QRT-59512;FUN-64706;Ar-condicionado;Alta;25/05/2025 14:38;2025-05-25;5
CHM-3161296;QRT-26756;FUN-08234;Hidráulica;MÉDIA;26/03/2026 22:45;27/03/2026 07:00;2
CHM-2776707;QRT-43330;FUN-48683;Limpeza Extra;Média;09-02-2026;2026-02-10;2
CHM-3777157;QRT-81775;FUN-88121;Wi-Fi;ALTA;23.04.26;23/04/2026 08:26;5
CHM-0944162;QRT-44425;FUN-34079;Hidráulica;Baixa;21-11-2024;25.11.24;2
CHM-4264288;QRT-43580;FUN-15784;Elétrica;Baixa;25/06/2026 22:39;26/06/2026 04:32;5
CHM-0952496;QRT-26080;FUN-74014;Ar-condicionado;Média;16/07/2025 19:40;16/07/2025 22:38;5
CHM-0085474;QRT-80227;FUN-64755;Hidráulica;BAIXA;2025-11-08;09.11.25;3
CHM-2450178;QRT-97434;FUN-37715;Elétrica;Média;2026-05-22;22/05/2026 15:26;4
CHM-8472109;QRT-66083;FUN-71493;Elétrica;Baixa;27/08/2025 06:08;28/08/2025 12:46;2
CHM-0579835;QRT-95776;FUN-92045;Wi-Fi;Média;21/05/2026 15:16;21/05/2026 20:25;5
CHM-3269319;QRT-94862;FUN-50800;Fechadura Eletrônica;Média;31/03/2026 10:52;31/03/2026 14:01;4
CHM-0715303;QRT-11826;FUN-08849;Elétrica;P3;23/07/2024 18:57;2024-07-25;1
CHM-1467981;QRT-75780;FUN-50800;TV / Controle;Média;19/07/2025 18:59;19/07/2025 21:24;5
CHM-2649493;QRT-25571;FUN-49013;Ar-condicionado;Baixa;09/09/2025 20:33;10-09-2025;5
CHM-3781175;QRT-75780;FUN-29826;TV / Controle;Alta;22/07/2025 13:37;22/07/2025 17:24;3
CHM-4336339;QRT-54953;FUN-39946;Ar-condicionado;Baixa;2025-11-01;2025-11-01;5
CHM-7322793;QRT-53914;FUN-73856;Ar-condicionado;Alta;25-10-2024;25/10/2024 18:10;4
CHM-5789122;QRT-11826;FUN-25313;TV / Controle;Alta;13/10/2024 12:49;13/10/2024 16:53;3
CHM-7089642;QRT-57190;FUN-12576;Frigobar com Defeito;Alta;08/11/2025 12:09;08/11/2025 13:09;4
CHM-4981020;QRT-00452;FUN-64755;Ar-condicionado;Média;21.08.24;21/08/2024 14:23;4
CHM-0883614;QRT-31095;FUN-36473;Ar-condicionado;Baixa;29/01/2025 14:48;01/02/2025 02:37;2
CHM-4530870;QRT-37672;FUN-57664;Hidráulica;Média;18/07/2024 23:02;19-07-2024;3
CHM-8434405;QRT-65055;FUN-73856;Hidráulica;Média;08/08/2025 09:29;08-08-2025;5
CHM-4307212;QRT-88284;FUN-16922;Ar-condicionado;MÉDIA;2024-12-02;02.12.24;5
CHM-3482392;QRT-85329;FUN-09102;Wi-Fi;Média;2025-04-28;28.04.25;5
CHM-1885832;QRT-85188;FUN-50800;Fechadura Eletrônica;Alta;18-08-2024;18.08.24;5
CHM-9375788;QRT-50393;FUN-12040;Frigobar com Defeito;Media;04/04/2025 10:47;05/04/2025 05:00;1
CHM-9201043;QRT-18824;FUN-08849;Wi-Fi;Alta;28/01/2025 16:38;28/01/2025 17:23;5
CHM-9553946;QRT-73974;FUN-89330;Ar-condicionado;Baixa;06-08-2025;07/08/2025 15:51;5
CHM-2594872;QRT-81045;FUN-64755;Limpeza Extra;Baixa;22/12/2025 07:48;2025-12-23;1
CHM-6856136;QRT-72363;FUN-49170;TV / Controle;Média;12/01/2025 12:43;12/01/2025 17:07;4
CHM-0159416;QRT-57763;FUN-86199;Wi-Fi;Média;29.09.25;29/09/2025 15:23;5
CHM-3136011;QRT-76736;FUN-78820;TV / Controle;Média;2025-10-09;09.10.25;5
CHM-8223036;QRT-59474;FUN-76103;hidráulica;P1;17.06.25;17/06/2025 22:11;4
CHM-1761707;QRT-85739;FUN-08486;Fechadura Eletrônica;Média;20/10/2025 09:40;20/10/2025 12:21;4
CHM-2389689;QRT-87654;FUN-71493;Ar-condicionado;Média;21/08/2024 10:49;21.08.24;4
CHM-3716633;QRT-56980;FUN-64755;Hidráulica;Média;30/05/2026 10:23;2026-05-30;4
CHM-9525550;QRT-55192;FUN-45111;Limpeza Extra;Média;14/10/2025 09:32;14/10/2025 16:07;4
CHM-0513972;QRT-41316;FUN-89330;Wi-Fi;Baixa;27/04/2026 09:55;27/04/2026 17:32;4
CHM-2828578;QRT-96428;FUN-37715;Elétrica;Baixa;01/04/2026 14:19;01/04/2026 21:48;4
CHM-2015667;QRT-86959;FUN-01568;Wi-Fi;Média;08/11/2025 11:22;08/11/2025 14:35;5
CHM-1789824;QRT-66170;FUN-28577;Hidráulica;Baixa;16.03.26;16/03/2026 15:34;3
CHM-3603956;QRT-24118;FUN-87234;Wi-Fi;Alta;12/11/2025 16:26;12/11/2025 17:11;5
CHM-2915001;QRT-76454;FUN-23286;Elétrica;Alta;29.09.25;2025-09-29;4
CHM-4490113;QRT-26280;FUN-64706;TV / Controle;Baixa;30/10/2025 06:28;31/10/2025 05:24;3
CHM-4893232;QRT-37220;FUN-49013;Wi-Fi  ;Alta;12/12/2024 21:51;12/12/2024 22:45;4
CHM-0839187;QRT-43330;FUN-50800;Fechadura Eletrônica;Baixa;28.12.25;28/12/2025 18:50;5
CHM-0061001;QRT-58898;FUN-04670;Ar-condicionado;Alta;06/01/2025 08:11;06/01/2025 09:16;5
CHM-8304030;QRT-26354;FUN-82886;Wi-Fi;Alta;10-06-2025;10/06/2025 21:08;4
CHM-9746940;QRT-93908;FUN-48683;Limpeza Extra;ALTA;17/02/2025 23:59;18.02.25;5
CHM-2226057;QRT-66170;FUN-92311;Wi-Fi;Alta;21/12/2025 07:59;21.12.25;1
CHM-2071045;QRT-15355;FUN-05739;Ar-condicionado;Média;19/06/2026 07:25;19/06/2026 09:21;4
CHM-9652859;QRT-41748;FUN-92311;Ar-condicionado;Média;10.02.25;10-02-2025;5
CHM-0217188;QRT-68692;FUN-64755;Ar-condicionado;Alta;17-12-2024;17/12/2024 10:27;5
CHM-1278046;QRT-41356;FUN-18700;Fechadura Eletrônica;Média;04.12.24;04/12/2024 14:55;2
CHM-5161535;QRT-33730;FUN-48683;Elétrica;Alta;08/11/2025 15:48;08/11/2025 16:16;4
CHM-4726588;QRT-63998;FUN-43763;TV / Controle;Baixa;18/01/2026 14:41;19.01.26;5
CHM-1436593;QRT-33730;FUN-69727;Ar-condicionado;Média;02/09/2024 17:39;02/09/2024 23:09;4
CHM-6924715;QRT-89443;FUN-05739;Ar-condicionado;Baixa;18/09/2025 21:55;19/09/2025 04:17;4
CHM-5622515;QRT-99673;FUN-64047;Wi-Fi;Alta;27.11.25;27/11/2025 13:27;5
CHM-2648728;QRT-58808;FUN-04670;Ar-condicionado;Média;12/03/2025 14:48;2025-03-12;4
CHM-6994881;QRT-03930;FUN-08109;Limpeza Extra;Média;05.01.26;05/01/2026 21:16;5
CHM-4593139;QRT-75121;FUN-34873;Ar-condicionado;Baixa;26/03/2026 16:38;2026-03-27;4
CHM-6193412;QRT-76281;FUN-71181;Ar-condicionado;Média;11/02/2026 20:24;12/02/2026 01:42;3
CHM-8403373;QRT-75289;FUN-96106;Wi-Fi;Alta;31/01/2026 10:17;31/01/2026 10:55;4
CHM-0936264;QRT-85329;FUN-82886;TV / Controle;Média;06-08-2025;2025-08-06;5
CHM-5572449;QRT-53040;FUN-36473;Ar-condicionado;Alta;19/07/2024 16:49;19/07/2024 18:00;5
CHM-8380709;QRT-99264;FUN-76103;Limpeza Extra;Baixa;04.06.26;05/06/2026 05:57;3
CHM-0657303;QRT-03500;FUN-64047;Elétrica;Alta;04.01.25;04/01/2025 14:20;4
CHM-4765339;QRT-17482;FUN-22607;Frigobar com Defeito;P2;23/12/2024 16:40;23/12/2024 20:06;4
CHM-1862189;QRT-01798;FUN-48683;Fechadura Eletrônica;Média;15/06/2025 14:59;15/06/2025 19:44;5
CHM-9490311;QRT-38783;FUN-48683;Hidráulica;Média;06/07/2025 22:27;06/07/2025 23:59;5
CHM-1059514;QRT-75123;FUN-48683;Elétrica;Baixa;04/05/2026 10:08;04/05/2026 21:33;3
CHM-6945072;QRT-67310;FUN-15784;Limpeza Extra;Alta;19/10/2025 06:24;19-10-2025;5
CHM-3143900;QRT-54953;FUN-74014;Wi-Fi;Média;10/10/2024 13:08;10/10/2024 17:54;5
CHM-0849800;QRT-57190;FUN-71181;Hidráulica;Baixa;25/11/2024 21:14;26/11/2024 07:54;4
CHM-6796731;QRT-66092;FUN-94946;Hidráulica;Baixa;04/04/2026 22:11;05/04/2026 15:24;3
CHM-2626515;QRT-61287;FUN-08109;Ar-condicionado;Média;2024-08-26;26/08/2024 11:35;5
CHM-8929584;QRT-21077;FUN-19473;Hidráulica;Média;09/09/2025 21:27;09/09/2025 23:37;5
CHM-3232896;QRT-23155;FUN-49170;Elétrica;Média;18/12/2024 06:06;18/12/2024 12:14;5
CHM-0704170;QRT-85702;FUN-83865;Hidráulica;Média;17/08/2024 08:04;17/08/2024 11:06;5
CHM-7873292;QRT-74465;FUN-08486;Limpeza Extra;Média;05/04/2025 06:53;05/04/2025 20:21;2
CHM-2687613;QRT-70536;FUN-64047;Ar-condicionado;Média;24/11/2025 07:03;24/11/2025 14:20;5
CHM-9171894;QRT-94991;FUN-74014;TV / Controle;P3;18/06/2026 16:38;2026-06-19;5
CHM-1899085;QRT-01562;FUN-73856;Ar-condicionado;Média;17/08/2024 19:23;17/08/2024 20:31;5
CHM-8687087;QRT-23801;FUN-90839;Ar-condicionado;Alta;12/10/2025 11:23;2025-10-12;3
CHM-7224593;QRT-72908;FUN-10947;TV / Controle;Média;01/07/2024 21:40;02/07/2024 00:19;5
CHM-6091377;QRT-39888;FUN-83865;Limpeza Extra;alta;2024-09-12;13/09/2024 00:08;5
CHM-0607859;QRT-42714;FUN-48159;Limpeza Extra;Alta;04/04/2026 09:37;04/04/2026 10:02;3
CHM-3822245;QRT-71194;FUN-50800;Ar-condicionado;Média;15/06/2026 15:08;15/06/2026 23:41;2
CHM-8766488;QRT-24810;FUN-52793;Ar-condicionado;Alta;09.02.25;09/02/2025 07:40;5
CHM-0204395;QRT-04414;FUN-71181;Ar-condicionado;Média;10.05.26;11.05.26;5
CHM-7024688;QRT-55192;FUN-45111;TV / Controle;Alta;16/09/2025 17:03;16/09/2025 19:13;1
CHM-8951765;QRT-74766;FUN-09102;Ar-condicionado;Alta;07/02/2026 23:19;2026-02-08;3
CHM-8660166;QRT-02862;FUN-94946;Wi-Fi;Média;10/01/2025 08:12;10/01/2025 11:17;4
CHM-5652162;QRT-23438;FUN-08234;Wi-Fi;Alta;29/03/2025 16:56;29/03/2025 17:47;3
CHM-2431274;QRT-70123;FUN-87234;Ar-condicionado;Média;04/10/2024 09:32;04/10/2024 12:37;4
CHM-7986361;QRT-16851;FUN-78820;Limpeza Extra;Baixa;24/06/2026 06:43;25-06-2026;2
CHM-8447134;QRT-77305;FUN-48683;Wi-Fi;Baixa;01/04/2026 06:21;01/04/2026 20:51;4
CHM-0565666;QRT-58898;FUN-23383;TV / Controle;Média;2025-03-13;13/03/2025 09:57;4
CHM-9112362;QRT-70123;FUN-03036;Frigobar com Defeito;Alta;2025-12-12;12/12/2025 23:10;1
CHM-1129445;QRT-76575;FUN-08828;TV / Controle;Baixa;04/07/2025 21:49;05/07/2025 13:58;5
CHM-9240880;QRT-24810;FUN-10947;Hidráulica;Média;19-09-2024;20/09/2024 09:02;3
CHM-5714996;QRT-16535;FUN-65780;Hidráulica;Media;02-02-2025;02/02/2025 14:48;5
CHM-1889229;QRT-07031;FUN-81524;Wi-Fi;Média;06/07/2025 19:22;07/07/2025 03:29;2
CHM-2433691;QRT-07031;FUN-76103;Limpeza Extra;Média;18/08/2025 09:24;18/08/2025 17:41;3
CHM-3700884;QRT-25217;FUN-03036;Limpeza Extra;Média;14.03.25;15/03/2025 00:45;1
CHM-2420087;QRT-04025;FUN-16922;Ar-condicionado;Baixa;23/02/2026 10:37;23.02.26;5
CHM-9531495;QRT-76445;FUN-08828;TV / Controle;Média;14/08/2024 12:29;14-08-2024;5
CHM-5998348;QRT-81819;FUN-55799;Ar-condicionado;Alta;19-05-2025;19/05/2025 08:38;3
CHM-6475509;QRT-76281;FUN-37715;Elétrica;BAIXA;03/08/2025 20:56;04/08/2025 05:21;4
CHM-3117597;QRT-23155;FUN-22027;Hidráulica;Baixa;27.02.25;28/02/2025 16:21;3
CHM-2952186;QRT-58898;FUN-12040;Limpeza Extra;Média;15/05/2025 20:58;16/05/2025 18:12;1
CHM-7024608;QRT-00452;FUN-57664;Hidráulica;Alta;28/07/2025 11:55;2025-07-28;5
CHM-3788657;QRT-75123;FUN-34873;Hidráulica;Média;27-08-2024;2024-08-27;4
CHM-8609681;QRT-54918;FUN-29826;Fechadura Eletrônica;Média;15/06/2025 22:00;16/06/2025 00:28;4
CHM-8517333;QRT-20026;FUN-35080;Elétrica;Média;26/07/2025 13:24;26/07/2025 17:24;4
CHM-8615196;QRT-87654;FUN-02909;Elétrica;Baixa;20/11/2024 14:31;21.11.24;4
CHM-5210289;QRT-22560;FUN-15867;Fechadura Eletrônica;Média;18.10.24;18-10-2024;4
CHM-6804088;QRT-39746;FUN-74014;Fechadura Eletrônica;Alta;03/08/2024 15:02;03/08/2024 19:24;1
CHM-6318718;QRT-66092;FUN-90839;Elétrica;Alta;14/07/2025 10:36;14/07/2025 13:14;3
CHM-4137456;QRT-72908;FUN-08486;Frigobar com Defeito  ;Baixa;29/08/2025 11:16;30/08/2025 04:52;4
CHM-3138585;QRT-54116;FUN-48683;Wi-Fi;Alta;26/06/2025 11:57;26/06/2025 13:00;5
CHM-2988477;QRT-22560;FUN-15867;Elétrica;Média;12/05/2026 17:48;12/05/2026 18:49;5
CHM-6846820;QRT-87613;FUN-18700;Ar-condicionado;Média;13/07/2024 17:35;14/07/2024 06:51;3
CHM-5072836;QRT-56321;FUN-89330;Hidráulica;Média;11/09/2024 11:48;11/09/2024 15:25;5
CHM-3191604;QRT-92964;FUN-32345;Hidráulica;Alta;15/07/2025 21:30;2025-07-15;2
CHM-3563039;QRT-25905;FUN-90839;Frigobar com Defeito;Baixa;06/07/2025 10:20;06/07/2025 21:42;4
CHM-5195008;QRT-03596;FUN-08849;Limpeza Extra;Média;20/06/2026 23:59;21/06/2026 00:59;4
CHM-5561452;QRT-86536;FUN-89330;TV / Controle;Alta;13/03/2026 17:18;2026-03-13;4
CHM-5175840;QRT-47168;FUN-92311;TV / Controle;Alta;11/12/2024 18:23;11-12-2024;4
CHM-0056498;QRT-48634;FUN-23383;Elétrica;Baixa;19/12/2024 18:47;19/12/2024 23:13;4
CHM-5872019;QRT-83481;FUN-86194;Ar-condicionado;Média;16/02/2025 13:44;16/02/2025 20:25;5
CHM-1502519;QRT-58808;FUN-96354;Ar-condicionado;Alta;15/05/2025 18:11;15/05/2025 19:29;4
CHM-2085294;QRT-86876;FUN-12040;Ar-condicionado;Alta;2024-08-11;11.08.24;4
CHM-3389304;QRT-14528;FUN-78820;Ar-condicionado;Média;21/05/2026 08:36;21/05/2026 11:43;5
CHM-8902552;QRT-39368;FUN-45111;Wi-Fi;Média;26/02/2025 16:41;26/02/2025 18:36;5
CHM-5726428;QRT-15064;FUN-52793;Wi-Fi;Média;26/09/2025 15:38;26/09/2025 20:15;5
CHM-7921184;QRT-66195;FUN-09324;Elétrica;Média;05-04-2026;2026-04-05;4
CHM-4936368;QRT-31095;FUN-04670;Ar-condicionado;Baixa;17/09/2024 16:07;19/09/2024 17:13;2
CHM-1098016;QRT-08799;FUN-57664;Limpeza Extra;Média;07/02/2025 22:55;08/02/2025 02:56;5
CHM-4664613;QRT-91810;FUN-09102;Wi-Fi;Baixa;30.05.26;31/05/2026 01:30;5
CHM-4394961;QRT-11592;FUN-81524;TV / Controle;Média;30/12/2025 13:18;30/12/2025 21:29;3
CHM-6617979;QRT-46308;FUN-09102;Frigobar com Defeito;Baixa;15/09/2024 21:57;2024-09-16;5
CHM-7074225;QRT-29980;FUN-57664;Limpeza Extra;Média;2025-12-05;05.12.25;5
CHM-3659915;QRT-84972;FUN-18700;Limpeza Extra;Média;17.12.24;17/12/2024 23:41;5
CHM-0904943;QRT-39368;FUN-18700;Hidráulica;Média;01/06/2026 14:34;01-06-2026;4
CHM-2289419;QRT-27574;FUN-18700;Elétrica;Média;05/04/2025 13:44;2025-04-05;3
CHM-7648373;QRT-68610;FUN-92311;Fechadura Eletrônica;Baixa;16/12/2025 12:03;17/12/2025 11:03;5
CHM-3227084;QRT-55454;FUN-87234;Limpeza Extra;Baixa;02-03-2025;03/03/2025 04:14;4
CHM-1074069;QRT-37672;FUN-96106;Limpeza Extra;Baixa;28/12/2025 09:00;28/12/2025 19:10;5
CHM-5685282;QRT-86959;FUN-09324;Hidráulica;Média;16/07/2024 14:56;17/07/2024 06:31;3
CHM-4339655;QRT-03540;FUN-22607;Limpeza Extra;Baixa;2025-02-15;17-02-2025;2
CHM-6793646;QRT-07031;FUN-76103;Hidráulica;Média;17/06/2025 11:43;17/06/2025 14:11;5
CHM-8269986;QRT-06043;FUN-71181;Wi-Fi;Baixa;05/06/2025 06:13;05/06/2025 16:18;5
CHM-6465108;QRT-95939;FUN-71181;Elétrica;Media;19/07/2024 08:32;19.07.24;3
CHM-8975362;QRT-53432;FUN-01568;Limpeza Extra;Alta;25/01/2026 09:58;25/01/2026 13:48;2
CHM-8995148;QRT-30636;FUN-29826;Wi-Fi;Média;2025-04-20;20-04-2025;1
CHM-4008539;QRT-68610;FUN-12040;Wi-Fi;Alta;26/05/2025 20:47;26/05/2025 22:46;4
CHM-1409167;QRT-51483;FUN-36473;Hidráulica;Baixa;04/07/2025 08:06;04-07-2025;3
CHM-0161605;QRT-98284;FUN-57664;Limpeza Extra;Baixa;22-04-2026;22/04/2026 14:14;5
CHM-7555857;QRT-75121;FUN-48683;Hidráulica;Alta;27/06/2026 13:45;27/06/2026 14:31;5
CHM-7753871;QRT-75780;FUN-34873;TV / Controle;Média;01.08.25;02/08/2025 04:05;5
CHM-7855560;QRT-87593;FUN-73856;Fechadura Eletrônica;Média;2025-01-20;20/01/2025 17:32;5
CHM-6189676;QRT-17482;FUN-25313;Wi-Fi;Média;13-11-2025;13/11/2025 17:25;5
CHM-4381367;QRT-37220;FUN-64047;Wi-Fi;Média;29.08.25;30/08/2025 02:18;5
CHM-6361612;QRT-17820;FUN-34079;Elétrica;alta;30/04/2025 17:54;30/04/2025 20:21;3
CHM-5126933;QRT-20055;FUN-19473;TV / Controle;Média;11/11/2024 14:54;12/11/2024 18:24;2
CHM-1674282;QRT-91810;FUN-90839;Hidráulica;alta;17.07.25;2025-07-18;4
CHM-7344286;QRT-55333;FUN-92311;ar-condicionado;Média;03.05.25;03/05/2025 21:03;5
CHM-3445142;QRT-42497;FUN-69104;TV / Controle;Alta;27.11.24;27-11-2024;4
CHM-5394351;QRT-02055;FUN-08486;TV / Controle;Média;2024-10-21;21/10/2024 21:17;4
CHM-0392094;QRT-90762;FUN-49170;Hidráulica;Média;2024-11-22;22.11.24;5
CHM-0471122;QRT-41316;FUN-52300;Limpeza Extra;Alta;08/10/2025 17:53;08/10/2025 18:16;5
CHM-2902475;QRT-53914;FUN-78820;Hidráulica;Média;22/02/2025 21:07;23/02/2025 00:47;4
CHM-6838900;QRT-89068;FUN-10947;Ar-condicionado;P3;23.03.26;24/03/2026 16:53;5
CHM-0326642;QRT-73232;FUN-88121;Wi-Fi;Média;20/05/2026 21:51;2026-05-20;4
CHM-0690662;QRT-60979;FUN-52300;Fechadura Eletrônica;baixa;27/11/2025 16:42;27/11/2025 19:45;5
CHM-1673753;QRT-39312;FUN-12576;Elétrica;Média;04/02/2026 16:19;2026-02-05;2
CHM-9414784;QRT-82431;FUN-37715;TV / Controle;Média;14/10/2025 17:12;14/10/2025 20:42;5
CHM-1435248;QRT-13534;FUN-50800;TV / Controle;Média;14/11/2024 11:36;14/11/2024 13:45;5
CHM-3507551;QRT-92321;FUN-71181;Limpeza Extra;ALTA;07/11/2024 11:26;07/11/2024 12:26;5
CHM-7770444;QRT-37102;FUN-66580;Ar-condicionado;Média;07-09-2024;08/09/2024 00:50;3
CHM-3308965;QRT-37204;FUN-69727;HIDRÁULICA;Média;02-10-2025;02/10/2025 09:28;4
CHM-2901022;QRT-04542;FUN-69104;Ar-condicionado;Baixa;2026-05-25;27/05/2026 04:18;2
CHM-7985101;QRT-51590;FUN-05739;Limpeza Extra;Alta;01/06/2025 08:24;2025-06-01;3
CHM-4198034;QRT-79165;FUN-69727;Elétrica;Média;20/05/2026 09:26;20/05/2026 14:14;5
CHM-5802564;QRT-04025;FUN-67710;Limpeza  Extra;Média;25-07-2024;25/07/2024 16:24;5
CHM-4837153;QRT-54918;FUN-48683;Ar-condicionado;Baixa;30/03/2025 19:09;2025-04-01;3
CHM-5798199;QRT-66932;FUN-34079;Ar-condicionado;P1;24/10/2024 09:36;24/10/2024 10:33;5
CHM-6973327;QRT-59474;FUN-52300;Ar-condicionado;Baixa;13/12/2025 14:57;15/12/2025 01:18;3
CHM-8239529;QRT-09395;FUN-43763;Fechadura Eletrônica;Alta;23/04/2025 09:07;23-04-2025;5
CHM-2366066;QRT-44318;FUN-34873;TV / Controle;Média;28.07.25;28/07/2025 20:17;4
CHM-2755133;QRT-97434;FUN-37715;Limpeza Extra;P2;04/10/2025 08:34;04/10/2025 10:37;3
CHM-3713590;QRT-94431;FUN-64755;Hidráulica;Baixa;07/08/2024 16:14;2024-08-08;5
CHM-3783491;QRT-01562;FUN-86194;Hidráulica;Baixa;13/09/2025 09:27;14/09/2025 12:56;3
CHM-6976555;QRT-60540;FUN-64047;Hidráulica;Média;07/02/2025 10:58;2025-02-07;5
CHM-1998581;QRT-63645;FUN-49170;Hidráulica;Média;12/12/2025 22:08;13/12/2025 03:09;5
CHM-2068299;QRT-39312;FUN-74014;ar-condicionado;Média;01.05.26;02.05.26;4
CHM-7260905;QRT-45132;FUN-48159;Wi-Fi;Baixa;2026-02-03;05/02/2026 03:39;2
CHM-7048470;QRT-43330;FUN-50800;Wi-Fi;Média;10/11/2025 12:05;10/11/2025 15:21;3
CHM-0186378;QRT-66083;FUN-71493;Wi-Fi;Média;14/06/2025 13:01;14/06/2025 18:29;3
CHM-1484791;QRT-45132;FUN-92311;Wi-Fi;Média;12/08/2024 16:40;13/08/2024 03:20;2
CHM-4527571;QRT-60661;FUN-10947;Hidráulica;Alta;10/04/2026 11:30;10/04/2026 12:30;5
CHM-6651461;QRT-26716;FUN-69104;Elétrica;Média;2025-01-23;23/01/2025 21:50;4
CHM-2979778;QRT-47759;FUN-89330; Limpeza Extra;Baixa;29/11/2025 12:39;2025-11-29;4
CHM-9827466;QRT-75043;FUN-39946;Ar-condicionado;Média;11-09-2025;11/09/2025 14:31;3
CHM-6442745;QRT-31042;FUN-08109;TV / Controle;Alta;27/03/2025 17:40;27/03/2025 19:10;5
CHM-5045131;QRT-29393;FUN-66580;Wi-Fi;Baixa;12/10/2024 22:53;2024-10-13;3
CHM-1038260;QRT-45866;FUN-48683;Limpeza Extra;Baixa;31/07/2024 16:30;01-08-2024;1
CHM-8976491;QRT-58511;FUN-73856;Hidráulica;Baixa;23/03/2025 10:53;23/03/2025 21:31;5
CHM-0250450;QRT-92177;FUN-88121;Elétrica;Baixa;25/03/2026 19:49;26/03/2026 00:38;4
CHM-9479756;QRT-81933;FUN-03036;Ar-condicionado;Baixa;22/01/2025 23:13;23/01/2025 09:04;5
CHM-2478967;QRT-23155;FUN-22027;Elétrica;Alta;25/03/2025 21:30;25/03/2025 23:46;1
CHM-6113686;QRT-17861;FUN-74014;Hidráulica;Alta;22/09/2024 23:22;2024-09-23;1
CHM-3064787;QRT-74691;FUN-49170;Ar-condicionado;Baixa;2024-10-12;13/10/2024 20:49;2
CHM-8445045;QRT-54048;FUN-35080;Hidráulica;Alta;06.04.25;06/04/2025 14:40;1
CHM-3192048;QRT-46308;FUN-82886;TV / Controle;Alta;26/04/2026 16:15;26.04.26;4
CHM-3262299;QRT-72107;FUN-10947;Ar-condicionado;Média;16.10.24;17/10/2024 02:20;2
CHM-2454513;QRT-02862;FUN-09102;TV / Controle;Média;29.08.25;29/08/2025 17:56;1
CHM-2633028;QRT-86876;FUN-28577;Ar-condicionado;Média;15/06/2026 12:49;15/06/2026 17:05;5
CHM-5515708;QRT-89068;FUN-12576;Limpeza Extra;Média;12/08/2025 12:25;12/08/2025 13:13;5
CHM-1087885;QRT-56455;FUN-86194;Wi-Fi;Baixa;13/12/2025 07:02;13/12/2025 17:48;3
CHM-8293486;QRT-11654;FUN-22607;Fechadura Eletrônica;Média;21/10/2025 22:19;22/10/2025 02:33;4
CHM-7862626;QRT-47759;FUN-23361;Frigobar com Defeito;Média;16/02/2026 11:20;16/02/2026 13:03;5
CHM-4018782;QRT-75043;FUN-37715;Wi-Fi;Baixa;04/11/2025 15:44;05/11/2025 03:54;5
CHM-0904371;QRT-11592;FUN-89330;Ar-condicionado;Alta;28/08/2025 16:30;28.08.25;5
CHM-5155846;QRT-16535;FUN-86194;Hidráulica;Alta;02/08/2024 23:06;03/08/2024 00:28;4
CHM-0716830;QRT-90947;FUN-39946;Hidráulica;Baixa;2026-05-20;21/05/2026 04:42;4
CHM-0773571;QRT-43330;FUN-15867;TV / Controle;Media;28/08/2024 19:12;28/08/2024 22:53;5
CHM-2973272;QRT-02862;FUN-09324;Limpeza Extra;Média;27/09/2025 09:03;27/09/2025 11:13;3
CHM-0674268;QRT-03369;FUN-52793;Ar-condicionado;Baixa;13/12/2024 06:36;2024-12-13;3
CHM-0760413;QRT-28212;FUN-05739;Ar-condicionado;Baixa;01/05/2025 22:03;02/05/2025 03:00;4
CHM-5402492;QRT-75780;FUN-34873;Limpeza Extra;Média;08/04/2025 15:07;08/04/2025 18:24;4
CHM-6441134;QRT-38689;FUN-48159;Elétrica;Média;17/12/2024 10:45;17/12/2024 16:09;5
CHM-7285664;QRT-62407;FUN-22607;TV / Controle;Baixa;03/12/2025 16:51;04-12-2025;5
CHM-2498855;QRT-28485;FUN-47371;Frigobar com Defeito;Média;17-04-2026;17-04-2026;4
CHM-0952076;QRT-95201;FUN-15867;Ar-condicionado;Baixa;16/01/2026 23:34;17/01/2026 12:59;5
CHM-9919059;QRT-32164;FUN-83865;Elétrica;Média;2025-09-18;18/09/2025 18:03;2
CHM-9810402;QRT-42819;FUN-22027;TV / Controle;Baixa;2026-02-03;04/02/2026 07:51;5
CHM-0693708;QRT-72363;FUN-57664;Ar-condicionado;Alta;09-06-2026;09/06/2026 17:26;5
CHM-8252370;QRT-00699;FUN-32345;Wi-Fi;Alta;07/02/2025 08:36;07/02/2025 09:58;5
CHM-6793995;QRT-46794;FUN-05739;Hidráulica;Média;27/01/2025 12:51;27-01-2025;5
CHM-7236629;QRT-31095;FUN-04670;Frigobar com Defeito;Alta;23.10.24;23/10/2024 23:24;5
CHM-7138013;QRT-04443;FUN-69104;Wi-Fi;Média;25/12/2024 21:43;26/12/2024 00:05;5
CHM-3662840;QRT-82787;FUN-89330;Elétrica;Média;2024-12-18;18/12/2024 20:45;4
CHM-8159229;QRT-95201;FUN-15867;TV / Controle;Baixa;31/03/2026 09:35;01/04/2026 14:20;3
CHM-5636924;QRT-42819;FUN-96106;Limpeza Extra;Alta;19/03/2026 06:52;19/03/2026 07:46;5
CHM-9352058;QRT-76445;FUN-87234;TV / Controle;Baixa;14/05/2026 09:42;15/05/2026 09:21;5
CHM-8467921;QRT-31930;FUN-19473;Ar-condicionado;Baixa;20/08/2024 18:29;21/08/2024 21:52;2
CHM-4548534;QRT-45132;FUN-12040;Limpeza Extra;Média;30.07.25;31/07/2025 06:42;1
CHM-3132891;QRT-40975;FUN-08849;Frigobar com Defeito;Baixa;12/01/2025 11:21;12/01/2025 16:53;5
CHM-0597233;QRT-97434;FUN-52793;Wi-Fi;Baixa;28/11/2025 21:41;30/11/2025 03:54;3
CHM-4132933;QRT-04414;FUN-39946;Frigobar com Defeito;Baixa;04/06/2025 17:19;05/06/2025 21:41;1
CHM-4053001;QRT-29393;FUN-81524;Ar-condicionado;Baixa;14/02/2025 16:28;15.02.25;5
CHM-1221254;QRT-80306;FUN-18700;Ar-condicionado;Média;17-10-2025;18/10/2025 01:04;4
CHM-1701613;QRT-18531;FUN-08109;Wi-Fi;Alta;10/11/2024 06:32;2024-11-10;4
CHM-1182574;QRT-41356;FUN-52300;Limpeza Extra;Baixa;19/09/2024 14:57;20/09/2024 06:09;5
CHM-8120309;QRT-50393;FUN-96354;TV / CONTROLE;Alta;24/09/2024 10:30;2024-09-24;4
CHM-4838123;QRT-85739;FUN-37715;Ar-condicionado;Média;18/06/2026 07:06;18.06.26;5
CHM-0300689;QRT-10397;FUN-65780;Elétrica;Baixa;07/02/2025 20:57;08/02/2025 03:34;5
CHM-7774658;QRT-42819;FUN-96106;Ar-condicionado;Alta;29/07/2024 06:45;29/07/2024 09:25;3
CHM-8930837;QRT-62284;FUN-08109;Ar-condicionado;Alta;15/09/2025 23:57;16/09/2025 01:31;5
CHM-8404248;QRT-89410;FUN-71181;Hidráulica;Baixa;25.09.24;26/09/2024 05:45;5
CHM-3562402;QRT-22560;FUN-15867;Ar-condicionado;Média;29/10/2025 09:45;29/10/2025 14:10;4
CHM-3330931;QRT-23373;FUN-08109;TV / Controle;Alta;17.08.25;18/08/2025 00:07;5
CHM-3629128;QRT-10397;FUN-65780;Wi-Fi;Média;03/11/2024 13:34;03/11/2024 18:05;5
CHM-1860379;QRT-40043;FUN-32345;TV / Controle;Média;11/10/2025 13:29;11/10/2025 15:07;4
CHM-3620136;QRT-55192;FUN-66580;Ar-condicionado;Baixa;23-06-2026;24/06/2026 20:39;3
CHM-4450861;QRT-03930;FUN-02909;Frigobar com Defeito;Média;22/03/2026 20:01;2026-03-23;3
CHM-7167982;QRT-66170;FUN-36473;Wi-Fi;Média;14/03/2026 15:48;14/03/2026 21:07;5
CHM-8373607;QRT-81819;FUN-08828;Frigobar com Defeito;baixa;11/07/2024 13:45;12/07/2024 22:16;1
CHM-2597205;QRT-28319;FUN-22027;Frigobar com Defeito;Média;16/12/2025 17:17;16/12/2025 18:33;3
CHM-3397708;QRT-51483;FUN-36473;Elétrica;Alta;2025-01-06;06.01.25;5
CHM-0748774;QRT-46748;FUN-70436;Fechadura Eletrônica;Alta;21/10/2024 18:59;21.10.24;4
CHM-9047281;QRT-96237;FUN-73856;Hidráulica;Média;25/11/2025 12:01;25/11/2025 15:37;5
CHM-0090018;QRT-70123;FUN-87234;Wi-Fi;Baixa;01.08.24;02/08/2024 01:10;4
CHM-4123768;QRT-37672;FUN-05739;TV  / Controle;Média;10/01/2025 12:55;10.01.25;3
CHM-1098886;QRT-46149;FUN-96106;Limpeza Extra;Média;03/08/2024 20:10;03/08/2024 23:07;5
CHM-3975167;QRT-75030;FUN-86194;Wi-Fi;Alta;22.03.26;22/03/2026 08:39;5
CHM-1556591;QRT-39746;FUN-10947;Elétrica;Baixa;04/04/2026 17:07;2026-04-05;5
CHM-7866461;QRT-86876;FUN-28577;Wi-Fi;Alta;05/02/2026 15:31;05/02/2026 16:23;4
CHM-6417536;QRT-70536;FUN-64047;Elétrica;Baixa;23/05/2026 19:58;24/05/2026 06:25;4
CHM-7674396;QRT-81819;FUN-08828;Fechadura Eletrônica;Média;2026-06-10;10/06/2026 17:09;4
CHM-6060553;QRT-96428;FUN-08486;Elétrica;BAIXA;19/04/2026 06:27;20/04/2026 06:17;5
CHM-1131502;QRT-92964;FUN-96106;Ar-condicionado;Média;09/09/2025 09:29;09-09-2025;5
CHM-5293148;QRT-02819;FUN-12576;Hidráulica;Alta;09/06/2026 08:41;09/06/2026 13:39;1
CHM-1455667;QRT-49389;FUN-70436;Wi-Fi;Baixa;16/06/2025 17:57;18-06-2025;3
CHM-4872554;QRT-89068;FUN-12576;TV / Controle;Alta;18/09/2025 18:57;18/09/2025 22:53;2
CHM-8241033;QRT-01287;FUN-08849;TV / Controle;P2;05/08/2025 13:24;05-08-2025;5
CHM-9266170;QRT-87613;FUN-76103;Elétrica;Média;2025-07-30;30-07-2025;5
CHM-5832182;QRT-18824;FUN-08109;Ar-condicionado;Média;07/01/2025 23:40;08/01/2025 04:33;5
CHM-7966028;QRT-81045;FUN-57664;Ar-condicionado;Alta;2026-04-01;01/04/2026 19:37;2
CHM-8726533;QRT-53290;FUN-36473;Elétrica;Média;26/07/2025 07:01;26/07/2025 08:48;4
CHM-0042865;QRT-84072;FUN-32345;Frigobar com Defeito;Alta;01-03-2025;01/03/2025 22:51;3
CHM-4524636;QRT-72363;FUN-22027;Fechadura Eletrônica;Média;08.10.24;08/10/2024 12:41;5
CHM-1169337;QRT-96687;FUN-76103;Ar-condicionado;Baixa;31/05/2025 18:45;01/06/2025 08:37;4
CHM-2815360;QRT-51602;FUN-52793;Elétrica;Alta;13/07/2024 21:20;13/07/2024 22:01;4
CHM-7103399;QRT-70123;FUN-03036;Ar-condicionado;Média;05/12/2024 12:27;05/12/2024 20:35;1
CHM-0201229;QRT-62407;FUN-02909;TV / Controle;Média;31.01.25;31/01/2025 12:03;5
CHM-1215226;QRT-99673;FUN-64047;Ar-condicionado;Alta;10/12/2025 14:39;10-12-2025;4
CHM-2012117;QRT-92954;FUN-23286;Wi-Fi;Média;09/01/2026 19:21;10-01-2026;3
CHM-1110241;QRT-58690;FUN-52793;TV / Controle;Alta;07/03/2026 12:33;07/03/2026 14:00;5
CHM-4872906;QRT-34521;FUN-67282;TV / Controle;Média;10.01.25;10-01-2025;1
CHM-6327870;QRT-56455;FUN-16922;Limpeza Extra;Média;27-10-2024;2024-10-27;4
CHM-4609500;QRT-27391;FUN-81524;Ar-condicionado;Média;01.01.25;01/01/2025 17:39;2
CHM-1209887;QRT-86536;FUN-45111;Ar-condicionado;Baixa;19.08.25;19-08-2025;5
CHM-4143500;QRT-02055;FUN-52793;Ar-condicionado;Média;2024-09-08;08/09/2024 10:38;5
CHM-5890493;QRT-26280;FUN-64047;Limpeza Extra;Alta;17/03/2025 14:18;17/03/2025 14:30;4
CHM-9840709;QRT-09395;FUN-67282;Wi-Fi;Baixa;19/09/2025 10:59;20/09/2025 00:07;5
CHM-0268585;QRT-59498;FUN-92045;Wi-Fi;Média;2025-11-06;06/11/2025 16:46;3
CHM-9413123;QRT-90111;FUN-50800;Ar-condicionado;P3;25.06.26;25/06/2026 22:14;5
CHM-6667250;QRT-06280;FUN-69727;Ar-condicionado  ;Alta;26/05/2025 06:38;26/05/2025 10:05;2
CHM-6539517;QRT-24594;FUN-08849;TV / Controle;Média;13-09-2024;13/09/2024 14:38;5
CHM-2953725;QRT-15710;FUN-49170;Fechadura Eletrônica;Alta;28/06/2026 17:36;28/06/2026 18:15;5
CHM-6523683;QRT-28319;FUN-57664;Hidráulica;Alta;04/03/2026 13:19;04/03/2026 13:36;4
CHM-9956006;QRT-55333;FUN-96354;Fechadura Eletrônica;Baixa;05/11/2025 22:02;06/11/2025 09:23;5
CHM-8115366;QRT-61719;FUN-22607;Hidráulica;Baixa;2025-09-08;08/09/2025 11:36;4
CHM-6494556;QRT-92171;FUN-19473;Elétrica;Média;22-03-2025;23.03.25;5
CHM-5029900;QRT-61287;FUN-25313;Limpeza Extra;P3;03/07/2024 12:11;05-07-2024;3
CHM-5260225;QRT-23438;FUN-94946; Wi-Fi;Média;01/10/2025 19:16;01.10.25;5
CHM-6769357;QRT-25571;FUN-15784;Hidráulica;Baixa;21/12/2025 06:01;21/12/2025 11:27;4
CHM-4041467;QRT-44318;FUN-15867;Wi-Fi;Baixa;27/02/2026 10:38;27/02/2026 13:35;4
CHM-3133696;QRT-06780;FUN-37715;Ar-condicionado;Alta;06/01/2026 11:39;06/01/2026 13:42;2
CHM-8900162;QRT-24118;FUN-21094;Elétrica;Média;13-08-2025;2025-08-13;4
CHM-7952886;QRT-26166;FUN-35080;Ar-condicionado;Alta;24.11.24;24/11/2024 22:37;4
CHM-7583568;QRT-99814;FUN-65780;Wi-Fi;Alta;2025-03-08;08-03-2025;5
CHM-1020837;QRT-11649;FUN-52300;frigobar com defeito;baixa;2024-10-02;03/10/2024 20:15;3
CHM-0543503;QRT-77305;FUN-34873;Ar-condicionado;Alta;04/02/2026 14:06;04/02/2026 15:26;4
CHM-0546117;QRT-99264;FUN-23361;Ar-condicionado;Baixa;22-09-2025;22/09/2025 19:17;5
CHM-1719791;QRT-09674;FUN-90839;Elétrica;Média;02-03-2026;02.03.26;5
CHM-2828532;QRT-55013;FUN-87234;Hidráulica;Alta;08/06/2026 23:31;09/06/2026 00:30;5
CHM-4349290;QRT-29015;FUN-34873;Ar-condicionado;Baixa;26/11/2025 18:55;27/11/2025 01:19;5
CHM-1239528;QRT-18824;FUN-08109;Wi-Fi;Baixa;11/10/2024 17:23;11/10/2024 21:13;3
CHM-0335510;QRT-13758;FUN-02909;Limpeza Extra;Baixa;19/10/2024 20:20;2024-10-20;2
CHM-3347268;QRT-96428;FUN-10947;Ar-condicionado;Baixa;18/05/2026 11:23;19/05/2026 00:58;5
CHM-2931451;QRT-11826;FUN-08109;TV / Controle;Média;01/01/2025 20:17;02/01/2025 06:21;2
CHM-3067787;QRT-92955;FUN-34079;Wi-Fi;Média;18/12/2025 20:57;19/12/2025 10:34;3
CHM-2880992;QRT-94431;FUN-22027;Limpeza Extra;Baixa;19/10/2025 12:37;19/10/2025 19:59;4
CHM-2622394;QRT-51590;FUN-05739;Hidráulica;Média;10.02.26;10/02/2026 22:24;3
CHM-8903581;QRT-69925;FUN-52793;Elétrica;Baixa;28/08/2025 16:22;29/08/2025 10:05;4
CHM-4936741;QRT-04443;FUN-94946;Fechadura Eletrônica;Alta;10.07.25;10/07/2025 17:38;4
CHM-1151369;QRT-52853;FUN-08486;Hidráulica;Média;02/11/2025 09:53;02/11/2025 14:23;5
CHM-9670257;QRT-21167;FUN-23383;Hidraulica;Média;26/12/2025 08:20;26/12/2025 14:40;4
CHM-3089542;QRT-94991;FUN-39946;Ar-condicionado;Baixa;2024-08-29;30/08/2024 06:55;5
CHM-3133611;QRT-86467;FUN-07814;Ar-condicionado;MÉDIA;24/10/2024 10:17;24/10/2024 18:19;3
CHM-8465228;QRT-98284;FUN-22027;Ar-condicionado;Alta;12/03/2025 16:15;12/03/2025 17:53;4
CHM-8800926;QRT-08689;FUN-49013;Limpeza Extra;Alta;31/03/2026 07:30;31/03/2026 08:07;5
CHM-2017352;QRT-04414;FUN-10947;Wi-Fi;MÉDIA;06-02-2026;06/02/2026 12:42;3
CHM-6924547;QRT-87183;FUN-71181;Ar-condicionado;Média;28/05/2025 22:46;29.05.25;5
CHM-1892249;QRT-50393;FUN-23383;Wi-Fi;Média;23/03/2025 11:35;23/03/2025 17:08;3
CHM-4578892;QRT-38689;FUN-23383;Limpeza Extra;P3;14/06/2026 14:08;15/06/2026 02:39;5
CHM-6011380;QRT-00699;FUN-49170;Ar-condicionado;Baixa;27/04/2026 16:13;28/04/2026 04:37;4
CHM-4715427;QRT-31095;FUN-23383;Limpeza Extra;Baixa;23/05/2025 23:16;25/05/2025 04:24;1
CHM-3845695;QRT-80227;FUN-49170;Ar-condicionado;Baixa;25/01/2025 15:24;2025-01-25;5
CHM-5543718;QRT-39575;FUN-48683;Ar-condicionado;Média;26/07/2025 06:29;26/07/2025 11:53;5
CHM-1762428;QRT-10397;FUN-78820;Ar-condicionado;Baixa;13/01/2026 23:46;14/01/2026 09:34;5
CHM-3804140;QRT-95923;FUN-69727;Limpeza Extra;baixa;18/03/2025 22:15;19.03.25;5
CHM-0221420;QRT-72078;FUN-22027;Ar-condicionado;Média;19.11.25;19/11/2025 17:48;1
CHM-2942605;QRT-52853;FUN-39946;TV / Controle;Baixa;21.07.25;22/07/2025 08:49;5
CHM-3762981;QRT-57763;FUN-01568;Ar-condicionado;MÉDIA;10/03/2026 20:02;12/03/2026 04:20;3
CHM-7214175;QRT-73451;FUN-69727;Hidráulica;Baixa;02/01/2026 08:14;2026-01-02;5
CHM-8355181;QRT-09785;FUN-76103;Elétrica;Alta;15/05/2025 13:40;15/05/2025 14:17;5
CHM-5189384;QRT-22178;FUN-16922;Limpeza Extra;Média;26/09/2025 21:35;27/09/2025 18:04;2
CHM-6221998;QRT-49331;FUN-08849;Fechadura Eletrônica;Média;26/01/2026 19:15;26-01-2026;5
CHM-1712710;QRT-27801;FUN-18700;Hidráulica;Alta;21/02/2025 22:09;21/02/2025 22:38;5
CHM-9149204;QRT-59474;FUN-76103;Hidráulica;Baixa;01/07/2024 19:18;02/07/2024 07:03;4
CHM-9814629;QRT-47928;FUN-41540;Elétrica;Média;2024-08-29;29/08/2024 09:14;5
CHM-9292643;QRT-03500;FUN-64047;Hidráulica;Média;28/07/2024 14:39;28/07/2024 21:30;5
CHM-0789966;QRT-10397;FUN-78820;Hidráulica;Alta;23/11/2025 22:13;23/11/2025 23:21;4
CHM-2104813;QRT-68610;FUN-36473;Limpeza Extra;Baixa;25/01/2025 21:53;26/01/2025 20:41;4
CHM-2521660;QRT-56321;FUN-81524;Fechadura Eletrônica;Média;14/01/2026 09:00;14-01-2026;5
CHM-8826036;QRT-99264;FUN-52300;Elétrica;Média;05/03/2025 18:17;2025-03-05;4
CHM-7822782;QRT-46748;FUN-23286;Limpeza Extra;Média;16/02/2026 14:00;2026-02-16;4
CHM-4559584;QRT-29485;FUN-83865;Wi-Fi;Média;13/07/2024 20:43;13/07/2024 21:38;5
CHM-8538061;QRT-04414;FUN-71181;Wi-Fi;Média;06/03/2025 14:18;06/03/2025 23:25;3
CHM-6994891;QRT-27833;FUN-15867;Ar-condicionado;Baixa;2025-01-29;29/01/2025 15:40;4
CHM-8822078;QRT-51351;FUN-08109;Hidráulica;Alta;17/10/2025 15:39;17/10/2025 19:45;3
CHM-2737056;QRT-95776;FUN-70436;Ar-condicionado;Baixa;27-01-2025;28/01/2025 11:08;3
CHM-8834881;QRT-81933;FUN-35080;Limpeza Extra;Baixa;21/03/2026 08:24;21/03/2026 16:09;4
CHM-9957892;QRT-78217;FUN-22607;Limpeza Extra;Baixa;04/09/2025 11:39;2025-09-05;2
CHM-6276521;QRT-17820;FUN-70436;Wi-Fi;Média;2025-12-09;2025-12-09;4
CHM-3982078;QRT-73232;FUN-64706;Fechadura Eletrônica;Alta;30/03/2026 13:01;30/03/2026 13:43;5
CHM-4428205;QRT-63609;FUN-18700;Ar-condicionado;Média;01/12/2025 19:55;02/12/2025 01:15;5
CHM-6025310;QRT-26716;FUN-82886;ar-condicionado;Baixa;21-09-2024;23/09/2024 02:37;2
CHM-5195638;QRT-86536;FUN-81524;Fechadura  Eletrônica;Alta;19.05.26;19/05/2026 16:21;4
CHM-9947945;QRT-84072;FUN-64755;Limpeza Extra;Média;19-07-2024;19/07/2024 17:55;4
CHM-5935257;QRT-29439;FUN-49013;TV / Controle;Média;23.05.26;23/05/2026 14:18;5
CHM-0308275;QRT-56321;FUN-66580;Ar-condicionado;Media;16/11/2024 19:47;16/11/2024 23:53;5
CHM-6448947;QRT-53290;FUN-36473;TV / Controle;Baixa;09.11.25;09/11/2025 20:11;4
CHM-4380854;QRT-95923;FUN-48683;Elétrica;Media;10.07.25;10/07/2025 20:11;5
CHM-4016857;QRT-90947;FUN-37715;Hidráulica;Baixa;21/05/2026 17:00;22-05-2026;2
CHM-1342908;QRT-95923;FUN-48683;TV / Controle;Média;17/09/2025 14:01;17/09/2025 16:15;5
CHM-6340186;QRT-86876;FUN-12040;Fechadura Eletrônica;Alta;2025-04-04;04/04/2025 12:18;5
CHM-7291771;QRT-59474;FUN-52300;Ar-condicionado;Baixa;28/08/2024 18:48;29/08/2024 14:02;5
CHM-5154967;QRT-26166;FUN-55799;Elétrica;Baixa;10.06.25;11/06/2025 01:00;5
CHM-9233598;QRT-58808;FUN-04670;Fechadura Eletrônica;Baixa;02/08/2025 17:10;03/08/2025 13:25;4
CHM-0979268;QRT-57190;FUN-39946;Elétrica;Baixa;10/12/2024 07:17;11/12/2024 13:13;1
CHM-5716925;QRT-80227;FUN-49170;Ar-condicionado;Baixa;05/03/2026 07:54;08/03/2026 03:13;1
CHM-6060997;QRT-45132;FUN-36473;Ar-condicionado;Baixa;25/01/2026 23:29;26-01-2026;5
CHM-7957178;QRT-59498;FUN-23286;Ar-condicionado;Baixa;16/04/2025 14:58;16/04/2025 19:59;5
CHM-4505577;QRT-55013;FUN-70436;Wi-Fi;Alta;05/03/2025 22:27;05/03/2025 23:51;4
CHM-0927955;QRT-17495;FUN-88121;Wi-Fi;Média;30/06/2025 08:30;2025-06-30;4
CHM-0064753;QRT-64332;FUN-22607;Hidráulica;Alta;10-12-2024;10/12/2024 07:39;4
CHM-2272104;QRT-69835;FUN-12040;ar-condicionado;Baixa;06/04/2025 14:45;06/04/2025 22:14;5
CHM-1399396;QRT-24594;FUN-22607;Frigobar com Defeito;Baixa;08/10/2024 16:33;09/10/2024 06:35;5
CHM-9471257;QRT-17114;FUN-08486;Wi-Fi;alta;07/02/2026 23:37;07-02-2026;5
CHM-0152847;QRT-28645;FUN-41540;Limpeza Extra;Alta;10.03.26;10/03/2026 17:16;4
CHM-6556326;QRT-69375;FUN-48683;Wi-Fi;Alta;26.11.25;26/11/2025 14:56;4
CHM-1206549;QRT-16398;FUN-13975;Fechadura Eletrônica;Média;22-12-2024;22/12/2024 14:50;4
CHM-3906944;QRT-04443;FUN-09102;Ar-condicionado;Alta;03/03/2025 08:20;03/03/2025 11:01;2
CHM-4624571;QRT-38783;FUN-15867;Hidráulica;P2;08-03-2026;08.03.26;2
CHM-4039144;QRT-64260;FUN-86199;Hidráulica;Baixa;24/11/2024 16:46;24.11.24;4
CHM-7118939;QRT-82787;FUN-07814;Limpeza Extra;Média;2025-09-18;19/09/2025 01:37;5
CHM-7787997;QRT-44425;FUN-21094;Wi-Fi;Média;11/01/2025 09:00;11/01/2025 12:57;4
CHM-7189268;QRT-42908;FUN-89330;Wi-Fi;Média;24/02/2026 15:26;24/02/2026 20:19;5
CHM-7334730;QRT-65099;FUN-47371;Hidráulica;Baixa;26/10/2024 10:52;26-10-2024;4
CHM-3633230;QRT-27540;FUN-78820;Limpeza Extra;Média;2025-08-07;07/08/2025 23:33;5
CHM-9859595;QRT-44318;FUN-34873;Ar-condicionado;MÉDIA;25/09/2024 15:12;25/09/2024 17:43;5
CHM-9016316;QRT-24810;FUN-37715;Hidráulica;P2;16/11/2024 13:22;16-11-2024;4
CHM-8082618;QRT-96428;FUN-52793;Frigobar com Defeito;Baixa;01/07/2024 15:39;2024-07-02;2
CHM-3681554;QRT-10397;FUN-78820;Hidráulica;BAIXA;02/04/2026 12:33;04/04/2026 02:46;3
CHM-7594996;QRT-08799;FUN-64755;Fechadura Eletrônica;Média;29.10.24;29.10.24;5
CHM-8292248;QRT-22178;FUN-19473;Limpeza Extra;Baixa;30/10/2024 23:25;2024-10-31;5
CHM-7299912;QRT-10607;FUN-49170;Fechadura Eletrônica;Baixa;2024-11-20;21/11/2024 07:18;5
CHM-6995013;QRT-42355;FUN-08828;Frigobar com Defeito;Alta;06/07/2025 08:56;06/07/2025 09:31;5
CHM-9669971;QRT-49496;FUN-08849;Hidráulica  ;Baixa;23/09/2025 12:40;25/09/2025 06:23;2
CHM-7273220;QRT-53290;FUN-36473;Hidráulica;Baixa;09/03/2026 23:20;2026-03-10;3
CHM-4303551;QRT-14624;FUN-29826;Elétrica;Baixa;07.04.26;08/04/2026 10:26;5
CHM-9027506;QRT-25571;FUN-64706;Limpeza Extra;Alta;31/01/2026 11:03;31/01/2026 11:27;5
CHM-9489530;QRT-55333;FUN-96354;TV / Controle;Média;19-07-2024;19/07/2024 14:07;5
CHM-7043508;QRT-37204;FUN-34873;fechadura eletrônica;Média;19/08/2025 13:45;19.08.25;5
CHM-6033180;QRT-47759;FUN-18700;Elétrica;Média;20.05.26;20/05/2026 11:55;4
CHM-9748907;QRT-30636;FUN-15867;Limpeza Extra;Alta;16/05/2026 18:26;2026-05-16;5
CHM-5664388;QRT-62284;FUN-47371;TV / Controle;Média;27/02/2026 13:57;27/02/2026 17:47;5
CHM-7635510;QRT-29393;FUN-18700;Limpeza Extra;Média;31/03/2026 14:17;31/03/2026 16:57;4
CHM-7848786;QRT-13595;FUN-09102;Ar-condicionado;Baixa;28/10/2024 22:34;29/10/2024 12:17;5
CHM-6818065;QRT-81933;FUN-92045;Elétrica;Média;29.04.25;29.04.25;3
CHM-7666472;QRT-81775;FUN-88121;Elétrica;Média;03/09/2025 15:39;04/09/2025 19:47;3
CHM-4610280;QRT-62284;FUN-22607;Hidráulica;Baixa;11.08.24;12/08/2024 00:55;5
CHM-1492116;QRT-42355;FUN-35080;Elétrica;Alta;18.11.25;18-11-2025;4
CHM-3151093;QRT-09785;FUN-66580;Elétrica;Baixa;29/08/2024 06:20;29/08/2024 12:24;4
CHM-0231571;QRT-09419;FUN-37715;Ar-condicionado;ALTA;26.03.26;26/03/2026 19:09;1
CHM-8580063;QRT-77112;FUN-57664;Limpeza Extra;Média;21/10/2025 18:01;21/10/2025 19:53;5
CHM-4781537;QRT-96687;FUN-07814;Limpeza Extra;Média;13/07/2025 06:40;13/07/2025 14:09;5
CHM-8642304;QRT-84941;FUN-41540;TV / Controle;Alta;19/06/2025 23:15;20/06/2025 02:40;3
CHM-6202927;QRT-28645;FUN-86199;Ar-condicionado;Média;08-03-2026;08/03/2026 16:11;4
CHM-9568108;QRT-24929;FUN-29826;Elétrica;Baixa;28/03/2025 11:33;29/03/2025 14:32;3
CHM-2704342;QRT-12236;FUN-67710;Ar-condicionado;Média;16/07/2024 19:06;17/07/2024 01:08;5
CHM-0959239;QRT-68692;FUN-57664;Hidráulica;Baixa;02/01/2026 23:23;03/01/2026 18:38;5
CHM-2379310;QRT-10455;FUN-15784;Hidráulica;P3;10/02/2026 23:13;11/02/2026 04:26;5
CHM-4664026;QRT-63998;FUN-67282;Hidráulica;Alta;2025-10-01;01/10/2025 14:19;3
CHM-4193463;QRT-85329;FUN-90839;Elétrica;BAIXA;16.09.25;19/09/2025 03:46;2
CHM-2580927;QRT-18824;FUN-71493;Limpeza Extra;Baixa;2025-06-20;20/06/2025 23:51;5
CHM-1517123;QRT-08689;FUN-64047;Limpeza Extra;Baixa;03/12/2024 14:18;04/12/2024 05:34;5
CHM-2461613;QRT-63506;FUN-10947;TV / Controle;P2;02/09/2025 22:06;03/09/2025 06:41;1
CHM-9819979;QRT-83424;FUN-08849;Hidráulica;Média;15/07/2024 21:56;16.07.24;4
CHM-7635233;QRT-80227;FUN-05739;Hidráulica;P3;07/06/2026 21:34;09/06/2026 20:28;1
CHM-7989526;QRT-66125;FUN-03036;Elétrica;Média;2026-03-31;31.03.26;5
CHM-7213600;QRT-42497;FUN-90839;Elétrica;Baixa;13/09/2024 23:37;14/09/2024 18:07;5
CHM-3650782;QRT-66092;FUN-01568;Wi-Fi;Média;23.03.25;23/03/2025 19:09;3
CHM-4971545;QRT-86201;FUN-29826;Elétrica;Baixa;28.03.25;29/03/2025 12:57;4
CHM-3624175;QRT-71975;FUN-15784;Frigobar com Defeito;Alta;08/06/2026 17:16;08/06/2026 19:33;1
CHM-4711191;QRT-08799;FUN-32345;Hidráulica;Baixa;12-05-2025;13-05-2025;5
CHM-9216038;QRT-73451;FUN-34873;Ar-condicionado;Média;18/04/2025 23:28;19/04/2025 03:14;5
CHM-0360279;QRT-18801;FUN-08486;Ar-condicionado;MÉDIA;22/05/2026 10:00;22/05/2026 14:53;4
CHM-8420428;QRT-99264;FUN-89330;Limpeza Extra;Média;22/07/2025 08:21;22/07/2025 12:34;4
CHM-0641462;QRT-13595;FUN-01568;Ar-condicionado;Média;08/12/2024 11:04;08/12/2024 14:25;5
CHM-3669910;QRT-11826;FUN-02909;Ar-condicionado;ALTA;14/11/2024 16:46;2024-11-14;3
CHM-9956329;QRT-14528;FUN-65780;TV / Controle;Média;09/01/2025 22:59;10/01/2025 02:02;5
CHM-4771735;QRT-31095;FUN-12040;TV / Controle;Média;31/01/2025 09:00;31-01-2025;4
CHM-3079839;QRT-74766;FUN-94946;Ar-condicionado;Baixa;30/07/2025 08:34;31/07/2025 00:39;4
CHM-6168594;QRT-13238;FUN-74014;Wi-Fi;Média;12/03/2026 12:46;12/03/2026 21:46;3
CHM-9388012;QRT-92384;FUN-32345;TV / Controle;Média;18/03/2026 09:04;18/03/2026 16:01;5
CHM-3907173;QRT-13534;FUN-48683;Hidráulica;Média;01/04/2025 11:04;02/04/2025 05:17;1
CHM-3601674;QRT-42819;FUN-96106;Wi-Fi;Média;28/06/2025 14:54;2025-06-28;4
CHM-3109877;QRT-68204;FUN-03036;Wi-Fi;Média;24.06.26;25-06-2026;4
CHM-2958492;QRT-84007;FUN-66580;TV / Controle;Media;19/03/2026 21:44;19/03/2026 22:32;5
CHM-2991515;QRT-09261;FUN-07814;Ar-condicionado;Alta;02-11-2025;2025-11-02;5
CHM-0723626;QRT-53432;FUN-08234;Wi-Fi;Média;03/05/2026 08:34;03/05/2026 14:01;4
CHM-9257147;QRT-31930;FUN-19473;Ar-condicionado;Média;10/11/2025 15:25;10/11/2025 22:36;4
CHM-5187073;QRT-66092;FUN-82886;Wi-Fi;Média;05-04-2025;05/04/2025 18:38;5
CHM-8299930;QRT-31930;FUN-67710;Ar-condicionado;Média;26/11/2024 07:20;2024-11-26;4
CHM-3409447;QRT-03369;FUN-74014;Elétrica;Média;11/07/2025 22:53;12/07/2025 17:51;2
CHM-5841831;QRT-43330;FUN-34873;TV / Controle;Baixa;04/11/2025 22:10;05/11/2025 06:13;5
CHM-5202597;QRT-25571;FUN-64047;Ar-condicionado;Média;10/04/2025 10:01;10/04/2025 11:02;5
CHM-5843402;QRT-88654;FUN-96354;Ar-condicionado;Média;2025-07-28;28/07/2025 11:22;5
CHM-3098116;QRT-84972;FUN-89330;Fechadura Eletrônica;Baixa;13/12/2025 21:42;15/12/2025 10:03;2
CHM-2636329;QRT-37672;FUN-32345;Fechadura Eletrônica;Média;30-12-2025;30/12/2025 16:39;5
CHM-6069993;QRT-99814;FUN-78820;Ar-condicionado;Baixa;27/11/2025 22:52;28/11/2025 18:47;3
CHM-3024626;QRT-51602;FUN-12576;Frigobar com Defeito;Média;01/04/2026 20:07;01/04/2026 22:57;5
CHM-0283741;QRT-74465;FUN-39946;Elétrica;Média;09/11/2025 19:05;09/11/2025 19:59;4
CHM-1643668;QRT-94756;FUN-90839;Ar-condicionado;Baixa;05/09/2025 14:47;05/09/2025 19:34;5
CHM-7392709;QRT-75221;FUN-15867;TV / Controle;P2;2024-12-26;26/12/2024 16:34;5
CHM-3344762;QRT-57190;FUN-52793;Elétrica;Alta;17/01/2026 08:46;17/01/2026 09:49;4
CHM-1469836;QRT-89443;FUN-49170;Wi-Fi;Baixa;10/11/2024 06:42;11.11.24;2
CHM-5767187;QRT-20055;FUN-67710;WI-FI;Média;12/06/2026 23:15;13/06/2026 01:15;4
CHM-4917590;QRT-97434;FUN-52793;Ar-condicionado;Média;18/07/2025 11:36;18/07/2025 16:19;5
CHM-9271972;QRT-58511;FUN-73856;Hidráulica;Média;04/01/2025 12:12;04/01/2025 20:33;1
CHM-6965956;QRT-64332;FUN-22607;Wi-Fi;Alta;15-07-2024;15/07/2024 08:10;5
CHM-4931299;QRT-25905;FUN-82886;Ar-condicionado;Média;25/04/2025 22:14;26/04/2025 04:59;4
CHM-7582296;QRT-44425;FUN-13975;Wi-Fi;Média;18/04/2025 19:34;19/04/2025 00:49;4
CHM-7750170;QRT-96428;FUN-71181;Hidráulica;P2;13/11/2024 12:56;13/11/2024 15:58;3
CHM-5312399;QRT-73974;FUN-52300;TV / Controle  ;Média;18/06/2026 10:28;18/06/2026 23:56;1
CHM-9089580;QRT-31908;FUN-12040;Hidráulica;Baixa;08/04/2025 20:38;2025-04-09;5
CHM-4963949;QRT-78380;FUN-66580;Frigobar com Defeito;Baixa;07/04/2026 21:25;08/04/2026 20:47;3
CHM-5431194;QRT-85702;FUN-73856;Wi-Fi;P1;14/01/2026 09:19;14/01/2026 10:16;5
CHM-6127214;QRT-61719;FUN-47371;TV / Controle;Alta;01/01/2026 07:03;01/01/2026 09:41;3
CHM-6631141;QRT-95201;FUN-29826;Ar-condicionado;MÉDIA;01-02-2026;01/02/2026 11:45;4
CHM-7982171;QRT-01562;FUN-86194;Hidráulica;Média;31/12/2024 06:29;31/12/2024 09:56;4
CHM-2940805;QRT-15710;FUN-05739;hidráulica;Média;23/07/2025 09:33;23/07/2025 12:50;5
CHM-1196418;QRT-11826;FUN-02909;Hidráulica;Média;09/10/2024 09:05;09-10-2024;5
CHM-3703375;QRT-11649;FUN-76103;Eletrica;Média;10/06/2026 22:03;11/06/2026 00:38;5
CHM-7553304;QRT-75289;FUN-05739;Frigobar com Defeito;Média;11/08/2025 14:03;11/08/2025 22:20;2
CHM-7611919;QRT-02819;FUN-10947;Ar-condicionado;ALTA;03.12.25;2025-12-03;5
CHM-2182197;QRT-01562;FUN-78820;Ar-condicionado;Média;26.03.26;26/03/2026 14:57;4
CHM-6327244;QRT-17861;FUN-74014;Elétrica;Média;30/01/2025 06:51;31-01-2025;3
CHM-9945322;QRT-65173;FUN-23383;Hidráulica;Média;23/08/2024 07:07;23/08/2024 11:38;4
CHM-9666806;QRT-74428;FUN-78820;Ar-condicionado;Baixa;10/09/2024 16:53;11/09/2024 02:20;3
CHM-9317283;QRT-13534;FUN-69727;AR-CONDICIONADO;Alta;29/08/2025 12:06;29/08/2025 12:45;5
CHM-3676667;QRT-94225;FUN-16922;Frigobar com Defeito;Baixa;16/09/2025 23:41;17/09/2025 11:01;5
CHM-5737775;QRT-80765;FUN-65780;Limpeza Extra;Média;28/11/2025 14:59;28/11/2025 18:41;5
CHM-7399855;QRT-72144;FUN-96354;Fechadura Eletrônica;Média;14-08-2025;15/08/2025 07:19;2
CHM-7775565;QRT-03446;FUN-04670;Limpeza Extra;Alta;22/09/2025 10:57;22/09/2025 12:11;4
CHM-0907644;QRT-27833;FUN-29826;Elétrica;Média;24/05/2026 13:06;24/05/2026 16:17;4
CHM-9138585;QRT-86201;FUN-69727;Ar-condicionado;Média;2024-07-24;25/07/2024 09:22;3
CHM-5686109;QRT-40043;FUN-57664;Limpeza Extra;Baixa;21/05/2025 09:34;2025-05-21;5
CHM-1157730;QRT-25217;FUN-70436;Wi-Fi;Alta;17/03/2026 11:23;17/03/2026 11:44;5
CHM-6786910;QRT-90762;FUN-49170;Wi-Fi;Média;19/08/2024 08:02;19/08/2024 11:05;4
CHM-6576631;QRT-69835;FUN-23383;Ar-condicionado;P2;19/02/2026 21:13;19/02/2026 22:24;5
CHM-8772992;QRT-75123;FUN-48683;Limpeza Extra;Alta;12/11/2025 08:13;2025-11-12;4
CHM-0918525;QRT-59512;FUN-67282;Ar-condicionado;Baixa;13/06/2025 11:51;14/06/2025 00:36;5
CHM-2016974;QRT-98233;FUN-90839;Limpeza Extra;Média;21/12/2024 13:49;21/12/2024 19:37;3
CHM-4321224;QRT-29393;FUN-45111;Ar-condicionado;Média;24/11/2024 18:04;2024-11-24;5
CHM-2494980;QRT-24594;FUN-25313;Limpeza Extra;Baixa;16.04.26;16/04/2026 23:42;5
CHM-2258917;QRT-03049;FUN-78820;Ar-condicionado;Baixa;02/02/2026 18:44;04-02-2026;1
CHM-1372580;QRT-85329;FUN-41540;Wi-Fi;Alta;13/02/2025 23:06;14-02-2025;5
CHM-5819805;QRT-24274;FUN-48683;Wi-Fi;Alta;2025-02-06;06/02/2025 08:59;1
CHM-9684269;QRT-35519;FUN-50800;Elétrica;Baixa;15/09/2025 10:18;16-09-2025;4
CHM-2268124;QRT-74428;FUN-73856;Wi-Fi;Baixa;18/02/2026 19:16;2026-02-20;2
CHM-7500515;QRT-03446;FUN-48159;TV / Controle;Alta;20.09.25;2025-09-20;4
CHM-1890969;QRT-26237;FUN-64706;Wi-Fi;Alta;2025-09-02;02-09-2025;5
CHM-8040806;QRT-37102;FUN-81524;Fechadura Eletrônica;Alta;16.03.26;16/03/2026 14:03;5
CHM-3691733;QRT-66083;FUN-25313;Wi-Fi;Média;10/07/2025 18:20;10/07/2025 20:53;4
CHM-9526208;QRT-09674;FUN-69104;TV / Controle;MÉDIA;07-07-2025;07-07-2025;4
CHM-9774441;QRT-27574;FUN-89330;Limpeza Extra;Baixa;14/11/2024 08:39;15/11/2024 22:33;1
CHM-6556299;QRT-17495;FUN-49013;Ar-condicionado;Baixa;27/08/2024 20:09;28.08.24;4
CHM-8372853;QRT-33730;FUN-15867;Elétrica;Baixa;25/09/2025 21:05;26/09/2025 09:51;4
CHM-0574110;QRT-55192;FUN-81524;Limpeza Extra;Alta;22/08/2024 20:22;22/08/2024 22:36;2
CHM-5877800;QRT-82431;FUN-39946;Fechadura Eletrônica;alta;2025-10-20;20/10/2025 13:24;4
CHM-7829039;QRT-24274;FUN-69727;Fechadura Eletrônica;Baixa;2025-11-15;16/11/2025 00:35;5
CHM-3385509;QRT-04025;FUN-67710;TV / Controle;Média;01/06/2026 09:10;01/06/2026 15:16;4
CHM-6499367;QRT-94991;FUN-39946;Fechadura Eletrônica;Média;28/02/2026 16:53;2026-03-01;3
CHM-8544315;QRT-51351;FUN-25313;Ar-condicionado;Média;19-08-2025;19/08/2025 08:28;5
CHM-2212944;QRT-92171;FUN-65780;Wi-Fi;P2;21/02/2025 17:31;2025-02-22;3
CHM-5051602;QRT-74465;FUN-37715;Hidráulica;Alta;23-09-2024;23/09/2024 12:12;4
CHM-9129972;QRT-39888;FUN-83865;Wi-Fi;Média;25/11/2025 14:08;25-11-2025;3
CHM-2271900;QRT-95618;FUN-01568;Frigobar com Defeito;Média;22-02-2025;22/02/2025 17:05;3
CHM-4923433;QRT-15355;FUN-64755;Wi-Fi;Média;18/03/2025 22:50;19/03/2025 08:32;1
CHM-8056396;QRT-04283;FUN-37715;Fechadura Eletrônica;Média;01.07.24;02/07/2024 02:01;5
CHM-7405811;QRT-92964;FUN-96106;Limpeza Extra;Baixa;07/04/2025 21:23;08-04-2025;4
CHM-8194789;QRT-83424;FUN-02909;Wi-Fi;Baixa;21/06/2025 11:02;22/06/2025 04:13;5
CHM-1476159;QRT-91492;FUN-69727;Elétrica;MÉDIA;18/09/2024 15:40;19.09.24;2
CHM-9573723;QRT-73232;FUN-43763;Hidráulica;Média;21/12/2024 22:51;22/12/2024 06:29;5
CHM-6497429;QRT-65173;FUN-92311;TV / Controle;Baixa;23/09/2024 22:14;24/09/2024 08:55;5
CHM-5237826;QRT-18824;FUN-08849;Elétrica;Média;27/09/2025 11:50;27/09/2025 13:22;4
CHM-6988837;QRT-17114;FUN-39946;Limpeza Extra;Alta;11/11/2024 16:09;11/11/2024 16:43;4
CHM-8729630;QRT-25217;FUN-35080;Elétrica;Alta;24.07.24;24/07/2024 18:18;5
CHM-8054247;QRT-91628;FUN-74014;Ar-condicionado;Média;2026-04-26;26/04/2026 14:09;3
CHM-7451703;QRT-76736;FUN-86194;Limpeza Extra;Alta;04/06/2025 07:43;04/06/2025 08:11;5
CHM-0648538;QRT-16851;FUN-73856;Elétrica;Média;16/12/2024 23:26;17/12/2024 01:55;5
CHM-0084368;QRT-84941;FUN-08234;Wi-Fi;Alta;25.10.25;25/10/2025 14:18;3
CHM-1850316;QRT-55192;FUN-89330;Wi-Fi;Alta;22/08/2025 20:19;22/08/2025 23:28;2
CHM-7646648;QRT-27574;FUN-89330;Wi-Fi;Média;16.10.24;16/10/2024 18:17;5
CHM-8039607;QRT-95776;FUN-21094;Elétrica;Média;20/02/2025 10:08;20/02/2025 11:58;5
CHM-5012242;QRT-13595;FUN-41540;Hidráulica;Baixa;17.09.24;19-09-2024;1
CHM-0839604;QRT-14866;FUN-52793;Hidráulica;Baixa;24/01/2025 15:31;25/01/2025 03:50;5
CHM-1893714;QRT-02047;FUN-03036;Hidráulica;Média;07/09/2024 16:27;07/09/2024 20:15;5
CHM-5588886;QRT-76281;FUN-37715;Ar-condicionado;Baixa;23/12/2024 19:01;24/12/2024 04:02;5
CHM-5911080;QRT-37204;FUN-29826;Hidráulica;Alta;09/01/2025 11:35;09/01/2025 12:13;3
CHM-5412425;QRT-57190;FUN-71181;Wi-Fi;Média;27/11/2024 14:37;27/11/2024 20:24;5
CHM-7957680;QRT-66932;FUN-13975;Elétrica;Baixa;05/05/2025 19:31;06-05-2025;5
CHM-2675170;QRT-71194;FUN-29826;Limpeza Extra;Média;27-10-2025;27/10/2025 18:38;5
CHM-7582393;QRT-85687;FUN-37715;Fechadura Eletrônica;Média;07/05/2026 09:57;07/05/2026 12:19;4
CHM-2805781;QRT-92964;FUN-96106;Fechadura Eletrônica;Alta;16/12/2025 20:56;2025-12-16;2
CHM-6269282;QRT-66125;FUN-03036;Limpeza Extra;Média;17/10/2024 08:02;17/10/2024 17:22;1
CHM-9734725;QRT-27540;FUN-65780;Wi-Fi;Alta;16/07/2025 09:40;16-07-2025;4
CHM-5570183;QRT-93180;FUN-96106;Limpeza Extra;Media;08/12/2024 20:33;09-12-2024;4
CHM-6098233;QRT-27391;FUN-45111;Limpeza Extra;Média;29.06.25;30/06/2025 03:04;4
CHM-2868522;QRT-13758;FUN-22607;Limpeza Extra;Média;05/09/2025 16:55;05.09.25;5
CHM-4281507;QRT-91492;FUN-48683;Elétrica;Média;2025-02-01;01/02/2025 16:11;5
CHM-2696625;QRT-48327;FUN-09324;TV / Controle;P2;2026-05-11;11/05/2026 12:43;5
CHM-0397745;QRT-96972;FUN-52793;Limpeza Extra;Alta;22.06.25;22/06/2025 20:09;2
CHM-6604238;QRT-03659;FUN-05739;Hidráulica;Alta;20/06/2026 22:43;20/06/2026 23:28;4
CHM-4585221;QRT-78055;FUN-02909;Fechadura Eletrônica;Média;07/05/2025 23:14;08-05-2025;4
CHM-6212252;QRT-54375;FUN-66580;TV / Controle;Baixa;06/03/2026 16:06;08.03.26;2
CHM-4378341;QRT-62284;FUN-71493;Ar-condicionado;Média;29/12/2025 23:40;30/12/2025 06:10;4
CHM-9180723;QRT-75121;FUN-48683;Hidráulica;Baixa;28-06-2025;2025-06-29;3
CHM-4645363;QRT-27723;FUN-10947;Frigobar com Defeito;Baixa;02/05/2025 16:33;03/05/2025 07:19;5
CHM-1279383;QRT-17114;FUN-71181;Wi-Fi;Média;23/03/2025 13:43;23/03/2025 22:39;1
CHM-9436690;QRT-26280;FUN-43763;Hidráulica;Alta;18/09/2024 16:45;18-09-2024;3
CHM-3277995;QRT-72144;FUN-04670;Ar-condicionado  ;Média;29/01/2025 12:57;29/01/2025 19:15;4
CHM-6080032;QRT-51483;FUN-48159;Fechadura Eletrônica;Baixa;21/08/2025 18:08;21-08-2025;5
CHM-0213120;QRT-29980;FUN-57664;hidráulica;Média;11/05/2026 19:12;11/05/2026 21:33;5
CHM-6472034;QRT-22178;FUN-16922;Ar-condicionado;MÉDIA;23/03/2026 14:14;23/03/2026 19:07;5
CHM-1937479;QRT-37204;FUN-50800;Fechadura Eletrônica;Baixa;08.04.25;08/04/2025 19:41;4
CHM-6602156;QRT-98065;FUN-57664;Wi-Fi;Baixa;28/11/2024 21:26;29-11-2024;4
CHM-6156934;QRT-27540;FUN-16922;Wi-Fi;Média;18/02/2026 12:09;18.02.26;4
CHM-8608658;QRT-09674;FUN-09324;Ar-condicionado;Média;23/12/2024 15:15;23/12/2024 17:13;3
CHM-9234940;QRT-06113;FUN-08828;Hidráulica;Média;02-09-2025;02/09/2025 18:37;4
CHM-8479278;QRT-90947;FUN-52793;Wi-Fi;Baixa;26/01/2026 22:28;27/01/2026 11:03;3
CHM-6272368;QRT-75221;FUN-48683;Hidráulica;Media;2026-02-24;25/02/2026 00:42;5
CHM-2588122;QRT-75043;FUN-08486;Ar-condicionado;Baixa;11/08/2024 21:11;14-08-2024;2
CHM-8776452;QRT-14528;FUN-19473;Hidráulica;Baixa;30/12/2024 11:37;31.12.24;5
CHM-8043594;QRT-51483;FUN-92311;Ar-condicionado;Baixa;02/08/2024 06:39;02/08/2024 17:18;3
CHM-4800340;QRT-86467;FUN-81524;Ar-condicionado;Média;25/04/2026 09:59;25.04.26;3
CHM-3432669;QRT-91492;FUN-48683;Limpeza Extra;P2;10/05/2025 13:45;10/05/2025 16:25;4
CHM-8920038;QRT-43251;FUN-23361;HIDRÁULICA;Média;26/11/2025 17:38;27/11/2025 16:47;1
CHM-1937962;QRT-03500;FUN-15784;TV / Controle;Baixa;12/08/2024 14:46;12/08/2024 22:38;5
CHM-8250436;QRT-46794;FUN-22027;Ar-condicionado;Baixa;18-09-2024;19-09-2024;5
CHM-3489334;QRT-74690;FUN-34873;Ar-condicionado;Baixa;03/11/2024 22:03;06/11/2024 00:58;3
CHM-9723477;QRT-72078;FUN-32345;Wi-Fi;P2;2025-12-23;23.12.25;5
CHM-3193996;QRT-18801;FUN-52793;Limpeza Extra;Média;19/02/2025 15:15;19-02-2025;4
CHM-9384235;QRT-66083;FUN-22607;TV / Controle;Alta;18/04/2025 08:50;18-04-2025;4
CHM-8222573;QRT-88400;FUN-88121;Hidráulica;Baixa;15/02/2026 23:31;16/02/2026 03:59;5
CHM-5994935;QRT-60845;FUN-69727;Ar-condicionado;Média;27/09/2025 11:50;2025-09-27;4
CHM-1951987;QRT-51602;FUN-74014;Limpeza Extra;Média;20/09/2024 08:47;20/09/2024 17:10;3
CHM-4464908;QRT-50555;FUN-03036;Ar-condicionado;Alta;25/03/2026 23:28;2026-03-26;4
CHM-5465359;QRT-54375;FUN-52300;Wi-Fi;Baixa;22/02/2025 07:56;22/02/2025 21:35;4
CHM-1831769;QRT-66092;FUN-09102;Wi-Fi;Alta;07/12/2025 07:18;07/12/2025 07:30;4
CHM-6122145;QRT-63784;FUN-81524;Wi-Fi;Alta;21/09/2024 21:55;21/09/2024 23:30;5
CHM-5279677;QRT-62109;FUN-25313;Elétrica;Baixa;14/05/2025 14:26;2025-05-14;5
CHM-8163654;QRT-29393;FUN-76103;TV / Controle;Média;23/09/2024 21:32;23/09/2024 23:33;5
CHM-5386335;QRT-97434;FUN-39946;Wi-Fi;Média;28/10/2025 15:03;28-10-2025;3
CHM-9643537;QRT-48327;FUN-86199;Limpeza Extra;Baixa;2025-03-08;09/03/2025 02:50;5
CHM-7830293;QRT-83665;FUN-74014;LIMPEZA EXTRA;Média;12/03/2026 17:05;12/03/2026 19:36;5
CHM-9131337;QRT-96972;FUN-52793;Wi-Fi;Média;17/10/2025 23:41;18.10.25;2
CHM-8465339;QRT-98233;FUN-01568;Ar-condicionado;Média;13/06/2026 10:01;13/06/2026 13:50;5
CHM-0949186;QRT-61287;FUN-25313;Elétrica;Baixa;22-10-2024;22/10/2024 23:13;5
CHM-8271799;QRT-87183;FUN-71181;AR-CONDICIONADO;baixa;25/01/2025 17:19;26/01/2025 16:39;4
CHM-0766083;QRT-76736;FUN-83865;Elétrica;Alta;15/09/2025 06:39;15/09/2025 07:39;4
CHM-4987438;QRT-96687;FUN-89330;TV / Controle;Média;13/03/2026 21:44;14-03-2026;5
CHM-2800932;QRT-66092;FUN-94946;Elétrica;Média;23/10/2024 22:22;23/10/2024 23:21;5
CHM-4578431;QRT-78808;FUN-49170;Elétrica;Média;24.09.24;2024-09-25;4
CHM-9950687;QRT-20896;FUN-32345;Fechadura Eletrônica;Média;2024-08-04;04/08/2024 23:40;4
CHM-3016646;QRT-89410;FUN-08486;Limpeza Extra;Média;17/07/2025 18:49;17/07/2025 22:37;5
CHM-9139977;QRT-51602;FUN-12576;Limpeza Extra;Baixa;04/07/2025 19:36;06.07.25;3
CHM-0612772;QRT-68507;FUN-32345;Wi-Fi;Média;28/09/2024 15:16;28/09/2024 16:40;5
CHM-3796624;QRT-39312;FUN-37715;Limpeza Extra;Média;2025-07-03;03/07/2025 21:33;3
CHM-1479346;QRT-47802;FUN-70436;Ar-condicionado;Baixa;04/04/2025 21:53;06.04.25;1
CHM-5265940;QRT-92955;FUN-03036;Hidráulica;Baixa;29.03.25;29/03/2025 13:38;4
CHM-6838858;QRT-70123;FUN-35080;Limpeza Extra;Média;21/10/2024 11:00;21/10/2024 12:57;5
CHM-7104287;QRT-90947;FUN-74014;Limpeza Extra;Média;12/12/2025 15:15;2025-12-13;3
CHM-5243981;QRT-83424;FUN-08849;Limpeza Extra;Média;08/03/2026 23:10;08/03/2026 23:40;5
CHM-8452634;QRT-10607;FUN-32345;Limpeza Extra;Baixa;08/06/2026 12:58;09/06/2026 06:44;4
CHM-3325226;QRT-18531;FUN-47371;Wi-Fi;Média;08-09-2025;08/09/2025 18:59;2
CHM-3449355;QRT-64260;FUN-08234;Frigobar com Defeito;Media;06/09/2025 15:05;06-09-2025;5
CHM-5332916;QRT-06335;FUN-48159;Ar-condicionado;P2;09/10/2024 16:41;09/10/2024 20:20;5
CHM-2793583;QRT-43580;FUN-64706;Hidráulica;Baixa;21.01.26;22.01.26;5
CHM-8693730;QRT-26756;FUN-41540;Hidráulica;Média;06/03/2025 07:27;06/03/2025 12:54;5
CHM-5799687;QRT-41338;FUN-64047;TV / Controle;Média;18/03/2025 07:53;18-03-2025;3
CHM-5810328;QRT-81700;FUN-48159;Ar-condicionado;Alta;05/08/2024 22:36;05/08/2024 22:50;3
CHM-9289392;QRT-09785;FUN-18700;Wi-Fi;Média;02/10/2025 19:25;03/10/2025 01:47;4
CHM-5199642;QRT-17820;FUN-35080;Fechadura Eletrônica;Média;18/06/2025 21:41;18.06.25;4
CHM-3542817;QRT-55454;FUN-13975;Elétrica;Baixa;27/05/2026 10:13;28/05/2026 02:01;5
CHM-6132034;QRT-31095;FUN-04670;Hidráulica;Baixa;12/06/2026 23:48;13/06/2026 18:51;5
CHM-5221994;QRT-62407;FUN-08849;Ar-condicionado;Alta;19/04/2026 13:20;19/04/2026 14:36;5
CHM-9049633;QRT-77112;FUN-49170;Ar-condicionado;Alta;26/02/2025 07:14;26/02/2025 07:44;3
CHM-2646180;QRT-81045;FUN-32345;Frigobar com Defeito;Baixa;12/02/2026 10:54;12/02/2026 23:19;5
CHM-1119884;QRT-40043;FUN-96106;Hidráulica;Média;01/04/2026 09:20;01/04/2026 11:25;5
CHM-3317444;QRT-75221;FUN-48683;Ar-condicionado;Baixa;01-03-2026;02/03/2026 02:26;5
CHM-1523383;QRT-06113;FUN-03036;Ar-condicionado;Média;2025-04-03;2025-04-04;4
CHM-6357331;QRT-25078;FUN-65780;Wi-Fi;Alta;2026-05-10;2026-05-10;5
CHM-9759260;QRT-21677;FUN-25313;TV / Controle;Média;20/01/2025 17:11;21/01/2025 00:21;5
CHM-2198395;QRT-85329;FUN-86199;Limpeza Extra;Média;07/12/2024 20:54;08/12/2024 12:09;2
CHM-0857763;QRT-93180;FUN-32345;Wi-Fi;Baixa;17/08/2025 06:00;17/08/2025 21:29;5
CHM-6144967;QRT-73232;FUN-67282;Limpeza Extra;Média;14/12/2025 16:16;14.12.25;5
CHM-4348828;QRT-76454;FUN-23286;Hidráulica;Média;02/10/2025 10:30;02/10/2025 12:48;5
CHM-1295632;QRT-53868;FUN-18700;AR-CONDICIONADO;Média;12.12.24;2024-12-13;5
CHM-4412214;QRT-69835;FUN-92311;Limpeza Extra;Média;14-10-2025;14/10/2025 11:46;3
CHM-0468829;QRT-37477;FUN-64706;Ar-condicionado;Baixa;02/05/2025 12:00;02.05.25;4
CHM-1518220;QRT-23373;FUN-02909;TV / Controle;Alta;28/02/2026 10:27;28/02/2026 11:58;4
CHM-5256772;QRT-75221;FUN-69727;Wi-Fi;Média;01/02/2025 11:23;2025-02-01;3
CHM-2639534;QRT-26716;FUN-90839;Hidráulica;Alta;27/03/2025 22:19;27/03/2025 23:02;5
CHM-2600247;QRT-75289;FUN-32345;Ar-condicionado;Baixa;17/11/2024 12:26;18.11.24;2
CHM-4687666;QRT-69411;FUN-15867;ELÉTRICA;P2;21/02/2026 10:23;21/02/2026 13:10;5
CHM-7796899;QRT-37204;FUN-34873;Ar-condicionado;Média;19/11/2025 23:35;20/11/2025 01:56;5
CHM-5791102;QRT-75289;FUN-22027;TV / Controle;Media;04/09/2024 20:32;04.09.24;4
CHM-1443410;QRT-24594;FUN-22607;Limpeza Extra;Alta;25/09/2024 11:33;25.09.24;2
CHM-6700710;QRT-58898;FUN-36473;Fechadura Eletrônica;Média;20/09/2025 11:15;20/09/2025 17:51;3
CHM-3367528;QRT-20055;FUN-83865;Hidráulica;Baixa;2024-10-12;13.10.24;3
CHM-4341619;QRT-31095;FUN-23383;Wi-Fi;Média;23.05.25;23/05/2025 10:44;3
CHM-2432041;QRT-17820;FUN-87234;Ar-condicionado;Baixa;30/10/2024 10:07;30.10.24;5
CHM-0558407;QRT-87466;FUN-08849;Ar-condicionado  ;MÉDIA;2025-11-28;28/11/2025 19:21;5
CHM-4767161;QRT-95201;FUN-48683;Fechadura Eletrônica;Baixa;07/09/2024 06:48;07/09/2024 15:45;5
CHM-7203336;QRT-64260;FUN-41540;TV / Controle;Baixa;04/08/2024 19:25;05/08/2024 07:07;4
CHM-3041426;QRT-75289;FUN-05739;Wi-Fi;Média;17/04/2025 09:08;17-04-2025;5
CHM-1798088;QRT-94556;FUN-03036;Ar-condicionado;Alta;16/01/2026 20:59;17/01/2026 00:12;2
CHM-7762400;QRT-94991;FUN-71181;Frigobar com Defeito;Baixa;08/08/2025 20:32;2025-08-09;5
CHM-0054651;QRT-38689;FUN-36473;Wi-Fi;Media;03.11.25;04/11/2025 00:51;5
CHM-6123429;QRT-27801;FUN-89330;Hidráulica;Baixa;2025-03-20;22/03/2025 02:52;1
CHM-0024034;QRT-22178;FUN-83865;Ar-condicionado;Média;25/09/2025 16:44;2025-09-25;5
CHM-2544658;QRT-42819;FUN-49170;Ar-condicionado;Média;2025-08-09;10/08/2025 03:06;3
CHM-4628874;QRT-20026;FUN-23286;Ar-condicionado;Alta;11/06/2025 06:14;11/06/2025 08:41;3
CHM-1256195;QRT-02007;FUN-52793;Ar-condicionado;Alta;12/09/2025 16:09;12/09/2025 16:44;5
CHM-0426489;QRT-50555;FUN-92045;HIDRÁULICA;Alta;23/03/2026 21:16;23.03.26;4
CHM-8091704;QRT-74691;FUN-49170;Elétrica;Alta;24/09/2024 18:57;24/09/2024 19:23;4
CHM-6108221;QRT-46748;FUN-70436;ar-condicionado;Alta;23/07/2024 14:20;23/07/2024 16:33;2
CHM-6903562;QRT-29802;FUN-19473;Limpeza Extra;baixa;01/07/2024 13:41;03/07/2024 01:46;3
CHM-3715382;QRT-50393;FUN-04670;Limpeza Extra;Média;27.07.25;2025-07-27;4
CHM-7321948;QRT-99673;FUN-49013;Fechadura Eletrônica;Média;24/11/2025 16:15;24/11/2025 22:05;4
CHM-8367832;QRT-21677;FUN-02909;Fechadura Eletrônica;Baixa;20.12.24;21/12/2024 09:49;3
CHM-0867658;QRT-09674;FUN-08234;Hidráulica;Média;25/02/2026 21:18;26/02/2026 02:24;3
CHM-6041237;QRT-75289;FUN-32345;Wi-Fi;Média;22/01/2025 11:15;22/01/2025 13:33;4
CHM-6919419;QRT-31095;FUN-28577;Ar-condicionado;Alta;07/02/2025 20:10;07/02/2025 20:22;4
CHM-8919188;QRT-12128;FUN-10947;Limpeza Extra;Baixa;15/05/2025 21:33;16/05/2025 06:17;4
CHM-4778437;QRT-55013;FUN-55799;Fechadura Eletrônica;Média;15/10/2025 12:28;15/10/2025 21:50;2
CHM-4083001;QRT-40043;FUN-96106;Wi-Fi;Baixa;21/02/2026 12:48;22/02/2026 23:30;1
CHM-8487592;QRT-91810;FUN-69104;Ar-condicionado;Média;07.08.24;2024-08-07;4
CHM-0160702;QRT-48634;FUN-28577;Limpeza Extra;Média;21/10/2025 19:28;21-10-2025;5
CHM-8260337;QRT-86467;FUN-52300;Wi-Fi;Alta;07/07/2025 19:36;07/07/2025 21:08;5
CHM-5809201;QRT-68160;FUN-08828;Limpeza Extra;Baixa;17/05/2025 07:34;19/05/2025 18:12;3
CHM-4589561;QRT-85687;FUN-37715;Hidráulica;Alta;15/01/2025 20:53;15/01/2025 23:20;1
CHM-3152229;QRT-00699;FUN-57664;Wi-Fi;Média;09-10-2024;10.10.24;2
CHM-3537751;QRT-60845;FUN-34873;Ar-condicionado;Baixa;03-08-2025;2025-08-03;5
CHM-2208910;QRT-82787;FUN-45111;TV / Controle;Baixa;02.01.25;04/01/2025 07:30;3
CHM-6819294;QRT-38783;FUN-69727;Limpeza Extra;Baixa;16.11.25;17/11/2025 03:51;5
CHM-8551359;QRT-99673;FUN-49013;Limpeza Extra;Baixa;09/01/2026 19:01;10/01/2026 03:28;5
CHM-8120552;QRT-28645;FUN-90839;Wi-Fi;Média;10/11/2024 19:47;11/11/2024 04:29;2
CHM-8912715;QRT-17482;FUN-08849;Ar-condicionado;Alta;15/09/2024 15:19;15.09.24;4
CHM-1354322;QRT-88654;FUN-12040;Ar-condicionado;Baixa;13/09/2024 08:43;14/09/2024 05:46;5
CHM-2858084;QRT-02141;FUN-49170;Limpeza Extra;Média;16-05-2025;16/05/2025 21:43;2
CHM-2132816;QRT-51602;FUN-08486;Ar-condicionado;MÉDIA;14/02/2025 06:48;14/02/2025 10:48;5
CHM-9334020;QRT-58898;FUN-28577;Ar-condicionado;Média;18/01/2025 10:48;18/01/2025 20:56;3
CHM-9435776;QRT-84837;FUN-04670;Limpeza Extra;Alta;25/06/2026 11:43;25/06/2026 14:20;1
CHM-7354189;QRT-11218;FUN-07814;Limpeza Extra;Média;13/11/2024 20:19;14/11/2024 09:56;1
CHM-0359774;QRT-52853;FUN-39946;Limpeza Extra;Baixa;18.08.24;2024-08-20;3
CHM-1506741;QRT-67310;FUN-64706;Ar-condicionado;Alta;30.09.24;30-09-2024;4
CHM-9773704;QRT-93908;FUN-15867;Fechadura Eletrônica;Baixa;30/05/2026 11:41;2026-05-30;4
CHM-2971467;QRT-92954;FUN-55799;Ar-condicionado;Alta;26/09/2025 22:54;26/09/2025 23:50;4
CHM-1424228;QRT-02047;FUN-35080;Wi-Fi;P2;08/05/2026 08:55;08.05.26;5
CHM-3920546;QRT-27540;FUN-65780;Ar-condicionado;Média;15/10/2024 18:26;16-10-2024;3
CHM-8321646;QRT-75030;FUN-19473;Limpeza Extra;P2;12.07.25;12/07/2025 13:26;4
CHM-1085656;QRT-84837;FUN-48159;Ar-condicionado;Alta;05/10/2025 15:59;05/10/2025 17:40;5
CHM-1954291;QRT-44476;FUN-86194;Limpeza Extra;Baixa;21.04.26;22/04/2026 10:51;4
CHM-4674086;QRT-20665;FUN-43763;Elétrica;Média;12.09.24;12/09/2024 15:42;4
CHM-6866472;QRT-90111;FUN-48683;Wi-Fi;Média;26/03/2026 21:45;26/03/2026 23:02;5
CHM-2906923;QRT-63784;FUN-07814;Ar-condicionado;Baixa;25/10/2024 09:01;25/10/2024 14:51;4
CHM-7308495;QRT-01345;FUN-08828;Ar-condicionado;Baixa;08/11/2025 10:12;08.11.25;5
CHM-4907857;QRT-07517;FUN-02909;Hidráulica;Média;2025-07-18;18/07/2025 08:54;4
CHM-3008701;QRT-14624;FUN-34873;TV / Controle;Baixa;26-02-2025;27/02/2025 21:55;1
CHM-4082380;QRT-78217;FUN-71493;Wi-Fi;Alta;08/03/2025 19:16;08/03/2025 22:46;3
CHM-0055671;QRT-26716;FUN-41540;Ar-condicionado;Baixa;12-11-2024;13/11/2024 08:21;4
CHM-4585227;QRT-26280;FUN-64047;Elétrica;Média;30/06/2024 14:20;30/06/2024 20:46;4
CHM-1705928;QRT-61962;FUN-64755;Ar-condicionado;Alta;23-10-2024;23.10.24;1
CHM-5258154;QRT-67310;FUN-64706;TV / Controle;Média;26/04/2025 15:44;26/04/2025 22:36;5
CHM-4290001;QRT-61719;FUN-08849;TV / Controle;Média;26-10-2024;26-10-2024;4
CHM-6089076;QRT-38773;FUN-08486;Hidráulica;Baixa;16/03/2025 11:13;16/03/2025 23:32;4
CHM-2928599;QRT-27391;FUN-45111;Wi-Fi;Média;24/03/2025 17:05;24/03/2025 18:47;4
CHM-5419328;QRT-75221;FUN-29826;Wi-Fi;Baixa;23/06/2025 14:42;23/06/2025 21:25;4
CHM-4888663;QRT-59512;FUN-15784;Fechadura Eletrônica;Média;07/10/2025 22:13;08/10/2025 00:44;5
CHM-5316614;QRT-80800;FUN-43763;TV / Controle;Média;15/09/2024 06:05;15/09/2024 06:51;4
CHM-2294899;QRT-53868;FUN-07814;Hidráulica;Alta;19/01/2026 15:25;19/01/2026 16:31;5
CHM-5475736;QRT-73451;FUN-15867;Frigobar com Defeito;Média;16-03-2026;16/03/2026 12:58;5
CHM-0877795;QRT-85739;FUN-39946;Elétrica;Baixa;16/11/2024 16:08;2024-11-17;4
CHM-2906634;QRT-40043;FUN-22027;tv / controle;Baixa;24.03.25;25/03/2025 12:27;5
CHM-0743731;QRT-88654;FUN-23383;Hidráulica;Alta;10.10.24;10/10/2024 11:14;5
CHM-9700073;QRT-04025;FUN-83865;Limpeza Extra;Baixa;27/05/2025 09:27;28/05/2025 00:46;5
CHM-6550183;QRT-24118;FUN-87234;Ar-condicionado;Média;26/11/2025 16:40;26/11/2025 22:52;4
CHM-7397937;QRT-92177;FUN-64047;Hidráulica;Média;13/06/2025 20:14;14/06/2025 09:11;2
CHM-6911501;QRT-43580;FUN-49013;Frigobar com Defeito;Alta;05/02/2025 12:27;05/02/2025 15:20;2
CHM-0439558;QRT-45866;FUN-48683;Wi-Fi;baixa;27-08-2025;27-08-2025;4
CHM-4509008;QRT-57124;FUN-90839;Wi-Fi;Baixa;05/12/2025 22:49;06/12/2025 06:17;5
CHM-6249825;QRT-22178;FUN-73856;Limpeza Extra;MÉDIA;09.09.25;10/09/2025 01:10;1
CHM-5235204;QRT-24274;FUN-15867;Wi-Fi;Alta;01.08.24;01/08/2024 08:56;4
CHM-1974843;QRT-70661;FUN-82886;Ar-condicionado;Alta;09/08/2024 10:05;09/08/2024 10:52;5
CHM-9982734;QRT-59474;FUN-76103;Ar-condicionado;Baixa;30/09/2024 07:35;01-10-2024;3
CHM-8386468;QRT-09395;FUN-43763;TV / Controle;Média;03.10.25;04-10-2025;4
CHM-5140237;QRT-95939;FUN-39946;TV / Controle;Baixa;04/02/2026 17:43;06/02/2026 01:58;3
CHM-1197012;QRT-51984;FUN-52793;Elétrica;Baixa;2025-02-23;24.02.25;5
CHM-7400595;QRT-53917;FUN-49170;Hidráulica;Média;19/11/2024 23:11;2024-11-20;1
CHM-2795389;QRT-71194;FUN-48683;Ar-condicionado;Baixa;08.09.24;08/09/2024 16:24;3
CHM-4780423;QRT-69411;FUN-34873;Wi-Fi;Média;26/02/2025 11:05;26/02/2025 13:40;4
CHM-2947860;QRT-96237;FUN-86194;Limpeza Extra;P1;20/02/2025 18:47;20-02-2025;4
CHM-3419357;QRT-88906;FUN-92311;Hidráulica;Média;08/05/2025 16:00;09-05-2025;1
CHM-2452007;QRT-69835;FUN-28577;Ar-condicionado;Média;21/06/2025 17:17;21/06/2025 19:21;4
CHM-4409238;QRT-82654;FUN-25313;Wi-Fi;Baixa;23/08/2025 20:46;24/08/2025 05:44;3
CHM-6987586;QRT-49331;FUN-22607;Elétrica;Média;01/12/2025 15:23;01/12/2025 21:10;4
CHM-6578136;QRT-00699;FUN-96106;Limpeza Extra;Alta;16/09/2024 14:29;16.09.24;3
CHM-0511337;QRT-86201;FUN-48683;Limpeza Extra;Média;27/07/2024 13:33;28/07/2024 02:24;1
CHM-4610723;QRT-63784;FUN-07814;Ar-condicionado;Alta;28/12/2024 21:49;28/12/2024 22:25;5
CHM-6592483;QRT-24929;FUN-48683;Limpeza Extra;Média;11/03/2025 19:46;11/03/2025 20:35;5
CHM-4033210;QRT-54918;FUN-50800;Ar-condicionado;Baixa;26/10/2025 23:57;27/10/2025 19:24;5
CHM-7747648;QRT-94756;FUN-82886;Limpeza Extra;Média;11/11/2024 22:11;12/11/2024 23:25;3
CHM-2691320;QRT-14866;FUN-08486;Ar-condicionado;Alta;26-03-2025;26/03/2025 12:02;5
CHM-8622690;QRT-95776;FUN-87234;TV / Controle;Média;18/09/2024 12:11;18/09/2024 15:53;5
CHM-2189969;QRT-12236;FUN-78820;Frigobar com Defeito;Média;01/03/2025 18:56;02.03.25;1
CHM-4406741;QRT-44318;FUN-15867;Limpeza Extra;Baixa;03/02/2026 07:37;04/02/2026 00:48;5
CHM-0995147;QRT-24118;FUN-55799;Elétrica;Média;19/04/2025 18:04;2025-04-19;5
CHM-0171092;QRT-04283;FUN-12576;Limpeza Extra;Baixa;30/05/2025 06:33;30/05/2025 10:29;5
CHM-9697642;QRT-87654;FUN-02909;TV / Controle;P2;02/05/2025 09:36;02/05/2025 10:22;4
CHM-5484197;QRT-06043;FUN-08486;HIDRÁULICA;Média;08.03.25;08.03.25;3
CHM-7846895;QRT-69835;FUN-92311;Hidráulica;Média;05.10.24;05/10/2024 20:25;5
CHM-4978080;QRT-10817;FUN-28577;Wi-Fi;Alta;09/03/2026 20:52;09/03/2026 22:10;5
CHM-6839198;QRT-65099;FUN-22607;Ar-condicionado;Baixa;23/01/2026 22:06;2026-01-24;3
CHM-2916724;QRT-78808;FUN-32345;Ar-condicionado;Baixa;12/02/2025 21:13;13.02.25;5
CHM-9497163;QRT-01562;FUN-83865;Fechadura Eletrônica;Média;29.11.24;29/11/2024 23:56;5
CHM-5654742;QRT-45866;FUN-15867;Ar-condicionado;Média;19/04/2026 14:40;20/04/2026 19:49;2
CHM-4300768;QRT-87183;FUN-12576;Ar-condicionado;Média;17/10/2025 21:41;18/10/2025 00:35;5
CHM-9419696;QRT-11649;FUN-52300;Ar-condicionado;Média;01/07/2024 15:19;01/07/2024 16:13;5
CHM-1800243;QRT-72908;FUN-10947;Ar-condicionado;Baixa;28/07/2024 18:27;30/07/2024 09:29;3
CHM-5618598;QRT-43677;FUN-01568;Elétrica;Alta;25/02/2026 13:24;25/02/2026 15:10;4
CHM-7590817;QRT-44425;FUN-55799;Limpeza Extra;Média;2025-10-06;2025-10-07;2
CHM-2363356;QRT-09419;FUN-74014;Limpeza Extra;Média;14-09-2024;2024-09-14;4
CHM-1757319;QRT-60845;FUN-29826;Frigobar com Defeito;Baixa;18/12/2025 22:48;21/12/2025 18:15;3
CHM-6847785;QRT-17820;FUN-35080;Fechadura Eletrônica;Média;30/12/2024 13:45;30/12/2024 19:32;4
CHM-3790452;QRT-57208;FUN-74014;Wi-Fi;Alta;01/08/2024 17:57;01/08/2024 18:36;4
CHM-8009440;QRT-66125;FUN-92045;Wi-Fi;Média;03-01-2025;04.01.25;5
CHM-4337091;QRT-95923;FUN-50800;Elétrica;Média;18.06.25;18/06/2025 12:35;5
CHM-6242526;QRT-32164;FUN-78820;Ar-condicionado;Média;10.02.25;11/02/2025 02:41;5
CHM-5812140;QRT-96972;FUN-12576;Elétrica;Média;21/02/2026 17:27;21/02/2026 18:59;5
CHM-9523227;QRT-20055;FUN-78820;Ar-condicionado;Média;23/08/2024 09:38;23/08/2024 12:46;5
CHM-1915951;QRT-69520;FUN-87234;Hidráulica;Alta;19/12/2024 10:15;2024-12-19;1
CHM-1451206;QRT-98284;FUN-22027;Ar-condicionado;Alta;17/12/2025 08:14;17/12/2025 09:04;5
CHM-6095972;QRT-68507;FUN-64755;Ar-condicionado;Média;26/05/2025 06:10;2025-05-26;5
CHM-6824252;QRT-73232;FUN-67282;Wi-Fi;Baixa;10/11/2025 18:20;11/11/2025 15:08;5
CHM-1814510;QRT-97434;FUN-08486;Hidráulica;Média;10/12/2024 14:01;10/12/2024 19:51;5
CHM-0643522;QRT-29439;FUN-64047;Wi-Fi;Alta;23-06-2025;23/06/2025 15:09;5
CHM-3858881;QRT-90947;FUN-39946;Wi-Fi;Média;20/12/2024 23:27;21/12/2024 01:44;5
CHM-8627887;QRT-74766;FUN-01568;Ar-condicionado;Alta;09/05/2025 17:11;09/05/2025 18:06;5
CHM-8044897;QRT-07031;FUN-45111;Limpeza Extra;Média;04/04/2026 14:51;05/04/2026 04:31;3
CHM-8577960;QRT-13238;FUN-12576;Limpeza Extra;Média;30-07-2024;30/07/2024 23:35;2
CHM-7715595;QRT-26080;FUN-74014;Limpeza Extra;Alta;13/01/2026 14:03;2026-01-13;4
CHM-6819740;QRT-29015;FUN-50800;AR-CONDICIONADO;Alta;30/09/2025 16:11;30/09/2025 16:43;5
CHM-4585350;QRT-51590;FUN-32345;TV / Controle;Alta;05/11/2025 21:57;05/11/2025 22:59;5
CHM-0148640;QRT-78524;FUN-73856;Ar-condicionado;Baixa;13/07/2024 22:06;15/07/2024 09:42;3
CHM-6855286;QRT-01287;FUN-22607;Elétrica;Alta;13/06/2025 18:13;13/06/2025 19:20;5
CHM-3351159;QRT-03596;FUN-08849;Elétrica;Baixa;24/01/2026 11:33;25/01/2026 15:00;3
CHM-7489530;QRT-47928;FUN-01568;Wi-Fi;Média;16/01/2025 21:19;16/01/2025 23:29;5
CHM-8058017;QRT-09849;FUN-48683;Limpeza Extra;Média;09/07/2024 09:45;09/07/2024 11:45;5
CHM-2310654;QRT-64260;FUN-86199;Wi-Fi;Média;25/09/2024 14:23;25/09/2024 16:32;5
CHM-6200399;QRT-88906;FUN-12040;Elétrica;Baixa;17/10/2024 09:17;17/10/2024 13:05;5
CHM-8030684;QRT-42497;FUN-09324;Fechadura Eletrônica;Baixa;05/08/2024 13:34;05/08/2024 20:31;4
CHM-8108750;QRT-27723;FUN-12576;TV / Controle;Média;14/11/2025 23:01;15/11/2025 03:03;5
CHM-8538843;QRT-86536;FUN-66580;Limpeza Extra;Alta;26.08.25;26.08.25;4
CHM-8087001;QRT-51984;FUN-39946;Elétrica;Média;13/04/2025 21:18;13.04.25;5
CHM-6059532;QRT-26237;FUN-49013;Ar-condicionado;Média;27/12/2024 20:38;27/12/2024 23:55;5
CHM-1431294;QRT-24274;FUN-29826;Wi-Fi;Média;07/05/2025 17:34;07/05/2025 18:51;4
CHM-3154913;QRT-11826;FUN-71493;Ar-condicionado;Média;13/06/2026 17:11;14/06/2026 03:03;1
CHM-3680201;QRT-68204;FUN-23286;Wi-Fi;Alta;10/07/2025 14:02;10/07/2025 14:52;5
CHM-6472766;QRT-11649;FUN-45111;Elétrica;Média;03/10/2025 18:41;03-10-2025;5
CHM-0013934;QRT-57190;FUN-12576;Wi-Fi;Baixa;29-01-2026;29/01/2026 19:30;5
CHM-7505118;QRT-42355;FUN-23286;ELÉTRICA;Média;28-10-2025;29.10.25;5
CHM-7793770;QRT-53432;FUN-09102;Hidráulica;Alta;24/11/2025 23:42;25/11/2025 01:01;5
CHM-3039378;QRT-62284;FUN-25313;Ar-condicionado;Alta;06/02/2025 16:56;06/02/2025 17:50;4
CHM-0905913;QRT-11218;FUN-07814;Hidráulica;Alta;05/09/2025 22:01;05.09.25;5
CHM-9114549;QRT-78115;FUN-78820;Fechadura Eletrônica;Baixa;2026-02-21;22/02/2026 11:04;5
CHM-3480949;QRT-97434;FUN-37715;Elétrica;Média;2025-04-07;2025-04-07;3
CHM-0251376;QRT-86876;FUN-12040;TV / Controle;Baixa;2026-04-19;20/04/2026 14:24;2
CHM-5469095;QRT-21677;FUN-71493;Wi-Fi;Média;28.11.24;29/11/2024 07:11;2
CHM-1344485;QRT-39888;FUN-16922;Ar-condicionado;Média;15.05.25;15/05/2025 14:27;4
CHM-4137207;QRT-16535;FUN-16922;AR-CONDICIONADO;Baixa;24/05/2026 15:35;25.05.26;5
CHM-0140418;QRT-34396;FUN-71493;Wi-Fi;Média;27/12/2024 14:17;27-12-2024;5
CHM-3951178;QRT-26756;FUN-90839;Ar-condicionado;Baixa;11/09/2025 21:31;12.09.25;5
CHM-6530350;QRT-21677;FUN-25313;Wi-Fi;Baixa;11/06/2025 14:15;11-06-2025;5
CHM-1020127;QRT-38783;FUN-15867;Wi-Fi;Média;2026-04-26;26.04.26;5
CHM-2841792;QRT-13238;FUN-71181;Fechadura Eletrônica;Baixa;14/06/2025 14:20;14/06/2025 19:47;5
CHM-4617508;QRT-39575;FUN-50800;Ar-condicionado;Média;28/04/2026 08:35;28.04.26;3
CHM-5367440;QRT-85367;FUN-39946;Fechadura Eletrônica;Alta;11.04.26;11/04/2026 19:28;5
CHM-2875489;QRT-99814;FUN-73856;Limpeza Extra;Baixa;14/09/2024 21:33;16-09-2024;3
CHM-9802860;QRT-64556;FUN-96354;Frigobar com Defeito;Alta;17/02/2026 14:41;2026-02-17;5
CHM-1734818;QRT-21677;FUN-08109;Limpeza Extra;Média;13/08/2024 11:53;13-08-2024;1
CHM-8965285;QRT-92177;FUN-64706;Fechadura Eletrônica;Baixa;28/10/2025 08:48;28-10-2025;5
CHM-6854397;QRT-57208;FUN-37715;Ar-condicionado;Média;31/01/2026 09:55;31/01/2026 16:17;4
CHM-0869369;QRT-07215;FUN-22027;Ar-condicionado;Baixa;2025-10-11;12/10/2025 02:49;5
CHM-5387434;QRT-15228;FUN-43763;Elétrica;Média;2024-10-17;2024-10-17;4
CHM-5704376;QRT-11592;FUN-66580;Frigobar com Defeito;Média;21/11/2025 20:54;22/11/2025 01:56;4
CHM-1655538;QRT-88654;FUN-96354;Frigobar com Defeito;Baixa;12/10/2024 15:56;13/10/2024 13:37;5
CHM-6748314;QRT-09419;FUN-12576;Ar-condicionado;Média;22/05/2026 13:05;22/05/2026 17:56;3
CHM-7767958;QRT-63869;FUN-15867;Ar-condicionado;Alta;29/11/2025 08:07;2025-11-29;4
CHM-6983637;QRT-69520;FUN-92045;Ar-condicionado;Média;27/01/2026 13:34;27-01-2026;5
CHM-3851069;QRT-47628;FUN-66580;Elétrica;Média;15/05/2026 08:21;16/05/2026 03:45;1
CHM-2470112;QRT-53914;FUN-78820;Ar-condicionado;Média;02/08/2024 08:30;02/08/2024 11:09;4
CHM-9352227;QRT-84972;FUN-52300;Ar-condicionado;Baixa;20/05/2026 09:14;20/05/2026 19:14;4
CHM-1451559;QRT-86201;FUN-29826;Ar-condicionado;MÉDIA;02/10/2025 20:18;2025-10-03;3
CHM-7499369;QRT-03596;FUN-47371;AR-CONDICIONADO;Média;12/02/2025 20:39;13/02/2025 10:16;2
CHM-4470938;QRT-92558;FUN-43763;Elétrica;Média;09/10/2024 12:10;09-10-2024;5
CHM-2477176;QRT-18801;FUN-12576;Fechadura Eletrônica;Média;08/08/2025 22:58;09/08/2025 03:09;4
CHM-5328564;QRT-69375;FUN-50800;Wi-Fi;Alta;25/02/2025 07:40;25-02-2025;1
CHM-5228783;QRT-22178;FUN-73856;Limpeza Extra;Alta;23-01-2025;23/01/2025 23:10;2
CHM-6458085;QRT-15064;FUN-74014;Limpeza Extra;Baixa;17.03.26;17/03/2026 23:59;4
CHM-3498360;QRT-98065;FUN-49170;Limpeza Extra;Baixa;2025-06-14;15/06/2025 19:22;4
CHM-3577703;QRT-45185;FUN-48683;Hidráulica;Média;06-04-2025;06/04/2025 18:02;4
CHM-5049730;QRT-91492;FUN-34873;Limpeza Extra;P2;25/11/2025 19:52;25.11.25;4
CHM-2137198;QRT-01345;FUN-23286;TV / Controle;Média;19/01/2025 10:57;19/01/2025 19:22;3
CHM-2878427;QRT-14624;FUN-48683;TV / Controle;Alta;28/06/2025 19:52;28/06/2025 20:16;5
CHM-2751311;QRT-26166;FUN-08828;Ar-condicionado;Média;30/01/2025 11:48;30/01/2025 13:48;5
CHM-3736192;QRT-41356;FUN-81524;Wi-Fi;Média;03/03/2025 06:07;03/03/2025 09:46;5
CHM-4160042;QRT-76454;FUN-35080;Wi-Fi;Baixa;07/09/2025 11:33;07/09/2025 20:12;5
CHM-5039592;QRT-29393;FUN-76103;Limpeza Extra;Alta;24/06/2026 13:07;24/06/2026 13:48;5
CHM-4085789;QRT-02007;FUN-37715;Limpeza Extra;Média;2026-06-10;11/06/2026 14:46;1
CHM-3305756;QRT-74690;FUN-69727;Wi-Fi;Média;21.09.24;22/09/2024 06:31;3
CHM-5653219;QRT-21077;FUN-78820;TV / Controle;Baixa;01/08/2025 12:32;02/08/2025 06:08;5
CHM-8529480;QRT-39888;FUN-67710;Wi-Fi;Média;09/04/2025 22:27;10/04/2025 07:54;2
CHM-4878030;QRT-92964;FUN-96106;Hidráulica;Média;30-08-2025;31-08-2025;3
CHM-6063541;QRT-48634;FUN-12040;Hidráulica;Baixa;27/09/2024 07:51;27/09/2024 14:25;4
CHM-9238216;QRT-47928;FUN-01568;Hidráulica;baixa;19/05/2026 17:47;20/05/2026 03:22;5
CHM-7654139;QRT-74691;FUN-05739;Ar-condicionado;Baixa;11/01/2025 08:15;12/01/2025 02:21;5
CHM-4787720;QRT-93908;FUN-15867;Ar-condicionado;Alta;25/10/2024 16:02;25/10/2024 17:10;5
CHM-2713907;QRT-25078;FUN-16922;Wi-Fi;Média;2025-06-13;13/06/2025 17:57;4
CHM-2421591;QRT-37102;FUN-18700;Elétrica;Média;25.12.25;26/12/2025 03:10;3
CHM-8591675;QRT-23373;FUN-02909;Ar-condicionado;Baixa;22/12/2025 17:36;23/12/2025 04:39;3
CHM-3825956;QRT-76281;FUN-10947;Wi-Fi;Alta;09/02/2025 06:57;09/02/2025 07:21;5
CHM-1911195;QRT-90111;FUN-34873;Frigobar com Defeito;Alta;09/07/2024 22:24;2024-07-10;2
CHM-0735465;QRT-40975;FUN-08849;Limpeza Extra;Média;30/06/2025 22:08;01-07-2025;1
CHM-6412496;QRT-17482;FUN-22607;Limpeza Extra;Média;13/02/2025 22:41;14/02/2025 18:22;2
CHM-3408243;QRT-60661;FUN-74014;Fechadura Eletrônica;Média;05/04/2025 09:29;06/04/2025 04:43;3
CHM-8416928;QRT-09261;FUN-18700;LIMPEZA EXTRA;Baixa;13/10/2024 16:56;2024-10-14;3
CHM-4539884;QRT-11607;FUN-04670;Hidráulica;Alta;30/04/2025 16:13;2025-04-30;5
CHM-6403603;QRT-55013;FUN-08828;Wi-Fi;Baixa;10/12/2024 22:27;11/12/2024 01:41;3
CHM-4666065;QRT-51590;FUN-57664;Limpeza Extra;MÉDIA;02.06.25;02/06/2025 21:00;5
CHM-8463958;QRT-09395;FUN-88121;Ar-condicionado;Baixa;26/05/2025 17:42;27-05-2025;4
CHM-7869128;QRT-68610;FUN-04670;TV / Controle;Alta;07-06-2026;2026-06-07;5
CHM-7759375;QRT-04414;FUN-39946;Hidráulica;Média;24-08-2025;25/08/2025 03:10;4
CHM-9030906;QRT-61719;FUN-02909;TV / Controle;Média;12/11/2024 21:15;13/11/2024 03:22;4
CHM-6554325;QRT-61962;FUN-64755;Frigobar com Defeito;Baixa;17/12/2025 10:03;17-12-2025;5
CHM-4956978;QRT-83187;FUN-86194;Hidráulica;Baixa;13/06/2025 16:25;14/06/2025 12:49;5
CHM-1529926;QRT-14624;FUN-69727;Ar-condicionado;Média;20/03/2025 18:55;21/03/2025 02:06;5
CHM-3267326;QRT-86201;FUN-69727;Fechadura Eletrônica;Média;2025-10-17;2025-10-17;5
CHM-7926611;QRT-99264;FUN-76103;Frigobar com Defeito;Média;16/04/2025 22:36;17.04.25;5
CHM-3500298;QRT-33730;FUN-34873;Limpeza Extra;Alta;05/02/2026 07:24;05/02/2026 08:43;5
CHM-3824370;QRT-01562;FUN-86194;Limpeza Extra;Baixa;2025-06-18;19/06/2025 00:27;5
CHM-7292964;QRT-51602;FUN-12576; Ar-condicionado;Média;07-06-2025;07/06/2025 14:48;5
CHM-8145303;QRT-01798;FUN-15867;Hidráulica;ALTA;01/09/2024 23:37;02/09/2024 00:54;4
CHM-4680874;QRT-75030;FUN-83865;Elétrica;Alta;21.04.26;21.04.26;5
CHM-2078852;QRT-85329;FUN-86199;Limpeza Extra;Media;02-09-2025;02/09/2025 14:54;4
CHM-2621066;QRT-86876;FUN-23383;Wi-Fi;Média;08/03/2026 17:30;2026-03-08;4
CHM-7745342;QRT-94556;FUN-23286;Fechadura Eletrônica;P2;02-05-2026;02-05-2026;4
CHM-8414363;QRT-10817;FUN-12040;fechadura eletrônica;Baixa;23/03/2025 23:19;24-03-2025;4
CHM-3895927;QRT-02007;FUN-10947;Wi-Fi;MÉDIA;18-08-2024;19/08/2024 03:09;1
CHM-7926055;QRT-57190;FUN-08486;Ar-condicionado;Baixa;30/12/2024 10:16;31.12.24;3
CHM-9714919;QRT-88906;FUN-92311;Fechadura Eletrônica;Alta;25/04/2026 06:46;25/04/2026 08:08;4
CHM-9754698;QRT-21167;FUN-28577;tv / controle;Média;07/03/2026 08:39;07/03/2026 11:44;5
CHM-2992348;QRT-86201;FUN-29826;Hidráulica;Alta;06/07/2025 10:51;06.07.25;5
CHM-7891173;QRT-58808;FUN-96354;TV / Controle;Média;12/11/2024 10:22;12/11/2024 18:06;5
CHM-9082853;QRT-28319;FUN-22027;Wi-Fi;Baixa;02.02.26;04/02/2026 05:19;2
CHM-4672971;QRT-84941;FUN-86199;Ar-condicionado;Média;23/05/2026 10:42;23/05/2026 13:10;5
CHM-8656133;QRT-94756;FUN-01568;Ar-condicionado;Média;22/07/2024 15:08;22.07.24;5
CHM-6230830;QRT-13758;FUN-08849;Elétrica;Média;2025-02-07;08.02.25;1
CHM-4998885;QRT-64332;FUN-25313;Hidráulica;Baixa;04/12/2025 14:19;06/12/2025 00:56;2
CHM-3614267;QRT-37102;FUN-76103;Hidráulica;Alta;21/05/2026 11:48;21-05-2026;5
CHM-2718971;QRT-09047;FUN-55799;Elétrica;Média;11/07/2024 23:34;2024-07-12;5
CHM-0065861;QRT-85702;FUN-83865;Ar-condicionado;Média;22/04/2025 06:51;22/04/2025 09:40;5
CHM-0894355;QRT-87613;FUN-89330;Fechadura Eletrônica;Média;10.11.24;10.11.24;5
CHM-1814933;QRT-76736;FUN-67710;Wi-Fi;Alta;2025-07-11;11/07/2025 18:43;4
CHM-7397910;QRT-64260;FUN-82886;Wi-Fi;P2;09/04/2025 12:36;09/04/2025 16:04;5
CHM-9908553;QRT-02055;FUN-08486;Wi-Fi;Média;26.11.25;26/11/2025 15:24;5
CHM-5762221;QRT-63869;FUN-48683;Elétrica;Alta;2025-05-18;18/05/2025 12:34;4
CHM-8359414;QRT-58511;FUN-67710;Wi-Fi;Média;02-04-2026;02/04/2026 13:48;5
CHM-5113325;QRT-75123;FUN-50800;Wi-Fi;Media;18/10/2024 13:20;18.10.24;1
CHM-1111005;QRT-11826;FUN-08849;Ar-condicionado;Média;31/12/2024 18:50;31/12/2024 21:42;5
CHM-2632460;QRT-78055;FUN-71493;Hidráulica;Média;14/08/2024 11:49;14/08/2024 22:04;2
CHM-5427433;QRT-04025;FUN-73856;Ar-condicionado;Média;04/01/2026 20:45;05/01/2026 02:25;5
CHM-2470662;QRT-26756;FUN-08234;Limpeza Extra;Média;03/06/2025 16:09;03/06/2025 21:35;5
CHM-8578912;QRT-67310;FUN-64047;Elétrica;Média;04/11/2024 21:31;04/11/2024 23:38;5
CHM-9070269;QRT-20896;FUN-64755;Ar-condicionado;Média;02.08.25;2025-08-02;1
CHM-9145588;QRT-31095;FUN-28577;Elétrica;Média;28/03/2026 10:06;28.03.26;4
CHM-9345526;QRT-37672;FUN-49170;Fechadura Eletrônica;Alta;07/09/2025 13:13;07/09/2025 14:47;3
CHM-1561077;QRT-09785;FUN-81524;Hidráulica;Média;26/04/2025 16:10;27/04/2025 01:17;2
CHM-5273701;QRT-13758;FUN-47371;Fechadura Eletrônica;Média;24/11/2024 07:12;24/11/2024 09:22;5
CHM-4838218;QRT-13326;FUN-57664;TV / Controle;Média;16/08/2025 22:33;17/08/2025 06:45;1
CHM-2824176;QRT-41316;FUN-18700;Ar-condicionado;Baixa;19/11/2025 21:02;20/11/2025 06:32;4
CHM-4136133;QRT-88939;FUN-74014;TV / Controle;Baixa;27/06/2026 21:32;28/06/2026 06:52;5
CHM-2685876;QRT-67879;FUN-92311;Limpeza Extra;Baixa;19/08/2024 22:44;20/08/2024 12:37;5
CHM-2763338;QRT-47628;FUN-66580;Ar-condicionado;alta;10/08/2025 18:20;10/08/2025 19:05;4
CHM-2209709;QRT-64840;FUN-71181;Elétrica;Média;31/03/2026 15:33;31/03/2026 18:18;5
CHM-0636804;QRT-30636;FUN-34873;Wi-Fi;Média;27/10/2024 18:47;27/10/2024 21:26;5
CHM-0662956;QRT-70944;FUN-89330;Wi-Fi;Alta;29/04/2026 14:32;29/04/2026 15:29;4
CHM-9436433;QRT-75043;FUN-08486;TV / Controle;Média;2025-04-10;10/04/2025 15:06;3
CHM-0265043;QRT-03446;FUN-28577;TV / Controle;Alta;06/09/2024 15:54;06/09/2024 16:31;4
CHM-5303535;QRT-42908;FUN-23361;Ar-condicionado;Média;15/05/2025 18:36;16/05/2025 00:39;5
CHM-8338470;QRT-01287;FUN-08849;Frigobar com Defeito;baixa;01/07/2024 19:43;02/07/2024 01:57;4
CHM-4563458;QRT-06043;FUN-39946;Ar-condicionado;Média;13/05/2026 17:02;13-05-2026;5
CHM-0865383;QRT-42819;FUN-96106;Hidráulica;Baixa;26/11/2025 11:31;28/11/2025 09:38;3
CHM-3382448;QRT-41934;FUN-64755;Hidráulica;Média;15/09/2024 19:24;16/09/2024 10:42;1
CHM-3897786;QRT-07215;FUN-64755;Ar-condicionado;Média;21/07/2024 13:27;21/07/2024 14:40;5
CHM-8021198;QRT-27723;FUN-74014;Ar-condicionado;Baixa;11/05/2025 22:48;12/05/2025 14:27;5
CHM-8974126;QRT-67310;FUN-64047;Wi-Fi;Baixa;03/05/2026 06:23;03/05/2026 12:29;5
CHM-4390984;QRT-00452;FUN-32345;Wi-Fi;Média;27/04/2025 21:56;27/04/2025 23:46;4
CHM-2969884;QRT-67310;FUN-67282;Wi-Fi;Média;13/02/2025 20:12;14/02/2025 00:43;4
CHM-5143634;QRT-84941;FUN-41540;Frigobar com Defeito;P1;14/11/2025 19:47;14-11-2025;1
CHM-5310737;QRT-18801;FUN-08486;Hidráulica;Baixa;29/09/2025 13:37;30/09/2025 16:36;2
CHM-4534715;QRT-65099;FUN-25313;Elétrica;Alta;26/10/2024 15:47;26/10/2024 16:06;4
CHM-0990218;QRT-02007;FUN-37715;Ar-condicionado;Média;10.06.25;10.06.25;5
CHM-5293789;QRT-99673;FUN-88121;Elétrica;P2;07.08.24;08-08-2024;4
CHM-1242682;QRT-70536;FUN-64706;Ar-condicionado;Baixa;29/03/2025 07:25;29/03/2025 11:22;4
CHM-9356436;QRT-26280;FUN-67282;Hidráulica;Média;16-06-2025;16/06/2025 21:35;4
CHM-4336827;QRT-95776;FUN-87234;Ar-condicionado;Média;07-09-2025;07-09-2025;5
CHM-8332342;QRT-21496;FUN-86199;Ar-condicionado;Média;16/02/2025 17:20;2025-02-16;4
CHM-1808735;QRT-41934;FUN-05739;Wi-Fi;Baixa;04/07/2025 17:51;05/07/2025 18:37;1
CHM-3794127;QRT-33730;FUN-50800;TV / Controle;Alta;02/04/2025 18:09;02/04/2025 19:20;5
CHM-7285092;QRT-51590;FUN-05739;Ar-condicionado;Alta;06.01.25;06/01/2025 07:24;5
CHM-2612122;QRT-53290;FUN-28577;Frigobar com Defeito;Alta;30/08/2024 19:13;30/08/2024 20:48;5
CHM-9719288;QRT-45866;FUN-50800;Ar-condicionado;Baixa;14/01/2025 20:10;15/01/2025 13:52;4
CHM-1112181;QRT-58690;FUN-08486;TV / Controle;Média;12/05/2026 21:03;13/05/2026 05:42;3
CHM-5997081;QRT-88906;FUN-23383;Hidráulica;Baixa;24/04/2026 15:54;25/04/2026 07:20;4
CHM-3059878;QRT-17114;FUN-08486;Hidráulica;Baixa;08/08/2025 14:04;09/08/2025 15:47;2
CHM-5088805;QRT-26237;FUN-67282;Wi-Fi;Média;25.04.25;25.04.25;3
CHM-7305993;QRT-02141;FUN-22027;LIMPEZA EXTRA;Média;2026-02-16;16/02/2026 20:37;1
CHM-9699510;QRT-03659;FUN-57664;TV / Controle;Alta;29/06/2026 11:34;29/06/2026 11:48;4
CHM-5825156;QRT-54953;FUN-74014;Ar-condicionado;Alta;28/11/2025 06:20;28/11/2025 07:02;5
CHM-6360868;QRT-75043;FUN-08486;Wi-Fi;Média;29/06/2026 12:11;29/06/2026 20:55;2
CHM-8356300;QRT-82654;FUN-08109;Ar-condicionado;Média;26.07.25;26.07.25;5
CHM-3634422;QRT-14866;FUN-37715;Limpeza Extra;Média;10/12/2024 20:21;2024-12-11;4
CHM-3598111;QRT-29980;FUN-22027;TV / Controle;Média;28/11/2025 09:34;28/11/2025 16:22;3
CHM-8501663;QRT-03446;FUN-12040;Elétrica;Média;13/07/2024 12:16;13/07/2024 20:30;2
CHM-3597144;QRT-85739;FUN-10947;Ar-condicionado;Média;18/01/2026 21:35;19/01/2026 01:40;4
CHM-0954922;QRT-28485;FUN-71493;Ar-condicionado  ;Média;02.02.25;02/02/2025 10:11;5
CHM-5946955;QRT-70536;FUN-64047;Hidráulica;Média;16/10/2024 07:14;17/10/2024 04:23;1
CHM-7545308;QRT-10817;FUN-96354;Hidráulica;Baixa;2024-10-04;04.10.24;4
CHM-5813222;QRT-73232;FUN-43763;Ar-condicionado;Media;15/05/2026 19:04;2026-05-16;3
CHM-6205702;QRT-41356;FUN-66580;TV / Controle;Média;27/06/2026 11:27;27/06/2026 12:23;4
CHM-4557656;QRT-81819;FUN-13975;Hidráulica;Baixa;11/07/2025 08:16;12.07.25;5
CHM-5582032;QRT-69835;FUN-36473;Wi-Fi;Alta;03/05/2025 13:45;03/05/2025 14:19;5
CHM-7688034;QRT-95776;FUN-92045;wi-fi;BAIXA;18/07/2025 06:42;18/07/2025 16:40;5
CHM-9444874;QRT-85702;FUN-83865;Limpeza Extra;Média;2024-12-05;2024-12-05;5
CHM-4747999;QRT-49331;FUN-08109;Hidráulica;Baixa;31/12/2025 06:33;2026-01-01;3
CHM-0672562;QRT-75780;FUN-15867;Ar-condicionado;Média;01/08/2025 14:31;02/08/2025 07:58;3
CHM-7236211;QRT-48327;FUN-86199;limpeza extra;baixa;10/01/2026 15:18;11/01/2026 08:20;4
CHM-1720027;QRT-43251;FUN-45111;Ar-condicionado  ;Média;2025-06-25;26.06.25;5
CHM-9695160;QRT-66125;FUN-55799;Ar-condicionado;Média;23-07-2024;23/07/2024 15:15;5
CHM-6005550;QRT-85920;FUN-49170;Fechadura Eletrônica;MÉDIA;26/11/2025 12:42;26-11-2025;5
CHM-1494845;QRT-75043;FUN-12576;Elétrica;Média;09/12/2024 19:00;09.12.24;5
CHM-7390449;QRT-63506;FUN-37715;Ar-condicionado;Baixa;30/05/2026 11:34;2026-06-01;3
CHM-0047431;QRT-15355;FUN-49170;Elétrica;Média;22/08/2024 17:29;22/08/2024 23:19;4
CHM-4191074;QRT-13758;FUN-25313;Limpeza Extra;Baixa;28/09/2024 17:31;29/09/2024 09:56;5
CHM-2745067;QRT-26166;FUN-92045;Limpeza Extra;Média;2024-10-19;19/10/2024 19:40;3
CHM-6382892;QRT-57190;FUN-39946;Limpeza Extra;Baixa;24/06/2026 06:54;24/06/2026 12:50;5
CHM-8929911;QRT-98065;FUN-64755;Limpeza Extra;Média;23/12/2025 18:22;23-12-2025;4
CHM-3821865;QRT-92384;FUN-64755;TV / Controle;Alta;17/03/2025 23:52;18/03/2025 01:03;5
CHM-9329929;QRT-96687;FUN-81524;TV / Controle;Baixa;27/07/2025 07:53;28/07/2025 05:23;4
CHM-2966569;QRT-96237;FUN-19473;TV / Controle;Alta;28/07/2024 14:49;28/07/2024 16:26;4
CHM-2807613;QRT-86536;FUN-23361;Wi-Fi  ;Baixa;2025-07-20;21/07/2025 11:27;3
CHM-0058073;QRT-57124;FUN-41540;Ar-condicionado;Alta;27/09/2025 10:54;2025-09-27;3
CHM-9206083;QRT-47802;FUN-34079;Ar-condicionado;P3;17/10/2024 07:05;17/10/2024 15:27;5
CHM-1074451;QRT-03540;FUN-71493;TV / Controle;Alta;02/11/2025 22:23;03/11/2025 06:42;3
CHM-4966869;QRT-98370;FUN-05739;Hidráulica;Média;03/02/2025 08:52;03/02/2025 11:33;3
CHM-0250603;QRT-02862;FUN-86199;Limpeza Extra;Média;2025-02-21;21/02/2025 17:34;5
CHM-2659233;QRT-10397;FUN-19473;Wi-Fi;Media;05-11-2025;05-11-2025;5
CHM-4353150;QRT-26756;FUN-01568;Ar-condicionado;Baixa;08/08/2024 14:54;09/08/2024 02:32;5
CHM-3984707;QRT-12236;FUN-65780;Wi-Fi;Alta;18/03/2026 11:51;18/03/2026 16:52;3
CHM-0720399;QRT-92964;FUN-57664;Wi-Fi;Média;01-12-2025;01/12/2025 19:11;2
CHM-4535835;QRT-31340;FUN-18700;Ar-condicionado;Média;25/05/2026 20:30;26-05-2026;5
CHM-9560940;QRT-37220;FUN-49013;Hidráulica;Média;2024-07-11;12-07-2024;3
CHM-6113279;QRT-78808;FUN-22027;Limpeza Extra;Baixa;26/10/2024 21:19;26/10/2024 23:55;5
CHM-1724573;QRT-62109;FUN-25313;Hidráulica;Baixa;07/06/2025 08:02;07.06.25;4
CHM-0902767;QRT-06335;FUN-48159;TV / Controle;Média;19/10/2025 10:59;19/10/2025 14:44;5
CHM-8781238;QRT-64332;FUN-71493;Limpeza Extra;Alta;27/12/2024 10:36;27/12/2024 11:23;4
CHM-7101754;QRT-81700;FUN-96354;Ar-condicionado;Baixa;17/04/2026 08:30;18/04/2026 00:34;5
CHM-8240348;QRT-42497;FUN-94946;Elétrica;Média;11/08/2024 11:50;11/08/2024 15:28;3
CHM-8832818;QRT-86876;FUN-92311;Elétrica;Alta;10/06/2026 14:01;10-06-2026;4
CHM-2579549;QRT-47168;FUN-92311;Frigobar com Defeito;Média;28-04-2025;28/04/2025 14:50;4
CHM-8905043;QRT-03540;FUN-22607;Limpeza Extra;alta;04/01/2025 08:41;04-01-2025;4
CHM-4728633;QRT-27540;FUN-86194;Eletrica;Baixa;18/10/2025 07:06;2025-10-18;5
CHM-6800093;QRT-78524;FUN-67710;Limpeza Extra;Média;24/04/2025 12:53;25-04-2025;3
CHM-9803985;QRT-83187;FUN-65780;Hidráulica;Média;31/01/2025 17:24;31-01-2025;5
CHM-9520239;QRT-08284;FUN-12576;Elétrica;Baixa;27/04/2026 23:09;2026-04-29;3
CHM-1356153;QRT-24274;FUN-15867;Elétrica;Baixa;2025-09-23;23/09/2025 15:43;4
CHM-7954224;QRT-82431;FUN-37715;Ar-condicionado;Média;28/02/2026 22:52;01.03.26;5
CHM-6639553;QRT-19577;FUN-74014;Fechadura Eletrônica;Média;2025-02-14;14/02/2025 07:43;5
CHM-2505086;QRT-03596;FUN-25313;AR-CONDICIONADO;Média;2025-03-30;2025-03-31;3
CHM-8069280;QRT-99673;FUN-88121;Limpeza Extra;Baixa;10/04/2025 15:47;11-04-2025;5
CHM-4452955;QRT-31930;FUN-86194;Limpeza Extra;Alta;06.09.25;06/09/2025 06:34;4
CHM-4260577;QRT-57763;FUN-69104;Limpeza Extra;Alta;20/07/2025 06:29;20/07/2025 07:00;3
CHM-9116030;QRT-81933;FUN-23286;Ar-condicionado;Alta;31/10/2025 22:05;31/10/2025 23:34;4
CHM-4312767;QRT-90111;FUN-50800;Ar-condicionado;Média;2026-05-18;18/05/2026 23:25;4
CHM-5936903;QRT-62284;FUN-22607;Ar-condicionado;Baixa;2026-06-06;06/06/2026 21:03;5
CHM-7206837;QRT-87593;FUN-67710;Elétrica;Baixa;15.06.26;16/06/2026 02:51;5
CHM-8605415;QRT-03049;FUN-67710;Wi-Fi;Alta;01.03.26;01/03/2026 21:19;3
CHM-2240314;QRT-37672;FUN-05739;Limpeza Extra;Média;06/08/2025 10:29;06/08/2025 23:27;3
CHM-1128875;QRT-51602;FUN-12576;Ar-condicionado;Baixa;07/10/2024 09:38;08-10-2024;3
CHM-5276754;QRT-21167;FUN-92311;Ar-condicionado;Média;21/03/2025 10:29;21/03/2025 23:32;3
CHM-4764115;QRT-13534;FUN-29826;Fechadura Eletrônica;Baixa;15/04/2025 07:02;15/04/2025 23:38;5
CHM-4887769;QRT-39888;FUN-78820;Fechadura Eletrônica;Média;2026-03-11;11/03/2026 11:40;3
CHM-7160922;QRT-68160;FUN-87234;Wi-Fi;Média;20/04/2025 07:08;20/04/2025 08:06;3
CHM-5349224;QRT-53040;FUN-28577;TV / Controle;Média;28/07/2024 12:41;28/07/2024 15:03;3
CHM-2317737;QRT-27540;FUN-19473;Ar-condicionado;Média;22/10/2024 09:53;22.10.24;5
CHM-9253945;QRT-09419;FUN-52793;Ar-condicionado;Alta;08/10/2024 19:48;08.10.24;4
CHM-4132901;QRT-81819;FUN-21094;Limpeza Extra;Média;21-11-2024;21/11/2024 14:14;5
CHM-5414281;QRT-84220;FUN-52793;Ar-condicionado;Média;25.04.25;2025-04-25;4
CHM-3756979;QRT-75030;FUN-65780;Ar-condicionado;Alta;12.04.25;12/04/2025 23:20;3
CHM-9778926;QRT-07215;FUN-57664;Hidráulica;P3;10/06/2025 18:12;12/06/2025 10:49;2
CHM-9937482;QRT-46149;FUN-22027;Elétrica;Média;18.09.25;18/09/2025 11:29;5
CHM-9632155;QRT-25217;FUN-23286;Wi-Fi;Baixa;27-08-2024;28-08-2024;4
CHM-7472519;QRT-77112;FUN-05739;Hidráulica;Baixa;28/01/2025 08:08;28/01/2025 12:53;4
CHM-1138704;QRT-43330;FUN-48683;Hidraulica;Média;15/10/2025 14:34;16/10/2025 04:29;1
CHM-5918932;QRT-26756;FUN-90839;Limpeza Extra;Baixa;28.01.25;28.01.25;4
CHM-0267051;QRT-19577;FUN-12576;Wi-Fi;Alta;09/12/2025 16:22;09/12/2025 17:42;3
CHM-2568538;QRT-66932;FUN-21094;Hidráulica;Baixa;30/10/2024 06:42;30/10/2024 15:03;5
CHM-3058740;QRT-70680;FUN-07814;Wi-Fi;Baixa;05/04/2025 21:19;06/04/2025 10:05;5
CHM-8783895;QRT-31908;FUN-92311;Wi-Fi;Alta;28/12/2024 18:18;28/12/2024 19:19;4
CHM-6471640;QRT-11649;FUN-89330;Ar-condicionado;Baixa;11/05/2026 07:12;12/05/2026 02:23;4
CHM-3500938;QRT-92321;FUN-74014;Limpeza Extra;Baixa;16/11/2024 18:54;2024-11-17;5
CHM-0461532;QRT-80227;FUN-05739;Wi-Fi;Baixa;31/03/2025 23:30;01/04/2025 16:41;5
CHM-0667624;QRT-27540;FUN-86194;Hidráulica;Baixa;21/03/2026 08:27;21/03/2026 18:32;4
CHM-5018988;QRT-69411;FUN-48683;Wi-Fi;Média;18/11/2025 10:14;18/11/2025 13:48;4
CHM-6164893;QRT-37477;FUN-64706;Limpeza Extra;Média;02/05/2025 12:59;02/05/2025 21:26;2
CHM-3676053;QRT-42444;FUN-18700;Wi-Fi;Média;29/06/2025 16:51;29/06/2025 22:17;4
CHM-4358783;QRT-17482;FUN-22607;Fechadura Eletrônica;Baixa;28/05/2025 09:12;29-05-2025;3
CHM-1017936;QRT-54918;FUN-29826;TV / Controle;Alta;06/05/2025 08:51;06/05/2025 09:27;3
CHM-6532753;QRT-01345;FUN-87234;limpeza extra;P3;23/04/2026 17:24;24/04/2026 05:33;5
CHM-8611499;QRT-63506;FUN-10947;Ar-condicionado;Baixa;25/06/2026 10:13;25-06-2026;4
CHM-7840704;QRT-41934;FUN-22027;Fechadura Eletrônica;Alta;25-02-2026;25/02/2026 13:00;4
CHM-4933053;QRT-59560;FUN-09102;TV / Controle;Baixa;23/08/2025 11:04;23-08-2025;5
CHM-0800903;QRT-00593;FUN-09102;TV / Controle;Baixa;27/05/2025 19:30;28/05/2025 03:13;5
CHM-1769974;QRT-75123;FUN-48683;Ar-condicionado;Alta;15/11/2025 14:43;2025-11-15;5
CHM-1986943;QRT-92384;FUN-05739;TV / Controle;Baixa;2025-02-03;03/02/2025 21:06;4
CHM-1017857;QRT-29980;FUN-96106;TV / Controle;Baixa;08-05-2025;2025-05-09;4
CHM-2799155;QRT-09261;FUN-45111;Frigobar com Defeito;Baixa;2025-10-25;27-10-2025;2
CHM-2684634;QRT-37672;FUN-49170;Limpeza Extra;Média;15/04/2026 09:47;15/04/2026 12:00;5
CHM-5817857;QRT-02862;FUN-69104;Fechadura Eletrônica;Média;24/05/2026 15:03;24/05/2026 23:31;2
CHM-0145182;QRT-74766;FUN-01568;Elétrica;alta;11/05/2026 06:21;11.05.26;5
CHM-7302264;QRT-45866;FUN-34873;Fechadura Eletrônica;Média;08-03-2026;09/03/2026 00:23;5
CHM-4884195;QRT-69520;FUN-13975;Ar-condicionado;Média;2024-12-02;03/12/2024 01:58;1
CHM-2540289;QRT-01562;FUN-16922;Wi-Fi;Média;02/06/2025 15:39;02.06.25;5
CHM-8705399;QRT-54953;FUN-39946;Wi-Fi;Alta;02-05-2026;02.05.26;2
CHM-7531523;QRT-42819;FUN-32345;Ar-condicionado;Alta;08/07/2024 08:20;08/07/2024 09:21;4
CHM-8190330;QRT-00087;FUN-08849;Frigobar com Defeito;Média;03/09/2025 15:54;2025-09-04;1
CHM-4805542;QRT-47759;FUN-23361;Fechadura Eletrônica;Baixa;08/11/2025 15:13;10-11-2025;3
CHM-6068565;QRT-02711;FUN-05739;Ar-condicionado;Baixa;14.07.25;15/07/2025 13:12;3
CHM-7153910;QRT-88400;FUN-43763; Hidráulica;Baixa;29/03/2026 18:01;29/03/2026 22:45;4
CHM-7868642;QRT-23373;FUN-08109;Fechadura Eletrônica;P2;04-04-2026;04/04/2026 14:24;4
CHM-6444070;QRT-00699;FUN-57664;Elétrica;Baixa;11/01/2026 07:19;11/01/2026 13:20;5
CHM-9930924;QRT-39746;FUN-52793;Fechadura Eletrônica;Média;06/02/2025 15:18;2025-02-06;5
CHM-0950199;QRT-63869;FUN-50800;Hidráulica;Alta;15/05/2025 20:44;15/05/2025 21:49;4
CHM-8712709;QRT-53914;FUN-67710;ar-condicionado;Alta;2024-12-15;15/12/2024 21:49;5
CHM-0847452;QRT-58808;FUN-04670;Hidráulica;Média;20/02/2026 23:11;21/02/2026 03:09;5
CHM-5044112;QRT-51351;FUN-71493;Elétrica;Média;07/05/2026 11:50;07/05/2026 14:41;5
CHM-6229228;QRT-22178;FUN-16922;Ar-condicionado;baixa;14/09/2025 09:46;14/09/2025 17:21;5
CHM-4142124;QRT-98284;FUN-64755;Wi-Fi;Baixa;17/04/2026 13:20;17.04.26;4
CHM-8442324;QRT-80227;FUN-32345;Elétrica;Alta;20/08/2024 13:54;20/08/2024 16:21;1
CHM-6509426;QRT-90762;FUN-64755;Limpeza Extra;Baixa;10-05-2026;10/05/2026 18:49;5
CHM-7687817;QRT-02141;FUN-05739;Frigobar com Defeito;Alta;24-12-2025;24/12/2025 07:00;5
CHM-3362576;QRT-27723;FUN-52793;Hidráulica;Baixa;09-11-2025;11/11/2025 22:44;1
CHM-2012129;QRT-55013;FUN-35080;Wi-Fi;Média;10/08/2024 09:09;10/08/2024 12:55;4
CHM-8413809;QRT-63609;FUN-81524;Hidráulica;Alta;25/06/2026 07:32;25-06-2026;4
CHM-8488591;QRT-74428;FUN-78820;Limpeza Extra;MÉDIA;04/04/2025 17:56;04/04/2025 20:22;5
CHM-0808173;QRT-02819;FUN-37715;Wi-Fi;Alta;06/09/2024 11:31;06.09.24;3
CHM-9293722;QRT-21677;FUN-08109;Fechadura Eletrônica;Alta;2025-10-27;28-10-2025;5
CHM-2114498;QRT-53290;FUN-12040;TV / Controle;Média;23.08.25;24/08/2025 02:01;4
CHM-8751358;QRT-37477;FUN-15784;Frigobar com Defeito;Média;25/04/2026 15:17;26/04/2026 01:10;3
CHM-2130293;QRT-23373;FUN-08109;Hidráulica;Média;05/11/2024 22:36;06/11/2024 01:26;5
CHM-1467595;QRT-70536;FUN-49013;Ar-condicionado;Média;18/10/2024 14:07;18/10/2024 18:30;5
CHM-3605864;QRT-41338;FUN-64047;Hidráulica;Média;2025-10-01;2025-10-02;3
CHM-5706093;QRT-78217;FUN-47371;Hidráulica;Alta;14/07/2024 18:03;14/07/2024 20:00;5
CHM-5200920;QRT-96972;FUN-37715;Fechadura  Eletrônica;Baixa;09/10/2024 15:13;10/10/2024 03:58;5
CHM-7563748;QRT-81819;FUN-92045;TV / Controle;Média;29/05/2025 13:37;2025-05-29;4
CHM-0065243;QRT-27723;FUN-39946;Fechadura Eletrônica;Alta;05.06.26;05/06/2026 19:20;3
CHM-1228878;QRT-99673;FUN-88121;TV / Controle;Alta;04/04/2026 07:07;04/04/2026 08:05;4
CHM-8484827;QRT-07215;FUN-32345;Limpeza Extra;Média;28/12/2024 14:09;28-12-2024;5
CHM-9714046;QRT-53914;FUN-83865;Elétrica;Baixa;12/03/2026 20:14;13/03/2026;5
CHM-8671755;QRT-26080;FUN-12576;Wi-Fi;Baixa;22/03/2025 22:55;23.03.25;4
CHM-9236904;QRT-30636;FUN-69727;Wi-Fi;Alta;16/06/2025 18:47;16/06/2025 19:42;5
CHM-4075908;QRT-15064;FUN-52793;Hidráulica;Alta;29/12/2025 18:49;29.12.25;3
CHM-5181743;QRT-92321;FUN-37715;Limpeza Extra;Média;03/08/2024 12:31;04/08/2024 00:35;1
CHM-3522163;QRT-37220;FUN-43763;Wi-Fi;Baixa;11/05/2026 23:52;12/05/2026 20:42;5
CHM-4498812;QRT-06780;FUN-52793;Limpeza Extra;Alta;03/02/2025 13:57;03/02/2025 15:45;4
CHM-0704492;QRT-81933;FUN-35080;Hidráulica;Alta;30-03-2026;30/03/2026 15:24;1
CHM-2385903;QRT-45132;FUN-04670;Wi-Fi;P3;09/08/2025 19:18;09-08-2025;5
CHM-5500838;QRT-66101;FUN-71493;Fechadura Eletrônica;Média;13/02/2026 10:04;2026-02-13;5
CHM-4123544;QRT-70661;FUN-82886;Limpeza Extra;Baixa;02/06/2026 11:49;2026-06-02;5
CHM-5574663;QRT-27391;FUN-66580;Limpeza Extra;Baixa;04/01/2026 12:16;04/01/2026 17:15;3
CHM-6473539;QRT-10455;FUN-15784;Elétrica;Baixa;2025-01-18;19/01/2025 07:50;4
CHM-4246646;QRT-92964;FUN-05739;Wi-Fi;Baixa;2025-04-08;09/04/2025 00:26;4
CHM-6860842;QRT-29439;FUN-15784;fechadura eletrônica;Média;03/05/2026 21:01;04.05.26;5
CHM-5826204;QRT-31908;FUN-48159;Ar-condicionado;Baixa;20-05-2025;21/05/2025 13:22;5
CHM-0147325;QRT-46308;FUN-90839;Hidráulica;Média;23/03/2026 12:40;23/03/2026 18:09;5
CHM-8467137;QRT-69520;FUN-70436;Limpeza Extra;Alta;24.02.25;24/02/2025 16:10;5
CHM-0720999;QRT-17820;FUN-87234;Elétrica;Média;08-10-2024;08/10/2024 18:35;4
CHM-7681808;QRT-43251;FUN-66580;Wi-Fi;Baixa;02.12.24;02/12/2024 21:45;5
CHM-2533638;QRT-71194;FUN-50800;Hidráulica;Média;02.07.25;2025-07-03;5
CHM-1826903;QRT-76575;FUN-23286;Wi-Fi;Média;01/03/2025 19:41;02.03.25;4
CHM-6343835;QRT-24929;FUN-50800;Ar-condicionado;Alta;24/06/2025 06:25;24/06/2025 08:57;1
CHM-9631132;QRT-78808;FUN-32345;Wi-Fi;Média;02/05/2025 21:09;02-05-2025;5
CHM-1738175;QRT-61962;FUN-22027;Hidráulica;Média;12/02/2025 18:37;13/02/2025 19:07;2
CHM-9617418;QRT-09785;FUN-81524;Hidráulica;Baixa;27/06/2026 22:07;28/06/2026 23:41;3
CHM-7921857;QRT-63645;FUN-22027;Elétrica;Média;10/04/2026 21:43;11-04-2026;5
CHM-0345807;QRT-14528;FUN-67710;Hidráulica;Média;16/07/2025 10:02;16/07/2025 15:13;5
CHM-9643209;QRT-61719;FUN-22607;Fechadura Eletrônica;Alta;03/09/2025 13:07;03/09/2025 13:15;4
CHM-3490855;QRT-84072;FUN-49170;TV / Controle;Baixa;04.11.25;05/11/2025 06:10;5
CHM-1193216;QRT-77112;FUN-57664;Ar-condicionado;Média;06/09/2025 19:57;06/09/2025 23:36;5
CHM-1472302;QRT-99673;FUN-43763;Wi-Fi;Média;09/04/2025 21:09;10/04/2025 08:33;2
CHM-5949467;QRT-42819;FUN-05739;Fechadura Eletrônica;Baixa;25.03.25;26/03/2025 05:24;4
CHM-3741493;QRT-13534;FUN-34873;Limpeza Extra;Alta;13/08/2025 16:39;13/08/2025 19:20;1
CHM-9091606;QRT-58690;FUN-08486;Hidráulica;Média;07/05/2026 23:46;08.05.26;5
CHM-1350005;QRT-45132;FUN-36473;Ar-condicionado;Alta;2026-06-29;29.06.26;4
CHM-9566294;QRT-39575;FUN-69727;Ar-condicionado;Baixa;12/03/2025 12:01;12-03-2025;5
CHM-2095874;QRT-64556;FUN-23383;Limpeza Extra;Média;24/02/2025 11:03;2025-02-24;5
CHM-8339706;QRT-11654;FUN-47371;Ar-condicionado;Baixa;25/01/2025 19:13;26/01/2025 21:55;3
CHM-1293822;QRT-04414;FUN-71181;TV / Controle;ALTA;03/02/2025 15:01;03/02/2025 16:01;4
CHM-5096306;QRT-51590;FUN-64755;Limpeza Extra;Média;2026-04-13;13-04-2026;3
CHM-5675851;QRT-38689;FUN-12040;Ar-condicionado;Média;22-01-2026;22-01-2026;5
CHM-8910899;QRT-18824;FUN-22607;Hidráulica;Alta;2025-01-21;21/01/2025 22:36;4
CHM-3933144;QRT-26756;FUN-08234;Ar-condicionado;Média;05.12.25;2025-12-05;1
CHM-6253208;QRT-04414;FUN-10947;Elétrica;P2;24/02/2025 08:12;2025-02-24;5
CHM-3585247;QRT-83481;FUN-86194;Hidráulica;Média;20.01.26;2026-01-20;4
CHM-2664061;QRT-69925;FUN-10947;Eletrica;Baixa;27/04/2026 16:01;28/04/2026 00:33;4
CHM-8728255;QRT-20055;FUN-83865;Limpeza Extra;Alta;2026-03-31;31/03/2026 22:04;5
CHM-5613298;QRT-60540;FUN-43763;Wi-Fi;Alta;05-02-2025;05/02/2025 18:50;4
CHM-1316830;QRT-58511;FUN-67710;TV / Controle;Alta;2024-12-31;01/01/2025 01:13;5
CHM-6290288;QRT-24118;FUN-35080;Fechadura Eletrônica;Média;06/03/2025 06:42;06/03/2025 14:08;4
CHM-2971846;QRT-86201;FUN-69727;Wi-Fi;P3;23.11.24;24/11/2024 01:24;5
CHM-9051770;QRT-43677;FUN-08234;TV / Controle;Baixa;12.05.26;12/05/2026 16:02;5
CHM-4594342;QRT-94991;FUN-37715;Ar-condicionado;Baixa;28/10/2025 13:41;28/10/2025 22:01;4
CHM-7542760;QRT-63207;FUN-65780;Elétrica;alta;07-04-2025;07.04.25;5
CHM-8615610;QRT-87613;FUN-52300;Fechadura Eletrônica;Baixa;2026-06-11;12/06/2026 14:56;4
CHM-4548501;QRT-04542;FUN-90839;Ar-condicionado;Média;04/04/2025 19:07;2025-04-05;3
CHM-4158731;QRT-00087;FUN-08849;Frigobar com Defeito;Média;21/11/2025 13:19;21/11/2025 14:40;5
CHM-9757109;QRT-26756;FUN-09102;Fechadura Eletrônica;Média;08/08/2024 14:36;08/08/2024 22:32;4
CHM-3250941;QRT-92954;FUN-03036;Limpeza Extra;Alta;2025-12-20;20/12/2025 19:53;4
CHM-7978100;QRT-23373;FUN-71493;Hidráulica;Média;22/11/2024 17:52;23/11/2024 14:46;3
CHM-5901362;QRT-93908;FUN-50800;Wi-Fi;Alta;23/10/2024 14:18;23.10.24;3
CHM-9243536;QRT-29980;FUN-32345;Wi-Fi;Média;17/10/2025 15:32;18/10/2025 05:31;3
CHM-1937501;QRT-63645;FUN-96106;Ar-condicionado;Média;18/06/2026 11:32;2026-06-18;3
CHM-8572693;QRT-29485;FUN-67710;elétrica;Média;28/10/2025 08:41;28/10/2025 14:19;5
CHM-8410921;QRT-91492;FUN-29826;Ar-condicionado;Alta;09-10-2025;09/10/2025 07:56;4
CHM-8345853;QRT-68507;FUN-64755;Limpeza Extra;Media;03/06/2025 11:20;03.06.25;4
CHM-9301700;QRT-22585;FUN-09102;Wi-Fi;Média;30-01-2026;30.01.26;5
CHM-0953161;QRT-85702;FUN-65780;Fechadura Eletrônica;Alta;19/05/2025 19:21;19/05/2025 21:42;1
CHM-1618483;QRT-02819;FUN-37715;Fechadura Eletrônica;Média;11/01/2025 08:38;11/01/2025 19:44;1
CHM-3271607;QRT-09047;FUN-35080;TV / Controle;Baixa;22/03/2025 10:47;23/03/2025 04:38;3
CHM-0918318;QRT-39575;FUN-69727;Limpeza Extra;Baixa;18/11/2024 11:20;19/11/2024 12:29;1
CHM-2469690;QRT-78115;FUN-67710;Fechadura Eletrônica;P2;27/05/2025 18:06;27/05/2025 21:10;4
CHM-0838886;QRT-37204;FUN-29826;TV / Controle;Baixa;30/05/2025 22:21;01/06/2025 04:38;1
CHM-0712511;QRT-37672;FUN-22027;Limpeza Extra;Média;06/12/2025 16:35;06/12/2025 21:10;5
CHM-2913663;QRT-62109;FUN-71493;Ar-condicionado;Alta;10/09/2024 15:55;10/09/2024 18:24;2
CHM-1901986;QRT-69835;FUN-92311;Frigobar com Defeito;Alta;2025-10-16;16/10/2025 23:35;3
CHM-9658804;QRT-31340;FUN-66580;Ar-condicionado;Média;24/05/2025 12:49;24/05/2025 15:04;5
CHM-7717373;QRT-41263;FUN-29826;Hidráulica;Alta;15/03/2025 07:35;15/03/2025 08:32;4
CHM-8801515;QRT-37204;FUN-50800;Ar-condicionado;Baixa;06/02/2025 23:15;07/02/2025 14:55;3
CHM-4922949;QRT-46748;FUN-08828;TV / Controle;Baixa;2025-07-13;2025-07-13;4
CHM-6215612;QRT-95776;FUN-70436;Elétrica;Média;13/01/2025 16:19;13/01/2025 17:45;4
CHM-0759522;QRT-03930;FUN-08849;Limpeza Extra  ;Média;25/09/2024 17:05;25/09/2024 22:46;4
CHM-2095508;QRT-88654;FUN-36473;Elétrica;Alta;13/03/2026 20:17;13/03/2026 20:56;4
CHM-4925403;QRT-65173;FUN-23383;Elétrica;Baixa;05/03/2026 13:14;05/03/2026 20:29;5
CHM-7216467;QRT-13595;FUN-09324;Ar-condicionado;Baixa;2025-04-08;09/04/2025 15:03;3
CHM-8504588;QRT-62284;FUN-08109;Elétrica;Alta;24-07-2024;24/07/2024 16:10;2
CHM-5843850;QRT-92321;FUN-52793;Elétrica;Alta;13/02/2025 22:59;14.02.25;5
CHM-4847418;QRT-28485;FUN-25313;Ar-condicionado;Média;29/12/2024 10:23;29/12/2024 19:57;2
CHM-8197318;QRT-66307;FUN-52300;Wi-Fi;P3;10/07/2024 07:38;11/07/2024 19:12;3
CHM-6324939;QRT-70680;FUN-52300;Fechadura Eletrônica;Média;08/04/2025 15:24;08.04.25;4
CHM-4346263;QRT-67310;FUN-15784;Fechadura Eletrônica;Média;2025-09-26;26.09.25;5
CHM-4658946;QRT-87466;FUN-08849;Ar-condicionado;Baixa;19/03/2026 16:37;21/03/2026 05:00;1
CHM-3471805;QRT-01562;FUN-86194;Wi-Fi;Baixa;2026-04-18;19/04/2026 21:44;1
CHM-8457565;QRT-29854;FUN-05739;Ar-condicionado;Média;04/07/2024 15:42;04/07/2024 21:39;3
CHM-3975488;QRT-63645;FUN-57664;Elétrica;Média;21/03/2025 07:41;21/03/2025 10:45;4
CHM-8349980;QRT-75043;FUN-52793;Wi-Fi;Média;14-11-2024;15-11-2024;2
CHM-3470591;QRT-37102;FUN-52300;TV / Controle;Média;26/07/2025 23:20;27/07/2025 04:04;5
CHM-9142269;QRT-27574;FUN-89330;Hidráulica;Média;14.03.25;14-03-2025;4
CHM-2364998;QRT-16535;FUN-78820;Ar-condicionado;Media;24/01/2025 14:42;24/01/2025 15:51;4
CHM-3736700;QRT-57124;FUN-69104;Hidráulica;Média;24/04/2026 22:11;25/04/2026 06:18;2
CHM-9290514;QRT-26716;FUN-08234;Fechadura Eletrônica;Alta;08/06/2025 14:49;08/06/2025 15:27;4
CHM-6076344;QRT-60979;FUN-18700;Fechadura Eletrônica;Média;2025-02-17;17.02.25;4
CHM-4060064;QRT-69925;FUN-52793;Hidraulica;Média;19/05/2025 22:17;20/05/2025 02:22;5
CHM-5825511;QRT-35519;FUN-29826;Elétrica;Baixa;15/05/2025 11:43;2025-05-16;3
CHM-8865113;QRT-86201;FUN-48683;Hidráulica;Alta;05.03.25;05.03.25;3
CHM-9816126;QRT-46748;FUN-08828;TV / Controle;Média;19/05/2026 20:18;19.05.26;3
CHM-2148380;QRT-42714;FUN-12040;Hidráulica;Alta;12/09/2024 10:22;12/09/2024 11:16;5
CHM-9442481;QRT-74465;FUN-37715;Ar-condicionado;Alta;02/07/2025 11:14;02/07/2025 11:40;4
CHM-4790498;QRT-96972;FUN-39946;Wi-Fi;Média;03/06/2025 06:29;03/06/2025 18:52;1
CHM-1623304;QRT-11826;FUN-71493;Ar-condicionado;Baixa;2025-04-05;06/04/2025 04:22;5
CHM-1502927;QRT-65055;FUN-19473;Hidráulica;Baixa;08/08/2024 23:41;09/08/2024 03:49;5
CHM-7381642;QRT-70944;FUN-81524;Fechadura Eletrônica;Média;13.06.25;13.06.25;5
CHM-0682819;QRT-47802;FUN-23286;Limpeza Extra;Alta;02/11/2025 10:53;02/11/2025 12:23;4
CHM-6161127;QRT-15710;FUN-22027;TV / Controle;Baixa;23/08/2025 07:56;23.08.25;4
CHM-3477309;QRT-01345;FUN-87234;Elétrica;Média;23/09/2025 07:49;23/09/2025 14:24;5
CHM-9474795;QRT-27574;FUN-76103;Hidráulica;Baixa;02.10.24;03/10/2024 13:36;5
CHM-8481849;QRT-59117;FUN-25313;Wi-Fi;Baixa;07.06.26;07.06.26;5
CHM-1881936;QRT-17114;FUN-10947;Ar-condicionado;P3;18/03/2026 20:37;19/03/2026 01:14;5
CHM-5512698;QRT-41934;FUN-05739;Ar-condicionado;Média;11-02-2025;11/02/2025 17:42;3
CHM-8161164;QRT-31930;FUN-73856;Wi-Fi;Baixa;09/08/2025 23:47;2025-08-10;4
CHM-0013689;QRT-46308;FUN-90839;Limpeza Extra;Média;28-12-2025;28/12/2025 21:10;5
CHM-7096334;QRT-22076;FUN-03036;Wi-Fi;Média;01/04/2026 09:28;2026-04-02;1
CHM-7955153;QRT-15355;FUN-49170;Wi-Fi;Média;02/12/2024 10:20;02/12/2024 15:05;4
CHM-1481289;QRT-17861;FUN-39946;Ar-condicionado;Baixa;10/02/2025 23:33;11.02.25;5
CHM-6293725;QRT-71975;FUN-64706;Limpeza Extra;Baixa;02/07/2024 14:56;02/07/2024 21:29;5
CHM-8818389;QRT-27723;FUN-10947;Fechadura Eletrônica;Média;17/05/2026 08:57;2026-05-17;4
CHM-7872198;QRT-53868;FUN-07814;Wi-Fi;Média;19/09/2025 18:14;19/09/2025 19:48;5
CHM-2020726;QRT-74691;FUN-49170;Limpeza Extra;Baixa;13/04/2026 22:15;14/04/2026 04:53;4
CHM-4836686;QRT-02047;FUN-08828;Ar-condicionado;Baixa;08/08/2025 17:40;09/08/2025 02:12;4
CHM-0628865;QRT-42819;FUN-64755;Wi-Fi;Alta;12/12/2025 13:58;12.12.25;5
CHM-1909031;QRT-23801;FUN-09324;Wi-Fi;Baixa;17.08.24;18/08/2024 12:41;5
CHM-4698009;QRT-59560;FUN-86199;Elétrica;Alta;17/05/2025 17:04;17/05/2025 18:09;5
CHM-3554793;QRT-11218;FUN-23361;TV / Controle;Alta;2025-10-20;20/10/2025 14:49;4
CHM-8877167;QRT-55192;FUN-45111;Limpeza Extra;Alta;31/08/2025 10:41;31-08-2025;3
CHM-1271688;QRT-25217;FUN-13975;Hidráulica;Média;02.02.25;02/02/2025 19:00;5
CHM-6503871;QRT-29802;FUN-67710;Limpeza Extra;BAIXA;2026-05-22;22/05/2026 23:47;5
CHM-5972231;QRT-85188;FUN-29826;Hidráulica;Baixa;21/02/2026 10:01;22/02/2026 14:47;2
CHM-6256537;QRT-24118;FUN-92045;Elétrica;Média;26-05-2026;26/05/2026 11:13;4
CHM-0642943;QRT-60661;FUN-39946;Hidráulica;Alta;17/06/2025 08:28;17/06/2025 10:28;1
CHM-1348488;QRT-66195;FUN-86199;Fechadura Eletrônica;Baixa;2025-01-23;24/01/2025 07:59;4
CHM-0497811;QRT-25571;FUN-88121;Ar-condicionado;Média;06.10.24;06/10/2024 10:06;5
CHM-4060185;QRT-02007;FUN-12576;TV / Controle;alta;2026-02-04;04/02/2026 17:15;5
CHM-2227964;QRT-66307;FUN-07814;Elétrica;Media;01/06/2026 06:17;01/06/2026 11:16;5
CHM-0702117;QRT-49331;FUN-47371;Wi-Fi;Média;24-04-2026;24/04/2026 15:53;3
CHM-1302691;QRT-22585;FUN-82886;Wi-Fi;Alta;19/06/2026 21:29;19/06/2026 22:10;5
CHM-4267029;QRT-06335;FUN-23383;Frigobar com Defeito;MÉDIA;24/10/2025 19:08;24.10.25;5
CHM-8420647;QRT-11654;FUN-08849;Wi-Fi;Média;19/08/2024 20:45;19/08/2024 22:27;5
CHM-6838150;QRT-60661;FUN-52793;Ar-condicionado;Alta;14.04.25;14/04/2025 17:55;4
CHM-8885621;QRT-78217;FUN-08109;Elétrica;Alta;01/11/2025 19:55;01.11.25;3
CHM-9733049;QRT-87654;FUN-25313;Fechadura Eletrônica;Alta;23.10.25;23/10/2025 09:14;5
CHM-3256643;QRT-26716;FUN-08234;Wi-Fi;Baixa;26/08/2025 16:51;27/08/2025 10:19;4
CHM-9473808;QRT-95201;FUN-29826;Limpeza Extra;Alta;06/06/2026 21:24;06/06/2026 23:23;4
CHM-9752939;QRT-25078;FUN-83865;Elétrica;P1;25/02/2026 20:56;25/02/2026 22:33;4
CHM-8488521;QRT-37477;FUN-64047;Hidráulica;Média;26/09/2024 18:35;26/09/2024 20:22;5
CHM-8517200;QRT-43330;FUN-50800;TV / Controle;Baixa;30.01.26;31-01-2026;3
CHM-4108231;QRT-38773;FUN-39946;Hidráulica;Baixa;15/02/2026 09:28;15/02/2026 22:51;4
CHM-9350317;QRT-88906;FUN-36473;Wi-Fi;Baixa;16/10/2025 23:10;2025-10-17;2
CHM-6896716;QRT-47168;FUN-36473;Limpeza Extra;Baixa;05-03-2026;05/03/2026 18:08;4
CHM-2582554;QRT-37477;FUN-64047;Limpeza Extra;Média;24-01-2026;24/01/2026 17:01;5
CHM-2996298;QRT-26080;FUN-52793;Hidráulica;Média;01/01/2025 19:05;02/01/2025 01:12;5
CHM-6726324;QRT-08799;FUN-22027;Ar-condicionado;Baixa;08.03.26;08/03/2026 17:42;5
CHM-0072864;QRT-73974;FUN-81524;Limpeza Extra;Baixa;16/10/2024 20:56;18/10/2024 18:57;2
CHM-6523908;QRT-14624;FUN-15867;Hidráulica;Média;07-07-2024;08/07/2024 01:46;5
CHM-9771713;QRT-03540;FUN-22607;Wi-Fi;Média;09.09.24;10/09/2024 01:22;3
CHM-7792043;QRT-86467;FUN-76103;Elétrica;Média;06/05/2025 09:32;06.05.25;4
CHM-9187935;QRT-12128;FUN-10947;Ar-condicionado;Média;15-01-2025;15/01/2025 17:59;5
CHM-2367695;QRT-00087;FUN-08849;Fechadura Eletrônica;Alta;26/01/2025 09:56;26.01.25;5
CHM-5857795;QRT-92377;FUN-25313;Ar-condicionado;Média;13/09/2024 16:26;14/09/2024 16:47;1
CHM-2753039;QRT-64840;FUN-52793;Wi-Fi;Média;19/09/2025 11:35;19/09/2025 12:11;5
CHM-7299901;QRT-75123;FUN-48683;Hidráulica;Alta;20.07.24;20/07/2024 21:13;4
CHM-4073449;QRT-02711;FUN-49170;Hidráulica;Alta;19/01/2025 23:19;19/01/2025 23:40;4
CHM-3926131;QRT-02007;FUN-74014;Elétrica;Baixa;06/09/2025 14:52;07/09/2025 05:36;4
CHM-5822838;QRT-76454;FUN-70436;Hidráulica;Média;30/09/2025 06:09;30/09/2025 09:15;4
CHM-8063546;QRT-99264;FUN-07814;Limpeza Extra;Media;12.02.26;12/02/2026 22:49;3
CHM-4757403;QRT-99181;FUN-70436;Limpeza Extra;Alta;19/02/2025 06:49;19-02-2025;5
CHM-7231653;QRT-41934;FUN-22027;Ar-condicionado;Alta;2024-12-17;17/12/2024 09:34;5
CHM-1477799;QRT-98065;FUN-32345;Wi-Fi;Alta;16/02/2026 16:58;16.02.26;3
CHM-5157714;QRT-31095;FUN-04670;Ar-condicionado;Média;04/12/2025 23:05;05/12/2025 01:03;4
CHM-9413170;QRT-39312;FUN-08486;Frigobar com Defeito;Média;21/01/2025 19:12;2025-01-21;5
CHM-5981722;QRT-24810;FUN-71181;Elétrica;Média;08/05/2026 11:30;08.05.26;4
CHM-6112969;QRT-93908;FUN-48683;Wi-Fi;Média;11/12/2025 21:59;12/12/2025 04:08;3
CHM-9900944;QRT-87466;FUN-02909;Elétrica;Baixa;07/10/2024 06:45;07/10/2024 18:01;5
CHM-6781363;QRT-28212;FUN-49170;Ar-condicionado;Alta;30.04.26;30/04/2026 09:45;3
CHM-5246923;QRT-27833;FUN-15867;TV / Controle;Baixa;17/09/2025 12:58;18/09/2025 01:26;5
CHM-4545172;QRT-39575;FUN-50800;Elétrica;MÉDIA;30/10/2024 18:24;31/10/2024 00:53;5
CHM-6710232;QRT-53917;FUN-05739;Elétrica;Alta;15/04/2026 20:00;15/04/2026 21:09;5
CHM-3358645;QRT-74690;FUN-48683;Hidráulica;Média;01/05/2026 22:46;02/05/2026 04:26;5
CHM-2040447;QRT-12128;FUN-12576;TV / Controle;Alta;09-05-2026;09/05/2026 12:28;4
CHM-5769099;QRT-02862;FUN-08234;Elétrica;Média;23/01/2025 23:40;24/01/2025 08:39;1
CHM-5178325;QRT-21077;FUN-19473;Ar-condicionado;Média;23/06/2026 23:41;24/06/2026 02:45;5
CHM-6488281;QRT-63506;FUN-37715;Limpeza Extra;Baixa;2025-08-17;18/08/2025 01:41;4
CHM-3316005;QRT-43677;FUN-09324;TV / Controle;Baixa;2024-10-07;08/10/2024 06:29;4
CHM-0853003;QRT-93180;FUN-05739;Hidráulica;Alta;25/03/2026 18:21;2026-03-25;5
CHM-2387655;QRT-98370;FUN-05739;Limpeza Extra;Média;16/07/2025 18:23;16/07/2025 20:45;5
CHM-6825596;QRT-00087;FUN-71493;Elétrica;Alta;16-11-2025;16/11/2025 06:06;5
CHM-9629308;QRT-75780;FUN-29826;Wi-Fi;Média;2025-04-19;19/04/2025 18:41;4
CHM-2676863;QRT-63609;FUN-66580;Hidráulica;Alta;2025-03-30;30/03/2025 22:41;5
CHM-1848187;QRT-53290;FUN-04670;Hidráulica;Alta;19/06/2025 13:01;19/06/2025 14:29;5
CHM-2740181;QRT-47964;FUN-50800;Wi-Fi;Média;14/02/2025 17:05;14-02-2025;5
CHM-6777245;QRT-08799;FUN-57664;Hidráulica;Média;25/04/2026 19:57;26/04/2026 01:54;5
CHM-8111551;QRT-31340;FUN-76103;HIDRÁULICA;Baixa;21-12-2025;22.12.25;3
CHM-7070721;QRT-81700;FUN-28577;Hidráulica;Média;25.07.24;26.07.24;2
CHM-6019814;QRT-03446;FUN-28577;Elétrica;Alta;29/11/2025 18:55;2025-11-29;4
CHM-1797815;QRT-24274;FUN-15867;Fechadura Eletrônica;Baixa;20-01-2025;22/01/2025 05:24;1
CHM-7616062;QRT-58808;FUN-28577;Hidráulica;Baixa;10/04/2025 07:11;11/04/2025 06:53;5
CHM-9624512;QRT-06280;FUN-69727;Ar-condicionado;BAIXA;11/04/2025 21:28;12-04-2025;5
CHM-9200675;QRT-25078;FUN-65780;Fechadura Eletrônica;alta;02/01/2026 07:57;02/01/2026 08:30;5
CHM-4636404;QRT-21167;FUN-36473;Ar-condicionado;Média;13/04/2025 07:30;13/04/2025 10:57;4
CHM-3287085;QRT-88906;FUN-12040;Wi-Fi;Baixa;12/01/2025 14:54;13/01/2025 03:05;5
CHM-0519988;QRT-06780;FUN-37715;Limpeza Extra;baixa;10-02-2025;10/02/2025 23:35;4
CHM-1378506;QRT-24810;FUN-37715;Hidráulica;Média;30/05/2026 09:51;30/05/2026 13:55;5
CHM-5987682;QRT-38689;FUN-92311;Wi-Fi;Alta;27/10/2025 14:46;27.10.25;5
CHM-3532205;QRT-47759;FUN-45111;Fechadura Eletrônica;Média;10/06/2026 18:18;10/06/2026 21:40;4
CHM-6604595;QRT-98042;FUN-65780;Ar-condicionado;Alta;31/07/2024 08:57;31/07/2024 10:05;5
CHM-4848005;QRT-44318;FUN-15867;Ar-condicionado;Média;09/11/2024 12:38;09/11/2024 16:36;4
CHM-2460684;QRT-26237;FUN-67282;Elétrica;Média;03/07/2025 11:31;03/07/2025 16:46;5
CHM-9986267;QRT-33730;FUN-50800;TV / Controle;Alta;23/02/2026 11:27;23/02/2026 12:13;4
CHM-7146495;QRT-42355;FUN-34079;Hidráulica  ;Média;17/11/2024 23:23;18/11/2024 02:18;5
CHM-2640763;QRT-88654;FUN-96354;Frigobar com Defeito;Média;14/09/2025 13:19;14.09.25;5
CHM-2764851;QRT-09419;FUN-39946;Elétrica;Média;30.06.25;30.06.25;3
CHM-3127041;QRT-86712;FUN-69727;Limpeza Extra;Média;04.11.25;04/11/2025 22:30;4
CHM-3631655;QRT-04025;FUN-86194;Elétrica;Alta;17/12/2025 16:04;17/12/2025 17:22;4
CHM-4283638;QRT-24337;FUN-12040;Limpeza Extra;Média;2024-07-29;29.07.24;5
CHM-3906026;QRT-21496;FUN-90839;TV / Controle;Média;22/06/2026 07:38;22/06/2026 11:45;5
CHM-3157146;QRT-28485;FUN-08109;TV / Controle;Média;08/10/2024 22:03;09/10/2024 05:15;4
CHM-6649149;QRT-63506;FUN-37715;Wi-Fi;Baixa;09/11/2024 14:34;10-11-2024;5
CHM-0293280;QRT-26756;FUN-09324;AR-CONDICIONADO;Média;2024-12-30;30.12.24;2
CHM-7950036;QRT-24337;FUN-04670;Wi-Fi;Baixa;17/04/2025 16:25;18/04/2025 00:43;5
CHM-9780871;QRT-51602;FUN-74014;Fechadura Eletrônica;Alta;20.09.24;20/09/2024 18:39;5
CHM-1951250;QRT-24929;FUN-15867;FECHADURA ELETRÔNICA;Média;21/11/2024 21:58;22/11/2024 01:39;3
CHM-0949934;QRT-40975;FUN-22607;Limpeza Extra;Baixa;26.02.25;27/02/2025 06:09;3
CHM-5865166;QRT-34521;FUN-49013;Wi-Fi;Baixa;30.09.25;2025-10-01;5
CHM-2250545;QRT-09261;FUN-45111;Hidráulica;Baixa;28/04/2025 17:22;29/04/2025 15:28;3
CHM-2439011;QRT-40975;FUN-25313;Wi-Fi;Baixa;23/09/2024 09:14;24/09/2024 01:51;3
CHM-4051307;QRT-28645;FUN-41540;Fechadura Eletrônica;Alta;22/04/2025 23:48;23/04/2025 03:26;3
CHM-3800784;QRT-86712;FUN-48683;Ar-condicionado;Baixa;20/04/2026 12:56;21/04/2026 02:01;5
CHM-3678053;QRT-70536;FUN-64047;Limpeza Extra;Média;10.01.25;11/01/2025 00:46;5
CHM-3735133;QRT-03930;FUN-71493;Elétrica;Média;17/05/2026 21:58;18/05/2026 00:51;5
CHM-9366186;QRT-33730;FUN-29826;Hidráulica;Baixa;15/07/2025 15:12;2025-07-16;5
CHM-5770199;QRT-19734;FUN-69104;Limpeza Extra;Baixa;08/11/2025 13:58;08-11-2025;4
CHM-1604462;QRT-78808;FUN-22027;Frigobar com Defeito;Média;15/07/2024 10:51;15.07.24;5
CHM-7036908;QRT-67310;FUN-64706;Ar-condicionado;Baixa;20/01/2025 21:34;21/01/2025 22:11;3
CHM-5812484;QRT-29854;FUN-57664;Hidráulica;Baixa;12/08/2024 08:28;14.08.24;1
CHM-2688603;QRT-74690;FUN-15867;Ar-condicionado;Baixa;03/05/2025 06:41;03/05/2025 18:39;3
CHM-6652648;QRT-17114;FUN-08486;Hidráulica;Média;28/04/2026 14:55;28-04-2026;4
CHM-8356410;QRT-57124;FUN-90839;Fechadura Eletrônica;Baixa;04/05/2025 19:44;05/05/2025 23:44;3
CHM-2215757;QRT-85188;FUN-15867;Limpeza Extra;Média;16/07/2025 20:02;17/07/2025 09:14;3
CHM-9969675;QRT-03930;FUN-08849;Wi-Fi;Média;01-06-2025;2025-06-01;4
CHM-0413744;QRT-75289;FUN-57664;Elétrica;Média;18/01/2025 12:30;18/01/2025 22:10;3
CHM-5359687;QRT-47628;FUN-76103;Elétrica;Média;12-04-2025;2025-04-13;3
CHM-0942999;QRT-95201;FUN-50800;Limpeza Extra;Média;13/08/2024 15:10;13/08/2024 20:44;4
CHM-6383589;QRT-63869;FUN-50800;Ar-condicionado;Alta;26/04/2026 12:57;2026-04-26;2
CHM-7763631;QRT-85367;FUN-39946;Wi-Fi;Média;11/05/2025 10:31;11/05/2025 11:39;5
CHM-6769373;QRT-15710;FUN-64755;Ar-condicionado;Baixa;31.01.25;31.01.25;5
CHM-6353984;QRT-59560;FUN-01568;Wi-Fi  ;Média;17/07/2025 21:59;18/07/2025 01:11;3
CHM-0118032;QRT-46149;FUN-05739;Limpeza Extra;Media;2026-04-05;05/04/2026 13:51;4
CHM-3265873;QRT-85367;FUN-71181;Wi-Fi;Baixa;10.04.26;2026-04-11;5
CHM-7120940;QRT-86959;FUN-01568;Wi-Fi;Média;02-07-2024;03/07/2024 05:46;5
CHM-2888381;QRT-11218;FUN-23361;Wi-Fi;Média;08/11/2024 15:58;08/11/2024 18:41;4
CHM-7923080;QRT-31095;FUN-48159;Ar-condicionado;Baixa;2025-04-13;14/04/2025 04:29;5
CHM-4382127;QRT-89443;FUN-05739;Elétrica;Alta;07.06.25;07-06-2025;5
CHM-2869768;QRT-57763;FUN-90839;Wi-Fi;Média;06/03/2026 11:55;07/03/2026 05:17;3
CHM-9362550;QRT-03540;FUN-22607;Fechadura Eletrônica;Baixa;15/10/2024 14:19;15/10/2024 20:13;5
CHM-4515627;QRT-04414;FUN-37715;Wi-Fi;Média;29/03/2025 23:11;30/03/2025 06:30;4
CHM-1647627;QRT-80765;FUN-86194;Limpeza Extra;Alta;2025-01-06;06/01/2025 09:58;4
CHM-3789561;QRT-99264;FUN-45111;AR-CONDICIONADO;Média;2025-02-14;14/02/2025 16:26;5
CHM-0459461;QRT-49331;FUN-22607;Wi-Fi;Baixa;04/08/2024 15:07;2024-08-05;4
CHM-6168232;QRT-10397;FUN-16922;Frigobar com Defeito;Média;21-06-2025;21/06/2025 22:00;4
CHM-6685275;QRT-70944;FUN-18700;Limpeza Extra;Baixa;25/05/2026 19:43;26/05/2026 10:13;5
CHM-6307169;QRT-72908;FUN-71181;Wi-Fi;Baixa;02/03/2026 07:06;02/03/2026 15:40;5
CHM-6229837;QRT-17495;FUN-15784;Fechadura Eletrônica;Alta;09/04/2025 07:57;09/04/2025 09:13;3
CHM-4599781;QRT-14624;FUN-50800;Fechadura Eletrônica;Média;12/12/2024 17:49;12/12/2024 23:32;3
CHM-4188135;QRT-04443;FUN-86199;Wi-Fi;Baixa;25.03.25;26/03/2025 09:32;5
CHM-7978610;QRT-47964;FUN-69727;Limpeza Extra;Alta;08/06/2025 19:31;2025-06-08;4
CHM-3211155;QRT-27833;FUN-15867;Ar-condicionado;Baixa;2025-11-30;2025-11-30;5
CHM-1882738;QRT-66307;FUN-66580;Ar-condicionado;Baixa;01/06/2025 09:06;02-06-2025;5
CHM-6279805;QRT-27540;FUN-83865;Wi-Fi;Média;18.04.26;2026-04-18;5
CHM-1614348;QRT-31908;FUN-96354;Ar-condicionado;Baixa;15.09.25;15/09/2025 17:06;4
CHM-0038827;QRT-86201;FUN-48683;Hidráulica;Média;21.11.25;2025-11-21;4
CHM-3894342;QRT-45185;FUN-50800;Elétrica;Média;21/12/2025 07:26;21/12/2025 20:43;3
CHM-4921814;QRT-66307;FUN-76103;Fechadura Eletrônica;Baixa;07/02/2025 09:45;08-02-2025;5
CHM-5498122;QRT-13238;FUN-52793;Elétrica;Média;16/01/2025 18:17;16.01.25;5
CHM-2825010;QRT-00452;FUN-22027;Hidráulica;Média;18/12/2024 19:36;19/12/2024 04:21;3
CHM-8243499;QRT-24337;FUN-12040;Fechadura Eletrônica;Baixa;30/03/2025 22:29;2025-03-31;5
CHM-6848926;QRT-37131;FUN-48159;Ar-condicionado;Alta;19/05/2026 10:24;19.05.26;4
CHM-6501885;QRT-91628;FUN-71181;Wi-Fi;Média;15.01.26;16/01/2026 03:08;4
CHM-9860364;QRT-15064;FUN-08486;Hidráulica;Baixa;04/02/2026 10:18;04.02.26;4
CHM-5055089;QRT-84220;FUN-39946;Hidráulica;Alta;08/05/2026 06:59;08/05/2026 08:38;4
CHM-4585496;QRT-66195;FUN-09324;Hidráulica;Média;15.03.26;15-03-2026;4
CHM-3350748;QRT-15355;FUN-96106;Wi-Fi;alta;18/02/2025 16:19;18/02/2025 17:54;5
CHM-0078615;QRT-49496;FUN-02909;Hidráulica;Média;15/05/2025 09:16;16/05/2025 01:31;1
CHM-0530027;QRT-37672;FUN-96106;Wi-Fi;Baixa;27-10-2024;28-10-2024;5
CHM-6854918;QRT-61962;FUN-22027;Wi-Fi;Média;09.12.24;09/12/2024 16:46;5
CHM-7357398;QRT-81045;FUN-57664;Elétrica;Média;11/02/2026 17:16;11/02/2026 20:08;5
CHM-2333553;QRT-16398;FUN-08828;Ar-condicionado;Média;22/02/2025 23:31;23.02.25;1
CHM-4406214;QRT-89443;FUN-57664;Wi-Fi;Média;28-04-2026;28-04-2026;4
CHM-2808545;QRT-92171;FUN-65780;Hidráulica;Alta;29/10/2025 16:55;29/10/2025 17:39;4
CHM-7013255;QRT-68692;FUN-49170;Limpeza Extra;Baixa;2025-10-09;10/10/2025 05:38;5
CHM-1825120;QRT-06335;FUN-12040;Wi-Fi;Baixa;19/04/2026 23:48;2026-04-20;4
CHM-3648746;QRT-00699;FUN-22027;Ar-condicionado;Baixa;24/11/2025 09:10;24/11/2025 18:54;4
CHM-6349512;QRT-34521;FUN-64047;Hidráulica;Media;27/12/2024 13:28;27.12.24;2
CHM-1857349;QRT-66932;FUN-13975;TV / Controle;Baixa;12-10-2024;12/10/2024 21:34;3
CHM-4578559;QRT-20026;FUN-21094;Limpeza Extra;Média;16/06/2025 17:07;16/06/2025 23:19;5
CHM-6388729;QRT-57181;FUN-49170;Ar-condicionado;Média;17/11/2024 10:54;17/11/2024 15:00;3
CHM-4864734;QRT-41356;FUN-07814;Limpeza Extra;Média;02/02/2025 10:23;02.02.25;5
CHM-3756816;QRT-45866;FUN-34873;TV / Controle;Alta;05/11/2024 12:30;05/11/2024 15:35;1
CHM-2537983;QRT-15355;FUN-05739;TV / Controle;Baixa;2025-02-26;26/02/2025 22:37;5
CHM-7886905;QRT-41316;FUN-52300;Wi-Fi;Média;01/05/2026 19:45;02/05/2026 06:39;3
CHM-0173029;QRT-78808;FUN-05739;Elétrica;Baixa;01/04/2026 21:32;03-04-2026;3
CHM-3399780;QRT-38773;FUN-12576;Elétrica;P2;03/08/2025 08:49;03/08/2025 11:00;5
CHM-9621827;QRT-09419;FUN-74014;Ar-condicionado;baixa;05/08/2025 06:37;05/08/2025 19:09;3
CHM-3873816;QRT-29439;FUN-49013;TV / Controle;Baixa;16/01/2026 16:51;19/01/2026 13:58;2
CHM-8296904;QRT-92954;FUN-21094;TV / CONTROLE;Baixa;07/04/2025 08:55;07-04-2025;3
CHM-5692623;QRT-59498;FUN-55799;Elétrica;Média;23/02/2026 21:45;24/02/2026 04:55;5
CHM-4370656;QRT-78380;FUN-76103;Wi-Fi;Média;19-10-2025;19.10.25;3
CHM-6237572;QRT-87613;FUN-23361;Wi-Fi;Baixa;27/03/2025 15:21;28.03.25;5
CHM-0240402;QRT-11218;FUN-81524;Wi-Fi;Baixa;28/02/2025 09:51;01/03/2025 08:07;5
CHM-3432301;QRT-86467;FUN-18700;Ar-condicionado;Media;27-09-2025;28/09/2025 00:57;5
CHM-4256048;QRT-46748;FUN-08828;Ar-condicionado;Alta;04/06/2025 11:11;04.06.25;2
CHM-7808853;QRT-66170;FUN-04670;TV  / Controle;Baixa;04/04/2026 21:47;05/04/2026 12:16;5
CHM-7655588;QRT-68610;FUN-48159;Ar-condicionado;Média;23/09/2024 09:12;23/09/2024 10:10;4
CHM-3953245;QRT-20665;FUN-64706;TV / Controle;Baixa;21/09/2025 11:14;21/09/2025 21:35;4
CHM-3075584;QRT-50393;FUN-92311;Ar-condicionado;Alta;10/10/2025 10:00;10/10/2025 10:21;4
CHM-3191599;QRT-46748;FUN-08828;Wi-Fi;Baixa;20/09/2024 18:48;21/09/2024 01:35;5
CHM-0062610;QRT-03500;FUN-64047;Hidráulica;Alta;25/05/2025 22:25;25/05/2025 23:14;5
CHM-0629072;QRT-46308;FUN-01568;Fechadura Eletrônica;Média;01/04/2025 07:07;01/04/2025 14:22;5
CHM-8967330;QRT-30636;FUN-15867;hidráulica;Média;03/01/2025 14:26;03/01/2025 16:19;5
CHM-8385841;QRT-16851;FUN-73856;Elétrica;MÉDIA;19.11.24;2024-11-19;5
CHM-7565380;QRT-48634;FUN-23383;Limpeza Extra;Baixa;29/10/2024 20:53;30/10/2024 02:13;3
CHM-0966206;QRT-72144;FUN-36473;Frigobar com Defeito;Alta;25-12-2024;25/12/2024 16:22;5
CHM-2640138;QRT-70123;FUN-35080;Wi-Fi;P3;26/12/2025 07:01;27/12/2025 22:27;2
CHM-2536588;QRT-98284;FUN-05739;Elétrica;Média;03/06/2025 10:15;03/06/2025 15:37;4
CHM-0737806;QRT-94756;FUN-69104;Ar-condicionado;Média;21.07.24;21/07/2024 09:58;5
CHM-9619776;QRT-83665;FUN-12576;Hidráulica;Baixa;2025-08-30;31/08/2025 16:43;2
CHM-3347912;QRT-53290;FUN-04670;Elétrica;Baixa;13-05-2025;2025-05-15;3
CHM-6191928;QRT-38773;FUN-52793;Wi-Fi;Média;08/08/2024 12:04;08/08/2024 15:37;5
CHM-8695734;QRT-02711;FUN-96106;Limpeza Extra;Média;10-08-2024;2024-08-11;1
CHM-3044715;QRT-53432;FUN-90839;TV / Controle;Média;11/04/2025 13:04;12/04/2025 04:16;2
CHM-2666134;QRT-09261;FUN-52300;Frigobar com Defeito;Média;13-05-2026;13/05/2026 23:09;5
CHM-6563869;QRT-11142;FUN-13975;Ar-condicionado;Média;03/08/2025 15:52;03/08/2025 18:07;5
CHM-8281758;QRT-63869;FUN-34873;wi-fi;Baixa;19/06/2026 12:57;20/06/2026 13:02;2
CHM-8656382;QRT-19577;FUN-08486;Elétrica;Alta;23/03/2026 10:22;23/03/2026 11:02;3
CHM-4373943;QRT-47802;FUN-70436;AR-CONDICIONADO;Média;09/02/2025 06:09;09/02/2025 08:48;5
CHM-9514143;QRT-75123;FUN-50800;Hidráulica;Alta;03/04/2026 17:53;03/04/2026 18:27;5
CHM-6897486;QRT-53917;FUN-22027;Elétrica;Média;20.10.24;20.10.24;5
CHM-3842918;QRT-84837;FUN-23383;Hidráulica;Média;08/03/2025 23:16;09/03/2025 08:46;3
CHM-7187832;QRT-42714;FUN-96354;Elétrica;Alta;2025-04-12;12-04-2025;4
CHM-8885649;QRT-89068;FUN-39946;Limpeza Extra;Baixa;06/10/2025 12:29;07-10-2025;2
CHM-9076544;QRT-84941;FUN-41540;Hidráulica;Média;21.03.26;22/03/2026 00:22;3
CHM-0445401;QRT-41934;FUN-32345;Limpeza Extra;Média;24/11/2025 12:45;24/11/2025 16:46;4
CHM-8316083;QRT-63869;FUN-48683;Hidráulica;Média;03-01-2026;03.01.26;4
CHM-1932295;QRT-29485;FUN-67710;Frigobar com Defeito;P1;14/01/2026 21:11;14.01.26;4
CHM-9658400;QRT-94756;FUN-09324;Limpeza Extra;Alta;29/12/2025 20:10;29.12.25;1
CHM-4856294;QRT-84972;FUN-18700;Hidráulica;Baixa;11/04/2025 20:46;12/04/2025 05:37;5
CHM-4019895;QRT-52853;FUN-74014;Ar-condicionado;Média;06/10/2025 07:52;06/10/2025 10:14;5
CHM-7517601;QRT-07215;FUN-22027;AR-CONDICIONADO;Alta;16-12-2025;16/12/2025 13:48;4
CHM-9001861;QRT-76445;FUN-03036;Ar-condicionado;Baixa;06/01/2025 22:04;07/01/2025 01:24;4
CHM-2172897;QRT-70944;FUN-45111;Wi-Fi;Média;11.04.26;12-04-2026;3
CHM-5798504;QRT-06113;FUN-13975;Ar-condicionado;Média;07/06/2026 07:50;07/06/2026 09:18;3
CHM-3349733;QRT-26237;FUN-49013;TV / Controle;Baixa;22/05/2025 19:25;23/05/2025 03:17;5
CHM-9259811;QRT-92321;FUN-74014;Wi-Fi;Alta;24/10/2024 08:07;24/10/2024 09:02;5
CHM-2957289;QRT-82787;FUN-07814;Wi-Fi;MÉDIA;04.10.25;04/10/2025 09:59;4
CHM-6593932;QRT-09849;FUN-50800;Wi-Fi;Média;05/11/2024 10:50;05/11/2024 15:57;5
CHM-1397237;QRT-41356;FUN-07814;Ar-condicionado;Alta;19.01.26;19-01-2026;4
CHM-7593797;QRT-94991;FUN-71181;Wi-Fi;Alta;05/01/2025 23:48;06/01/2025 00:18;4
CHM-2544141;QRT-40043;FUN-22027;Frigobar com Defeito;Alta;18.12.25;18/12/2025 14:30;2
CHM-2685073;QRT-66195;FUN-82886;Limpeza Extra;Baixa;19.09.24;20/09/2024 10:42;5
CHM-1051099;QRT-60845;FUN-48683;Ar-condicionado;Baixa;11/08/2024 10:15;12/08/2024 10:33;2
CHM-4700932;QRT-06043;FUN-12576;Fechadura Eletrônica;Media;06/08/2025 08:08;06/08/2025 12:26;4
CHM-1783082;QRT-64260;FUN-90839;Frigobar com Defeito;Média;07/02/2025 18:53;2025-02-08;5
CHM-0801824;QRT-72144;FUN-23383;Ar-condicionado;Média;24/12/2024 20:49;25/12/2024 14:53;3
CHM-5183335;QRT-88906;FUN-23383;Limpeza Extra;Alta;07/10/2024 23:45;2024-10-08;1
CHM-0396810;QRT-25571;FUN-88121;Hidráulica;Alta;30/07/2024 18:41;30/07/2024 20:30;4
CHM-0542834;QRT-27801;FUN-23361;Limpeza Extra  ;Baixa;2026-02-04;04/02/2026 21:13;4
CHM-4569463;QRT-17482;FUN-02909;Wi-Fi;alta;08/04/2026 23:44;09-04-2026;5
CHM-2992568;QRT-76281;FUN-12576;Elétrica;Alta;2024-09-22;22/09/2024 07:39;5
CHM-8153866;QRT-99264;FUN-23361;TV / Controle;Média;2026-01-11;11/01/2026 18:25;5
CHM-5984842;QRT-65055;FUN-67710;Frigobar com Defeito;MÉDIA;23-06-2025;23/06/2025 20:36;4
CHM-0042908;QRT-31908;FUN-12040;Wi-Fi;Baixa;08-02-2025;09/02/2025 22:47;5
CHM-1817579;QRT-27391;FUN-81524;Elétrica;Média;22/07/2025 18:01;23/07/2025 07:51;3
CHM-9634496;QRT-58690;FUN-74014;TV / Controle;Baixa;13/05/2026 07:29;13/05/2026 19:26;3
CHM-2484637;QRT-72078;FUN-32345;Hidráulica;P1;2024-12-21;21/12/2024 11:23;5
CHM-6407702;QRT-59512;FUN-15784;TV / Controle;Média;31/03/2026 12:45;31/03/2026 14:57;5
CHM-3006315;QRT-27833;FUN-48683;Ar-condicionado;Alta;17/09/2025 18:49;17/09/2025 19:09;5
CHM-8451144;QRT-44476;FUN-73856;Elétrica;Baixa;25/03/2025 21:31;26/03/2025 09:43;4
CHM-6699708;QRT-69411;FUN-50800;Ar-condicionado;Média;30-03-2025;30-03-2025;5
CHM-0411983;QRT-92964;FUN-49170;Limpeza Extra;Baixa;19/07/2024 11:13;20.07.24;5
CHM-6233957;QRT-29802;FUN-78820;Limpeza Extra;Média;22.03.25;22/03/2025 21:09;5
CHM-3609550;QRT-25217;FUN-34079;TV / Controle;Baixa;19/03/2025 12:49;20-03-2025;3
CHM-2050308;QRT-09785;FUN-81524;Hidráulica;Alta;10/01/2026 21:57;10-01-2026;4
CHM-7279622;QRT-21677;FUN-02909;Elétrica;Média;10-06-2025;10/06/2025 09:01;5
CHM-4658255;QRT-47964;FUN-29826;Hidráulica;Baixa;12/07/2024 16:35;12.07.24;4
CHM-7910496;QRT-85329;FUN-09102;Ar-condicionado;Baixa;11/10/2024 06:38;11/10/2024 21:53;5
CHM-5442817;QRT-69835;FUN-96354;Ar-condicionado;Média;23/01/2026 06:49;23/01/2026 21:49;1
CHM-6243365;QRT-37204;FUN-69727;Frigobar com Defeito;Média;22/11/2025 21:41;22/11/2025 22:46;4
CHM-8396176;QRT-70123;FUN-08828;TV / Controle;Baixa;26/07/2025 15:10;27/07/2025 08:25;5
CHM-7559919;QRT-03540;FUN-71493;Limpeza Extra;Média;27/02/2025 15:29;27/02/2025 19:34;4
CHM-3171819;QRT-61287;FUN-02909;Ar-condicionado;Baixa;28/06/2025 15:30;29/06/2025 03:00;5
CHM-6260851;QRT-78115;FUN-19473;TV  / Controle;Alta;27/05/2026 16:36;27/05/2026 18:15;5
CHM-5904018;QRT-72908;FUN-39946;Limpeza Extra;Alta;08-04-2026;08/04/2026 21:36;4
CHM-6886980;QRT-03540;FUN-47371;Limpeza Extra;Média;05/07/2025 16:01;05/07/2025 23:46;5
CHM-9286046;QRT-22560;FUN-34873;TV / Controle;Média;03/07/2024 10:22;2024-07-03;2
CHM-4495335;QRT-64840;FUN-52793;Hidráulica;Alta;14/01/2025 07:29;2025-01-14;3
CHM-0401961;QRT-11649;FUN-81524;Hidráulica;Alta;28/11/2025 14:41;28/11/2025 16:32;4
CHM-4310708;QRT-99181;FUN-34079;Wi-Fi;Média;08/04/2026 09:00;08/04/2026 11:25;5
CHM-4082828;QRT-37204;FUN-50800;Wi-Fi;BAIXA;24-02-2025;25/02/2025 02:35;5
CHM-4080248;QRT-76454;FUN-70436;Elétrica;baixa;11/06/2025 18:28;12/06/2025 00:55;4
CHM-4991574;QRT-23373;FUN-25313;Limpeza Extra;Média;18/10/2024 08:08;18/10/2024 11:20;5
CHM-3889303;QRT-81700;FUN-96354;Ar-condicionado;Média;07/11/2024 10:40;07/11/2024 13:53;4
CHM-7763899;QRT-89410;FUN-39946;Limpeza Extra;Média;07/10/2024 14:56;07/10/2024 22:28;5
CHM-8969693;QRT-49331;FUN-08849;Ar-condicionado;Alta;20.07.25;20.07.25;3
CHM-0200537;QRT-02711;FUN-32345;FECHADURA ELETRÔNICA;Baixa;25/05/2025 19:26;25-05-2025;4
CHM-5010196;QRT-10607;FUN-22027;Elétrica;Alta;26/08/2024 12:02;26/08/2024 13:26;5
CHM-4980790;QRT-51590;FUN-22027;Ar-condicionado;Média;17/07/2025 18:52;17/07/2025 22:24;4
CHM-1490277;QRT-41316;FUN-18700;Limpeza Extra;Média;26/12/2024 15:54;27/12/2024 00:20;1
CHM-4987259;QRT-14866;FUN-08486;Wi-Fi;Baixa;31/01/2025 15:03;01/02/2025 10:19;5
CHM-8806914;QRT-47802;FUN-34079;Wi-Fi;Baixa;29/01/2025 07:09;29/01/2025 15:30;3
CHM-9432087;QRT-37204;FUN-15867;Ar-condicionado;Baixa;10.10.24;11-10-2024;5
CHM-1986072;QRT-94991;FUN-39946;Frigobar com Defeito;Média;02/03/2026 10:39;03/03/2026 00:42;2
CHM-9433398;QRT-34396;FUN-71493;Ar-condicionado;P1;18/08/2025 11:47;18/08/2025 12:04;4
CHM-4069177;QRT-29980;FUN-32345;Hidráulica;Média;25/09/2024 13:06;25/09/2024 20:05;3
CHM-9864319;QRT-66602;FUN-12040;Hidráulica;P3;2024-07-27;28/07/2024 01:03;5
CHM-7198760;QRT-40957;FUN-67710;Ar-condicionado;Média;20.10.24;20/10/2024 07:55;4
CHM-0552386;QRT-13595;FUN-90839;Elétrica;Baixa;15/03/2026 10:43;15/03/2026 22:56;4
CHM-9478266;QRT-29980;FUN-05739;Elétrica;Baixa;03/11/2024 17:57;04/11/2024 05:35;5
CHM-7669943;QRT-92955;FUN-23286;Wi-Fi;Baixa;22-04-2026;22.04.26;5
CHM-1816700;QRT-64260;FUN-90839;limpeza extra;Média;21/03/2026 11:13;21-03-2026;5
CHM-0048193;QRT-44425;FUN-13975;Wi-Fi;Média;23/12/2025 21:22;23/12/2025 23:29;5
CHM-6615189;QRT-98233;FUN-09324;Ar-condicionado;Baixa;2024-11-24;25/11/2024 10:03;4
CHM-4044370;QRT-29980;FUN-49170;Wi-Fi;Média;18/08/2024 18:40;18/08/2024 21:48;4
CHM-0748287;QRT-92955;FUN-23286;TV / Controle;Média;2025-07-23;2025-07-24;3
CHM-5381008;QRT-54918;FUN-15867;Wi-Fi;Baixa;20/06/2025 22:07;21/06/2025 18:31;5
CHM-3443417;QRT-09674;FUN-09102;TV / Controle;Alta;17/06/2025 19:19;2025-06-17;3
CHM-7116733;QRT-66083;FUN-08109;Wi-Fi;P2;16/05/2025 23:52;17/05/2025 04:55;3
CHM-7065606;QRT-41934;FUN-64755;Limpeza Extra;Média;07/08/2024 20:02;08/08/2024 14:08;1
CHM-2054508;QRT-04414;FUN-52793;Ar-condicionado;Média;15/09/2025 20:17;16.09.25;4
CHM-2029813;QRT-87654;FUN-47371;TV / Controle;Baixa;23-10-2025;25-10-2025;3
CHM-0740636;QRT-63645;FUN-57664;Hidráulica;Alta;15-05-2026;15/05/2026 11:54;5
CHM-0063352;QRT-56047;FUN-34079;Frigobar com Defeito;Média;03/08/2024 10:20;03/08/2024 15:24;3
CHM-9062505;QRT-72144;FUN-48159;Limpeza Extra;Baixa;24-01-2025;25/01/2025 05:23;5
CHM-9747124;QRT-78217;FUN-71493;Hidráulica;Média;28/06/2025 06:03;28/06/2025 11:30;4
CHM-2505380;QRT-55454;FUN-13975;TV / Controle;Alta;16/04/2026 08:06;16/04/2026 09:06;4
CHM-4405120;QRT-02711;FUN-96106;Ar-condicionado;MÉDIA;29.10.25;29.10.25;1
CHM-7769079;QRT-77112;FUN-32345;TV / Controle;Alta;29/05/2026 12:43;29/05/2026 14:04;4
CHM-4927808;QRT-16535;FUN-83865;Elétrica;Alta;06/08/2025 12:37;06.08.25;4
CHM-3519226;QRT-15710;FUN-64755;Ar-condicionado;Média;06-11-2024;06/11/2024 17:23;4
CHM-1200996;QRT-03446;FUN-23383;Elétrica;Média;19.03.25;19.03.25;4
CHM-9752063;QRT-86959;FUN-01568;Elétrica;Alta;14/07/2024 10:55;14/07/2024 11:34;4
CHM-5081146;QRT-61719;FUN-08109;Ar-condicionado;Baixa;29/12/2024 19:30;30/12/2024 22:20;3
CHM-6451318;QRT-45866;FUN-29826;Ar-condicionado;Média;28.04.25;28/04/2025 13:39;3
CHM-3104058;QRT-86712;FUN-15867;Elétrica;Alta;02.11.25;02/11/2025 15:52;4
CHM-9599056;QRT-67879;FUN-23383;Wi-Fi;Baixa;06/05/2025 13:26;06.05.25;4
CHM-4929030;QRT-11826;FUN-47371;Ar-condicionado;Alta;16/12/2025 16:40;16/12/2025 18:27;5
CHM-5014585;QRT-03049;FUN-65780;Hidráulica;Alta;16/08/2025 17:28;16.08.25;3
CHM-5742539;QRT-26756;FUN-08234;ar-condicionado;Média;30/08/2025 19:24;30/08/2025 21:38;5
CHM-5570604;QRT-11218;FUN-89330;Hidráulica;Média;13/06/2026 11:16;13.06.26;5
CHM-9736142;QRT-46308;FUN-86199;Ar-condicionado;Alta;23/05/2026 07:17;23/05/2026 10:01;3
CHM-1102019;QRT-28212;FUN-64755;Ar-condicionado;Média;02/01/2026 16:03;02/01/2026 18:41;5
CHM-4276609;QRT-83481;FUN-78820;TV / Controle;Média;26/11/2025 11:45;26.11.25;5
CHM-4484043;QRT-73232;FUN-15784;Hidráulica;Alta;22/09/2025 08:43;22/09/2025 11:38;3
CHM-2469794;QRT-49331;FUN-25313;Fechadura Eletrônica;Baixa;23/12/2025 15:38;23.12.25;5
CHM-3782090;QRT-56980;FUN-64755;Limpeza Extra;Alta;21/06/2026 11:18;21/06/2026 12:32;5
CHM-5996767;QRT-59512;FUN-15784;Elétrica;Média;16/09/2025 21:40;17/09/2025 04:19;5
CHM-1021835;QRT-75289;FUN-96106;Wi-Fi;Baixa;24/08/2024 21:59;25.08.24;5
CHM-7988249;QRT-82654;FUN-02909;Frigobar com Defeito;Média;2025-11-08;2025-11-09;3
CHM-5777577;QRT-65099;FUN-47371;TV / Controle;Média;25/12/2025 18:19;25-12-2025;5
CHM-4194241;QRT-22585;FUN-09102;Fechadura Eletrônica;Baixa;16/09/2025 14:01;17-09-2025;5
CHM-0835167;QRT-51483;FUN-23383;Hidráulica;Média;09/03/2025 16:41;09/03/2025 20:00;5
CHM-0895862;QRT-96237;FUN-73856;Hidráulica;Alta;25.08.25;26/08/2025 01:04;4
CHM-3080678;QRT-53040;FUN-36473;Ar-condicionado;Média;30/03/2026 22:37;31/03/2026 04:41;5
CHM-8153439;QRT-10817;FUN-28577;Wi-Fi;Média;2025-09-13;13/09/2025 19:36;5
CHM-3673953;QRT-68160;FUN-34079;Ar-condicionado;baixa;10/06/2026 06:53;10/06/2026 13:32;4
CHM-6450511;QRT-43580;FUN-43763;Hidráulica;Alta;08/01/2025 23:38;09/01/2025 00:01;3
CHM-4012754;QRT-19734;FUN-86199;hidráulica;Média;14/05/2026 08:50;14/05/2026 11:24;4
CHM-4565160;QRT-88284;FUN-73856;Wi-Fi;Média;2026-03-15;16-03-2026;2
CHM-8450976;QRT-64840;FUN-74014;Elétrica;Baixa;14/05/2025 16:39;14.05.25;4
CHM-0506395;QRT-63998;FUN-64047;Elétrica;Baixa;03/05/2026 21:53;05/05/2026 18:30;1
CHM-6887225;QRT-60845;FUN-34873;Hidráulica;MÉDIA;04/10/2025 08:34;05/10/2025 02:09;2
CHM-7415108;QRT-39312;FUN-08486;Wi-Fi;Alta;16/01/2026 22:05;16.01.26;4
CHM-8038913;QRT-84941;FUN-69104;Frigobar com Defeito;Baixa;01/07/2025 23:14;03-07-2025;1
CHM-4992236;QRT-70680;FUN-81524;Frigobar com Defeito;Baixa;03-01-2026;04/01/2026 07:44;5
CHM-4439649;QRT-40043;FUN-05739;Ar-condicionado;Alta;24/08/2024 13:24;24/08/2024 14:13;5
CHM-5117987;QRT-47628;FUN-45111;Wi-Fi;Baixa;06.07.24;06/07/2024 18:26;3
CHM-3937875;QRT-37477;FUN-49013;Elétrica;Alta;31.08.25;31/08/2025 19:24;5
CHM-0656123;QRT-53432;FUN-01568;Wi-Fi;Média;22/02/2025 14:32;22/02/2025 21:07;5
CHM-8841443;QRT-57181;FUN-64755;AR-CONDICIONADO;Média;20/03/2025 17:52;20/03/2025 22:07;4
CHM-9988615;QRT-43330;FUN-69727;elétrica;Média;17-10-2025;2025-10-17;5
CHM-8094878;QRT-69375;FUN-34873;Ar-condicionado;MÉDIA;17/08/2025 12:22;17-08-2025;5
CHM-2379932;QRT-86959;FUN-09102;Elétrica;Média;19.07.24;20/07/2024 00:16;5
CHM-2971964;QRT-84072;FUN-64755;Ar-condicionado;Alta;27/06/2026 16:34;27-06-2026;4
CHM-9651996;QRT-76281;FUN-71181;AR-CONDICIONADO;Média;23-11-2025;2025-11-24;5
CHM-1519005;QRT-54116;FUN-29826;Elétrica;Alta;10/06/2025 16:12;11/06/2025 06:59;3
CHM-0624805;QRT-77305;FUN-48683;FECHADURA ELETRÔNICA;Média;30/09/2025 22:23;01/10/2025 08:39;3
CHM-3783264;QRT-43251;FUN-89330;Ar-condicionado;Média;07/08/2025 23:22;08.08.25;3
CHM-6910066;QRT-72908;FUN-74014;Elétrica;Média;02-10-2024;03-10-2024;5
CHM-2030816;QRT-85702;FUN-19473;Wi-Fi;Baixa;24-12-2025;24/12/2025 16:54;3
CHM-7997039;QRT-45866;FUN-48683;Ar-condicionado;Média;01/02/2025 22:17;01-02-2025;5
CHM-4953371;QRT-37477;FUN-64047;Wi-Fi;Baixa;21-11-2025;22/11/2025 03:57;5
CHM-0313682;QRT-39746;FUN-52793;TV / Controle;alta;2025-02-16;16/02/2025 14:09;5
CHM-8323439;QRT-21496;FUN-94946;Ar-condicionado;baixa;09/06/2026 06:09;2026-06-09;5
CHM-9192204;QRT-46149;FUN-22027;Ar-condicionado;BAIXA;02/06/2025 21:00;2025-06-03;5
CHM-5139970;QRT-10397;FUN-19473;Wi-Fi;Baixa;2024-11-27;28.11.24;5
CHM-9478260;QRT-66170;FUN-23383;Limpeza Extra;baixa;04/05/2025 17:31;04.05.25;5
CHM-1468037;QRT-37672;FUN-05739;Wi-Fi;Média;22/05/2025 06:30;2025-05-22;5
CHM-7167163;QRT-81775;FUN-88121;Wi-Fi;P3;14/03/2026 16:19;2026-03-15;5
CHM-5353590;QRT-12128;FUN-10947;Limpeza Extra;Baixa;2025-06-29;30.06.25;3
CHM-4525540;QRT-22076;FUN-23286;Elétrica;Baixa;11/07/2025 14:57;12/07/2025 00:08;5
CHM-9738591;QRT-04443;FUN-90839;Wi-Fi;Média;31/08/2025 08:40;31/08/2025 20:10;2
CHM-6242967;QRT-37477;FUN-88121;TV / Controle;Baixa;29.12.25;29/12/2025 21:32;4
CHM-6842557;QRT-03596;FUN-47371;Ar-condicionado;Alta;05/05/2025 12:32;05-05-2025;5
CHM-8893087;QRT-21677;FUN-25313;Ar-condicionado;Média;21.08.24;21/08/2024 12:57;4
CHM-9088209;QRT-94862;FUN-29826;Wi-Fi;Média;10/02/2025 13:15;10/02/2025 20:47;3
CHM-6191434;QRT-60845;FUN-69727;Limpeza Extra;Alta;20/04/2026 12:41;2026-04-20;5
CHM-7897135;QRT-81045;FUN-96106;Hidráulica;Baixa;2025-04-18;19.04.25;5
CHM-2480289;QRT-07215;FUN-05739;Elétrica;Baixa;16/01/2026 22:08;18/01/2026 19:42;2
CHM-7060467;QRT-58690;FUN-71181;Ar-condicionado;Média;16/09/2025 08:36;2025-09-16;4
CHM-0418898;QRT-81819;FUN-92045;Limpeza Extra;Alta;29/10/2025 08:28;29/10/2025 11:44;2
CHM-6022076;QRT-09785;FUN-23361;Hidráulica;Baixa;07-09-2024;08/09/2024 14:59;4
CHM-2002149;QRT-78380;FUN-52300;Ar-condicionado;Média;31/12/2025 07:34;31-12-2025;1
CHM-9795515;QRT-73232;FUN-64047;Hidráulica;Média;12/06/2025 08:35;2025-06-12;5
CHM-4428096;QRT-25905;FUN-09324;Elétrica;Alta;28/01/2026 06:16;28/01/2026 08:15;5
CHM-5110174;QRT-75289;FUN-49170;Fechadura Eletrônica;Alta;17/03/2026 12:35;17/03/2026 13:13;5
CHM-8124678;QRT-85739;FUN-39946;Wi-Fi;Baixa;03/03/2025 08:32;05/03/2025 01:07;2
CHM-6046884;QRT-22178;FUN-65780;Hidráulica;Alta;29.09.25;29/09/2025 06:32;5
CHM-6673080;QRT-08549;FUN-09324;Wi-Fi;Media;09/11/2025 08:46;2025-11-10;3
CHM-0050454;QRT-83665;FUN-71181;Limpeza Extra;Baixa;24/07/2025 20:40;25/07/2025 00:18;4
CHM-4980228;QRT-68692;FUN-22027;Ar-condicionado;Média;18/11/2024 12:48;18/11/2024 13:42;3
CHM-0042804;QRT-87613;FUN-45111;Ar-condicionado;Baixa;2024-12-22;22/12/2024 12:49;5
CHM-9488199;QRT-08549;FUN-82886;Wi-Fi;P2;2025-06-03;03.06.25;4
CHM-9234037;QRT-87466;FUN-47371;Limpeza Extra;P2;28/04/2025 23:54;29.04.25;4
CHM-3157773;QRT-47168;FUN-48159;Ar-condicionado;Média;15/08/2025 08:45;15/08/2025 15:31;5
CHM-5633722;QRT-79165;FUN-48683;Hidráulica;Baixa;12/11/2025 10:21;12/11/2025 18:15;5
CHM-9473727;QRT-45866;FUN-69727;Ar-condicionado;Alta;14.08.24;14/08/2024 19:10;5
CHM-4704690;QRT-51590;FUN-32345;Fechadura Eletrônica;Alta;23.03.25;23/03/2025 16:54;5
CHM-0840264;QRT-06043;FUN-71181;Wi-Fi;Média;02-10-2025;03/10/2025 03:21;5
CHM-0485211;QRT-84972;FUN-52300;FECHADURA ELETRÔNICA;Média;23/01/2026 09:05;23/01/2026 14:49;3
CHM-1984710;QRT-78524;FUN-16922;Wi-Fi;Alta;28/09/2025 15:37;28/09/2025 16:36;5
CHM-6589171;QRT-66092;FUN-86199;Ar-condicionado;Baixa;16.04.26;17/04/2026 10:04;5
CHM-2652167;QRT-21496;FUN-09102;Wi-Fi;Alta;24-07-2024;24/07/2024 11:46;5
CHM-5862393;QRT-76445;FUN-23286;TV / Controle;Média;20-01-2026;20/01/2026 22:42;2
CHM-6559855;QRT-74690;FUN-34873;TV / Controle;P1;2025-07-20;2025-07-20;3
CHM-2971644;QRT-10397;FUN-86194;Ar-condicionado;Média;11/04/2025 08:37;11-04-2025;5
CHM-6757362;QRT-00699;FUN-22027;Elétrica;Baixa;06/12/2024 08:39;06/12/2024 15:49;5
CHM-6256096;QRT-11649;FUN-18700;Ar-condicionado;MÉDIA;03.12.24;04/12/2024 01:23;4
CHM-2717996;QRT-81045;FUN-32345;Ar-condicionado;Baixa;02/02/2026 22:52;03/02/2026 10:07;5
CHM-5712909;QRT-84072;FUN-49170;TV / Controle;Média;10.09.24;10/09/2024 18:08;3
CHM-3727841;QRT-37204;FUN-29826;hidráulica;Média;12/09/2024 14:40;12-09-2024;4
CHM-0005895;QRT-65173;FUN-96354;Elétrica;Baixa;21/04/2026 14:52;21/04/2026 19:48;4
CHM-3864902;QRT-94556;FUN-21094;Wi-Fi;Baixa;26/05/2025 07:44;26/05/2025 14:42;3
CHM-0113381;QRT-02862;FUN-09102;Elétrica;P3;28/06/2025 19:46;2025-06-29;4
CHM-2306073;QRT-51483;FUN-04670;Limpeza Extra;Média;2026-06-15;2026-06-16;5
CHM-1162246;QRT-02711;FUN-22027;TV / Controle;Baixa;20.03.26;21/03/2026 16:58;4
CHM-9938412;QRT-57190;FUN-39946;TV / Controle;Média;18/05/2025 21:08;18/05/2025 23:38;5
CHM-9264238;QRT-04414;FUN-10947;Elétrica;Baixa;13/10/2025 15:31;14/10/2025 04:41;4
CHM-1914248;QRT-80765;FUN-86194;Ar-condicionado;Baixa;09/01/2026 15:34;10.01.26;1
CHM-8307522;QRT-49496;FUN-71493;Elétrica;Média;05/03/2025 12:35;05/03/2025 15:08;5
CHM-8409592;QRT-78808;FUN-57664;TV / Controle;Baixa;17.04.25;19/04/2025 10:09;2
CHM-6116919;QRT-59512;FUN-49013;Hidráulica;Média;29/06/2026 15:55;29/06/2026 23:51;5
CHM-8733103;QRT-25217;FUN-92045;Ar-condicionado;Baixa;17.06.26;18/06/2026 00:52;4
CHM-1490576;QRT-13758;FUN-08109; Ar-condicionado;MÉDIA;2025-06-05;05.06.25;2
CHM-4150605;QRT-13534;FUN-34873;TV / Controle;Baixa;05.02.26;05/02/2026 22:57;4
CHM-5487942;QRT-16398;FUN-87234;Elétrica;Média;28.10.24;28/10/2024 08:59;5
CHM-4893916;QRT-00699;FUN-96106;Ar-condicionado;Média;13/09/2024 23:33;14.09.24;5
CHM-3027930;QRT-27391;FUN-23361;WI-FI;Média;07.02.25;07/02/2025 11:08;5
CHM-3410549;QRT-85702;FUN-65780;Hidráulica;Baixa;11/09/2024 08:11;11.09.24;5
CHM-8891855;QRT-63784;FUN-76103;Limpeza Extra;Alta;23/07/2025 11:37;23/07/2025 14:11;3
CHM-5819472;QRT-37220;FUN-67282;Limpeza Extra;Alta;08.05.25;08/05/2025 20:42;5
CHM-5739876;QRT-41316;FUN-66580;Limpeza Extra;Média;31/07/2024 14:39;31/07/2024 17:33;5
CHM-0519340;QRT-23801;FUN-69104;Ar-condicionado;Alta;2026-01-27;28/01/2026 00:22;4
CHM-3263787;QRT-45866;FUN-34873;Hidráulica;P2;25-10-2024;25/10/2024 21:10;2
CHM-5551260;QRT-53040;FUN-28577;Ar-condicionado;Média;24/12/2025 07:28;24/12/2025 09:36;5
CHM-3683307;QRT-58808;FUN-48159;Hidráulica;Alta;2024-08-21;21/08/2024 09:35;4
CHM-6556222;QRT-16851;FUN-16922;Hidráulica;Média;09/03/2025 23:37;10/03/2025 02:22;5
CHM-6921682;QRT-16398;FUN-87234;Ar-condicionado;P3;01.03.26;02/03/2026 07:35;4
CHM-7810451;QRT-76575;FUN-21094;Hidráulica;Media;03/08/2024 18:59;03/08/2024 23:03;4
CHM-4762310;QRT-88400;FUN-43763;Wi-Fi;Baixa;21/04/2026 17:51;22.04.26;5
CHM-1420706;QRT-01798;FUN-29826;Elétrica;Baixa;04/11/2025 22:38;05/11/2025 07:18;5
CHM-5848607;QRT-10607;FUN-22027;Elétrica;Média;25/03/2026 12:33;25-03-2026;4
CHM-5500043;QRT-13238;FUN-37715; TV / Controle;Baixa;2024-11-23;24-11-2024;5
CHM-6840027;QRT-84072;FUN-57664;Hidráulica;Média;02/05/2025 23:51;03/05/2025 10:35;3
CHM-8507525;QRT-27833;FUN-15867;Limpeza Extra;Baixa;2025-12-09;2025-12-09;5
CHM-9666558;QRT-14624;FUN-48683;Hidráulica;Média;10/09/2024 20:18;10/09/2024 21:33;4
CHM-2041986;QRT-87654;FUN-25313;Ar-condicionado;Média;02/06/2026 09:20;2026-06-02;4
CHM-9289294;QRT-83689;FUN-05739;Wi-Fi;Média;11/09/2025 23:11;12/09/2025 08:36;3
CHM-6949288;QRT-88939;FUN-37715;TV / Controle;Média;2025-05-04;04/05/2025 22:31;4
CHM-2551738;QRT-92964;FUN-64755;Ar-condicionado;Média;23/12/2024 16:23;2024-12-23;5
CHM-0765152;QRT-40975;FUN-02909;TV / Controle;Média;14/11/2024 21:38;15.11.24;5
CHM-9688611;QRT-54375;FUN-66580;Hidráulica;Baixa;07/01/2025 17:42;08/01/2025 05:15;5
CHM-7169979;QRT-96237;FUN-16922;Limpeza Extra;Baixa;22/09/2024 06:40;22/09/2024 13:20;4
CHM-0168938;QRT-16851;FUN-65780;Ar-condicionado;Média;20-01-2025;20/01/2025 19:15;5
CHM-1885967;QRT-51351;FUN-47371;TV / Controle;Média;15/06/2025 18:37;15.06.25;4
CHM-0268405;QRT-78115;FUN-78820;TV / Controle;Baixa;28.04.25;28/04/2025 21:31;5
CHM-6715239;QRT-31340;FUN-45111;Wi-Fi;Baixa;01/06/2026 20:53;04/06/2026 18:09;3
CHM-8980811;QRT-31095;FUN-48159;Elétrica;Média;03/10/2024 22:09;04-10-2024;4
CHM-7136420;QRT-98042;FUN-86194;Ar-condicionado;BAIXA;01/02/2026 11:55;03.02.26;1
CHM-5102825;QRT-66170;FUN-12040;Limpeza Extra;P2;01/01/2025 06:55;01/01/2025 08:53;4
CHM-1298461;QRT-06043;FUN-37715;Ar-condicionado;Media;08/06/2025 15:50;08/06/2025 18:29;5
CHM-5353286;QRT-23801;FUN-94946;Limpeza Extra;Alta;18/08/2025 08:14;18/08/2025 08:44;5
CHM-8535228;QRT-70680;FUN-76103;Wi-Fi;Média;03/01/2025 19:52;03/01/2025 22:17;3
CHM-0894780;QRT-33730;FUN-48683;Hidráulica;P1;13-01-2025;2025-01-13;1
CHM-9749771;QRT-26080;FUN-74014;Frigobar com Defeito;Baixa;31-10-2024;01-11-2024;4
CHM-9561434;QRT-81933;FUN-34079;Hidráulica;Média;13/06/2026 15:14;13/06/2026 16:27;4
CHM-2167609;QRT-02055;FUN-71181;Wi-Fi;Média;04/02/2025 12:40;04/02/2025 14:58;4
CHM-0966081;QRT-75121;FUN-50800;Hidráulica;Média;09/08/2024 14:48;09/08/2024 15:33;5
CHM-5069082;QRT-20026;FUN-13975;Limpeza Extra;Média;19/03/2026 14:17;19/03/2026 18:09;5
CHM-6425037;QRT-59560;FUN-69104;Hidráulica;Média;24.05.25;24/05/2025 21:09;5
CHM-0300813;QRT-27540;FUN-73856;Wi-Fi;Média;02/07/2024 18:43;02-07-2024;5
CHM-4979292;QRT-99814;FUN-19473;TV / Controle;Alta;29/03/2025 11:40;29/03/2025 14:24;1
CHM-3927942;QRT-64840;FUN-74014;Ar-condicionado;alta;08/04/2025 18:17;08/04/2025 18:48;5
CHM-4872838;QRT-80800;FUN-15784;Limpeza Extra;Alta;05/07/2025 18:30;05/07/2025 19:48;4
CHM-1274356;QRT-92377;FUN-22607;Limpeza Extra;Média;26/03/2026 19:33;26.03.26;5
CHM-0374060;QRT-08549;FUN-09102;Elétrica;Alta;11/09/2025 20:45;2025-09-11;1
CHM-6284541;QRT-91810;FUN-08234;Ar-condicionado;Baixa;29/06/2025 18:10;29/06/2025 22:01;5
CHM-3759596;QRT-86201;FUN-69727;Ar-condicionado;Baixa;2026-05-12;12/05/2026 14:23;5
CHM-7517811;QRT-58808;FUN-92311;Limpeza Extra;Média;17/06/2025 14:24;18/06/2025 09:29;1
CHM-0726360;QRT-01287;FUN-02909;Elétrica;P1;14/12/2025 07:36;14/12/2025 08:19;4
CHM-2147905;QRT-46149;FUN-57664;Elétrica;Baixa;15/01/2026 18:36;15/01/2026 23:04;5
CHM-8957216;QRT-25905;FUN-41540;Wi-Fi;Baixa;04/06/2026 23:15;05/06/2026 15:04;3
CHM-5650839;QRT-29802;FUN-67710;Ar-condicionado;Média;20/10/2024 12:20;21/10/2024 01:03;1
CHM-1510345;QRT-71975;FUN-15784;Fechadura Eletrônica;ALTA;01-03-2026;02/03/2026 00:38;5
CHM-1439664;QRT-44425;FUN-03036;Ar-condicionado;Média;31/08/2025 14:01;31/08/2025 19:22;5
CHM-4052853;QRT-37672;FUN-64755;Limpeza Extra;Baixa;13/03/2026 11:18;13/03/2026 17:14;4
CHM-0120848;QRT-41316;FUN-18700;TV / Controle;Alta;07/02/2025 20:07;07/02/2025 21:44;4
CHM-8922174;QRT-17495;FUN-43763;Fechadura Eletrônica;Alta;05/06/2026 17:51;05/06/2026 18:32;4
CHM-3268294;QRT-95201;FUN-69727;Limpeza Extra;Alta;21/07/2024 18:19;21-07-2024;3
CHM-5807690;QRT-41356;FUN-07814;Ar-condicionado;Média;15/03/2026 13:35;15/03/2026 14:51;5
CHM-6338462;QRT-25571;FUN-15784;Elétrica;Alta;08/01/2026 09:11;08/01/2026 09:56;4
CHM-3248426;QRT-77112;FUN-96106;Elétrica;Baixa;2026-04-27;27/04/2026 11:38;4
CHM-7567164;QRT-73451;FUN-15867;Ar-condicionado;Alta;04.09.25;04/09/2025 13:45;4
CHM-1687987;QRT-70536;FUN-64706;Wi-Fi;Média;05.03.26;2026-03-06;4
CHM-4997668;QRT-87466;FUN-71493;Elétrica;Baixa;12/11/2025 23:56;14/11/2025 07:37;2
CHM-5263620;QRT-70536;FUN-15784;Hidráulica;Média;22-03-2026;22/03/2026 18:13;5
CHM-3922598;QRT-40043;FUN-96106;Ar-condicionado;Média;26.01.26;26/01/2026 17:53;4
CHM-6549150;QRT-62109;FUN-08849;TV / Controle;Baixa;27/06/2026 23:06;2026-06-28;5
CHM-2110279;QRT-25571;FUN-64706;Frigobar com Defeito;Baixa;2025-11-16;2025-11-16;3
CHM-2335599;QRT-33730;FUN-50800;TV / Controle;Média;06/07/2025 20:09;06-07-2025;4
CHM-0300500;QRT-83689;FUN-96106;Elétrica;Baixa;21/01/2026 23:32;23-01-2026;3
CHM-4800422;QRT-02141;FUN-05739;Elétrica;Alta;24/11/2024 12:21;24/11/2024 12:49;4
CHM-3327721;QRT-09674;FUN-69104;TV / Controle;Média;15/12/2024 18:54;16/12/2024 10:25;1
CHM-6942053;QRT-95923;FUN-15867;Frigobar com Defeito;Média;02/06/2026 14:12;2026-06-02;5
CHM-1647238;QRT-83665;FUN-10947;Ar-condicionado;Média;03/11/2024 21:36;04.11.24;3
CHM-7265597;QRT-72107;FUN-52793;Wi-Fi;Média;14/12/2024 13:41;14-12-2024;4
CHM-9611809;QRT-46308;FUN-69104;Ar-condicionado;Baixa;26/04/2026 17:16;26/04/2026 20:10;3
CHM-4245700;QRT-47759;FUN-52300;Ar-condicionado;Média;27/01/2026 13:13;27.01.26;5
CHM-5571699;QRT-69925;FUN-52793;Fechadura Eletrônica;Baixa;12/07/2025 17:58;12/07/2025 23:53;5
CHM-8435951;QRT-92321;FUN-37715;Wi-Fi;Baixa;28/11/2025 12:24;29/11/2025 02:16;5
CHM-8683136;QRT-43677;FUN-86199;Limpeza Extra;alta;28/08/2024 16:35;28/08/2024 18:43;1
CHM-3495411;QRT-00087;FUN-71493;Hidráulica;Média;02/05/2025 15:55;2025-05-02;5
CHM-4200206;QRT-50393;FUN-92311;Ar-condicionado;Média;16-05-2025;2025-05-17;4
CHM-9130441;QRT-59117;FUN-22607;Hidráulica;Média;20/03/2026 14:41;20.03.26;5
CHM-5188117;QRT-13326;FUN-32345;Elétrica;Média;04/08/2025 08:57;05/08/2025 08:32;3
CHM-9242500;QRT-49389;FUN-92045;Limpeza Extra;P3;15/07/2024 08:59;16/07/2024 15:43;1
CHM-9140925;QRT-16068;FUN-22607;Wi-Fi;Baixa;18/12/2024 08:52;2024-12-18;5
CHM-4969508;QRT-89068;FUN-12576;Elétrica;Média;2025-04-25;25/04/2025 23:09;2
CHM-7029605;QRT-92964;FUN-64755;Wi-Fi;Alta;19/08/2024 13:40;19/08/2024 14:45;4
CHM-8809538;QRT-82787;FUN-07814;Hidráulica;Média;28/01/2025 06:47;28/01/2025 11:47;5
CHM-6856262;QRT-02711;FUN-96106;Ar-condicionado;Alta;28/02/2026 20:25;28.02.26;3
CHM-5528678;QRT-69925;FUN-52793;Hidráulica;Alta;22/01/2025 17:56;22/01/2025 20:17;3
CHM-6988121;QRT-60845;FUN-34873;Limpeza Extra;Média;25/09/2025 08:52;25/09/2025 10:11;4
CHM-1455404;QRT-62284;FUN-02909;Ar-condicionado;Média;21/07/2024 07:55;21-07-2024;3
CHM-4661979;QRT-95923;FUN-29826;Elétrica;Média;2026-03-28;28/03/2026 13:00;5
CHM-2020488;QRT-53040;FUN-36473;Ar-condicionado;Média;21.02.25;21/02/2025 15:12;3
CHM-1871370;QRT-74690;FUN-50800;Wi-Fi;Alta;17/10/2025 20:01;18/10/2025 00:59;1
CHM-3037330;QRT-60540;FUN-15784;Limpeza Extra;Alta;09.11.24;09-11-2024;4
CHM-4262739;QRT-45132;FUN-96354;Limpeza Extra;Alta;22/05/2026 10:48;22/05/2026 11:53;4
CHM-9872391;QRT-19734;FUN-90839;Hidráulica;Alta;17/12/2024 12:04;17/12/2024 12:30;5
CHM-1590333;QRT-01798;FUN-34873;Limpeza Extra;Média;19/01/2026 08:29;19/01/2026 11:07;5
CHM-9095950;QRT-66170;FUN-36473;Wi-Fi;Média;08/03/2025 19:01;08/03/2025 21:22;5
CHM-4487347;QRT-15710;FUN-64755;Ar-condicionado;Baixa;26-10-2024;27/10/2024 02:00;5
CHM-2506276;QRT-09047;FUN-92045;Limpeza Extra;Baixa;26/10/2024 13:51;2024-10-26;4
CHM-1939226;QRT-03446;FUN-96354;Ar-condicionado;Média;13-01-2026;13/01/2026 16:20;5
CHM-9205002;QRT-45866;FUN-34873;Elétrica;Média;15/04/2025 06:29;15/04/2025 10:05;5
CHM-1139134;QRT-64840;FUN-71181;LIMPEZA EXTRA;Baixa;18/08/2024 14:31;18/08/2024 23:42;5
CHM-9131710;QRT-00087;FUN-47371;Limpeza Extra;Média;17/06/2026 08:28;17/06/2026 09:03;5
CHM-7456330;QRT-09419;FUN-74014;Elétrica;Média;08/08/2024 07:46;08/08/2024 11:01;5
CHM-5416094;QRT-26166;FUN-35080;Elétrica  ;Média;30/03/2025 18:26;30/03/2025 22:06;5
CHM-2788621;QRT-68507;FUN-05739;Fechadura Eletrônica;Alta;2025-02-04;2025-02-04;4
CHM-2183262;QRT-64332;FUN-47371;Frigobar com Defeito;Baixa;19/07/2024 17:30;20-07-2024;5
CHM-5682010;QRT-43677;FUN-69104;Wi-Fi;Média;27/03/2025 23:52;28/03/2025 16:42;1
CHM-0751056;QRT-49331;FUN-71493;Elétrica;Alta;26/07/2024 16:03;26/07/2024 16:41;5
CHM-6970001;QRT-26354;FUN-94946;Limpeza Extra;Média;26/04/2026 13:36;26/04/2026 16:49;5
CHM-3196725;QRT-01562;FUN-16922;TV / Controle;Baixa;15/09/2025 09:05;16/09/2025 19:15;2
CHM-6593813;QRT-94991;FUN-10947;Ar-condicionado;Média;31/07/2025 09:43;31/07/2025 12:32;3
CHM-9854128;QRT-26237;FUN-49013;Wi-Fi;Baixa;09/09/2024 14:32;10/09/2024 01:03;5
CHM-9271349;QRT-68160;FUN-21094;WI-FI;Baixa;23/12/2025 17:31;23/12/2025 19:23;4
CHM-8339920;QRT-85920;FUN-49170;Limpeza Extra;Baixa;15/01/2026 12:05;15/01/2026 20:22;4
CHM-0800649;QRT-50555;FUN-13975;Limpeza Extra;Média;02/06/2025 09:28;02/06/2025 15:31;5
CHM-8778690;QRT-31340;FUN-18700;Ar-condicionado;Média;20/02/2025 21:03;21/02/2025 11:48;1
CHM-4123814;QRT-80765;FUN-65780;Fechadura Eletrônica;Média;06/04/2025 20:17;06/04/2025 22:56;5
CHM-2845976;QRT-84837;FUN-48159;Wi-Fi;Média;20/10/2024 08:23;20/10/2024 10:40;4
CHM-8601795;QRT-63784;FUN-89330;Hidráulica;Alta;24/04/2025 09:41;24/04/2025 10:46;5
CHM-3486433;QRT-53868;FUN-23361;Elétrica;Alta;04/05/2025 07:21;04/05/2025 08:21;5
CHM-6798930;QRT-53914;FUN-19473;Wi-Fi;Média;17.04.26;17/04/2026 13:29;5
CHM-3040289;QRT-06335;FUN-92311;Ar-condicionado;Baixa;21/12/2024 19:04;22.12.24;5
CHM-4486645;QRT-54918;FUN-69727;Hidráulica;Média;14.10.24;15/10/2024 12:42;2
CHM-0671419;QRT-78380;FUN-23361;Elétrica;Média;28/09/2024 21:38;2024-09-29;5
CHM-9431763;QRT-03659;FUN-96106;Ar-condicionado;Média;09/07/2025 09:35;09/07/2025 16:45;5
CHM-3068454;QRT-06043;FUN-12576;Wi-Fi;Baixa;28/11/2025 17:54;2025-11-29;1
CHM-5423089;QRT-88400;FUN-49013;Limpeza Extra;Baixa;09/05/2026 07:25;10/05/2026 22:42;2
CHM-4495395;QRT-26716;FUN-09102;Frigobar com Defeito;Média;25/12/2025 15:23;25/12/2025 21:39;4
CHM-0730822;QRT-06335;FUN-48159; Hidráulica;Média;22/04/2025 15:07;22-04-2025;5
CHM-2744866;QRT-91810;FUN-09102;Limpeza Extra;Alta;04/04/2025 19:25;04/04/2025 21:43;3
CHM-9591294;QRT-57181;FUN-96106;Fechadura Eletrônica;Baixa;12.05.26;15/05/2026 01:44;2
CHM-2347482;QRT-85739;FUN-71181;Wi-Fi;Alta;2024-11-14;14/11/2024 16:11;5
CHM-7032360;QRT-26354;FUN-09102;Ar-condicionado;Média;18/06/2026 11:17;2026-06-18;4
CHM-0990614;QRT-31042;FUN-08849;Fechadura Eletrônica;Alta;29/05/2026 21:19;29-05-2026;5
CHM-4581019;QRT-22178;FUN-73856;TV / Controle;Alta;13/07/2024 23:24;14/07/2024 00:50;4
CHM-8356982;QRT-70123;FUN-92045;Ar-condicionado;Baixa;05/03/2025 06:34;06/03/2025 02:44;4
CHM-0330270;QRT-53040;FUN-36473;Wi-Fi;Média;19/08/2024 07:56;19/08/2024 10:09;5
CHM-1667311;QRT-83424;FUN-08109;Wi-Fi;Média;05/08/2025 07:48;05-08-2025;3
CHM-9737328;QRT-13238;FUN-71181;Elétrica;Alta;2025-06-16;2025-06-16;3
CHM-5488723;QRT-86201;FUN-15867;Ar-condicionado;Baixa;07/03/2026 11:49;07/03/2026 19:31;5
CHM-8444980;QRT-06043;FUN-12576;Limpeza Extra;Alta;17/02/2026 13:51;2026-02-17;3
CHM-5328180;QRT-26539;FUN-23383;Ar-condicionado;Baixa;24/04/2026 08:24;24-04-2026;4
CHM-5467915;QRT-89443;FUN-64755;TV / Controle;Baixa;10/11/2025 19:32;2025-11-11;5
CHM-5430359;QRT-06043;FUN-10947;Elétrica;Média;2024-12-01;01/12/2024 13:02;5
CHM-2185153;QRT-81700;FUN-36473;Limpeza Extra;Alta;16/05/2025 15:14;16/05/2025 16:22;5
CHM-2232705;QRT-41934;FUN-64755;Ar-condicionado;Média;04/09/2025 11:56;2025-09-04;4
CHM-8346606;QRT-51483;FUN-28577;Fechadura Eletrônica;Baixa;12.08.24;13/08/2024 04:04;4
CHM-4158006;QRT-86959;FUN-41540;Ar-condicionado;Média;22.09.25;22/09/2025 21:31;4
CHM-1693924;QRT-29854;FUN-22027;Elétrica;Baixa;2025-10-15;15-10-2025;3
CHM-0825771;QRT-66932;FUN-34079;Hidráulica;Média;09/04/2026 07:10;09/04/2026 10:44;5
CHM-6785860;QRT-31930;FUN-19473;Limpeza Extra;Baixa;26/03/2026 15:54;27/03/2026 11:32;4
CHM-3944726;QRT-39575;FUN-50800;Wi-Fi;Baixa;08/11/2024 08:26;2024-11-09;3
CHM-2876406;QRT-66083;FUN-08109;Ar-condicionado;baixa;2026-06-03;04-06-2026;1
CHM-9268889;QRT-24929;FUN-34873;TV / Controle;Alta;11/09/2024 14:34;11/09/2024 15:05;4
CHM-7142095;QRT-02819;FUN-12576;TV / Controle;Média;12/04/2025 11:27;12/04/2025 12:49;4
CHM-4241917;QRT-72078;FUN-96106;Limpeza Extra;Alta;27-02-2025;27.02.25;4
CHM-4871649;QRT-02141;FUN-05739;TV / Controle;Baixa;28.05.26;28.05.26;4
CHM-8506759;QRT-59498;FUN-92045;Wi-Fi;Alta;19/07/2025 12:05;19-07-2025;5
CHM-2747344;QRT-44318;FUN-50800;Ar-condicionado;P3;19/12/2024 14:21;19/12/2024 20:50;5
CHM-3015075;QRT-66602;FUN-96354;Ar-condicionado;Média;2025-04-25;2025-04-25;4
CHM-3500920;QRT-47802;FUN-87234;TV / Controle;Média;17/11/2024 23:42;18/11/2024 16:58;2
CHM-7948274;QRT-38783;FUN-50800;Limpeza Extra;Média;2025-07-02;02/07/2025 07:36;4
CHM-8607079;QRT-81775;FUN-49013;Ar-condicionado;Baixa;27/03/2026 18:40;28/03/2026 08:19;3
CHM-7533322;QRT-25905;FUN-90839;Limpeza Extra;Baixa;24/10/2024 13:22;24/10/2024 20:33;3
CHM-1764560;QRT-37131;FUN-04670;Limpeza Extra;Média;18/01/2026 07:32;2026-01-18;5
CHM-6257092;QRT-41934;FUN-32345;Limpeza Extra;Baixa;17/06/2025 06:48;19/06/2025 04:06;1
CHM-8733657;QRT-84220;FUN-39946;Hidráulica;Baixa;03/01/2026 09:41;03/01/2026 18:26;3
CHM-9055981;QRT-14528;FUN-16922;AR-CONDICIONADO;Alta;17.03.25;17/03/2025 19:27;5
CHM-1125696;QRT-95201;FUN-15867;TV / Controle;Média;2025-06-30;30.06.25;4
CHM-7132727;QRT-47964;FUN-29826;ar-condicionado;ALTA;13/05/2025 09:27;13.05.25;5
CHM-1325610;QRT-06280;FUN-50800;Limpeza Extra;Média;10/10/2024 08:35;10/10/2024 09:57;5
CHM-8233083;QRT-62284;FUN-08109;Ar-condicionado;MÉDIA;19/12/2024 12:51;20/12/2024 00:46;2
CHM-3145302;QRT-41934;FUN-57664;Ar-condicionado;Média;28/11/2025 23:30;29/11/2025 02:00;4
CHM-6478892;QRT-42714;FUN-12040;Hidráulica;Alta;28-11-2024;28/11/2024 23:02;5
CHM-2549565;QRT-25571;FUN-88121;Hidráulica;Média;17/08/2025 07:06;17/08/2025 10:17;4
CHM-0595447;QRT-07517;FUN-08849;Ar-condicionado;Baixa;31.05.25;01/06/2025 05:27;5
CHM-9566533;QRT-94862;FUN-69727;Elétrica;Baixa;12/11/2024 06:06;2024-11-12;3
CHM-5300864;QRT-93180;FUN-49170;Ar-condicionado;Média;13/02/2025 10:05;13/02/2025 16:04;3
CHM-6834695;QRT-11607;FUN-28577;Fechadura Eletrônica;Alta;13/02/2026 09:42;13/02/2026 11:05;3
CHM-1268971;QRT-57208;FUN-74014;Hidráulica;Média;25/01/2026 08:11;25/01/2026 11:03;5
CHM-0757581;QRT-38783;FUN-69727;Elétrica;Baixa;23-02-2026;23/02/2026 22:05;5
CHM-6171812;QRT-72363;FUN-57664;LIMPEZA EXTRA;Média;07/06/2026 08:56;07/06/2026 10:26;4
CHM-1404084;QRT-04542;FUN-82886;Fechadura Eletrônica;Baixa;15.08.25;16/08/2025 04:27;4
CHM-7459502;QRT-08799;FUN-96106;Elétrica;Baixa;20/12/2024 18:31;21.12.24;5
CHM-1712677;QRT-03540;FUN-47371;Ar-condicionado;Média;05/11/2025 07:39;05/11/2025 11:06;4
CHM-5152726;QRT-55192;FUN-52300;Limpeza Extra;Média;02/05/2025 20:05;03/05/2025 00:09;5
CHM-2402142;QRT-89410;FUN-71181;Hidráulica;P3;06/09/2024 16:19;07/09/2024 01:57;5
CHM-1342582;QRT-00699;FUN-22027;Ar-condicionado;baixa;2026-03-12;14/03/2026 23:22;1
CHM-6558759;QRT-77112;FUN-32345;Frigobar com Defeito;Alta;01-12-2025;01/12/2025 13:32;5
CHM-3110094;QRT-89443;FUN-96106;Fechadura Eletrônica;Média;16/11/2025 16:41;16/11/2025 18:27;5
CHM-7060874;QRT-72078;FUN-49170;Ar-condicionado;Baixa;16/07/2025 21:10;17/07/2025 12:00;4
CHM-7200900;QRT-81045;FUN-96106;Fechadura Eletrônica;Baixa;23.03.25;23/03/2025 22:22;4
CHM-6024909;QRT-09785;FUN-23361;Limpeza Extra;Média;15/07/2024 12:03;2024-07-15;5
CHM-0231725;QRT-98370;FUN-22027;TV / Controle;Média;23/01/2025 08:57;23/01/2025 11:12;5
CHM-3473447;QRT-43580;FUN-64706;Elétrica;Alta;04/03/2025 09:02;04/03/2025 10:01;5
CHM-6849037;QRT-03596;FUN-22607;Ar-condicionado;Alta;27/03/2025 19:17;27.03.25;5
CHM-0494327;QRT-07215;FUN-64755;Frigobar com Defeito;Baixa;19.08.24;19/08/2024 16:53;4
CHM-8957164;QRT-94991;FUN-52793;Fechadura Eletrônica;P1;22/09/2024 20:21;22.09.24;5
CHM-0332428;QRT-70536;FUN-15784;Fechadura Eletrônica;Alta;25-07-2024;25-07-2024;5
CHM-3223412;QRT-29393;FUN-52300;Elétrica;Baixa;22/03/2025 18:49;24/03/2025 15:57;3
CHM-9863971;QRT-64840;FUN-08486;TV / Controle;MÉDIA;01/02/2025 17:41;01/02/2025 23:13;4
CHM-1643211;QRT-70661;FUN-94946;HIDRÁULICA;Baixa;30/01/2026 06:08;31/01/2026 02:43;5
CHM-2177343;QRT-61719;FUN-25313;Hidráulica;Alta;25.03.26;25/03/2026 16:20;5
CHM-9287859;QRT-65173;FUN-04670;Ar-condicionado;Média;2025-11-17;18-11-2025;2
CHM-9923640;QRT-99181;FUN-92045;Wi-Fi;Média;12/01/2025 13:58;2025-01-12;5
CHM-1499682;QRT-99673;FUN-88121;Elétrica;Média;16-02-2025;16.02.25;5
CHM-5046618;QRT-27540;FUN-78820;Frigobar com Defeito;Média;05/04/2025 08:23;05/04/2025 12:04;5
CHM-7973842;QRT-37204;FUN-50800;TV / Controle;Baixa;24/02/2025 20:13;25/02/2025 15:36;4
CHM-9093094;QRT-94431;FUN-05739;Ar-condicionado;Alta;22/06/2026 22:28;2026-06-22;4
CHM-7409459;QRT-73232;FUN-88121;TV / Controle;Media;01-04-2025;02/04/2025 01:43;2
CHM-2452444;QRT-00087;FUN-71493;Wi-Fi;P1;2025-01-09;09/01/2025 13:59;3
CHM-1203074;QRT-68692;FUN-96106;Ar-condicionado;Baixa;31-01-2026;01/02/2026 22:38;4
CHM-4272208;QRT-37102;FUN-76103;Limpeza Extra;Baixa;30.05.26;31/05/2026 03:52;5
CHM-9923424;QRT-53914;FUN-65780;Wi-Fi;Média;07.11.24;07/11/2024 21:23;5
CHM-5708861;QRT-27574;FUN-52300;Ar-condicionado;Média;22/07/2025 10:55;22/07/2025 14:02;5
CHM-8796530;QRT-88284;FUN-83865;Frigobar com Defeito;Média;14/12/2024 13:11;14/12/2024 16:43;5
CHM-2246588;QRT-61287;FUN-08109;Limpeza Extra;Baixa;16/07/2025 09:25;17/07/2025 12:54;1
CHM-1942971;QRT-55013;FUN-35080;Limpeza Extra;Alta;06/12/2024 08:30;06/12/2024 09:48;5
CHM-7266966;QRT-59512;FUN-64047;Wi-Fi;Baixa;24.02.26;25/02/2026 02:33;5
CHM-0252383;QRT-17820;FUN-70436;Fechadura Eletrônica;Média;2025-06-20;20/06/2025 11:35;4
CHM-4989478;QRT-88400;FUN-43763;Frigobar com Defeito;Média;18/06/2025 23:28;19/06/2025 12:40;1
CHM-6009715;QRT-43330;FUN-34873;Elétrica;Alta;26/06/2026 12:00;2026-06-26;4
CHM-3974998;QRT-48634;FUN-12040;Ar-condicionado;Média;2026-01-25;25/01/2026 15:23;5
CHM-7286181;QRT-19577;FUN-52793;Limpeza Extra;Baixa;09/09/2024 15:11;11/09/2024 03:13;1
CHM-5952714;QRT-86467;FUN-52300;Elétrica;Média;16/09/2024 23:51;17/09/2024 02:43;3
CHM-9065004;QRT-13326;FUN-22027;Wi-Fi;Baixa;11/04/2026 11:04;11/04/2026 20:27;4
CHM-6079404;QRT-98284;FUN-49170;Limpeza Extra;Média;09/01/2026 07:17;09/01/2026 10:56;4
CHM-3576806;QRT-08799;FUN-57664;Limpeza Extra;Baixa;18-09-2025;19/09/2025 10:26;5
CHM-4267794;QRT-60661;FUN-52793;TV / Controle;Alta;23/06/2026 19:39;23/06/2026 20:21;5
CHM-1431946;QRT-14866;FUN-74014;hidráulica;Média;26.04.25;26/04/2025 16:55;5
CHM-2262291;QRT-54116;FUN-29826;Hidráulica;Média;31/10/2025 23:51;01/11/2025 10:11;2
CHM-0591230;QRT-73232;FUN-88121;TV / Controle;Média;07/12/2024 07:59;2024-12-07;3
CHM-9607440;QRT-08689;FUN-15784;Ar-condicionado;Média;23/02/2026 08:34;23.02.26;5
CHM-6539077;QRT-27801;FUN-89330;Wi-Fi;Média;25/04/2025 23:55;26/04/2025 18:55;3
CHM-5393161;QRT-66170;FUN-92311;Hidráulica;Baixa;17/05/2026 21:26;19-05-2026;3
CHM-6238330;QRT-72078;FUN-05739;Hidráulica;baixa;11/07/2024 19:27;12/07/2024 16:01;5
CHM-6765460;QRT-85687;FUN-74014;Wi-Fi;Baixa;12/04/2026 19:59;2026-04-13;5
CHM-7328255;QRT-80306;FUN-23361;Elétrica;Média;06-05-2025;06/05/2025 11:37;4
CHM-9207612;QRT-75780;FUN-69727;Elétrica;Média;24/06/2026 08:55;24/06/2026 17:37;2
CHM-2452237;QRT-85367;FUN-71181;Hidráulica;Média;25/05/2025 19:58;2025-05-26;2
CHM-8914162;QRT-10397;FUN-65780;Hidráulica  ;Baixa;19/02/2026 13:16;22/02/2026 12:44;2
CHM-2739666;QRT-02862;FUN-01568;Fechadura Eletrônica;Média;14.09.25;14/09/2025 18:35;4
CHM-8464473;QRT-19577;FUN-12576;Elétrica;Baixa;17/03/2025 11:17;18/03/2025 22:16;2
CHM-0664901;QRT-87613;FUN-23361;Limpeza Extra;BAIXA;07-01-2026;08-01-2026;4
CHM-4467044;QRT-66170;FUN-92311;Frigobar com Defeito;alta;31-10-2024;31.10.24;2
CHM-0996835;QRT-01798;FUN-69727;Wi-Fi;Baixa;15/05/2025 06:30;15/05/2025 17:26;4
CHM-8155901;QRT-78217;FUN-08109;Limpeza Extra;Média;29/07/2025 12:00;2025-07-29;4
CHM-6253935;QRT-14866;FUN-08486;Hidráulica;Média;04/11/2025 22:43;05.11.25;4
CHM-5515560;QRT-69925;FUN-08486;Limpeza Extra;Baixa;03.10.24;2024-10-03;4
CHM-9779041;QRT-83481;FUN-86194;Ar-condicionado;Média;05/06/2026 20:55;2026-06-06;5
CHM-7961292;QRT-78380;FUN-23361;Ar-condicionado;Baixa;2025-11-08;2025-11-08;5
CHM-4634569;QRT-94556;FUN-87234;Hidráulica;BAIXA;22/06/2025 11:48;2025-06-22;5
CHM-5852825;QRT-26280;FUN-67282;TV / Controle;Baixa;24/03/2026 11:26;25/03/2026 07:57;5
CHM-7429640;QRT-40043;FUN-32345;Frigobar com Defeito;Média;10/06/2025 23:40;11-06-2025;4
CHM-9594496;QRT-59560;FUN-90839;Frigobar com Defeito;Média;2024-11-23;23.11.24;5
CHM-6997809;QRT-60661;FUN-52793;Wi-Fi;Baixa;02/05/2026 21:56;2026-05-03;5
CHM-6414866;QRT-19734;FUN-69104;Wi-Fi;Média;21/05/2025 12:43;22/05/2025 05:12;3
CHM-5322446;QRT-29439;FUN-64706;Hidráulica;Baixa;2026-05-21;22/05/2026 15:02;5
CHM-6573793;QRT-14528;FUN-19473;Hidráulica;Baixa;2025-09-06;07-09-2025;3
CHM-8503057;QRT-29439;FUN-43763;Ar-condicionado;Baixa;03/11/2025 13:02;04/11/2025 12:41;5
CHM-3418095;QRT-55333;FUN-92311;Limpeza Extra;Alta;2024-11-08;08.11.24;3
CHM-0446851;QRT-62407;FUN-22607;Wi-Fi;Média;30/12/2025 19:55;2025-12-30;5
CHM-1082144;QRT-86536;FUN-45111;Ar-condicionado;Alta;2025-04-10;10/04/2025 23:52;5
CHM-1850129;QRT-27833;FUN-48683;Elétrica;Média;27-07-2025;28/07/2025 04:28;5
CHM-1969070;QRT-13595;FUN-94946;Hidráulica;Média;2026-03-31;01-04-2026;3
CHM-8482937;QRT-74465;FUN-08486;Limpeza Extra;Média;24.05.26;24.05.26;4
CHM-2005864;QRT-54918;FUN-48683;Hidráulica;Média;01/04/2025 08:50;2025-04-01;4
CHM-9777055;QRT-03596;FUN-08109;Hidráulica;Média;07/01/2025 19:40;08.01.25;4
CHM-1397505;QRT-15710;FUN-32345;Ar-condicionado;Baixa;14/05/2025 06:25;2025-05-14;5
CHM-0258685;QRT-28485;FUN-02909;Ar-condicionado;Baixa;02/05/2026 11:27;03/05/2026 06:51;4
CHM-2154525;QRT-78115;FUN-65780;Fechadura Eletrônica;Alta;2025-09-22;22/09/2025 20:05;3
CHM-2418664;QRT-99181;FUN-55799;Elétrica;Média;02/04/2026 18:55;03.04.26;3
CHM-3857920;QRT-02141;FUN-22027;Limpeza Extra;Alta;27/08/2024 11:02;27-08-2024;5
CHM-9700117;QRT-85920;FUN-22027;Frigobar com Defeito;baixa;07/12/2024 10:37;08/12/2024 17:22;3
CHM-9785972;QRT-57190;FUN-10947;limpeza extra;Baixa;04/12/2025 19:29;2025-12-05;5
CHM-1481328;QRT-71975;FUN-67282;Hidráulica;Baixa;10/12/2025 21:09;11/12/2025 14:32;5
CHM-1041357;QRT-76454;FUN-03036;Elétrica;Alta;04/11/2024 17:50;2024-11-04;1
CHM-3361224;QRT-53868;FUN-23361;Ar-condicionado;Baixa;09/07/2025 16:33;09/07/2025 18:46;3
CHM-1786652;QRT-86712;FUN-48683;Ar-condicionado;Média;26/08/2024 12:38;26/08/2024 14:09;4
CHM-7309524;QRT-66307;FUN-45111;TV / Controle;Média;17-12-2024;17/12/2024 09:08;5
CHM-7295936;QRT-59560;FUN-01568;Elétrica;baixa;12.04.26;13-04-2026;5
CHM-5526889;QRT-19734;FUN-86199;Limpeza Extra;Baixa;02/01/2026 11:00;02/01/2026 16:24;4
CHM-7177369;QRT-09785;FUN-18700;Wi-Fi;Média;01/11/2024 19:30;01/11/2024 23:40;4
CHM-9589679;QRT-03596;FUN-22607;Ar-condicionado;Baixa;02/07/2024 10:55;02-07-2024;5
CHM-5346472;QRT-09419;FUN-10947;Hidráulica;Média;07/12/2024 16:41;07-12-2024;4
CHM-7960258;QRT-09261;FUN-07814;Hidráulica;Baixa;14/03/2026 20:26;15/03/2026 05:00;3
CHM-1355287;QRT-51483;FUN-23383;Limpeza Extra;Média;26/12/2024 09:35;27/12/2024 04:32;2
CHM-5378284;QRT-90762;FUN-96106;Fechadura Eletrônica;MÉDIA;12.04.25;13/04/2025 02:40;3
CHM-6009418;QRT-35519;FUN-69727;Limpeza Extra;Alta;02/10/2024 18:15;02/10/2024 19:48;4
CHM-2628277;QRT-46794;FUN-22027;Limpeza Extra;Baixa;06.02.26;08/02/2026 14:24;2
CHM-9667188;QRT-11649;FUN-81524;Hidráulica;Alta;07/09/2024 13:14;07/09/2024 13:42;5
CHM-0919271;QRT-42444;FUN-07814;Elétrica;Baixa;10/04/2025 16:45;11/04/2025 03:42;5
CHM-3727574;QRT-82431;FUN-08486;Frigobar com Defeito;Média;15/03/2025 12:53;15/03/2025 14:38;4
CHM-7037337;QRT-26539;FUN-23383;Limpeza Extra;Média;2026-04-16;16.04.26;5
CHM-4945436;QRT-47964;FUN-34873;Ar-condicionado;Alta;05/04/2026 18:04;05/04/2026 18:23;5
CHM-0991092;QRT-16398;FUN-03036;Ar-condicionado;Média;13/04/2026 07:27;13/04/2026 09:14;5
CHM-7841443;QRT-57190;FUN-39946;TV / Controle;BAIXA;15/06/2026 23:39;17-06-2026;1
CHM-5675749;QRT-56321;FUN-23361;Elétrica;Média;16/05/2025 13:49;16/05/2025 15:48;5
CHM-7971510;QRT-87613;FUN-07814;TV / Controle;Baixa;27/03/2026 22:38;28.03.26;5
CHM-4945928;QRT-56047;FUN-03036;Wi-Fi;Média;29/10/2024 12:48;29/10/2024 21:59;1
CHM-0832568;QRT-89068;FUN-39946;TV / Controle;Baixa;08/11/2025 06:38;08-11-2025;4
CHM-3570831;QRT-95201;FUN-48683;Ar-condicionado;Baixa;01/05/2026 20:30;03/05/2026 13:16;2
CHM-7502261;QRT-45866;FUN-34873;Limpeza Extra;Média;24.11.25;24/11/2025 15:44;4
CHM-5943276;QRT-63784;FUN-23361;Limpeza Extra;Alta;25/08/2025 17:45;25/08/2025 19:08;5
CHM-2572667;QRT-66170;FUN-96354;Limpeza  Extra;BAIXA;20/03/2026 18:56;21/03/2026 10:22;5
CHM-9231428;QRT-80765;FUN-65780;Ar-condicionado;Média;18/08/2024 23:52;19/08/2024 01:02;4
CHM-5172839;QRT-74690;FUN-29826;Hidráulica;Baixa;12/02/2025 22:24;14/02/2025 00:24;3
CHM-2725709;QRT-98284;FUN-49170;Fechadura Eletrônica;Média;14/03/2026 14:03;14-03-2026;5
CHM-8491205;QRT-09047;FUN-23286;TV / Controle;Baixa;09.10.25;09/10/2025 23:24;5
CHM-0282795;QRT-94756;FUN-01568;Elétrica;Média;27-03-2026;28/03/2026 01:01;3
CHM-7617993;QRT-81045;FUN-57664;Wi-Fi;Baixa;12/09/2024 16:23;2024-09-14;2
CHM-0875222;QRT-79165;FUN-29826;Elétrica;Media;11/05/2026 08:55;11/05/2026 12:01;5
CHM-6909754;QRT-96617;FUN-78820;Ar-condicionado;Baixa;07/11/2025 09:07;09/11/2025 07:35;2
CHM-5771184;QRT-85739;FUN-52793;Wi-Fi;Baixa;07/12/2025 08:11;2025-12-09;3
CHM-9323963;QRT-10397;FUN-86194;Frigobar com Defeito;Média;03/11/2025 09:53;03/11/2025 12:19;5
CHM-6244402;QRT-14624;FUN-48683;Limpeza Extra;Alta;07.12.25;07/12/2025 17:40;3
CHM-0596909;QRT-13758;FUN-08109;Ar-condicionado;Alta;10/10/2024 11:09;2024-10-10;3
CHM-3239392;QRT-03049;FUN-16922;Hidráulica;Alta;20/08/2025 19:12;20/08/2025 19:50;5
CHM-3065344;QRT-45132;FUN-36473;elétrica;Média;09/12/2025 22:42;09.12.25;4
CHM-6386407;QRT-62284;FUN-02909;Ar-condicionado;Alta;2026-02-24;24/02/2026 18:14;5
CHM-0306068;QRT-13534;FUN-69727;Ar-condicionado;Média;22-09-2025;22/09/2025 22:50;4
CHM-8316315;QRT-15710;FUN-22027;Limpeza Extra;Alta;13/04/2025 16:16;13/04/2025 17:34;4
CHM-2998067;QRT-00087;FUN-08109;Elétrica;Alta;26/05/2026 12:52;26/05/2026 13:57;5
CHM-1655690;QRT-39368;FUN-66580;TV / Controle;Baixa;09.04.26;10/04/2026 04:25;4
CHM-7063905;QRT-26354;FUN-94946;Ar-condicionado;Média;28/04/2026 22:45;29/04/2026 11:54;2
CHM-9111908;QRT-43330;FUN-29826;Frigobar com Defeito;Baixa;05/02/2025 17:59;06-02-2025;4
CHM-2130255;QRT-66307;FUN-23361;Ar-condicionado;Alta;06-12-2025;06/12/2025 10:43;5
CHM-1421517;QRT-74766;FUN-90839;Fechadura Eletrônica;BAIXA;24/02/2025 23:27;25-02-2025;5
CHM-6325894;QRT-70536;FUN-64047;Ar-condicionado;Baixa;04/04/2026 13:52;05/04/2026 06:24;4
CHM-4692164;QRT-60979;FUN-18700;Wi-Fi;Alta;13.03.26;14/03/2026 03:26;1
CHM-5872291;QRT-37102;FUN-18700;Fechadura Eletrônica;Média;14/08/2025 08:05;14/08/2025 17:37;3
CHM-4216809;QRT-63784;FUN-45111;Ar-condicionado;Média;20/12/2025 20:38;21/12/2025 00:46;3
CHM-7260562;QRT-26280;FUN-67282;TV / Controle;Baixa;07/11/2025 11:59;08/11/2025 01:56;4
CHM-7533118;QRT-80227;FUN-64755;TV / Controle;Baixa;16/07/2025 17:16;18/07/2025 05:53;1
CHM-4122829;QRT-78217;FUN-47371;Hidráulica;Baixa;29/08/2025 11:43;2025-08-30;2
CHM-4771379;QRT-41934;FUN-64755;Limpeza Extra;Baixa;16/08/2025 07:50;17/08/2025 01:25;4
CHM-1719777;QRT-13534;FUN-29826;TV / Controle;Baixa;11.12.25;11/12/2025 23:09;4
CHM-9463726;QRT-73451;FUN-48683;TV / Controle;Alta;14/09/2025 11:46;14/09/2025 12:57;3
CHM-4797850;QRT-98065;FUN-32345;Fechadura Eletrônica;Baixa;28/08/2025 12:04;29/08/2025 16:23;3
CHM-9793326;QRT-01562;FUN-86194;wi-fi;Média;13-05-2026;13.05.26;4
CHM-3218712;QRT-98065;FUN-96106;Ar-condicionado;Baixa;2025-01-01;02/01/2025 07:06;4
CHM-2635336;QRT-25905;FUN-41540;Wi-Fi;Média;10/12/2024 13:49;10/12/2024 17:42;5
CHM-3760767;QRT-45866;FUN-15867;Frigobar com Defeito;Média;2025-09-20;20-09-2025;1
CHM-2201356;QRT-27723;FUN-37715;HIDRÁULICA;Baixa;07/10/2025 23:04;08-10-2025;5
CHM-5607675;QRT-76454;FUN-92045;Hidráulica;Alta;21/02/2026 17:29;21/02/2026 17:54;3
CHM-4411129;QRT-62407;FUN-71493;Ar-condicionado;Baixa;17/02/2025 16:29;17/02/2025 21:57;3
CHM-3856255;QRT-41338;FUN-64706;Ar-condicionado;Alta;26-04-2025;2025-04-26;5
CHM-9329491;QRT-81819;FUN-87234;Ar-condicionado;Baixa;26.05.26;26/05/2026 19:35;4
CHM-9789841;QRT-82654;FUN-02909;Frigobar com Defeito;Alta;30/08/2024 10:19;2024-08-30;3
CHM-4871554;QRT-99181;FUN-23286;Limpeza Extra;Média;14/01/2025 23:09;15/01/2025 03:23;5
CHM-9467202;QRT-81775;FUN-15784;Ar-condicionado;Média;22/04/2026 17:30;23.04.26;2
