Hospede_ID;Hospede_Nome;CPF;Sexo;Data_Nascimento;Cidade_Origem;UF_Origem;Email;Telefone;Nivel_Fidelidade
HSP-470664;Ananélia Vale;760.083.505-37;F;18/04/1993;Recife;PE;ananeliavale87@gmail.com;(41) 96926-6641;Bronze
HSP-300945;Ieda Hopf;856.257.532-10;F;12/09/1954;Goiânia;GO;ieda_hopf29@icloud.com;(31) 96865-1359;Bronze
HSP-250966;Hermes Ardeni Correia;001.676.184-74;M;23-01-1950;Brasília;DF;hermes_correia@hotmail.com;(11) 97233-7895;Prata
HSP-485627;Joimar Arcie Arantes;739.348.356-43;M;16/03/1995;Londrina;PR;joimar_arantes71@yahoo.com.br;(41) 98818-8875;Ouro
HSP-986105;Aisa Carvalho;143.744.701-58;F;11/07/1999;Ribeirão Preto;SP;aisa.carvalho@outlook.com;(61) 99283-6123;Bronze
HSP-613468;Fátima Nogueira;155.216.674-07;F;04/02/1995;São Paulo;SP;fatima_nogueira@yahoo.com.br;(19) 98657-3732;Bronze
HSP-945467;Isac Pires Sarmento  ;902.771.670-60;M;09.03.70;Campinas;SP;isac.sarmento41@gmail.com;(62) 99143-4669;OURO
HSP-623638;Izabel Uchôa Archer;890.028.772-93;F;04/09/1968;Campinas;SP;izabel.archer@outlook.com;(41) 97355-5557;Prata
HSP-424848;Jandir Amestoy;751.701.660-10;M;16/07/1973;Ribeirão Preto;SP;jandiramestoy@gmail.com;(81) 99945-5990;Bronze
HSP-837573;Hiroshi Hanauer Guimarães;711.305.548-64;M;1987-07-06;NITERÓI;RJ;HIROSHIGUIMARAES@GMAIL.COM;(11) 99673-3689;Prata
HSP-118281;Janete Krueger Figueiredo;516.091.779-91;F;15/09/1952;Curitiba;PR;JANETEFIGUEIREDO64@GMAIL.COM;(62) 99015-1795;Bronze
HSP-181663;Larissara Albergaria Zanini;669.346.547-14;F;09/08/1955;Londrina;PR;larissara.zanini78@icloud.com;62972249975;Bronze
HSP-769179;Jordánia Battistini Arnaldi;288.515.879-49;F;07/07/1951;Belo Horizonte;MG;JORDANIAARNALDI@ICLOUD.COM;(19) 98761-9747;Bronze
HSP-300279;Amisele Alvarengas;420.438.057-38;F;29-03-2005;Campinas;SP;amisele.alvarengas@icloud.com;62995424675;Bronze
HSP-939935;Alcimar Cervantes Portela;043.973.598-06;F;18-04-2003;Ribeirão Preto;SP;alcimarportela@icloud.com;(41) 97204-8353; Bronze
HSP-102218;Bernardo Viotti;057.202.590-40;M;30/05/1961;Londrina;PR;bernardoviotti@icloud.com;(51) 98009-6866;Bronze
HSP-715438;Duílio Benetton Agostini;555.439.878-20;M;23/05/2001;Goiânia;GO;duilioagostini86@outlook.com;(16) 96984-4994;Bronze
HSP-705755;Edmundo Gama Huber;704.358.112-58;M;16/01/1959;Curitiba;PR;edmundohuber@icloud.com;21968634492;Bronze
HSP-697143;Elenira Ameixa;110.248.193-96;F;18-06-1968;Niterói;RJ;elenira_ameixa@yahoo.com.br;(19) 97773-6183;Bronze
HSP-707083;Palmério Guedes Ambroses;814.491.476-74;M;18.12.49; São Paulo;SP;palmerio_ambroses@gmail.com;(16) 96640-9740;Bronze
HSP-169773;Ítalo Jung Amerino;088.210.099-80;M;17/08/1950;Curitiba;PR;italo_amerino@gmail.com;(51) 96860-6633;Ouro
HSP-281178;Volmar Alcochel Paiva;878.141.413-70;M;01/01/1991;Rio de Janeiro;RJ;volmarpaiva@outlook.com;61965254842;Bronze
HSP-463553;Antero Silveira Angeli;562.053.364-64;M;03/12/1963;Porto Alegre;RS;ANTERO_ANGELI94@OUTLOOK.COM;(16) 97895-8296;Bronze
HSP-688152;Artemia Amevo Flores;110.809.969-66;F;05/08/1949;Rio de Janeiro;RJ;artemia.flores@uol.com.br;(51) 98226-9842;Bronze
HSP-858150;Sofia Hartmann;580.392.827-56;F;23/06/1987;Brasília;DF;sofia.hartmann73@icloud.com;31990148921;Bronze
HSP-226573;Sandra  Kaneko;700.518.449-15;F;14/11/2001;Belo Horizonte;MG;sandrakaneko@yahoo.com.br;19974962275;Bronze
HSP-837808;Teruko Alencastro;723.184.322-01;F;07/11/1975;Brasília;DF;teruko.alencastro@icloud.com;(21) 98707-4773;Bronze
HSP-456421;Auliene Gama Noguchi;922.809.202-55;F;21/07/1964;Ribeirão Preto;SP;auliene_noguchi@uol.com.br;(19) 98454-1305;Bronze
HSP-818678;Carmem Suzuki;298.425.799-56;F;20-03-1965;Recife;PE;carmem.suzuki50@hotmail.com;(21) 96067-4315;Bronze
HSP-585706;Leda Carneiro Zanini;980.686.508-14;F;10/05/1952;Salvador;BA;leda_zanini62@yahoo.com.br;61984122600;Bronze
HSP-284177;isabel mori bignami;981.806.356-27;F;28/12/1999;Niterói;RJ;isabel_bignami55@icloud.com;(81) 97038-5281;Bronze
HSP-747435;Kamila Arcanjo Carta;449.562.137-86;F;08.11.71;Ribeirão Preto;SP;kamilacarta@gmail.com;(41) 98082-7562;DIAMANTE
HSP-900194;Joliele Trindade Bezerra;143.519.066-18;F;07/08/1972;Rio de Janeiro;RJ;jolielebezerra@outlook.com;81962353871;Bronze
HSP-951756;Claudilene Arrighi;920.530.214-70;F;30/07/1948;Niterói;RJ;CLAUDILENE_ARRIGHI@YAHOO.COM.BR;19984004281;Bronze
HSP-939261;Elias Amesquita;690.426.818-29;M;07/05/1957;Curitiba;PR;elias.amesquita@outlook.com;(21) 99288-9409;Prata
HSP-423768;Jeniffer Bucci Metz;071.416.335-02;F;26/12/1956;Brasília  ;DF;JENIFFER_METZ@UOL.COM.BR;(62) 96039-5314;Bronze
HSP-094382;Arcanjo Klinger;373.334.333-66;M;29/10/1976;Ribeirão Preto;SP;arcanjo.klinger@outlook.com;(31) 99190-2747;BRONZE
HSP-750464;Giovani Arduchat Marusho;947.284.639-40;M;30-11-2006;Recife;PE;giovani.marusho55@yahoo.com.br;(62) 96133-9232;Bronze
HSP-460253;Amandi Wanderley Hayashi;942.843.479-50;F;07/01/1961;Campinas;SP;amandi_hayashi@yahoo.com.br;(19) 96862-7866;Bronze
HSP-152022;Frida Castellani Yamamoto;663.227.026-37;F;31/03/1956;Rio de Janeiro;RJ;frida_yamamoto81@uol.com.br;(62) 98951-6172;Bronze
HSP-012280;Ariel Amiran Anibal;545.588.450-65;F;08/10/1971;São Paulo;SP;ariel_anibal87@uol.com.br;(41) 98362-9821;Prata
HSP-740649;Antero Eisenhardt Petraglia;256.996.112-40;M;10/10/1963;Goiânia;GO;antero_petraglia41@icloud.com;(51) 98909-5382;Bronze
HSP-410769;Anaís Hammes Aoki;132.611.178-77;F;10-02-1967;Goiânia;GO;anais.aoki51@uol.com.br;(21) 96425-5300;Bronze
HSP-741510;Caetano Jost Danner;557.784.872-58;M;25/04/1985;Belo Horizonte;MG;caetanodanner@uol.com.br;(81) 97870-8126;Bronze
HSP-432308;Cilinha Ameixoeira Bertolucci;254.780.774-29;F;23/06/1999;Uberlândia;MG;cilinha.bertolucci@outlook.com;(81) 96947-1118;Bronze
HSP-173324;Sebastiana Amiraldo Meissner;389.448.463-24;F;02/02/1985;Brasília;DF;sebastiana.meissner38@gmail.com;(16) 98530-8418;Bronze
HSP-190921;Potira Makino Alessi;703.120.735-50;F;08/10/2005;Porto Alegre;RS;potira_alessi64@outlook.com;(16) 98854-1519;Bronze
HSP-041888;auristela duarte;136.730.371-02;F;1972-04-21;Curitiba;PR;auristeladuarte@hotmail.com;16975936113;Prata
HSP-261882;Malvina Campos Amesquita;136.502.491-11;F;20/07/1996;Goiânia;GO;malvina_amesquita@gmail.com;11983808786;Bronze
HSP-069960;Naircio Brunetti;281.273.585-68;M;29/08/1962;Rio de Janeiro;RJ;naircio_brunetti@gmail.com;(19) 97467-3207;Bronze
HSP-611372;Rafaela Meller Amilo;982.182.744-64;F;26/10/1958;Curitiba;PR;rafaelaamilo@gmail.com;(62) 97552-4039;Bronze
HSP-653545;Lívio Bonetti Ehlers;945.651.181-22;M;29/10/2001;Londrina;PR;livio.ehlers@hotmail.com;31995771512;Bronze
HSP-634650;Fabrício Andreis Chaves;391.037.170-11;M;13/04/1956;São Paulo;SP;fabricio_chaves@yahoo.com.br;(61) 99253-1955;Bronze
HSP-025123;Jara Lacerda;383.928.861-43;F;30.03.80;Niterói;RJ;jaralacerda@icloud.com;(16) 98877-7997;Prata
HSP-319433;Lúcio Amestoy;556.659.398-46;M;26/03/1962;Brasília;DF;lucio.amestoy@uol.com.br;51974748412;Prata
HSP-018092;Amaris Monteiro;504.888.992-49;F;23/01/1954;Curitiba;PR;amaris.monteiro46@hotmail.com;31970857014;Prata
HSP-520344;Willian Bauer Cabral;919.409.610-41;M;23/08/1971;RECIFE;PE;willian_cabral56@yahoo.com.br;(21) 99562-4714;Bronze
HSP-353616;Odirlei Brandt;679.981.364-30;M;25/10/2003;Goiânia;GO;odirlei_brandt44@gmail.com;(16) 98340-1807;Bronze
HSP-711546;Amadja Klinger;389.833.146-64;F;12/07/1968;Goiânia;GO;amadja_klinger@uol.com.br;(21) 96460-7776;Bronze
HSP-671388;Gertrude Andreasi Ehlers;927.033.521-66;F;25-03-1954;Porto Alegre;RS;gertrude.ehlers@hotmail.com;81997953419;Prata
HSP-025252;Jéssica Franco Brandt;792.069.804-91;F;28-03-1965;Salvador;BA;jessica.brandt26@icloud.com;81971111869;Bronze
HSP-693128;Sofie Tavares;636.815.798-49;F;1983-03-03;Brasília;DF;sofie.tavares65@yahoo.com.br;(62) 99794-1352;Bronze
HSP-706339;Alceu Brandt Fiedler;840.460.843-16;M;20/03/1972;Salvador;BA;alceu.fiedler51@icloud.com;(31) 96359-7262;Bronze
HSP-993521;Watila Antelo;832.482.629-74;M;1969-04-01;Rio de Janeiro;RJ;watila.antelo72@uol.com.br;(21) 96754-6203;Bronze
HSP-786711;Arthur Kurz Kühn;220.994.999-85;M;07/10/1967;Curitiba;PR;arthur.kuhn@hotmail.com;(11) 97471-2302;Prata
HSP-384110;Isabel Aranda Hasegawa;046.333.127-31;F;26/03/1949;Londrina;PR;isabelhasegawa@outlook.com;(16) 99635-5043;Ouro
HSP-739556;Amiga Arão;081.770.388-85;F;20/05/1973;Londrina;PR;amiga_arao@gmail.com;62975869456;BRONZE
HSP-446051;Ramon Mentz Klement;718.129.826-74;M;10/11/1981;Curitiba;PR;ramon_klement4@hotmail.com;(16) 98417-4308;Prata
HSP-711435;Célia Eichler Menezes;689.268.602-80;F;18/10/1992;RIBEIRÃO PRETO;SP;celia_menezes@icloud.com;31966643369;Bronze
HSP-218907;Kauan Busch Danner;077.780.973-70;M;23/06/1967;Londrina;PR;kauan.danner@yahoo.com.br;16976798239;Bronze
HSP-658016;Erivan Alves Bottaro;020.994.510-95;M;23.07.82;Goiânia;GO;erivan.bottaro@hotmail.com;(31) 98752-5659;Bronze
HSP-738878;Kenji Antipas Haas;147.214.586-06;M;26/02/1999;São Paulo;SP;kenjihaas27@uol.com.br;11964479666;ouro
HSP-482569;Genar Beserra Aranda;997.877.293-60;M;29/09/1981;Uberlândia;MG;genararanda25@gmail.com;(21) 96098-8616;Bronze
HSP-382662;Silvestre Lang Kurz;144.885.015-08;M;25/07/1977;São Paulo;SP;silvestre_kurz@uol.com.br;(81) 99932-1477;Ouro
HSP-764685;Robson Frank Yoshida;576.084.958-12;M;09/12/1964;Salvador;BA;robsonyoshida74@icloud.com;(61) 99274-6793;Bronze
HSP-516117;Jonas Ramos Franke;450.461.735-81;M;21/04/1951;Brasília;DF;jonas_franke@outlook.com;(41) 98150-5953;Prata
HSP-579134;Flávio Correia Arrighi;845.218.230-92;M;12/09/1967;Campinas;SP;flavio_arrighi@uol.com.br;21960166095;Bronze
HSP-177076;EVERALDO FIEDLER;353.344.857-67;M;16.05.03;Salvador;BA;EVERALDOFIEDLER20@HOTMAIL.COM;(51) 96468-1249;Bronze
HSP-172206;Silvano Grass Amesquita;587.020.701-03;M;12.03.83;Porto Alegre;RS;SILVANO_AMESQUITA55@YAHOO.COM.BR;(31) 98886-8304;Bronze
HSP-097508;Ataíde Antoniolli Takeda;717.477.332-02;F;25.08.59;Uberlândia;MG;ATAIDETAKEDA47@YAHOO.COM.BR;(31) 98865-6412;Bronze
HSP-341761;Damineide Cardoso Medeiros;161.581.487-68;F;19/05/1997;Salvador;BA;damineide_medeiros@hotmail.com;81969989977;Bronze
HSP-495361;Floriano Brito Franzen;197.199.758-73;M;29/06/1954;Belo Horizonte;MG;floriano.franzen@hotmail.com;(51) 99915-7648;Bronze
HSP-734608;Anacleto Bomfim;902.278.469-07;M;01-01-1954;Niterói;RJ;anacletobomfim@hotmail.com;61972275989;Ouro
HSP-941235;Cileide Antonelli;008.514.036-89;F;25/08/1952;São Paulo;SP;cileideantonelli@icloud.com;(61) 98915-7271;Bronze
HSP-413981;Keiko Amerino Barreto;220.102.762-56;F;14/12/1991;Ribeirão Preto;SP;keiko.barreto54@yahoo.com.br;(81) 99810-7974;Bronze
HSP-324047;Udo Lorenz Amezola;846.895.009-24;M;18/02/1967;Niterói;RJ;udo_amezola@gmail.com;81979722311;Bronze
HSP-804790;Josemar Abe Alfonsin;894.905.807-32;M;22/07/1960;Campinas;SP;josemar_alfonsin@yahoo.com.br;(81) 99005-6431;Prata
HSP-775041;Gina Chiappetta Trindade;049.047.128-54;F;22/11/1953;São Paulo;SP;gina.trindade@outlook.com;(51) 96542-5603;Bronze
HSP-976317;Alvanete Freire;372.805.129-25;F;1991-11-05;Recife;PE;alvanete.freire@yahoo.com.br;(19) 96974-8211;Bronze
HSP-711337;Teobaldo Gieseler Guimarães;836.674.286-50;M;16/10/1983;Ribeirão Preto;SP;teobaldo.guimaraes58@yahoo.com.br;(61) 99939-9687;Bronze
HSP-662282;Edson Arconi Grimm;967.393.852-03;M;09/10/1968;Niterói;RJ;edson_grimm@icloud.com;11994062113;Bronze
HSP-372060;Vladmir Alvinhos;939.111.926-30;M;03/07/1967;Campinas;SP;vladmiralvinhos@icloud.com;(81) 99289-4027;Prata
HSP-692497;Otto Cilento Okamoto;542.140.665-29;M;18.09.00;Ribeirão Preto;SP;otto.okamoto34@hotmail.com;(16) 96284-9056;Bronze
HSP-172697;Wanderson Zara Ardani;101.194.707-21;M;12/10/1997;Salvador;BA;wanderson.ardani@gmail.com;(11) 98722-7397;Bronze
HSP-594487;Lídia Erdmann Jung;183.067.198-75;F;06/03/2007;Recife;PE;lidia_jung39@yahoo.com.br;11985892485;Bronze
HSP-610316;Jeanine Alencar Matsumoto;157.173.203-96;F;30/06/1981;Uberlândia;MG;jeanine.matsumoto@uol.com.br;(41) 98003-7369;Bronze
HSP-903374;Leodegar Busch Abrunhosa;387.829.310-03;M;15/03/1967;Goiânia;GO;leodegarabrunhosa84@gmail.com;(16) 99715-1750;Bronze
HSP-980680;Inácio Vilela;117.993.136-03;M;10/01/2003;Ribeirão Preto;SP;inacio_vilela@icloud.com;(19) 97328-2979;Bronze
HSP-311465;Edevaldo Nogueira;739.021.962-97;M;1991-12-13;Recife;PE;EDEVALDO.NOGUEIRA@GMAIL.COM;(11) 96029-3939;Bronze
HSP-265496;Douglas Langer Hayakawa;092.791.456-57;M;15/02/1996;Londrina;PR;douglas.hayakawa@hotmail.com;(21) 98171-2567;Bronze
HSP-621769;Jéssyca Benedetti Nishimura;772.200.543-86;F;1951-04-23;Uberlândia;MG;jessyca_nishimura79@yahoo.com.br;(11) 96427-1859;Bronze
HSP-024547;Laercio Sakamoto;531.531.363-86;M;04/02/1997;Goiânia;GO;laercio_sakamoto@gmail.com;(16) 98396-8936;Bronze
HSP-134132;Tino Battaglini;520.904.217-03;M;09.09.66;Recife;PE;tino_battaglini@outlook.com;(41) 99630-5835;Bronze
HSP-084958;Iberê Antipa;406.335.693-05;M;26.11.86;Goiânia;GO;ibereantipa@uol.com.br;11977111724;Bronze
HSP-386040;Shoiti Afonso Cruz;063.254.310-81;M;1959-11-11;Brasília;DF;shoiti_cruz@hotmail.com;(16) 99514-1399;Bronze
HSP-670636;Denise Krause;804.649.893-96;F;12-04-1974;Rio de Janeiro;RJ;denisekrause43@icloud.com;(11) 98108-6963;Bronze
HSP-315072;Filipe Hartmann Abe;538.179.335-92;M;04-11-2003;Recife;PE;filipe_abe@uol.com.br;(19) 97135-1892;Diamante
HSP-845884;Nairo Kobayashi Takahashi;513.711.624-68;M;04.04.60;Goiânia;GO;nairo.takahashi36@gmail.com;31980323465;Bronze
HSP-944701;Joinville Andrade Ciaramicoli;038.569.557-80;M;08/12/1958;Brasília;DF;joinvilleciaramicoli@uol.com.br;(62) 97823-8503;Bronze
HSP-232812;Karina Brun;292.842.222-65;F;08-03-1984;Rio de Janeiro;RJ;karina.brun41@uol.com.br;(31) 97805-5266;Bronze
HSP-691495;Rosária Amiran;106.727.520-77;F;2004-05-25;Londrina;PR;rosariaamiran@uol.com.br;61986515842;Bronze
HSP-793140;Anniele Arduno Portela;814.069.375-84;F;19-10-1956;Uberlândia;MG;anniele.portela78@icloud.com;(41) 98389-9625;Bronze
HSP-869934;Aldair Andrade;998.056.265-04;M;17/03/1959;Campinas;SP;aldair_andrade@outlook.com;(61) 97439-6047;Bronze
HSP-744178;Julieth Bassetti;629.912.347-84;F;28/08/1967;Londrina;PR;juliethbassetti@gmail.com;(81) 99097-7156;Diamante
HSP-577113;Daniel Arconti Carnevali;870.494.787-84;M;1991-10-27;Brasília;DF;daniel.carnevali1@hotmail.com;(51) 97229-8742;Bronze
HSP-212907;Arcanjo Zeferino Makino;979.647.158-28;M;30-08-1949;Londrina;PR;arcanjomakino@outlook.com;(31) 98382-1958;Bronze
HSP-036902;Edgar Portela Moura;183.219.285-79;M;09/11/1992;Porto Alegre;RS;EDGAR_MOURA@ICLOUD.COM;(51) 97111-6939;Bronze
HSP-534391;Lajônio Greiner Paula;283.389.888-63;M;1995-03-23;São Paulo;SP;lajoniopaula@gmail.com;(19) 97886-2251;Bronze
HSP-614959;Irineu Tsuda;240.132.234-57;M;23.07.79;Porto Alegre;RS;irineu.tsuda11@yahoo.com.br;(21) 96318-1308;Prata
HSP-750120;Clarisa Antoniazzi;011.939.325-56;F;26/07/2004;Campinas;SP;clarisa.antoniazzi96@outlook.com;(81) 97424-6770;Prata
HSP-087579;Jaci Archane Borsari;280.138.759-20;M;08/05/1956;Goiânia;GO;jaci.borsari@gmail.com;(31) 99419-6813;Prata
HSP-191117;Brenda Aldrovandi;480.157.164-62;F;11/12/1970;Belo Horizonte;MG;brenda_aldrovandi@outlook.com;16969257672;Bronze
HSP-930663;Claudia Silveira;811.266.912-08;F;01/11/1964;Niterói;RJ;claudia.silveira@hotmail.com;61968207623;Ouro
HSP-578936;Willian Abrunhosa Casiraghi;678.427.114-96;M;21-04-1955;Uberlândia;MG;willian_casiraghi@icloud.com;31961212631;Bronze
HSP-633676;Davi Weiss Machado;877.347.784-29;M;07/03/1973;Rio de Janeiro;RJ;davimachado70@uol.com.br;11999011517;Prata
HSP-401678;Georgina Watanabe Drissen;276.246.719-56;F;30/09/1973;Niterói;RJ;georginadrissen@uol.com.br;(62) 98343-8697;Diamante
HSP-253672;Juliette Aguilar;009.025.590-95;F;25/05/1972;São Paulo;SP;julietteaguilar13@yahoo.com.br;61974637749;Bronze
HSP-306811;Haline Bottaro Brunelli;850.769.864-67;F;14/05/1949;Belo Horizonte;MG;haline.brunelli@uol.com.br;(11) 97296-7188;Bronze
HSP-357363;Audinelma Cavalcante Kawamoto;637.183.440-17;F;13-01-1989;Campinas;SP;audinelma_kawamoto@yahoo.com.br;(41) 98558-2506;Bronze
HSP-427638;Josué Carnevali Tavares;685.366.498-10;M;13/11/1959;Recife;PE;josue_tavares@uol.com.br;31996081304;Bronze
HSP-268899;Nabor Bartoloni Ardon;083.572.324-00;M;02/08/1965;Niterói;RJ;nabor_ardon@gmail.com;(41) 99465-7757;Bronze
HSP-221073;Aniete Seabra Bussolini;786.603.242-42;F;27/07/1953;Ribeirão Preto;SP;aniete.bussolini36@icloud.com;(62) 96720-1691;Bronze
HSP-209868;Raquel Ávila;623.198.189-44;F;15/07/1953;Porto Alegre;RS;raquelavila12@hotmail.com;81965006134;bronze
HSP-119425;Larise Jost Boin;785.158.673-97;F;14.12.87;Brasília;DF;larise_boin@hotmail.com;61979467025;Bronze
HSP-672539;Sabrina Arantes Monteiro;518.376.064-04;F;09-08-2002;Niterói;RJ;sabrina_monteiro97@hotmail.com;(51) 96861-3625;Bronze
HSP-207479;Maina Ardaillon Krebs;561.248.156-05;F;20/06/2004;Uberlândia;MG;mainakrebs@uol.com.br;(61) 97856-1448;Ouro
HSP-463015;Otto Metzger Arcosi;296.577.242-10;M;27-03-2007;Rio de Janeiro;RJ;ottoarcosi@outlook.com;51968132382;Bronze
HSP-299669;Brigitte Kaminski;734.206.969-81;F;03/05/1956;Brasília;DF;brigitte_kaminski48@hotmail.com;(81) 96480-1231;Bronze
HSP-187241;Damineide Matsuo Guedes;393.436.262-15;F;14/04/1989;Belo Horizonte;MG;damineide.guedes34@hotmail.com;81978475068;Prata
HSP-489323;Laris Ardeal Kimura;694.118.005-64;F;2006-08-01;Campinas;SP;laris.kimura@outlook.com;81998471745;Bronze
HSP-618011;Alisson Archetti Hofmann;757.215.862-57;M;06/02/1972;Curitiba;PR;alisson_hofmann6@hotmail.com;(16) 99570-5603;Bronze
HSP-541749;Claris Calvi Archane;870.320.320-44;F;06/11/1983;Niterói;RJ;claris_archane91@yahoo.com.br;(19) 96475-9108;Ouro
HSP-171322;Werner Amiraldo Sakamoto;284.993.908-03;M;13/04/1963;Salvador;BA;wernersakamoto10@hotmail.com;(16) 98772-2545;Bronze
HSP-391304;Bruna Riedel Vogt;774.905.097-34;F;23/02/1972;Campinas;SP;bruna_vogt@icloud.com;81965294463;Bronze
HSP-331980;Amós Miranda Lacerda;326.642.147-72;M;23.06.53;Goiânia;GO;amos_lacerda@outlook.com;(81) 96537-6882;Bronze
HSP-454786;Marcelino Armani Konno;661.085.732-60;M;10/09/1972;Salvador;BA;marcelino_konno@icloud.com;62963435762;Prata
HSP-963245;Claudiele Ota;810.818.661-79;F;06-03-1994;Curitiba;PR;claudiele_ota@uol.com.br;(51) 97455-5175;Bronze
HSP-113082;Jadir Gama;977.945.232-06;M;25/12/1965;Londrina;PR;jadir.gama@uol.com.br;(51) 99570-2742;Bronze
HSP-064467;Jeanine Ferreira;749.956.412-62;F;15/01/1997;Brasília;DF;jeanine.ferreira15@gmail.com;(41) 99518-1439;Bronze
HSP-885071;Faustino Pessoa Ardene;601.227.770-93;M;31.05.68;Belo Horizonte;MG;faustino_ardene@hotmail.com;51983327418;Bronze
HSP-987552;Esmeraldo  Drumond;767.899.730-28;M;09/10/1968;Ribeirão Preto;SP;esmeraldodrumond74@outlook.com;62962605388;Bronze
HSP-360213;Dinéa Matsuo;383.959.724-23;F;15.07.49;Recife;PE;dineamatsuo@yahoo.com.br;(61) 99260-8738;Bronze
HSP-116149;Silvestre Espírito Santo Bessa;433.800.545-93;M;1964-03-09;Ribeirão Preto;SP;silvestrebessa65@gmail.com;(21) 97383-8055;Bronze
HSP-497775;Piraí Gusmão;289.107.711-35;M;28/05/1987;Goiânia;GO;piraigusmao@gmail.com;(62) 96171-9311; Bronze
HSP-777481;Magno Guerra Avanzini;552.137.603-84;M;03/06/1993;Porto Alegre;RS;magno_avanzini65@hotmail.com;(21) 97089-7101;Bronze
HSP-428444;Laura Arduchin Brambilla;850.720.811-84;F;29/12/1959;Rio de Janeiro;RJ;laura_brambilla99@hotmail.com;(19) 96251-7443;Bronze
HSP-948787;Jorge Diniz Arcipreste;550.489.267-81;M;16/11/1960;Londrina;PR;jorgearcipreste70@uol.com.br;(81) 98670-8244;Diamante
HSP-537855;Perla Antoniolli Becker;318.848.520-41;F;11/03/2004;Campinas;SP;perla.becker@uol.com.br;81970594954;Bronze
HSP-251794;AMISELE FRANCO MAGALHÃES;907.539.989-80;F;18/01/1974;Niterói;RJ;amisele.magalhaes@outlook.com;(81) 98754-3293;Bronze
HSP-583078;Izabela Brunelli Esteves;110.627.371-05;F;05/03/1961;Porto Alegre;RS;izabela_esteves@yahoo.com.br;(81) 98289-9502;Prata
HSP-697415;Amara Abraão Arconet;772.881.377-32;F;11/01/1968;Brasília;DF;amara.arconet@uol.com.br;(61) 99775-2945;Bronze
HSP-013934;Elzira Heckmann;229.604.432-84;F;12/07/1981;Recife;PE;elziraheckmann@gmail.com;(62) 97428-2106;Prata
HSP-974767;Watila Antelo Decker  ;877.725.199-74;M;04/12/1966;Recife;PE;watila_decker@yahoo.com.br;(61) 98215-1750;Prata
HSP-577515;Anatilde Boaventura Taveira;398.909.837-37;F;14/04/2005;Londrina;PR;anatildetaveira@gmail.com;62967361310;Bronze
HSP-864080;Acília Antipode;626.085.641-51;F;01/12/1999;Salvador;BA;acilia.antipode@uol.com.br;(31) 97168-3359;Prata
HSP-609172;Altair Sacramento;152.654.610-86;M;21-12-1970;Curitiba;PR;altair.sacramento77@uol.com.br;41980199333;Bronze
HSP-444282;Evangelina Vasconcelos Echer;913.824.967-70;F;20/11/1957;Salvador;BA;evangelina.echer@uol.com.br;(41) 99206-3332;Prata
HSP-950896;Jewel Brambilla;200.749.465-52;F;29/06/1969;Goiânia;GO;jewelbrambilla66@outlook.com;(11) 96661-9750;Diamante
HSP-879825;Azor Kiefer;554.743.553-86;M;1996-06-23;Londrina;PR;azor_kiefer@outlook.com;11997433190;Bronze
HSP-487757;Valter Rodrigues Gomes;180.715.695-85;M;10/12/1991;Ribeirão Preto;SP;valter_gomes99@icloud.com;(11) 96511-8580;Bronze
HSP-767186;Sueli Gomes Benini;337.504.793-21;F;25-09-2005;Londrina;PR;sueli.benini82@yahoo.com.br;21995635544;Bronze
HSP-661571;Norma Angeli Ardito;938.430.894-34;F;03-10-1956;Londrina;PR;normaardito@yahoo.com.br;11998417997;Bronze
HSP-437822;Edilson Krebs Carosi;687.506.351-40;M;04/01/1961;Campinas;SP;edilsoncarosi@icloud.com;41988247943;Bronze
HSP-060407;Alcino Sousa;543.173.505-56;M;17/08/1979;Porto Alegre;RS;alcinosousa@gmail.com;(81) 98537-8184;Bronze
HSP-386708;Heinz Lemos Basílio;049.611.080-22;M;08/07/2004;São Paulo;SP;heinz_basilio@yahoo.com.br;(21) 98528-7735;Bronze
HSP-446166;Cassio  Arcieri Costa;078.593.110-46;M;24/01/1973;Salvador;BA;cassiocosta@uol.com.br;(41) 99704-3064;Prata
HSP-270349;Elena Ishii Archimedes;549.822.749-32;F;30/10/1990;Salvador;BA;elena_archimedes2@uol.com.br;(81) 98693-3369;Bronze
HSP-129736;Abraão Amilo Guimarães;795.995.946-30;M;30/08/1976;Brasília;DF;abraao_guimaraes59@gmail.com;(16) 96898-1060;Ouro
HSP-793721;Waldir Arcieri Bartoloni;050.150.812-00;M;18.05.64;Belo Horizonte;MG;waldir_bartoloni@icloud.com;(81) 99738-6896;Bronze
HSP-221821;Arthur Antoniolli;241.026.153-18;M;20/11/1991;Curitiba;PR;arthur_antoniolli@outlook.com;(61) 98707-3807;Diamante
HSP-133592;Aldaci Paula;099.384.253-48;F;30-06-1990;Rio de Janeiro;RJ;aldaci.paula@outlook.com;(31) 99487-9327;Prata
HSP-057654;Adalmira Anjos Yamaguchi;725.587.774-59;F;06/05/1952;Uberlândia  ;MG;adalmirayamaguchi@uol.com.br;(11) 96848-4596;Bronze
HSP-431820;Alwin Kirst;147.853.907-00;M;22/01/1980;Belo Horizonte;MG;alwinkirst@yahoo.com.br;(16) 97915-8086;Bronze
HSP-126308;Brigitte Ebling Carnevali;881.431.115-39;F;17/04/2005;Brasília;DF;brigitte.carnevali@outlook.com;(41) 98765-6394;Bronze
HSP-997790;Arneide Nascimento Carpinetti;445.669.078-05;F;27/04/1953;Belo Horizonte;MG;ARNEIDE.CARPINETTI@HOTMAIL.COM;(41) 98962-4438;Bronze
HSP-747317;Airla Aoki Amezola;637.780.529-26;F;16-06-1965;Uberlândia;MG;AIRLA.AMEZOLA95@GMAIL.COM;(16) 99319-6810;Prata
HSP-762550;Afrânea Luca Aragão;225.999.966-27;F;28-04-1971;Uberlândia;MG;afranea.aragao@gmail.com;(62) 97582-4085;Bronze
HSP-015064;Elvira Anjinho Nakamura;231.643.348-00;F;06/03/1980;Ribeirão Preto;SP;elvira.nakamura@outlook.com;(62) 96045-3815;Bronze
HSP-473928;Amineh Santoro Franco;467.299.493-76;F;20.05.59;Rio de Janeiro;RJ;aminehfranco@yahoo.com.br;51968261121;Bronze
HSP-598457;Hans Klinger;475.469.263-27;M;13/05/1985;Recife;PE;hans.klinger@icloud.com;(19) 97875-7302;BRONZE
HSP-282629;Marvino Kaminski;376.815.118-22;M;05/08/2003;Londrina;PR;marvino_kaminski@hotmail.com;(51) 96849-9291;Bronze
HSP-378301;Nobuo Pacheco;257.771.183-21;M;26/01/1966;Ribeirão Preto;SP;nobuopacheco@hotmail.com;16993605573;Prata
HSP-253076;Mariano Aranzales;275.230.837-06;M;11/08/1991;Campinas;SP;marianoaranzales82@uol.com.br;(21) 97599-6051;Bronze
HSP-793204;Luciana Rodrigues Moraes;053.131.220-88;F;26/08/1973;Uberlândia;MG;luciana_moraes@outlook.com;(61) 98302-4105;Bronze
HSP-130602;Leodilson Lüdtke Gusmão;314.950.136-93;M;30-04-1988;Belo Horizonte;MG;leodilson_gusmao@yahoo.com.br;(21) 98918-9784;Bronze
HSP-669636;aldo aragoni;571.509.976-51;M;29/11/1950;Porto Alegre;RS;aldoaragoni@hotmail.com;(62) 98406-1217;Bronze
HSP-760321;Fernando Lemos Danner;303.975.245-60;M;1969-01-24;Belo Horizonte;MG;fernandodanner@gmail.com;(62) 99243-7797;Bronze
HSP-209986;Yasmin Feldmann;396.852.701-12;F;10/10/1985;Porto Alegre;RS;yasmin_feldmann25@gmail.com;31998434345;Bronze
HSP-207372;Denis Apuzzo;293.449.734-82;M;05/03/1989;Goiânia;GO;denis_apuzzo47@yahoo.com.br;(19) 96687-8712;Bronze
HSP-870387;Amisele Araxá Marchetti;498.282.467-32;F;11/07/1993;Uberlândia;MG;amisele_marchetti@yahoo.com.br;(62) 98482-8878;Bronze
HSP-908734;Esmeraldo Hasegawa;665.674.916-04;M;17/08/1993;Belo Horizonte;MG;esmeraldo.hasegawa@gmail.com;(19) 99818-3660;Bronze
HSP-630342;Tino Graf Albino;705.024.972-62;M;03/09/1963;Londrina;PR;tino_albino75@icloud.com;(31) 96050-2912;Prata
HSP-814655;Oldair Anzolin Alencar;694.611.952-57;M;1990-07-27;Goiânia;GO;oldair_alencar@icloud.com;(19) 98863-6047;Prata
HSP-567137;Maicon Santos Castro;372.817.932-94;M;1970-01-09;Campinas;SP;maicon.castro24@hotmail.com;51996957697;Prata
HSP-232354;Maíara Flores Arconet;100.409.013-78;F;07/05/2000;Rio de Janeiro;RJ;maiaraarconet@yahoo.com.br;(81) 98130-5355;Bronze
HSP-633233;DINÉA ARAMIS LUTTERBECK;905.510.762-08;F;1974-03-31;Porto Alegre;RS;dinea.lutterbeck@uol.com.br;(51) 99895-5072;Bronze
HSP-560693;Damiela Aragão Ardissone;505.739.769-96;F;16/11/1964;Niterói;RJ;damiela.ardissone61@icloud.com;(21) 99007-7305;Bronze
HSP-877040;Lorenni Passos;872.717.833-18;F;07/11/1960;Niterói;RJ;lorenni.passos85@icloud.com;21964328125;Bronze
HSP-696696;Lênio Hopf Castelli;715.399.156-54;M;25-05-1984;Belo Horizonte;MG;leniocastelli@icloud.com;(19) 98678-8159;Bronze
HSP-079713;Venâncio Gatto Chiavegato;569.040.983-92;M;08/07/1997;Campinas;SP;venancio_chiavegato@outlook.com;61992663069;Diamante
HSP-382261;Fabrício Gomes Ameixial;420.954.814-61;M;09/03/1966;Niterói;RJ;fabricioameixial@icloud.com;41980275775;Prata
HSP-708143;Oriana Reis Bardini;208.656.756-19;F;26.04.87;Niterói;RJ;oriana_bardini94@outlook.com;(51) 98852-4196;prata
HSP-809365;Doris Eichler;774.233.305-82;F;10-06-1955;Uberlândia;MG;doriseichler@gmail.com;(31) 97542-7997;Prata
HSP-915341;Otávio Grüber;630.136.749-97;M;24-05-1991;Salvador;BA;otavio.gruber@yahoo.com.br;(21) 99185-8596;Prata
HSP-104650;Anaraí Ardent Meyer;997.419.267-66;F;20/06/2006;Porto Alegre;RS;ANARAIMEYER@OUTLOOK.COM;(81) 96512-2629;Bronze
HSP-387508;Agda Ameixa Agostinho;813.129.208-82;F;2005-09-26;Brasília;DF;AGDA_AGOSTINHO@GMAIL.COM;(11) 96527-4378;Prata
HSP-535490;Cristiano Bussolini Monteiro;408.487.297-06;M;27-04-1996;Campinas;SP;cristianomonteiro46@uol.com.br;(62) 98091-4438;bronze
HSP-289623;Rayan Cavalcanti;296.184.462-20;M;19-10-1994;Belo Horizonte;MG;rayan_cavalcanti@outlook.com;19998513346;Bronze
HSP-136864;Guilherme Capraro Arcola;256.609.314-80;M;04.08.49;Londrina;PR;guilherme.arcola@icloud.com;(62) 97666-2080;Bronze
HSP-172092;Naiara Hammes;112.849.718-21;F;30/12/1982;Porto Alegre;RS;naiara_hammes@outlook.com;(62) 97110-2623;Bronze
HSP-584526;Mariano Jakob Abbate;222.694.053-74;M;23/10/1959;Porto  Alegre;RS;marianoabbate@icloud.com;(16) 96749-8191; Diamante
HSP-988389;Dinamar Cella Carta;651.113.129-78;F;21/10/1960;Brasília;DF;dinamar.carta37@uol.com.br;(16) 99310-1175;Bronze
HSP-665101;Waleska Muniz Tsuda;068.538.909-06;F;22/04/1961;Salvador;BA;waleska_tsuda@icloud.com;62997014687;Prata
HSP-433192;Bernardo Menezes Aldrovandi;814.474.430-63;M;10/12/2002;Porto Alegre;RS;bernardoaldrovandi@yahoo.com.br;41997805994;Bronze
HSP-633081;Toshio Kaneko Rezende;501.673.188-88;M;2006-12-24;Porto Alegre;RS;toshio.rezende@yahoo.com.br;(11) 96637-5098;Bronze
HSP-852964;Shoiti Held Cirelli;256.053.134-87;M;30/01/1969;Porto Alegre;RS;shoiti.cirelli54@icloud.com;61996901517;Prata
HSP-446177;Roque Arduin Candido;686.211.022-50;M;24/09/1969;Campinas;SP;roque_candido@icloud.com;(41) 96213-6605;BRONZE
HSP-204671;LIARYS LIMA MASKE;414.363.718-99;F;16/07/1981;Salvador;BA;liarysmaske76@icloud.com;31969392973;Bronze
HSP-460043;Sabino Carosi;335.670.860-06;M;24/05/1994;Belo Horizonte;MG;sabino_carosi47@outlook.com;61989147849;Bronze
HSP-072491;Edgar Accioli;247.554.110-50;M;18/06/2007;São Paulo;SP;EDGARACCIOLI@HOTMAIL.COM;(61) 97476-6920;Prata
HSP-016609;Alcimar Carta Bardini;337.118.954-68;F;20/01/1973;Recife;PE;alcimarbardini@hotmail.com;(62) 98952-3517;Bronze
HSP-878533;Hilton Lemke;161.768.802-97;M;08/11/1984;Goiânia;GO;hiltonlemke17@outlook.com;11999141996;Bronze
HSP-917374;Rosenaldo Bomfim Ambiel;432.029.390-84;M;11/06/1961;Niterói;RJ;rosenaldoambiel@icloud.com;(62) 97060-5971;Bronze
HSP-252692;Átilio Capelli Amezola;240.338.105-52;M;1992-02-28;Campinas;SP;atilioamezola@outlook.com;(61) 96340-9999;Bronze
HSP-603722;Iris Arcanjo Cilento;089.164.983-25;F;16-05-2002;Porto Alegre;RS;iris_cilento35@hotmail.com;(81) 98579-7479;Diamante
HSP-901181;Hans Maske;724.042.269-08;M;15/03/1994;Porto Alegre;RS;hans.maske10@yahoo.com.br;(41) 97863-7594;Prata
HSP-308760;Josemar Martins;314.290.018-79;M;25/07/1998;Recife;PE;josemarmartins@icloud.com;(21) 96828-3281;Bronze
HSP-106618;Junia Siqueira Brunner;184.186.203-74;F;18/07/1964;Porto Alegre;RS;junia.brunner50@hotmail.com;(61) 98684-5699; Bronze
HSP-292033;Oldair Galvão Makino;109.226.859-67;M;18/08/1997;Rio de Janeiro;RJ;oldair.makino@hotmail.com;(51) 98559-5702;Bronze
HSP-870091;Elenira Abrunhosa Ardone;252.677.119-69;F;13/09/1983;Porto Alegre;RS;elenira_ardone@outlook.com;(31) 96370-6292;Prata
HSP-496619;Oswaldo Gressler Ecker;366.878.878-23;M;26/06/1969;Salvador;BA;oswaldoecker@yahoo.com.br;(21) 98379-7911;Bronze
HSP-905990;Cristiano Hamann;552.472.863-67;M;1989-04-09;São Paulo;SP;cristiano.hamann@gmail.com;(31) 96480-3344;Bronze
HSP-608803;Bruna Lorenz Heimann;131.096.227-85;F;31-12-1997;São Paulo;SP;brunaheimann68@icloud.com;(51) 97925-7742;Bronze
HSP-066113;Cleuza Carvalho Cella;678.498.436-65;F;10/07/1993;Campinas;SP;cleuza.cella12@uol.com.br;(19) 99895-3050;Prata
HSP-896064;Sabino Duarte Benedetti;662.056.341-47;M;11/01/1991;Brasília;DF;sabino.benedetti78@outlook.com;(11) 96981-5623;Bronze
HSP-091292;Leodilson Medeiros;199.097.005-22;M;09/12/1953;Belo Horizonte;MG;leodilson.medeiros@gmail.com;(61) 99078-5626;Bronze
HSP-797047;Eloise Drissen;182.096.790-58;F;18/06/1972;Uberlândia;MG;eloise_drissen88@yahoo.com.br;21996252528;Bronze
HSP-959657;Tomás Arder Novais;725.459.606-83;M;22/01/1993;Uberlândia;MG;TOMAS.NOVAIS79@UOL.COM.BR;(21) 99924-3496;Bronze
HSP-597003;Doris Passos;421.495.511-01;F;27/09/1979;Uberlândia;MG;doris.passos@yahoo.com.br;(51) 97938-5194;Ouro
HSP-084891;Pilar Leal;589.551.687-48;F;15-09-1963;Recife;PE;pilar_leal@icloud.com;(11) 98542-1934;Bronze
HSP-213034;Maneco Salles;157.787.112-04;M;23/01/1998;Niterói;RJ;manecosalles51@yahoo.com.br;(41) 97644-6385;Bronze
HSP-145912;Diógenes Aramis Takahashi;909.605.673-64;M;14/10/1964;Belo Horizonte;MG;diogenes.takahashi3@icloud.com;19971055129;Prata
HSP-084428;BRENO BASTOS;201.654.235-79;M;03/03/1971;Curitiba;PR;breno_bastos@uol.com.br;(31) 99955-8156;Diamante
HSP-175168;Jaciete Jakob Costa;502.727.516-18;F;09/12/1953;Goiânia;GO;jaciete_costa@gmail.com;16998633059;Prata
HSP-451339;Nádia Castro Cavalcanti;905.504.481-44;F;03/09/1990;Belo Horizonte;MG;nadiacavalcanti@yahoo.com.br;(19) 97680-6762;Bronze
HSP-435142;Joanice Alvarengas Fischmann;649.111.109-10;F;26/09/1991;Campinas;SP;joanice_fischmann96@uol.com.br;(62) 96408-8276;Bronze
HSP-518937;Aristeu Barreto Bertolasi;766.053.844-66;M;1966-09-21;Uberlândia;MG;aristeubertolasi54@icloud.com;41960177792;Ouro
HSP-857315;Leonardo Sacramento;638.639.609-04;M;1973-12-02;Uberlândia;MG;LEONARDO_SACRAMENTO82@YAHOO.COM.BR;31976516212;Bronze
HSP-567862;Osvaldo Chaves;825.311.060-06;M;05/03/1996;Londrina;PR;osvaldochaves@hotmail.com;11985319907;Bronze
HSP-632825;Moacir Nunes Marcelino;364.041.209-50;M;03/08/1950;Salvador;BA;moacir.marcelino77@gmail.com;(21) 96580-5627;Prata
HSP-921744;Rita Batista;136.657.224-62;F;01/02/1975;Salvador;BA;rita.batista@icloud.com;(81) 98585-1515;Bronze
HSP-052165;Iêdo Hirano Archanjo;882.351.305-72;M;25/06/1958;Recife;PE;iedo.archanjo94@icloud.com;(31) 97096-5483;Bronze
HSP-648499;Vera Graf;423.461.994-94;F;12/01/1958;Londrina;PR;vera.graf@icloud.com;(16) 97775-8309;Bronze
HSP-645360;Liara Carlini Ecker;208.496.498-97;F;10/11/1997;Recife;PE;liara_ecker@gmail.com;(31) 99313-6286;Bronze
HSP-313067;Rosmari Brambilla Pacheco;379.538.164-90;F;27/07/1948;Belo Horizonte;MG;rosmaripacheco28@gmail.com;(62) 97138-2225;Bronze
HSP-040214;Isis Echer Eckhoff;959.639.040-64;F;28/10/1989;Belo Horizonte;MG;ISISECKHOFF@UOL.COM.BR;11997348565;Bronze
HSP-304843;Iraci Cavalcanti Ambrogio;556.185.790-81;F;01/01/2004;Goiânia;GO;iraci_ambrogio59@yahoo.com.br;(21) 99453-7126;Ouro
HSP-198720;Anderson Borges;580.040.104-74;M;30/07/2006;Niterói;RJ;anderson.borges89@uol.com.br;(19) 97105-3790;Bronze
HSP-789441;Nardo Guerreiro Loureiro;839.774.573-49;M;26.03.94;Porto Alegre;RS;nardo.loureiro38@icloud.com;(21) 97445-4971;Bronze
HSP-028112;Francisco Matsuo;988.547.281-95;M;12/06/1988;São Paulo;SP;francisco.matsuo47@yahoo.com.br;16995549412;Bronze
HSP-138618;Rosalvo Bastos;130.724.078-00;M;21-07-1969;Curitiba;PR;rosalvo_bastos@gmail.com;(62) 96344-6806;Ouro
HSP-502067;Adenita Klein;634.362.948-37;F;08/11/1968;GOIÂNIA;GO;adenitaklein@yahoo.com.br;(21) 98790-1817;Bronze
HSP-525286;Filipe Garcia;666.134.732-51;M;22/04/2004;São Paulo;SP;FILIPE.GARCIA37@ICLOUD.COM;(81) 97179-1050;Prata
HSP-861613;Ovídio Arcie Mori;720.765.024-83;M;13/02/1980;Londrina;PR;ovidio.mori98@gmail.com;(81) 97442-8763;Bronze
HSP-859851;Helvio Ikeda;211.457.758-96;M;16/06/2003;Campinas;SP;helvio_ikeda@outlook.com;(61) 97879-1222;Bronze
HSP-425614;Arleuda Fiedler Alheiro;325.703.965-40;F;1954-01-23;Uberlândia;MG;arleuda.alheiro@hotmail.com;(19) 98616-2768;Bronze
HSP-268349;Maíara Americo Watanabe;430.985.916-09;F;25-10-1991;Goiânia;GO;maiara_watanabe@outlook.com;(51) 96451-1136;Bronze
HSP-525140;Cecília Fujita;407.034.910-32;F;12/01/1994;Ribeirão Preto;SP;cecilia_fujita56@outlook.com;(11) 96204-5119;Bronze
HSP-102915;Jânio Adão Arduin;143.075.366-81;M;15-03-1957;Uberlândia;MG;janio_arduin@gmail.com;(51) 99769-5948;Bronze
HSP-172413;Orlanda Meier Zimmer;497.826.612-28;F;22-08-1955;Porto Alegre;RS;orlandazimmer@outlook.com;(62) 99829-6858;Bronze
HSP-059476;Lucia Fujita Liebich;439.852.989-63;F;15/02/1966;Brasília;DF;lucia_liebich51@hotmail.com;(19) 98744-1097;Bronze
HSP-863024;Ivy Guimarães Azambuja;501.980.382-08;F;1983-04-09;São Paulo;SP;ivyazambuja@yahoo.com.br;(31) 96915-3535;Prata
HSP-106102;Maiena Alves Sakamoto;708.760.146-60;F;03/07/1989;Recife;PE;maiena_sakamoto@hotmail.com;(62) 97066-8194;Ouro
HSP-172562;Luigi Arconet;744.197.546-80;M;06/12/1990;São Paulo;SP;luigi_arconet@gmail.com;16977077960;Bronze
HSP-036860;Wagner Hayashi Gusmão;527.740.258-69;M;28/07/1972;Recife;PE;wagnergusmao91@uol.com.br;(19) 98101-2028;Diamante
HSP-772733;José Ardiles Amirate;767.929.884-05;M;15/04/1966;Porto Alegre;RS;jose.amirate@uol.com.br;81974257615;Bronze
HSP-646327;Nícolas Sardinha;312.661.094-39;M;06/11/1998;Belo Horizonte;MG;nicolas.sardinha96@gmail.com;(16) 99126-7132;Bronze
HSP-951242;Natanael Figueira Watanabe;326.831.901-74;M;23/07/1995;Brasília;DF;NATANAEL.WATANABE18@GMAIL.COM;(61) 99171-7685;PRATA
HSP-512853;Gumercindo Schaefer;821.766.191-02;M;22/11/1949;Londrina;PR;gumercindo.schaefer@outlook.com;21964839170;Bronze
HSP-828338;Kauan Amelinha Feiler;241.893.898-03;M;1987-05-31;Sao Paulo;SP;kauan_feiler@gmail.com;(62) 98857-2816;Bronze
HSP-237157;Amairla Cardoso Santana;037.199.051-36;F;14/09/1969;Porto Alegre;RS;amairla_santana@uol.com.br;21996358844;Bronze
HSP-564389;Balbino Cunha Elias;000.389.608-00;M;16/12/1962;São Paulo;SP;balbino_elias99@yahoo.com.br;(31) 97760-7993;Bronze
HSP-140252;Gerson Guerra Archave;890.030.102-00;M;13/12/1975;Porto Alegre;RS;gerson_archave6@outlook.com;(61) 98467-5001;Bronze
HSP-609278;Ieda Klement Kubota  ;374.584.384-36;F;12/07/1996;Ribeirão Preto;SP;ieda_kubota@uol.com.br;(21) 96221-6679;Prata
HSP-985351;Araci Takahashi Castellani;203.771.070-42;F;31/03/1989;Campinas;SP;araci_castellani50@outlook.com;21962445572;Bronze
HSP-021403;Elizinete Holzschuh;850.954.930-39;F;04/09/1967;Brasília;DF;elizinete_holzschuh@uol.com.br;(19) 99546-8004;Bronze
HSP-455513;Feliciano Jahn Weiss;320.441.384-50;M;14/07/1959;Curitiba;PR;FELICIANO_WEISS@GMAIL.COM;(81) 97123-6926;Prata
HSP-368840;Suiane Ardent Arão;070.578.360-07;F;10.05.96;São Paulo;SP;suianearao@outlook.com;(81) 98258-6145;Bronze
HSP-242186;Rudolf Cagnotti;310.287.950-09;M;26.09.82;Uberlândia;MG;rudolfcagnotti@gmail.com;(51) 99994-5217;Prata
HSP-151025;Josivaldo Araújo Aragoni;616.420.595-60;M;19-02-1976;Belo Horizonte;MG;josivaldo_aragoni@icloud.com;(61) 97927-5817;Prata
HSP-068575;Lênio Araújo Chiavegato;953.690.261-30;M;20/06/1954;Rio de Janeiro;RJ;lenio.chiavegato@hotmail.com;(81) 98062-9982;Bronze
HSP-665315;Jennifer Henrique Amancio;353.537.513-45;F;23/11/2002;Uberlândia;MG;jennifer_amancio@yahoo.com.br;61963266766;Bronze
HSP-728992;Lindolfo Hirano Aranda;692.944.551-73;M;1967-03-26;Belo Horizonte;MG;lindolfo.aranda@uol.com.br;(31) 98359-9096;Prata
HSP-259710;ORLANDO LOPES TRAVASSOS;602.128.866-14;M;14/12/1969;Campinas;SP;ORLANDO_TRAVASSOS90@UOL.COM.BR;(41) 98916-5806;Prata
HSP-907344;Eulalio Appolonio Araujo;764.722.981-81;M;03/11/1997;Recife;PE;eulalio.araujo@uol.com.br;81975158430;Bronze
HSP-272405;Audinéia Ximenes Albergaria;898.645.652-49;F;01.10.54;Londrina;PR;audineia.albergaria95@icloud.com;41977639505;Bronze
HSP-124219;Kezia Dreher Chaves;491.342.138-72;F;16/12/1981;Porto Alegre;RS;keziachaves@gmail.com;(81) 99696-1651;Ouro
HSP-957582;Daniel Marques Heckmann;117.674.124-10;M;23/03/1982;Belo Horizonte;MG;danielheckmann@outlook.com;21990484644;Bronze
HSP-476068;Elói Alarcão;061.853.800-30;M;27/09/1982;Porto Alegre;RS;eloi.alarcao49@hotmail.com;41970868702;Prata
HSP-189870;Glenison Abilio;178.932.064-03;M;08/09/1995;Curitiba;PR;glenisonabilio@uol.com.br;(41) 98612-6713;Bronze
HSP-864655;Jasmim Zerbini Bauer;413.146.753-46;F;1986-09-15;Niterói;RJ;jasmimbauer@hotmail.com;(16) 99917-6224;Bronze
HSP-886602;Ivano Klement Macedo;360.854.566-20;M;10/02/1964;Uberlândia;MG;IVANO_MACEDO@OUTLOOK.COM;(11) 97099-8954;Prata
HSP-285719;Florisvaldo  Nogueira Busch;952.980.061-40;M;29/09/1970;Salvador;BA;florisvaldobusch46@uol.com.br;21986821806;Prata
HSP-372134;Lindolfo Antonioli Santoro;830.008.186-00;M;14-06-1959;Niterói;RJ;lindolfo_santoro37@outlook.com;(11) 96942-5051;Prata
HSP-172007;Baldomiro Leal Hermann;600.892.196-86;M;1971-07-23;Ribeirão Preto;SP;baldomiro.hermann@outlook.com;(61) 97741-9394;Ouro
HSP-953424;Bladimir Kimura Artoni;474.883.607-53;M;20/10/1983;Campinas;SP;bladimirartoni@outlook.com;(62) 98926-2774;Bronze
HSP-441316;Aelma Nunes Klein;118.237.931-18;F;08/09/1986;Uberlândia;MG;aelma.klein@yahoo.com.br;62989614808;Prata
HSP-806582;Ilmo Kühn Diesel;387.875.357-85;M;13/03/1977;Londrina;PR;ilmodiesel@uol.com.br;21997732721;Bronze
HSP-171490;Jandaia Heller;672.872.866-02;F;15/04/2006;Rio de Janeiro;RJ;jandaia.heller56@outlook.com;51981406281;Bronze
HSP-689364;Junior Taveira Novais;352.287.056-51;F;1960-07-26;Curitiba;PR;junior.novais9@gmail.com;(51) 98873-4074;Bronze
HSP-650683;Dorival Kimura Feiler;034.469.459-38;M;10.01.02;Campinas;SP;dorival_feiler@uol.com.br;(62) 98627-4319;Bronze
HSP-221757;Josué Drumond;599.949.732-90;M;03/02/1988;Londrina;PR;josue.drumond@hotmail.com;21998073400;Prata
HSP-184437;Lindomar Silva Eichler;386.667.548-85;M;29/10/2002;Campinas;SP;lindomar_eichler@uol.com.br;(41) 99913-3721;Bronze
HSP-654303;Josefa Amira Merten;756.398.365-12;F;12/01/1985;Salvador;BA;josefa.merten@gmail.com;(41) 97810-6914;Diamante
HSP-950266;Rafael Decker Engler;604.409.079-50;M;01/06/1974;Campinas;SP;rafaelengler@hotmail.com;(16) 99071-9938;Bronze
HSP-718081;Renan Freitas Archane;705.184.390-70;M;07/10/1993;londrina;PR;renan_archane@outlook.com;(31) 99709-7000;Bronze
HSP-171210;Selso Nakashima Miyazaki;938.620.448-74;M;06/09/2001;São Paulo;SP;selso_miyazaki60@uol.com.br;(21) 98319-8585;Prata  
HSP-159772;Gil Accioli;571.343.240-87;M;04-10-1999;Londrina;PR;gil_accioli@hotmail.com;(51) 96575-6169;Prata
HSP-924033;aglaé carnevali;872.096.289-40;F;15/08/1991;Belo Horizonte;MG;aglae.carnevali@yahoo.com.br;(61) 98646-5729;Prata
HSP-072401;Idário Adorno Amevo;272.795.596-03;M;20/05/1983;Niterói;RJ;idarioamevo@gmail.com;(61) 98872-2713;Prata
HSP-391315;Carolina Linke;079.799.667-24;F;25/06/1977;Salvador;BA;carolina.linke48@uol.com.br;61979767572;Bronze
HSP-425511;Sandra Alarcão;498.392.250-49;F;28/09/1969;Campinas;SP;SANDRA.ALARCAO99@HOTMAIL.COM;(61) 97878-7487;Bronze
HSP-830220;Massao Ardissone;328.507.251-29;M;13/07/1989;Rio de Janeiro;RJ;massao_ardissone@yahoo.com.br;(41) 99738-8738;Bronze
HSP-393326;Denise Boschi Carneiro;696.815.790-03;F;25/12/1995;Brasília;DF;denise.carneiro@hotmail.com;(41) 97511-6935;Bronze
HSP-961124;Eloisy Arcadio;562.624.467-02;F;15/10/1971;Recife;PE;eloisy.arcadio54@hotmail.com;31976319476;prata
HSP-648115;Koji Glaser;707.660.464-78;M;31/05/1998;Ribeirão Preto;SP;kojiglaser@uol.com.br;(16) 98056-7108;Bronze
HSP-953613;Balbina Hansen Freire;943.897.607-85;F;19/06/1991;Uberlândia;MG;balbina_freire63@yahoo.com.br;(61) 96205-7050;Bronze
HSP-513036;Catarine Bevilacqua Cinelli;915.086.321-54;F;25-05-2005;Uberlândia;MG;catarinecinelli94@hotmail.com;(16) 97765-5500;Bronze
HSP-503067;Darlane Archello Bosio;168.154.660-43;F;16/07/1960;Niterói;RJ;darlane.bosio@outlook.com;(21) 99427-8101;Bronze
HSP-576052;Renildo Calori Bergmann;642.480.962-77;M;23-05-1961;Recife;PE;renildobergmann1@yahoo.com.br;(41) 96076-7788;Bronze
HSP-320302;Benedito Ogawa Aragones;979.695.867-83;M;22/07/1950;Uberlândia;MG;beneditoaragones44@outlook.com;(61) 99369-8280;Bronze
HSP-620896;Nobuo Abraão Bardini;851.385.445-00;M;04/04/1992;Goiânia;GO;nobuo_bardini@gmail.com;(31) 98559-3731;Bronze
HSP-542916;Kamila Lange Andrade;116.331.942-21;F;15-01-1982;Uberlândia;MG;kamila.andrade@icloud.com;(19) 98253-7693;Bronze
HSP-666665;Adjanira Aragones Casiraghi;863.677.472-14;F;1974-12-05;Porto Alegre;RS;adjanira.casiraghi@gmail.com;62993996473;Bronze
HSP-544102;Sonja Nascimento;998.199.605-09;F;12/02/1973;Campinas;SP;sonjanascimento73@icloud.com;(16) 98803-2490;Bronze
HSP-519472;Vanessa Aragão Arder;735.241.039-28;F;25/12/1957;Brasília;DF;vanessa_arder@icloud.com;81978174963;Bronze
HSP-889270;Akira Arcosi Franco;068.761.648-45;M;27/04/1953;Uberlândia;MG;akira.franco@uol.com.br;(62) 98927-1388;Bronze
HSP-870396;Elisangela Magalhães Chierotti;761.124.912-65;F;08-10-1971;Uberlândia;MG;ELISANGELA_CHIEROTTI@OUTLOOK.COM;(31) 99739-4982;Bronze
HSP-477736;Adenir Castro Erdmann;574.949.022-01;F;11/11/2000;Ribeirão Preto;SP;adenirerdmann29@outlook.com;81974855771;Bronze
HSP-618168;Malvina Arcon Brandt;430.394.290-19;F;18/01/1968;Salvador;BA;malvina_brandt@uol.com.br;(62) 97662-8814;Bronze
HSP-338415;Ilton Sales Aoki;276.015.343-67;M;22/07/1962;Niterói;RJ;ilton.aoki78@icloud.com;21986624226;Bronze
HSP-873069;Elmira Anjinho Arconte;814.888.107-37;F;27/06/1960;São Paulo;SP;ELMIRAARCONTE@HOTMAIL.COM;(51) 99265-3993;Ouro
HSP-227799;Vitório Yamada Zanini;284.033.399-68;M;10/11/1952;São Paulo;SP;VITORIO_ZANINI@UOL.COM.BR;11973062196;Prata
HSP-152455;Erivaldo Merten;173.997.046-27;M;20/10/1964;Campinas;SP;erivaldomerten81@hotmail.com;(61) 98077-8918;Bronze
HSP-253499;Naires Campi Amazónia;705.877.221-50;F;26/11/1976;Belo Horizonte;MG;naires_amazonia@gmail.com;(16) 97402-9824;Bronze
HSP-535136;Robson Bianconi;925.236.229-04;M;13/12/1979;Belo Horizonte;MG;robsonbianconi67@yahoo.com.br;81992307830;Bronze
HSP-378335;Aguinara Ikeda Bergmann;606.065.274-35;F;03/07/1994;Porto Alegre;RS;aguinara.bergmann@hotmail.com;(41) 98711-5193;Bronze
HSP-351258;Harumi Ehmke;113.257.970-81;F;15/03/1973;Brasília;DF;HARUMIEHMKE@ICLOUD.COM;(16) 97023-5589;Bronze
HSP-239117;Oriana Duarte;562.294.938-61;F;06/10/1976;Ribeirão Preto;SP;oriana.duarte@outlook.com;(81) 98238-5271;Bronze
HSP-867937;Elisangela Nonato;325.737.553-04;F;29/05/2001;Uberlândia;MG;elisangelanonato@outlook.com;(51) 98472-1379;Bronze
HSP-780935;Gilson Kruse Ludwig;085.874.951-35;M;17/11/1963;Brasília;DF;gilsonludwig12@uol.com.br;21981783592;Bronze
HSP-742487;moises araxá ardene;512.957.860-01;M;14/12/2000;Belo Horizonte;MG;moises_ardene@gmail.com;(81) 99392-7388;Ouro
HSP-226346;Felipe Ehrlich;959.232.342-97;M;03/01/1994;Brasília;DF;felipe.ehrlich78@gmail.com;(31) 98212-6710;Bronze
HSP-342923;Emídio Bianchi Ardina;271.607.360-01;M;31/05/1989;Belo Horizonte;MG;emidio_ardina@hotmail.com;(41) 99157-7234;Bronze
HSP-171467;Donizete Aguilar;563.318.574-94;M;1961-03-04;Recife;PE;donizeteaguilar59@gmail.com;(11) 97556-7881;Prata
HSP-483906;Edite Hack Decker;670.450.232-78;F;26/08/2001;Niterói;RJ;editedecker67@hotmail.com;(31) 98847-8697;Bronze
HSP-684151;Vinicius Barbieri Ardon;251.207.346-77;M;01.03.74;Curitiba;PR;viniciusardon@outlook.com;(81) 97315-1466;Bronze
HSP-903551;Eraldo Yamaguchi;053.161.177-94;M;24/07/1994;São Paulo;SP;eraldo_yamaguchi@uol.com.br;(16) 96550-1011;Bronze
HSP-596048;Dinelma Cafagna Macedo;932.382.231-00;F;1948-08-15;Porto Alegre;RS;dinelmamacedo52@outlook.com;(81) 96431-5092;Bronze
HSP-745592;Alcir Ardito;256.529.060-81;M;10/01/1978;Curitiba;PR;alcir.ardito@gmail.com;(31) 98599-1558;Bronze
HSP-436854;Leonidas Ehrlich Ribeiro;379.487.148-04;M;17/05/1964;Recife;PE;leonidas_ribeiro24@outlook.com;(61) 99305-8984;Bronze
HSP-727405;Taise Uehara;137.118.425-93;F;17/10/1976;niterói;RJ;taise_uehara@uol.com.br;21999579269;Bronze
HSP-717575;Rosenaldo Anghetti Paiva  ;880.858.382-14;M;10-08-1987;Niterói;RJ;rosenaldo_paiva88@hotmail.com;(81) 96926-3491;Ouro
HSP-998419;Zélia Farias Koerich;014.843.991-88;F;16/07/1972;Curitiba;PR;zelia.koerich@hotmail.com;(31) 97969-3625;Prata
HSP-523291;Pompeu Ardao;619.237.245-41;M;06/06/1972;Brasília;DF;pompeu.ardao@uol.com.br;(51) 98147-2681;Diamante
HSP-561877;Ainaline Meller Cipollone;406.417.692-88;F;22.04.96;Niterói;RJ;ainalinecipollone@yahoo.com.br;(51) 96920-9566;Bronze
HSP-284740;Dalton Aramburu Aragones;144.485.645-68;M;25/12/1974;Niterói;RJ;dalton.aragones92@yahoo.com.br;41983999109;Prata
HSP-583593;Vitor Arduin Candido;919.191.135-41;M;28/09/1963;Campinas;SP;vitorcandido@uol.com.br;(19) 99339-7451;Bronze
HSP-038749;Ivano Mentz Inoue;392.051.460-21;M;11.08.60;Recife;PE;ivanoinoue@outlook.com;(61) 99352-6636;Diamante
HSP-667158;Alertina Michel Borges;565.271.559-64;F;27-05-1966;Porto Alegre;RS;alertinaborges@hotmail.com;(61) 99394-6010;Bronze
HSP-672843;Danilo Krause Drees;752.250.139-37;M;26/11/1962;Recife;PE;DANILO_DREES@ICLOUD.COM;(62) 97213-9818;Bronze
HSP-796813;Rosenaldo Prado Antonioli;562.614.991-01;M;22/05/1999;Campinas;SP;rosenaldo_antonioli@yahoo.com.br;(11) 97007-9978;Bronze
HSP-226202;Basílio Matsuo;097.768.893-36;M;12/11/1987;Belo Horizonte;MG;basilio_matsuo67@uol.com.br;(19) 98569-7342;Bronze
HSP-993391;Cauana Calvi Maier;389.218.785-13;F;22-10-1974;Porto Alegre;RS;cauana.maier@uol.com.br;(41) 98949-6707;Bronze
HSP-450904;Koji Antenor Castilho;057.215.149-73;M;29/12/1951;Salvador;BA;koji_castilho@icloud.com;(11) 98922-9041;Bronze
HSP-363275;Ubirajarama Kirst;628.950.905-56;F;13.12.66;Belo Horizonte;MG;ubirajaramakirst10@uol.com.br;(21) 98169-7778;Bronze
HSP-809730;Rodolfo Aragão;696.667.252-15;M;03.06.91;Uberlândia;MG;rodolfo.aragao23@icloud.com;(19) 99600-5128;Bronze
HSP-296375;Célia Callegari;090.805.120-44;F;06/07/1989;Brasília;DF;celiacallegari42@yahoo.com.br;(51) 96113-7141;Diamante
HSP-123895;Moisés Arconet;927.282.709-45;M;24-10-1962;Recife;PE;moises.arconet@gmail.com;51998295774;Prata
HSP-946999;Ivo Zerbini Apolonia;867.181.535-83;M;1992-06-29;Goiânia;GO;ivo.apolonia63@hotmail.com;(19) 96170-6870;Bronze
HSP-069575;Euclides Appolonio Chaves;834.527.346-76;M;1960-11-14;Niterói;RJ;euclides_chaves@gmail.com;16960979048;Bronze
HSP-472608;Edevaldo Hirano Araxá;314.998.250-21;M;25/01/1980;Brasília;DF;edevaldoaraxa39@yahoo.com.br;(41) 97440-9810;Bronze
HSP-560241;Aníbal Albergaria Alvelos;351.373.990-78;M;07/07/1991;Niterói;RJ;ANIBAL.ALVELOS@HOTMAIL.COM;(21) 99785-5758;Bronze
HSP-380126;Adão Feiler Zanini;694.346.066-83;M;08/01/1987;Brasília;DF;adao_zanini25@yahoo.com.br;51984581170;Diamante
HSP-011705;Tânia Suzuki Macedo;246.484.494-28;F;04/07/1987;Ribeirão Preto;SP;tania.macedo@yahoo.com.br;(41) 99892-2417;Prata
HSP-410306;Vilma Alheiro;136.957.279-42;F;09/06/1965;São Paulo;SP;vilma.alheiro@uol.com.br;41991474447;Bronze
HSP-932631;Viviane Almeida Reis;481.323.570-00;F;03.01.85;Porto Alegre;RS;viviane_reis32@uol.com.br;(62) 97178-3639; Bronze
HSP-456193;Lisandro Rezende Freire;213.060.906-60;M;31/08/2001;Ribeirão Preto;SP;lisandrofreire29@icloud.com;(11) 98308-9938;Ouro
HSP-264766;Diego Hayakawa Annunziata;577.278.532-08;M;1972-11-15;Ribeirão Preto;SP;diego_annunziata@hotmail.com;(19) 97053-3626;Bronze
HSP-488916;Sabrina Bauer Paula;366.677.767-83;F;31-03-1966;São Paulo;SP;sabrina_paula86@yahoo.com.br;(31) 98962-9682;Ouro
HSP-977348;Aguinaldo Andreasi;654.362.718-20;M;19/01/1990;Recife;PE;aguinaldoandreasi@uol.com.br;(19) 96208-4267;Bronze
HSP-490251;Eustáquio Santoro Ardito;926.932.657-89;M;30/01/1961;Brasília;DF;eustaquio.ardito@hotmail.com;(16) 97295-9693;Bronze
HSP-983093;Edson Basílio;234.159.597-91;M;24/09/2006;São Paulo;SP;edson_basilio23@outlook.com;(51) 96415-3618;Bronze
HSP-154969;Levi Guedes Ambiel;127.102.676-75;M;03/10/1970;Recife;PE;levi_ambiel3@uol.com.br;(61) 99813-8224;Bronze
HSP-330316;Hermann Makino;621.354.159-44;M;29/08/1956;Ribeirão Preto;SP;hermann_makino76@yahoo.com.br;(31) 97495-5140;Bronze
HSP-902344;Jeovani  Almada Moreira;047.158.029-53;M;06-12-1978;Salvador;BA;jeovani.moreira@gmail.com;(51) 97559-4270;Prata
HSP-388743;Naomi Teixeira Yoshida;548.374.417-93;F;08/11/1973;Curitiba;PR;naomiyoshida86@outlook.com;(62) 99669-2859;Bronze
HSP-318780;Honório Boschi;059.129.751-50;M;15/08/1991;Campinas;SP;honorioboschi91@hotmail.com;(41) 99760-2329;Bronze
HSP-273618;Denis Bueno Souza  ;792.749.072-90;M;07-08-1986;Brasília;DF;DENISSOUZA23@HOTMAIL.COM;51965899880;Bronze
HSP-723824;Hermes Prado Alessi;436.453.804-34;M;04-09-1978;Rio de Janeiro;RJ;hermes_alessi@gmail.com;(11) 96257-9092;Bronze
HSP-070593;Abigail Mäder Aguiar;919.457.575-40;F;03/07/1967;Ribeirão Preto;SP;ABIGAIL_AGUIAR63@OUTLOOK.COM;(62) 99051-4117;Prata
HSP-483794;Vicente Campos;772.266.025-80;M;07/11/1975;Londrina  ;PR;vicente_campos@icloud.com;31976366991;Bronze
HSP-204214;Aníbal Vilela Quintela;248.433.797-35;M;1991-01-04;Recife;PE;anibal_quintela@hotmail.com;(16) 99969-1979;Bronze
HSP-615424;eleonora eichler;425.496.919-89;F;28/09/1964;Londrina;PR;eleonora.eichler@outlook.com;(61) 99305-3099;Ouro
HSP-423283;Kamila Queiroz Vieira;748.595.325-70;F;25/04/1974;Salvador;BA;kamilavieira@hotmail.com;(81) 98496-4883;Bronze
HSP-831354;Helvio Yamaguchi Barbosa;417.634.250-10;M;01/09/1961;Porto Alegre;RS;helvio_barbosa82@gmail.com;(61) 97458-8906;Bronze
HSP-281962;baltazar sakamoto dreher;038.843.660-33;M;25/05/1959;Recife;PE;baltazar_dreher19@outlook.com;11961187904;Ouro
HSP-557122;Marivaldo Primo Michels;974.292.501-14;M;27/03/1973;Ribeirão Preto;SP;marivaldo.michels@uol.com.br;(16) 97510-3322;Bronze
HSP-316763;Sumiko Marques Arciniega;908.027.112-86;F;1949-07-11;Brasília;DF;sumiko.arciniega21@icloud.com;(41) 96376-6903;Prata
HSP-455631;Cartimandi Kunz;137.214.330-09;F;08/04/2001;Porto Alegre;RS;cartimandikunz@gmail.com;11986334694;Bronze
HSP-991336;Valéria Benedetti;608.470.681-96;F;21.08.86;Uberlândia;MG;valeria.benedetti5@hotmail.com;(41) 98386-9052;Diamante
HSP-812597;Ivo Alencar Antonas;448.586.239-98;M;1961-10-31;Porto Alegre;RS;ivo_antonas42@outlook.com;(19) 96488-5675;Ouro
HSP-721319;Eduarda Aramburu Ardenna;339.439.457-07;F;05/08/1961;Ribeirão Preto;SP;eduarda.ardenna@hotmail.com;(81) 99646-5134;Bronze  
HSP-882933;Javier Decker;692.778.943-00;M;04/02/1988;São Paulo;SP;javier.decker@gmail.com;11985361819;Prata
HSP-790369;Basílio Bergmann;514.604.014-17;M;16/04/1973;Salvador;BA;basilio.bergmann27@gmail.com;(11) 99605-8807;Prata
HSP-486205;Henrique Bessa;123.166.007-43;M;11/06/1986;Londrina;PR;henrique_bessa@yahoo.com.br;(31) 99985-1217;Ouro
HSP-028240;Enzo Cattaneo Kubota;096.873.045-02;M;1983-07-13;Belo Horizonte;MG;enzo.kubota@yahoo.com.br;(16) 98230-3685;Bronze
HSP-731443;Soraiane Amevo Amelinha;427.865.619-06;F;26/09/1978;Rio de Janeiro;RJ;soraiane_amelinha@outlook.com;(61) 98643-8644;Prata
HSP-991367;Jéssyca Sousa Campos;923.616.188-00;F;30/01/1962; Porto Alegre;RS;jessyca.campos@uol.com.br;(11) 97043-3698;Prata
HSP-536357;Estevão Gouveia Emmel;137.230.817-20;M;06/01/1974;Londrina;PR;estevao.emmel@icloud.com;(51) 96990-7653;Bronze
HSP-001170;Adalmira Arconte Carneiro;471.656.094-58;F;1990-05-17;Niterói;RJ;adalmira_carneiro@hotmail.com;(51) 97755-8838;Bronze
HSP-078350;Herenildo Abrunhosa;995.706.071-65;M;23/12/1975;Porto Alegre;RS;herenildo_abrunhosa12@gmail.com;(41) 98966-2540;Bronze
HSP-037824;Sachiko Flor Borsari;029.087.182-43;F;29/05/1965;Recife;PE;sachiko_borsari73@yahoo.com.br;(62) 98677-1798;Bronze
HSP-921231;Larissara Alfonsin;213.773.062-67;F;28/11/1991;Salvador;BA;larissara_alfonsin24@hotmail.com;(61) 99545-9083;Prata
HSP-196047;Fritz Gatto Couto;608.581.670-77;M;08/01/1995;Rio de Janeiro;RJ;fritz_couto@icloud.com;19962742067;Ouro
HSP-998115;Ariel Grund Sasaki;378.584.712-28;M;05/01/1962;Brasília;DF;arielsasaki@uol.com.br;11969514316;Bronze
HSP-071650;Azor Jung;253.733.777-83;M;1974-02-23;São Paulo;SP;azor.jung50@uol.com.br;62995172161;Ouro
HSP-901646;Hilton Pessoa Sampaio;346.060.560-02;M;14/06/1961;Salvador;BA;hilton.sampaio@outlook.com;19978424681;Bronze
HSP-152740;Ernani Albino Krebs;181.205.464-58;M;06/07/1950;RIBEIRÃO PRETO;SP;ernani_krebs@outlook.com;51994259770;Bronze
HSP-696654;Ascelina Alcobia Kaneko;175.889.144-08;F;14-08-1954;Brasília;DF;ascelina_kaneko@uol.com.br;62969336129;Bronze
HSP-854246;Alcione Andreasi Graf;924.358.853-26;F;19/04/1990;Curitiba;PR;alcione_graf@hotmail.com;21989675775;bronze
HSP-833794;Sebastião Arcola Flor;524.914.168-40;M;03/06/1949;Rio de Janeiro;RJ;sebastiao_flor25@outlook.com;16978625539;Bronze
HSP-543113;Vanda Matos Ludwig;001.418.842-23;F;04/08/1963;Ribeirão Preto;SP;vanda.ludwig@icloud.com;(19) 96839-1654;Bronze
HSP-222679;Bruno Flor;532.089.532-16;M;23/08/1982;Recife;PE;bruno_flor79@gmail.com;(31) 96373-5419;Bronze
HSP-241121;Gloria Bravi;346.996.733-41;F;1971-01-19;Niterói;RJ;gloria.bravi@yahoo.com.br;(16) 97812-3463;Bronze
HSP-264830;Lucinete Andrade Amende;896.793.521-88;F;18/02/1983;Uberlândia;MG;lucineteamende@icloud.com;(19) 96689-7619;Prata
HSP-783896;Valério  Gressler Kramer;931.706.955-09;M;11/03/1985;Curitiba;PR;valerio_kramer56@icloud.com;(16) 99724-7949;Bronze
HSP-921255;Osvaldo Graf Bertozzi;830.650.312-05;M;15/08/1974;Curitiba;PR;osvaldo.bertozzi@uol.com.br;11970252298;Bronze
HSP-292352;Damilene Ciaramicoli;190.924.876-27;F;1968-05-27;Rio de Janeiro;RJ;damilene.ciaramicoli26@uol.com.br;(21) 96275-2663;Bronze
HSP-719208;Reni Lemos Ogawa;480.880.622-33;F;30/05/1974;Goiânia;GO;reni.ogawa@hotmail.com;(41) 99529-7016;Bronze
HSP-716091;DARLLIANE KATO;478.768.868-50;F;26/08/1997;Rio de Janeiro;RJ;darlliane_kato@uol.com.br;61992217638;Bronze
HSP-100981;Janiele Travassos Adorno;666.450.573-85;F;04/09/1962;Niterói;RJ;janiele.adorno82@hotmail.com;(16) 99543-3291;Prata
HSP-923732;Amarine Paiva;260.321.450-00;F;20/02/1987;São Paulo;SP;amarine_paiva@yahoo.com.br;(19) 96319-5816;Bronze
HSP-033501;Elsie Mori Melo;840.083.850-53;F;30/06/1964;Niterói;RJ;elsie_melo@uol.com.br;(16) 97421-6350;Bronze
HSP-874565;Brigitte Alfonsin;981.265.742-83;F;12/06/1996;Recife;PE;brigitte.alfonsin@hotmail.com;(21) 98526-7289;Bronze
HSP-014178;Amandi Cunha;689.430.120-47;F;02/05/1980;SÃO PAULO;SP;amandi_cunha@gmail.com;(41) 97918-3713;Bronze
HSP-698925;Eva Miyazaki;558.298.493-30;F;05/10/1976;Salvador;BA;eva.miyazaki@yahoo.com.br;16971146376;Bronze
HSP-828582;Elmira Kramer Matos;372.188.566-08;F;25/07/1980;Recife;PE;elmira_matos@outlook.com;21969933661;Bronze
HSP-444933;Tainã Dreher;437.769.366-22;F;1968-06-05;São Paulo;SP;taina.dreher79@hotmail.com;(61) 96652-6359;Bronze
HSP-148976;Bernadete Assunção;200.720.245-00;F;30/09/2006;Campinas;SP;bernadeteassuncao@icloud.com;(61) 98728-2433;Bronze
HSP-000978;Lineu Feiler Coelho;714.949.819-12;M;21-03-1955;São Paulo;SP;lineu_coelho60@uol.com.br;51966449435;Diamante
HSP-331449;Iremar Bertolazi Beserra;446.634.533-33;M;20-08-2004;Curitiba;PR;iremar_beserra20@gmail.com;(21) 96240-2928;Bronze
HSP-233244;Fausto Loureiro Quadros;894.370.526-38;M;02/12/2000;Londrina;PR;fausto.quadros7@gmail.com;51975954056;Bronze
HSP-877697;Denise Klement Eichler;202.461.752-22;F;03/08/1995;Salvador;BA;denise.eichler@hotmail.com;(62) 98473-9115;Bronze
HSP-678304;Zélia Zerbini Lehmann;833.258.486-80;F;06/09/2006;São Paulo;SP;zelialehmann@uol.com.br;81968058126;Bronze
HSP-942059;Udo Appolonio Amero;176.799.359-55;M;04-03-1959;Curitiba;PR;UDO.AMERO@OUTLOOK.COM;(11) 99345-4759;Bronze
HSP-282000;Amandine Rodrigues Amavizca;488.608.490-71;F;15/11/2003;Belo Horizonte;MG;amandine_amavizca@hotmail.com;(62) 98708-5711;Prata
HSP-604324;Zeferino Amiraldo Engler;124.244.626-58;M;11-08-1958;Rio de Janeiro;RJ;zeferino.engler@outlook.com;21991335731;prata
HSP-988027;Joanice Amerus Arconti;421.751.887-01;F;02/09/2000;Campinas;SP;joanicearconti86@uol.com.br;(51) 99217-2364;Bronze
HSP-520987;Conceição Ximenes Jahn;112.252.883-39;F;12/07/1990;Uberlândia;MG;conceicao_jahn@icloud.com;(61) 96122-6573;Bronze
HSP-216770;Clarissa Alcochel;378.765.530-10;F;1971-05-28;Uberlândia;MG;clarissa.alcochel@gmail.com;(81) 97455-1280;Bronze
HSP-085511;Perla Lange Pereira;788.519.053-63;F;1965-12-05;Porto Alegre;RS;perla_pereira@yahoo.com.br;(51) 96159-2746;Bronze
HSP-928993;Azor Murta Cagnotti;744.600.452-57;M;15/06/1973;Niterói;RJ;azorcagnotti18@uol.com.br;(81) 98455-2640;Bronze
HSP-315500;Eva Campi;488.189.848-53;F;25/07/1977;Uberlândia;MG;evacampi52@gmail.com;(51) 99763-7884;Ouro
HSP-951443;Esmeraldo Bezerra Murta;814.298.315-02;M;1999-01-18;Campinas;SP;esmeraldo.murta73@icloud.com;21985831275;Ouro
HSP-246857;Adlene Loureiro Vargas;378.306.396-55;F;13/10/1961;Londrina;PR;adlene.vargas@outlook.com;(61) 96557-7627;Bronze
HSP-726015;Kira Capraro Bruno;429.291.320-00;F;29/04/1996;Recife;PE;kira.bruno@icloud.com;(11) 98995-2182;Prata
HSP-021643;Iris Casagrande;722.155.668-76;F;18/12/1955;Campinas;SP;iriscasagrande85@hotmail.com;31968467376;Bronze
HSP-942417;Ruth Ardovino Boschi;078.436.142-81;F;25/08/1963;Salvador;BA;ruth_boschi55@gmail.com;(16) 99218-9676;Diamante
HSP-462431;Miguel Graf Bergmann;372.037.638-97;M;21.05.87;Ribeirão Preto;SP;miguelbergmann@hotmail.com;21970967075;Prata
HSP-770582;Elisangela Carlini;443.899.827-10;F;04/03/1961;Niterói;RJ;elisangelacarlini3@outlook.com;(62) 97719-6591;Bronze
HSP-746214;Faustino Alberti;999.516.793-07;M;10/01/1980;Campinas;SP;faustino.alberti44@outlook.com;(16) 99108-4951;Bronze
HSP-618282;Elizete Maier;681.187.233-05;F;13/01/2006;Goiânia;GO;elizete.maier@gmail.com;51960477703;Bronze
HSP-321875;Ambrozio Aparicio Watanabe;307.482.073-09;M;1999-02-14;Belo Horizonte;MG;ambrozio_watanabe@gmail.com;(21) 98063-4757;Bronze
HSP-517956;Ana Grahl Gruber;322.302.333-00;F;1966-12-05;Uberlândia;MG;ana.gruber8@icloud.com;(16) 96924-3203;Bronze
HSP-846813;Gilberto Astori Hauck;250.826.112-24;M;18/08/1980;Ribeirão Preto;SP;gilberto.hauck54@gmail.com;(19) 96939-3722;Bronze
HSP-899819;Izabela Amilde Grimaldi;893.762.974-74;F;1954-06-05;Goiânia;GO;izabela_grimaldi28@icloud.com;(11) 96803-7648;Bronze
HSP-169279;Sumiko Abe Bueno;187.692.082-39;F;1955-05-08;Niterói;RJ;sumikobueno@hotmail.com;(41) 99719-1831;Bronze
HSP-523114;Adelino Amezola Avila;323.182.971-26;M;27/05/1960;Porto Alegre;RS;adelino_avila@uol.com.br;21990216273;Ouro
HSP-777687;Mirtes Carta Flor;152.911.371-77;F;16/07/2004;São Paulo;SP;mirtes_flor@uol.com.br;61962341423;Prata
HSP-672086;josivaldo hilbert yoshida;987.478.122-06;M;17/04/1962;Campinas;SP;josivaldo_yoshida@gmail.com;(61) 97554-8682;Bronze
HSP-068360;Jandir Okamoto Marques;848.266.913-35;M;02/10/1953;São Paulo;SP;jandir_marques35@uol.com.br;(41) 97317-7054;Ouro
HSP-504426;Malaquias Vasconcellos Antigao;987.950.982-08;M;02/10/2003;Brasília;DF;malaquias.antigao35@gmail.com;21995447417;Bronze
HSP-279654;Jara Amiles;383.638.164-85;F;24-01-2007;Goiânia;GO;jara.amiles9@hotmail.com;(19) 98535-5835;Bronze
HSP-412473;Jonailton Ardani Miyazaki;863.144.170-82;M;03/12/1979;Ribeirão Preto;SP;jonailton_miyazaki81@yahoo.com.br;(31) 97452-7122;Ouro
HSP-735118;Valéria Kopf;017.646.448-40;F;16/12/1986;uberlândia;MG;valeriakopf@uol.com.br;(62) 99753-1368;Prata
HSP-582716;Feliciano Borsari Amiles;050.404.333-10;M;26/07/1962;Londrina;PR;feliciano.amiles@outlook.com;(41) 99393-9621;Bronze
HSP-880744;Leonie Holanda Kiefer;180.933.913-80;F;09/08/1987;Londrina;PR;leonie_kiefer52@icloud.com;(61) 96924-1642;Bronze
HSP-749909; Karen Amaral Ávila;688.002.300-24;F;13/08/1952;Uberlândia;MG;karenavila54@gmail.com;62965239583;Bronze
HSP-722917;Agostinho Hermann Fiedler;609.365.952-64;M;18/05/1950;Salvador;BA;agostinho.fiedler78@gmail.com;(21) 99566-9617; Bronze
HSP-530191;Elvira Chierotti Bertolini;239.982.137-83;F;23.11.71;Belo Horizonte;MG;elvira_bertolini54@gmail.com;(21) 97045-1597;Prata
HSP-867343;Iracema Ambrosio Kremer;608.112.600-54;F;31-08-2003;Londrina;PR;iracema.kremer@gmail.com;(62) 99624-4328;Diamante
HSP-360929;Alyne Arão Boaventura;345.506.882-03;F;23/01/2005;Niterói;RJ;alyne_boaventura@yahoo.com.br;(16) 97738-3336;Bronze
HSP-357973;Jonilson Chiavegato Melo;378.826.033-50;M;15-10-1985;Campinas;SP;jonilsonmelo@icloud.com;(21) 96218-2678;Prata
HSP-595025;Damiela Vieira Arantes;074.926.999-56;F;01-04-2003;Niterói;RJ;damielaarantes@uol.com.br;(81) 99309-7158;Bronze
HSP-051756;Jordania Aranda Aragoni;932.591.408-59;F;01/08/1966;Londrina;PR;jordania_aragoni@hotmail.com;31996474119;Bronze
HSP-745906;Ovídio Cilento;087.261.760-25;M;01/11/1994;Uberlândia;MG;ovidiocilento@icloud.com;(41) 97267-4737;Bronze
HSP-291878;Elcio Ardovino Aralho;405.612.996-76;M;1949-03-06;Porto Alegre;RS;elcio_aralho19@yahoo.com.br;(81) 99125-6877;bronze
HSP-334080;Aníbal Candido Caldas;761.238.595-36;M;10/02/1958;Uberlândia;MG;anibal.caldas25@outlook.com;(19) 98217-3440;Bronze
HSP-881706;Vicente Albino Carlini;869.661.016-48;M;14/11/2003;Ribeirão Preto;SP;vicentecarlini11@icloud.com;(41) 99335-6486;Bronze
HSP-622683;Noah Heller;762.839.762-04;M;27/06/2002;Goiânia;GO;noah.heller@hotmail.com;51971061275;Bronze
HSP-098774;Claudilna Aragones Cattaneo;292.508.177-03;F;1992-12-12;Brasília;DF;claudilna_cattaneo@hotmail.com;(81) 98864-2094;Bronze
HSP-012299;Vanessa Alvelos Falchi;552.356.178-94;F;07/12/1983;Goiânia;GO;vanessa.falchi@hotmail.com;(31) 98777-2665;Bronze
HSP-248934;Iarley Silva;895.613.371-93;M;28/05/1997;Brasília;DF;iarleysilva@outlook.com;(51) 98427-1805;Bronze
HSP-208420;Naelson Borges Novais;734.167.812-79;M;1972-01-08;Niterói;RJ;naelson_novais@yahoo.com.br;(62) 96697-4058;Bronze
HSP-858115;Henrique Arconti;629.857.973-73;M;30/05/1963;Campinas;SP;henrique_arconti@hotmail.com;(62) 96995-2883;Prata
HSP-279075;Leudimar Ecker Kroener;661.770.673-01;M;21-02-1977;São Paulo;SP;leudimar_kroener@hotmail.com;(11) 97495-1036;Bronze
HSP-163196;Jewel Azambuja;505.871.469-82;F;04/03/1992;Ribeirão Preto;SP;jewel.azambuja@uol.com.br;31962973273;Bronze
HSP-572462;Karine Yamada Aquires;802.205.093-87;F;28-06-1957;São Paulo;SP;karineaquires@yahoo.com.br;81989355108;Bronze
HSP-865003;Pedrinha Cipollone;887.071.523-02;F;18/03/1977;Recife;PE;pedrinhacipollone@yahoo.com.br;16968029835;Prata
HSP-906945;Thiago Nakamura Carpinetti;682.996.872-09;M;06.07.00;Brasília;DF;thiago.carpinetti74@hotmail.com;16990711625;Bronze
HSP-673686;Winnie Silva Klinger;566.957.900-35;F;20/10/1990;Ribeirão Preto;SP;winnieklinger36@uol.com.br;31991886613;Prata
HSP-513826;Anadir Accioli Alvelos;289.463.389-03;F;1966-03-07;Brasília;DF;anadir.alvelos22@outlook.com;(21) 98803-6371;Bronze
HSP-154582;Laionê Goto Zara;895.138.186-24;M;08/08/1972;Porto Alegre;RS;laione_zara@icloud.com;(16) 98125-5306;Prata
HSP-722036;Julie Soares Araxá;891.179.720-00;F;01-10-1963;Porto Alegre;RS;julie.araxa@icloud.com;(61) 98383-4866;Bronze
HSP-334331;Nathália Hanauer;259.367.813-56;F;12/02/1972;Belo Horizonte;MG;nathalia_hanauer@outlook.com;(11) 96065-5354;Bronze
HSP-135965; Feliciano Bittencourt Teixeira;809.270.452-06;M;06/10/1975;Uberlândia;MG;feliciano.teixeira@uol.com.br;(62) 99508-6706; Bronze
HSP-498547;Marta Feiler;874.422.758-26;F;05/02/1969;Goiânia;GO;marta_feiler@icloud.com;(51) 98217-6562;Bronze
HSP-199984;Hildegard Archanjo Cervantes;502.000.245-31;F;21/06/1962;Rio de Janeiro;RJ;hildegardcervantes83@hotmail.com;21999254873;Bronze
HSP-345647;GERSON EBLING BASTOS;144.488.966-41;M;04/01/2007;Belo Horizonte;MG;gersonbastos@icloud.com;(16) 96590-9185;Bronze
HSP-610357;Dante Arconi Mergen;254.318.328-08;M;02/04/1981;Londrina;PR;dante.mergen@hotmail.com;(21) 96517-4279;Prata
HSP-300221;André Brandt Arcila;875.082.768-50;M;21/03/2002;Campinas;SP;andrearcila59@hotmail.com;31996856735;Bronze
HSP-211501;Denisia Callegari Hammes;187.683.160-03;F;12/03/1951;Goiânia;GO;denisiahammes@icloud.com;(16) 99933-2981;Bronze
HSP-177969;Perpétua Hayashi;052.229.993-86;F;19/03/1988;Ribeirão Preto;SP;perpetuahayashi@hotmail.com;(21) 99001-7997;Bronze
HSP-518339;Soraiara Prado Arcos;983.584.461-52;F;24/04/1986;Curitiba;PR;soraiara_arcos@yahoo.com.br;(16) 96896-3647;Bronze
HSP-228767;Anniele Rocha;279.970.292-90;F;01/09/1977;Recife;PE;anniele_rocha8@outlook.com;(41) 98730-8676;Bronze
HSP-199510;Eunice Kuroda;125.608.320-89;F;08/03/1978;Londrina;PR;eunice.kuroda71@yahoo.com.br;(81) 99321-8628;bronze
HSP-632597;Cirlene Bardini Portela;030.443.619-40;F;12/02/1974;LONDRINA;PR;cirleneportela59@gmail.com;61994203670;Bronze
HSP-619976;Maximo Andrade;143.748.309-79;M;14/02/1994;Uberlândia;MG;maximo.andrade@uol.com.br;(19) 97925-2354;Prata
HSP-367118;Douglas Caldas Araujo;767.201.911-28;M;26/06/1994;Campinas;SP;DOUGLAS.ARAUJO@GMAIL.COM;(31) 99740-3960;Bronze
HSP-697916;Gláuber  Gonçalves Michels;304.936.653-23;M;28/09/1976;Rio de Janeiro;RJ;glaubermichels23@yahoo.com.br;(51) 99181-9535;Prata
HSP-053598;Jordan Ximenes Coelho;952.294.620-60;M;28/12/1981;Campinas;SP;jordancoelho47@outlook.com;19994392081;Bronze
HSP-164009;Tobias Arduno Anísio;124.365.858-49;M;15/07/1976;Recife;PE;tobias_anisio@hotmail.com;(41) 99466-1443;Prata
HSP-943124;Aparecida Sales Marques;029.907.166-96;F;12.04.64;Rio de Janeiro;RJ;aparecidamarques30@hotmail.com;(31) 99522-5610;Ouro
HSP-627221;Idário Calori Sardinha;956.797.564-71;M;1950-11-01;Niterói;RJ;idariosardinha57@uol.com.br;(61) 97523-5670;Bronze
HSP-184000;Oneide Bui;181.030.683-30;F;17/12/1997;Salvador;BA;oneide.bui@outlook.com;21980023652;Bronze
HSP-073158;Ivelma Americo;150.713.806-76;F;20/02/1961;Sao Paulo;SP;ivelma_americo7@yahoo.com.br;(41) 97360-2305;Prata
HSP-141104;Arcanjo Amavizca Carta;588.576.694-08;M;28/07/1980;Salvador;BA;arcanjo_carta16@uol.com.br;(11) 97367-4259;Bronze
HSP-841302;Nivaldo Santoro Mentz;270.004.666-85;M;05/04/1968;Curitiba;PR;nivaldo.mentz43@icloud.com;(81) 96102-2111;Bronze
HSP-120655;Luiz Aparicio Takahashi;819.490.531-13;M;31/07/1965;Ribeirão Preto;SP;luiz_takahashi@gmail.com;(51) 98500-9222;Bronze
HSP-936966;Cauê Ardeal Arago;379.716.698-28;M;06/12/1962;Niterói;RJ;cauearago53@yahoo.com.br;21966084543;Bronze
HSP-221317;Aniete Sakamoto;899.499.197-20;F;12/04/1956;Salvador;BA;aniete.sakamoto34@hotmail.com;(19) 99473-3286;Bronze
HSP-814866;Tobias Matos Alegria;418.135.998-07;M;06/01/1959;Salvador;BA;tobiasalegria@uol.com.br;(16) 99689-3401;Prata
HSP-526080;Breno Nascimento Ameixa;864.482.217-94;M;09/05/1951;Goiânia;GO;breno_ameixa@icloud.com;(41) 98339-8214;Bronze
HSP-820440;Claudieli Ameixoeira;236.914.961-21;F;21-12-2001;Rio de Janeiro;RJ;claudieliameixoeira@hotmail.com;62996499186;BRONZE
HSP-173968;Nadir Takeda Löffler;040.953.141-33;F;1962-03-26; Goiânia;GO;nadirloffler@outlook.com;(19) 96180-9099;Bronze
HSP-533195;Nilson Cavalli Falchi;624.096.496-45;M;17/11/1957;Uberlândia;MG;nilson_falchi@icloud.com;(51) 99832-8033;Bronze
HSP-413319;Arnaldo Alcobia Diehl;936.488.208-34;M;12/09/2001;Rio de Janeiro;RJ;arnaldodiehl@hotmail.com;(51) 98189-7555;Bronze
HSP-319560;Araci Meier;091.141.319-78;M;1984-04-25;Rio de Janeiro;RJ;aracimeier85@uol.com.br;31993614351;bronze
HSP-839025;Elsa Bartoloni;165.025.447-46;F;09/12/1970;Salvador;BA;elsa.bartoloni79@gmail.com;(19) 97302-1517;Bronze
HSP-847890;Aristeu Mendes Andriolo;824.989.808-73;M;10.06.71;Brasília;DF;aristeuandriolo@icloud.com;(11) 99548-7565;Bronze
HSP-448123;Jordana Castro;266.486.989-26;F;14-05-2000;Curitiba;PR;jordana.castro@uol.com.br;(19) 98852-8214;Diamante
HSP-359801;Elonira Andriolo Diehl;292.075.360-64;F;30/05/1999;Londrina;PR;elonira_diehl61@gmail.com;(19) 98796-2013;Prata
HSP-347152;Robervaldo Amilde Kiefer;590.670.009-90;M;19/09/1969;Belo Horizonte;MG;robervaldokiefer@outlook.com;(31) 97223-9689;Bronze
HSP-629864;Reni Ciaramicoli;605.642.045-01;F;11-11-1973;Brasília;DF;reni_ciaramicoli@yahoo.com.br;(16) 97392-9806;Ouro
HSP-780183;Maximo Busch Ecker;662.265.401-84;M;05/04/1990;Belo Horizonte;MG;maximo_ecker@uol.com.br;(81) 97421-4750;Bronze
HSP-111749;Rodrigo Bevilacqua Luca;774.625.916-26;M;03/10/1990;Rio de Janeiro;RJ;rodrigo.luca23@outlook.com;(21) 96378-7103;Bronze
HSP-790453;Jeanete Arconti Jahn;782.312.995-72;F;17/12/2006;São Paulo;SP;jeanete_jahn@gmail.com;(51) 97827-3210;Bronze
HSP-079052;Amairla Arconte;753.659.680-42;F;19/05/1969;Uberlândia;MG;amairla_arconte@icloud.com;31975095337;BRONZE
HSP-623279;Décio Leal;400.644.547-46;M;30/06/1957;Ribeirão Preto;SP;decio_leal@hotmail.com;(21) 96456-3292;Bronze
HSP-679668;Juarez Tanaka Cecchetti;177.633.427-22;M;23/04/1959;Uberlândia;MG;juarez.cecchetti72@uol.com.br;(19) 98806-3780;Bronze
HSP-807982;Edilberto Martins Ardila;306.935.882-92;M;21/01/2002;Goiânia;GO;edilberto_ardila@hotmail.com;(61) 99472-4760;Ouro
HSP-573429;Helena Arcon;652.444.544-98;F;12/03/1998;Londrina;PR;helena_arcon69@hotmail.com;(62) 99600-6924;Bronze
HSP-166973;Edilberto Archetti Battistini;912.878.848-65;M;11/12/1957;Salvador;BA;edilbertobattistini@uol.com.br;(81) 98372-7972;Bronze
HSP-514241;Cassio Brun;630.198.642-32;M;02/05/1964;Porto Alegre;RS;CASSIO_BRUN27@UOL.COM.BR;41984268365;Prata
HSP-116509;Joinville Bonato;293.288.098-51;M;02/04/1998;Recife;PE;joinville.bonato16@gmail.com;(21) 96061-4032;Bronze
HSP-341956;Nildo Soares;876.108.143-42;M;04/09/1960;Campinas;SP;nildo_soares@gmail.com;(51) 96252-4854;Bronze
HSP-504478;Audirone Bosio Arcosi;235.469.510-18;F;11/08/1954;Campinas;SP;audirone.arcosi99@gmail.com;(16) 99421-7623;Prata
HSP-383904;Gabriel Casiraghi Erdmann;664.110.654-38;M;23/09/1954;Londrina;PR;gabriel.erdmann@icloud.com;(41) 97155-1025;Bronze
HSP-260635;Joana Coelho Klinger;366.834.826-08;F;12/06/1954;Recife;PE;joanaklinger@uol.com.br;(81) 97659-3610;Prata
HSP-458549;Lorenni Lopes Amancio;791.505.962-92;F;1959-01-26;Belo Horizonte;MG;lorenni_amancio@gmail.com;(81) 97861-7177;Bronze
HSP-187386;Everaldo Loureiro;982.604.180-70;M;15/09/1999;São Paulo;SP;everaldoloureiro@hotmail.com;(21) 99211-8552;Bronze
HSP-476126;Balbina Dreher Guerra;118.824.199-01;F;07/11/1963;Salvador;BA;balbina_guerra@yahoo.com.br;51967253665;Prata
HSP-488927;Iarley Fischer Alcochel;421.854.570-71;M;30/10/2000;Recife;PE;iarley_alcochel@uol.com.br;(31) 96011-3318;Diamante
HSP-039849;Manoelito Silva Antenor;723.247.282-06;M;16/01/2003;São Paulo;SP;manoelitoantenor@icloud.com;(51) 96020-1957;Bronze
HSP-672143;Haroldo Ardenna Alfonsin;850.710.580-73;M;27/01/1993;Rio de Janeiro;RJ;haroldo.alfonsin48@gmail.com;(81) 96729-8599;BRONZE
HSP-728705;Celso Albanesi Ludwig;300.716.950-01;M;06-08-2003;Campinas;SP;celso.ludwig@outlook.com;(21) 99593-9260;Bronze
HSP-154558;Juliette Engelhardt Ciaramicoli;652.944.716-47;F;26-07-1949;Belo Horizonte;MG;julietteciaramicoli80@icloud.com;62997913314;Bronze
HSP-031764;Zélia Ameixial Assunção;217.435.748-86;F;01.03.01;Belo Horizonte;MG;zelia.assuncao20@yahoo.com.br;62962477645;Prata
HSP-527225;Joélia Pinto Lutterbeck;384.253.646-12;F;15/02/1990;Salvador;BA;joelia.lutterbeck@outlook.com;61962178299;Bronze
HSP-633321;Anari Leite Kaminski;090.855.107-08;F;25/03/1967;Porto Alegre;RS;anarikaminski@icloud.com;(11) 98728-2666;Bronze
HSP-909032;Erasmo Coelho;760.220.695-99;M;23/12/1961;Salvador;BA;erasmo.coelho35@icloud.com;21987953902;Bronze
HSP-793908;Yago Moura Accioli;015.153.259-11;M;13/05/1979;Salvador;BA;yago_accioli@uol.com.br;(61) 96131-8177;Bronze
HSP-845975;Viviane Coelho Metz;503.100.649-88;F;08/05/1990;Londrina;PR;viviane.metz@icloud.com;(11) 96832-2941;Bronze
HSP-069202;Aldair Loureiro Gonçalves;913.599.285-96;M;27.01.69;Belo Horizonte;MG;aldair_goncalves@hotmail.com;61988096578;Prata
HSP-449005;Nícolas Jahn Lacerda;801.867.740-95;M;10/03/2002;São Paulo;SP;nicolaslacerda@yahoo.com.br;62970933053;Bronze  
HSP-803478;Robson Cesare Brunner;550.325.017-60;M;14.11.73;Recife;PE;robson.brunner@outlook.com;(51) 96532-7408;Bronze
HSP-101971;Apolo Matsumoto;345.110.090-82;M;26/08/1984;Goiânia;GO;apolomatsumoto@yahoo.com.br;(11) 97458-5002;Bronze
HSP-081347;Leodegar Kurz Alcantara;904.575.988-83;M;17/09/1985;Curitiba;PR;leodegar_alcantara73@hotmail.com;(21) 96700-7938;Bronze
HSP-481064;Neuza Peixoto Bianchini;582.147.709-39;F;14/12/1985;Niterói;RJ;neuza.bianchini57@gmail.com;21992816640;Bronze
HSP-490771;Vilson Amestoy Alves;581.897.059-03;M;20/07/1990;Rio de Janeiro;RJ;vilson.alves@gmail.com;62977884464;Prata
HSP-854916;Aurilene Amestoy Anjos;688.005.378-55;F;16.09.54;Londrina;PR;aurileneanjos@hotmail.com;21982427151;Bronze
HSP-293005;Janio Tsuda Vilela;272.002.839-83;M;02/11/1961;Uberlândia;MG;JANIO_VILELA@ICLOUD.COM;(41) 96554-3547;Prata
HSP-967987;Alessandro Casanova;165.993.020-09;M;17/10/1963;Curitiba;PR;alessandro.casanova27@gmail.com;51998383445;Ouro
HSP-818270;Irineu Mende;281.650.646-06;M;15/04/1975;Salvador;BA;irineu.mende8@outlook.com;(81) 96945-8208;Bronze
HSP-510015;Darleni Klement Anunciação;617.469.029-65;F;07/09/1952;Campinas;SP;darlenianunciacao@hotmail.com;21998671477;Diamante
HSP-315821;Alena Amende Carta;708.056.856-00;F;17/11/1951;Campinas;SP;alena_carta@gmail.com;(19) 96957-7455;Bronze
HSP-057730; Caetano Alcochel Kannenberg;663.493.396-06;M;23-01-1975;Porto Alegre;RS;caetano_kannenberg83@uol.com.br;(19) 96685-8432;Bronze
HSP-812124;Horácio Hornburg;258.542.188-01;M;02/08/1968;Rio de Janeiro;RJ;horaciohornburg@gmail.com;(62) 99010-9077;Bronze
HSP-976532;Sinézio Arconti;853.247.250-80;M;06/08/1979;Belo Horizonte;MG;sinezio_arconti@hotmail.com;(41) 97067-4314;Ouro
HSP-854373;ADÃO ABREU;769.475.769-89;M;09/09/1974;Londrina;PR;adaoabreu@outlook.com;(61) 99878-4266;Prata
HSP-395590;Alcione Heil Amirau;342.125.450-80;F;18/03/1983;Salvador;BA;alcioneamirau@gmail.com;81973606019;Bronze
HSP-395381;Helvécio Klinger;307.423.591-82;M;19/09/1994;Recife;PE;helvecio_klinger16@outlook.com;(11) 98734-5338;Bronze
HSP-333705;Alceu Lange;373.100.817-30;M;26/01/1997;Niterói;RJ;alceulange@hotmail.com;(31) 99817-2970;Bronze
HSP-213928;Marivaldo Amesquita Michels;687.447.017-56;M;1957-07-16;Campinas;SP;marivaldo.michels@hotmail.com;11988329667;Diamante
HSP-454314;Celmira Primo Benvenuti;140.052.781-32;F;27/12/1965;Salvador;BA;celmira.benvenuti@outlook.com;61986589505;Bronze
HSP-701481;Ian Rego;609.439.136-59;M;11/07/1991;Salvador;BA;ianrego@icloud.com;21980243694;Bronze
HSP-375390;Roque Antoniolli;297.352.595-08;M;02/09/1951;Brasília;DF;roqueantoniolli@hotmail.com;31966923470;Prata
HSP-603468;Agnes Archave Ambrosi;353.236.618-52;F;18/05/1953;Goiânia;GO;agnes_ambrosi@yahoo.com.br;(19) 96375-1802;Bronze
HSP-715183;Bárbara Alberti Jakob;107.126.158-49;F;05/11/1962;Recife;PE;barbara.jakob@uol.com.br;(62) 98589-3996;Bronze
HSP-524242;Ibraim Arcioni Mayer;233.222.801-28;M;29/12/1983;Londrina;PR;ibraimmayer20@outlook.com;(62) 98745-3527;Bronze
HSP-189330;Noé Grimm Kramer;637.311.804-56;M;07/09/1973;São Paulo;SP;NOE_KRAMER@YAHOO.COM.BR;(51) 96428-4871;bronze
HSP-976306;Haroldo Drissen Bertozzi;362.608.463-98;M;1957-05-15;Niterói;RJ;HAROLDOBERTOZZI@YAHOO.COM.BR;(61) 97581-2036;Diamante
HSP-579634;anari nogueira hamann;411.955.640-90;F;14/12/1984;Porto Alegre;RS;anarihamann@gmail.com;(81) 98952-7159;Ouro
HSP-808801;Vitor Yamamoto Amero;201.971.212-17;M;01/06/1975;Salvador;BA;vitor_amero26@uol.com.br;41990798045;Ouro
HSP-094048;Darlliane Andriolo Ardeal;319.227.607-06;F;01/02/1971;Salvador;BA;darlliane_ardeal@uol.com.br;(62) 98546-8784;Bronze
HSP-696310;Giovana Arconi;654.308.952-02;F;26/11/1950;Belo Horizonte;MG;giovana.arconi6@hotmail.com;(21) 98400-2134;Bronze
HSP-549470;Yasmin Takahashi Hesse;687.644.867-37;F;20-02-1982;Curitiba;PR;yasmin_hesse58@uol.com.br;(16) 99782-6071;Bronze
HSP-608043;Wiliam Hornburg;373.096.496-80;M;27/03/1969;Porto Alegre;RS;wiliamhornburg60@yahoo.com.br;(21) 96450-6867;Bronze
HSP-034031;Marvino Hofer Bertolasi;827.636.431-40;M;14/01/1989;Porto Alegre;RS;marvino_bertolasi@uol.com.br;(81) 99481-6495;Prata
HSP-232997;Cirlene Kurz Ardina;441.491.699-26;F;05/04/1985;Brasília;DF;CIRLENEARDINA78@HOTMAIL.COM;(51) 97129-8387;Bronze
HSP-566510;Aglaé Carboni Krueger;586.297.398-27;F;20/12/2005;Curitiba;PR;aglaekrueger@uol.com.br;81995145417;Ouro
HSP-401874;Alcino Elias;485.346.557-07;M;13/04/1956;São Paulo;SP;alcinoelias17@gmail.com;(41) 96041-1703;Bronze
HSP-165817;Anatilde Marchetti Bohm;512.137.565-45;F;04/10/2001;Brasília;DF;anatildebohm@yahoo.com.br;(41) 97354-6527;Bronze
HSP-207516;Fernanda Mäder Abreu;663.113.885-02;F;30-10-1952;Recife;PE;fernanda.abreu@outlook.com;(31) 96780-7674;Bronze
HSP-414602;Ismael Brunetti;796.868.008-59;M;12/09/1979;Belo Horizonte;MG;ismaelbrunetti91@hotmail.com;(81) 99524-5597;Bronze
HSP-064802;Laris Reis;043.502.385-30;F;07.11.48;Uberlândia;MG;laris.reis72@uol.com.br;51977297403;Prata
HSP-196211;Rosa Fleck Sarmento;691.330.303-32;F;22/06/1989;Belo Horizonte;MG;rosa.sarmento60@yahoo.com.br;21990063012;Bronze
HSP-146738;Dara Costa Meller;024.530.123-20;F;19/03/1969;Niterói;RJ;DARAMELLER@OUTLOOK.COM;(16) 96698-4850;Bronze
HSP-209579;Valdemir Marinho Peixoto;017.222.405-55;M;1959-01-18;Rio de Janeiro;RJ;valdemir.peixoto@icloud.com;(19) 99753-5242;Bronze
HSP-321768;elaine arcot arconet;406.583.872-00;F;31/01/1963;Londrina;PR;elainearconet@hotmail.com;(61) 98071-2050;Bronze
HSP-733579;Juvenal Aragones Melo;237.337.912-07;M;12/01/1955;Uberlândia;MG;juvenal.melo12@gmail.com;(21) 98174-8502;Ouro
HSP-870990;Zito Glaser Uchôa;074.039.251-49;M;1970-03-12;Goiânia;GO;ZITOUCHOA@UOL.COM.BR;(51) 98844-6815;Bronze
HSP-199725;Anacleto Fontes Masuda;220.542.216-27;M;08/01/1992;Campinas;SP;anacleto.masuda@outlook.com;(51) 98421-7266;Bronze
HSP-223883;Rodolfo Santos Menezes;878.995.047-08;M;20/12/1989;Goiânia;GO;rodolfo.menezes@gmail.com;(61) 98514-7185;Bronze
HSP-469362;Amira Drees Ambrosi;956.342.777-79;F;20/04/1967;Uberlândia;MG;amira_ambrosi@hotmail.com;(61) 98323-3516;Bronze
HSP-081659;Weverson Klinger;294.115.630-58;M;26.10.58;Porto Alegre;RS;weverson.klinger@outlook.com;(81) 97647-4810;Bronze
HSP-162714;Aldilene Uehara Sacramento;154.980.851-68;F;07/11/1970;Ribeirão Preto;SP;aldilene.sacramento14@hotmail.com;(62) 99114-1662;Bronze
HSP-061191;Baltazar Ambroses Bertolazi;154.815.826-78;M;03/06/1993;Londrina;PR;baltazarbertolazi@yahoo.com.br;19972201138;Bronze
HSP-503318;Narciso Amavizca;006.298.778-07;M;29/12/1983;Porto Alegre;RS;narciso_amavizca41@uol.com.br;61991787352;Prata
HSP-726119;Anélia Diesel Guedes;221.320.410-16;F;14/06/1968;Recife;PE;anelia_guedes33@uol.com.br;(41) 99259-2847;Diamante
HSP-848469;Elinor Anibal Freire;498.128.318-00;F;01/04/1965;Campinas;SP;elinor.freire56@yahoo.com.br;(19) 96085-3754;Prata
HSP-513806;Wellington Graf;524.383.805-51;M;14/01/1993;Belo Horizonte;MG;wellingtongraf@yahoo.com.br;(81) 96700-2023;Bronze
HSP-798158;Rolf Ambrogio Manske;896.337.618-40;M;23-06-1966;Rio de Janeiro;RJ;ROLF_MANSKE@ICLOUD.COM;62997397594;Bronze
HSP-370015;Rosenaldo Esteves Brunelli;233.921.883-79;M;22/12/1957;Brasília;DF;rosenaldo_brunelli@yahoo.com.br;(81) 98983-2037;Diamante
HSP-364635;Audires Rocha Krause;088.143.192-35;F;13/04/1963;Salvador;BA;audires_krause@yahoo.com.br;(21) 97886-9243;Bronze
HSP-652616;Josevaldo Lenz Antipode;266.568.629-50;M;02/09/1959;Niterói;RJ;josevaldo_antipode@gmail.com;31973258343;Bronze
HSP-322467;Dagoberto Alarcão Aquino;429.907.472-65;M;05/12/1992;Recife;PE;dagobertoaquino@uol.com.br;(51) 96257-8174;Bronze
HSP-746456;Elinilda Amiran;946.418.398-59;F;16/11/1957;São Paulo;SP;elinilda_amiran60@hotmail.com;(51) 99436-8509;Bronze
HSP-137523;Adalcina Antonas Ameal;928.605.210-38;F;03/09/1959;Uberlândia;MG;adalcina.ameal@yahoo.com.br;(11) 97624-7557;Bronze
HSP-152570;Jordánia Vasconcelos Vieira;898.305.748-30;F;1958-09-03;Niterói;RJ;jordaniavieira77@icloud.com;(16) 97072-2736;Bronze
HSP-790267;Amireth Almeida;619.953.056-00;F;27-05-1967;Rio de Janeiro;RJ;amireth_almeida34@uol.com.br;41993818180;Bronze
HSP-996518;Clarissa Anjinho Bezerra;001.365.103-02;F;17-06-1964;Goiânia;GO;clarissa_bezerra@outlook.com;51965381708;Bronze
HSP-949193;Elinice Arduin Fuchs;215.599.672-18;F;23-05-1957;Brasília;DF;elinice_fuchs@hotmail.com;(31) 99845-3962;BRONZE
HSP-962723;Valter Feldmann;648.455.939-20;M;06/03/1988;Belo Horizonte;MG;VALTER_FELDMANN13@HOTMAIL.COM;62969226120;BRONZE
HSP-721880;Helvio Murta;362.211.732-05;M;19/08/1977;Curitiba;PR;helviomurta@yahoo.com.br;31977435435;Bronze
HSP-515363;Pirai Amiles Ehlers;516.185.759-53;M;09/09/1978;Londrina;PR;pirai.ehlers@gmail.com;(61) 99752-1855;Bronze
HSP-422327;Linério Aragones Cabral;478.417.159-27;M;19/04/1967;Curitiba;PR;linerio_cabral@uol.com.br;(16) 96816-5259;ouro
HSP-452120;Lorene Cavalcanti;133.892.608-03;F;02/10/1986;Porto Alegre;RS;lorene_cavalcanti@hotmail.com;(62) 96279-6777;BRONZE
HSP-843014;Euclides Sasaki Antoniazzi;465.353.780-12;M;02/12/1981;São Paulo;SP;euclides.antoniazzi@gmail.com;(61) 97740-8837;Prata
HSP-431850;Arnildo Hofmann Abilio;433.629.994-33;M;08/07/1964;Campinas;SP;arnildo_abilio@yahoo.com.br;51999796594;Ouro
HSP-615545;Wanderson Antenor Anunciato;835.211.896-00;M;27/11/2004;Uberlândia;MG;wandersonanunciato@outlook.com;31986645830;Bronze
HSP-796754;Anari Aldrovandi Alfonsin;857.595.828-36;F;15-12-1951;Curitiba;PR;anarialfonsin76@gmail.com;(31) 96587-2170;Bronze
HSP-882569;Larisa Ameixial Araujo;717.059.844-28;F;18/11/1950;Ribeirão Preto;SP;larisa_araujo@outlook.com;41977429132;Bronze
HSP-762578;Jonalvo Alvarengas Esteves;119.397.814-93;M;28/02/1991;Campinas;SP;jonalvo_esteves@gmail.com;(81) 98689-3734;Bronze
HSP-189527;Fritz Antigao Borges;158.807.053-07;M;12/03/1979;Porto Alegre;RS;fritz.borges@gmail.com;(21) 96499-4950;Bronze
HSP-936317;Bruno Ambiel;090.858.181-50;M;22.01.56;Rio de Janeiro;RJ;bruno.ambiel8@hotmail.com;(51) 96869-8553;Bronze
HSP-434906;Sabino Fuchs;896.933.539-00;M;17/11/1959;Londrina;PR;sabino.fuchs@icloud.com;(61) 98230-6271;Ouro
HSP-033355;Célia Arcola Chierichetti;551.164.369-69;F;30/05/1985;Salvador;BA;celia.chierichetti@uol.com.br;41979318965;Prata
HSP-473092;Hiroshi Sardinha;816.441.610-01;M;05/03/1954;Goiânia;GO;HIROSHI.SARDINHA@ICLOUD.COM;(16) 99927-6297;Ouro
HSP-031150;Estevão Arconde Cirelli;730.427.636-33;M;06/09/1983;Brasília;DF;estevao.cirelli@uol.com.br;21970785246;PRATA
HSP-232047;Damineide Amanta;676.490.922-91;F;25/07/1955;Uberlândia;MG;damineideamanta@outlook.com;81980858443;Bronze
HSP-581448;Audinara Freire Bonanomi;068.811.640-09;F;09/01/1978;Niterói;RJ;audinara.bonanomi27@uol.com.br;(62) 99112-9564;Bronze
HSP-635722;Jandir Avanzini Amerus;770.413.090-02;M;01/10/1967;Salvador;BA;jandiramerus@outlook.com;(41) 98099-7867;Bronze
HSP-210261;Paulino Luz Kirst;319.057.720-09;M;24/03/1976;Rio de Janeiro;RJ;paulino_kirst@gmail.com;11962319105;Bronze
HSP-925067;Edite Bassetti Sarmento;412.248.709-99;F;16/03/1974;Curitiba;PR;editesarmento@yahoo.com.br;(31) 99049-7386;PRATA
HSP-042122;Kezia Astori Accorsi;326.118.900-21;F;11/01/1974;Rio de Janeiro;RJ;kezia.accorsi68@yahoo.com.br;(21) 98816-7250;Bronze
HSP-460970;Luiz Martins Quadros;536.621.953-13;M;06/09/1971;Goiânia;GO;LUIZ_QUADROS@UOL.COM.BR;(11) 96040-6553;Bronze
HSP-419507;Dinelma Drees Cardoso;397.130.722-19;F;01/12/1998;São Paulo;SP;dinelma.cardoso70@yahoo.com.br;(81) 96168-9344;Prata
HSP-182872;Araci Jost Abade;617.192.817-85;F;09-11-1990;Rio de Janeiro;RJ;araci.abade@outlook.com;41976671881;Bronze
HSP-160325;Vilmar Ciaramicoli Marinho;120.944.772-07;M;01/03/1975;Rio de Janeiro;RJ;vilmar_marinho@hotmail.com;(31) 97723-6785;Bronze
HSP-048709;Dirce Marcelino;245.598.516-46;F;26/10/1970;Salvador;BA;dirce.marcelino14@uol.com.br;(21) 97309-9798;Prata
HSP-788257;Mariano Amelinha Kramer;862.376.008-50;M;1981-11-22;Uberlândia;MG;marianokramer59@outlook.com;11980934780;BRONZE
HSP-028140;Soraiara Boaventura Amiral;698.369.235-78;F;15/03/1956;Campinas;SP;soraiara.amiral35@uol.com.br;19971078357;Prata
HSP-942170;JAIRO GUERRA;123.720.550-62;M;03/01/1956;Belo Horizonte;MG;jairo.guerra@gmail.com;11960841297;Prata
HSP-105579;Alertina  Kopf Ito;141.600.916-79;F;30/03/1954;Belo Horizonte;MG;alertinaito@icloud.com;(31) 99360-4851;BRONZE
HSP-695470;Inocêncio Yamada;085.481.867-71;M;19/04/1955;Londrina;PR;inocencio_yamada@gmail.com;(11) 96094-9438;Bronze
HSP-872495;Liz Bruno;151.985.458-72;F;09-11-1996;Brasília;DF;liz.bruno@outlook.com;(31) 99984-1297;Bronze
HSP-324039;Anísio Martins Bastos;994.494.667-26;M;1989-04-04;Porto Alegre;RS;anisio.bastos@gmail.com;(11) 98254-3260;Prata
HSP-920930;Nairane Soares Nóbrega;581.745.273-11;F;23-02-1959;Londrina;PR;nairane_nobrega@hotmail.com;19972763617;Bronze
HSP-107953;Ilton Fernandes Lima;816.125.590-34;M;08/09/1999;Curitiba;PR;ilton_lima@yahoo.com.br;(21) 99618-1519;Bronze
HSP-400554; Seiji Viotti Benedetti;012.329.615-31;M;1983-10-12;São Paulo;SP;seiji.benedetti84@outlook.com;(62) 98929-7131;Prata
HSP-288973;Irineo Lutterbeck Mayer;042.276.346-28;M;06/05/1978;Uberlândia;MG;irineo.mayer12@outlook.com;(41) 96028-6995;Bronze
HSP-239095;Maiara Danner;251.272.670-39;F;24/02/1994;Salvador;BA;maiaradanner@yahoo.com.br;(19) 99829-6752;Bronze
HSP-884558;Lindalva Carta;947.712.903-85;F;1951-10-05;Campinas;SP;lindalva_carta53@gmail.com;(62) 97242-9201;Bronze
HSP-883347;Arleuda Lisboa;682.121.564-27;F;30-05-1979;Belo Horizonte;MG;arleudalisboa@outlook.com;(31) 97461-5207;Prata
HSP-601667;Carlos Ardito Espírito Santo;881.827.306-00;M;11.02.82;Curitiba;PR;carlos.santo44@icloud.com;(81) 99231-5710;Bronze
HSP-594808;Antônio Alfonsin Casagrande;102.125.434-74;M;1969-11-06;Recife;PE;antonio.casagrande@hotmail.com;(41) 99535-1480;Ouro
HSP-482176;Sandrinho Diesel;860.032.031-37;M;25/02/1960;Recife;PE;sandrinhodiesel@uol.com.br;(81) 98475-1810;Bronze
HSP-941167;Damião Santana Carvalho;978.601.625-47;M;16/10/1980;Belo Horizonte;MG;damiaocarvalho@gmail.com;(62) 97058-2614;Ouro
HSP-960933;Miliara Alvelos Engler;210.728.878-00;F;17/10/1974;Niterói;RJ;miliaraengler18@yahoo.com.br;81991141921;Bronze
HSP-061691;Satoshi Lange;399.647.718-00;M;23.03.69;Campinas;SP;satoshi.lange@hotmail.com;(11) 97832-7868;Bronze
HSP-673385;André Cella;024.432.362-34;M;2006-03-03;Goiânia;GO;andre.cella@gmail.com;(19) 98396-1623;Bronze
HSP-260863;Lorena Holzschuh Amevo;691.395.215-59;F;11/08/1966;Porto Alegre;RS;lorena.amevo@yahoo.com.br;(51) 99372-3378;Bronze
HSP-109852;Angélica Tsuda;243.198.392-77;F;28/12/1987;São Paulo;SP;angelica_tsuda@outlook.com;(62) 96270-4610;Bronze
HSP-832130;Bruno Figueiredo Luca;758.646.339-50;M;25/10/2000;Recife;PE;bruno_luca71@gmail.com;21960126338;Prata
HSP-485493;Gilmar Abraão Liebich;385.512.817-04;M;24/07/1993;Curitiba;PR;gilmar_liebich13@hotmail.com;(41) 98425-7096;Bronze
HSP-186784;Elonira Freyer;360.244.654-91;F;21/03/1984;Porto Alegre;RS;elonira_freyer@yahoo.com.br;(31) 96150-6867;Bronze
HSP-051326;Werner Machado;837.031.754-51;M;31/03/1989;Salvador;BA;werner.machado@hotmail.com;(16) 97214-2194;Bronze
HSP-053735;elona matsumoto furukawa;272.884.076-83;F;13/02/1973;Rio de Janeiro;RJ;elona_furukawa2@yahoo.com.br;19987984389;Bronze
HSP-794416;Erivaldo Bacci;386.879.060-80;M;29-10-1988;Porto Alegre;RS;erivaldo_bacci@uol.com.br;(19) 98422-4829;Bronze
HSP-230587;Patrick Fischer Heil;739.615.976-85;M;26/05/1986;uberlândia;MG;patrick_heil@outlook.com;(41) 98792-6270;Bronze
HSP-843240;Damiane Fujii;038.422.736-81;F;1954-02-04;Goiânia;GO;damianefujii@yahoo.com.br;(41) 96738-1977;Bronze
HSP-788646;Nildo Portela Noguchi;716.204.298-88;M;17-12-1997;Campinas;SP;nildo_noguchi35@uol.com.br;(19) 98363-4812;Prata
HSP-905818;Neomício Elias;698.014.264-03;M;25/05/1969;Niterói;RJ;neomicio_elias@gmail.com;(19) 98237-1414;Bronze
HSP-418030;Rolf Barbosa Battaglini;049.332.672-35;M;18/04/2000;Uberlândia;MG;rolf_battaglini@yahoo.com.br;(81) 96916-2853;Bronze
HSP-902577;Margarida Casiraghi Metzger;540.259.985-80;F;30/10/1985;Brasília;DF;margarida.metzger@hotmail.com;(81) 96921-3084;Bronze
HSP-815826;Potira Masuda;496.026.676-72;F;25/12/1958;Rio de Janeiro;RJ;potiramasuda22@yahoo.com.br;(31) 98264-5976;Bronze
HSP-507553;Acília Kawamoto Campigotto;067.560.208-46;F;18/04/1951;Recife;PE;acilia.campigotto@gmail.com;(81) 99931-3814;Bronze
HSP-820250;Lineu Batista;322.533.320-46;M;28/08/1980;Porto Alegre;RS;lineu.batista9@gmail.com;(31) 99316-7131;Bronze
HSP-927608;Cileide Gama;988.843.933-29;F;19/03/1987;Recife;PE;cileide.gama@outlook.com;(41) 97614-3674;Bronze
HSP-579219;Irene Ameixa;441.290.759-77;F;24/05/1976;São Paulo;SP;irene_ameixa79@uol.com.br;(81) 96548-1924;bronze
HSP-045200;Jander Abilio;294.193.759-51;M;1989-09-27;Brasília;DF;jander.abilio@hotmail.com;(19) 97828-2245;Bronze
HSP-149418;Erasmo Heinrich Bianconi;646.120.961-18;M;22/07/1971;Londrina;PR;erasmo_bianconi@hotmail.com;(11) 96018-3594;Bronze
HSP-113230;Audiete Carboni;143.219.143-88;F;15/05/1990;SÃO PAULO;SP;audietecarboni@uol.com.br;(16) 97987-8552;Prata
HSP-810572;Anselmo Aranda Loureiro;581.920.487-56;M;17/12/1984;Porto Alegre;RS;anselmo_loureiro64@icloud.com;(19) 99397-4248;Bronze
HSP-408914;Zeferino Aparo;846.408.585-07;M;07/06/1957;Recife;PE;zeferinoaparo@hotmail.com;(62) 96703-6253;Bronze
HSP-053151;Dinete Kramer;435.519.628-39;F;02/02/1992;Uberlândia;MG;dinete.kramer45@gmail.com;21981844004;Prata
HSP-451786;Taise Krause Vale;122.341.499-08;F;09.08.80;Uberlândia;MG;taise.vale@gmail.com;(81) 98876-7840;Ouro
HSP-328389;Norma Metzger Azevedo;563.217.400-04;F;26/09/1970;Rio de Janeiro;RJ;normaazevedo10@gmail.com;(21) 98354-4598;Prata
HSP-124053;Moab Ameixial;006.082.770-02;M;29.07.91;Recife;PE;moab_ameixial@yahoo.com.br;(21) 99782-7848;Bronze
HSP-773034;Cristóvão Maciel Jung;346.176.231-83;M;01/12/1987;Curitiba;PR;cristovao.jung@hotmail.com;(19) 96469-1203;Bronze
HSP-973281;Anerinha Caldas Mayer;372.776.857-68;F;14.03.95;Curitiba;PR;anerinha_mayer@gmail.com;(19) 99517-4414;Bronze
HSP-884815;Loreni Zerbini Arcieri;017.999.324-00;F;14/08/1982;São Paulo;SP;loreniarcieri22@outlook.com;(62) 96897-8295;Bronze
HSP-243185;Anabela Batista Abilio;790.254.853-75;F;11-11-1987;Rio de Janeiro;RJ;anabela_abilio@hotmail.com;(19) 98291-1679;Bronze
HSP-726903;Yolanda Viotti Antoniolli;855.742.164-85;F;01.08.68;Goiânia;GO;yolanda.antoniolli76@uol.com.br;11994211532;Bronze
HSP-046402;Edmilson Batista Calvani;884.437.066-27;M;03/03/1969;Ribeirão Preto;SP;edmilson.calvani@yahoo.com.br;(61) 99598-7809;Bronze
HSP-499732;Amirele Marinho Zimmer;185.899.002-58;F;1986-07-13;Brasília;DF;amirele_zimmer@icloud.com;(31) 98362-2802;Bronze
HSP-683224;Joelson Fischer Melo;605.033.746-28;M;28/09/1966;Londrina;PR;joelsonmelo@hotmail.com;(11) 97623-8914;Bronze
HSP-479517;Taira Nascimento;667.941.908-50;F;20/03/1971;Niterói;RJ;taira_nascimento@uol.com.br;19973474572;Bronze
HSP-526156;Vivian Peixoto Jäger;876.055.049-00;F;04/02/1989;Salvador;BA;vivian.jager16@icloud.com;16962405298;Bronze
HSP-644287;Jandaia Amerino;629.073.992-17;F;29/06/1971;Niterói;RJ;jandaiaamerino@gmail.com;(81) 99343-9790;Bronze
HSP-797720;Hercílio Amiran;086.494.269-99;M;12/12/1969;Rio de Janeiro;RJ;hercilio_amiran27@icloud.com;(81) 98193-4840;Bronze
HSP-613594;Abraão Berger Feitosa;692.195.873-60;M;18/07/1953;Ribeirão Preto;SP;abraao.feitosa@uol.com.br;(62) 96665-5449;Prata
HSP-867680;Maneco Casanova Ardissone;816.780.664-27;M;1985-07-01;Uberlândia;MG;manecoardissone15@outlook.com;(62) 98375-1848;Bronze
HSP-960097;Norberto Burini Antolini;170.926.407-17;M;11/10/1994;Londrina;PR;norberto.antolini66@icloud.com;(62) 96128-9480;Diamante
HSP-195678;Udo Kohlmann;850.072.889-26;M;29.01.60;Rio de Janeiro;RJ;udo_kohlmann@hotmail.com;(16) 98585-5515;Bronze
HSP-678317;Cícero Ameixoeira Oliveira;662.080.820-48;M;15/05/1954;Brasília;DF;cicero.oliveira@yahoo.com.br;11986033870;Bronze
HSP-356129;Suzana Campi Castelli;701.204.242-74;F;03/12/1987;Curitiba;PR;suzanacastelli@hotmail.com;(19) 98443-1304;Bronze
HSP-052489;Juvenal Kimura;039.670.243-00;M;15-03-1985;Porto Alegre;RS;juvenal_kimura98@icloud.com;(51) 96172-6766;Prata
HSP-687720;Adrieli Luca Bussotti;364.882.159-81;F;29/05/2000;Goiânia;GO;adrieli_bussotti@hotmail.com;(62) 97513-5529;Bronze
HSP-438665;Amineh Antoniolli;491.259.497-05;F;20/10/1986;Rio de Janeiro;RJ;aminehantoniolli@hotmail.com;(11) 99896-5203;Bronze
HSP-513399;Josenildo Jäger Agostini;996.235.699-71;M;30.08.70;Rio de Janeiro;RJ;josenildoagostini@hotmail.com;(81) 99747-9981;Diamante
HSP-544637;Tomás Amil Mori;041.348.208-12;M;22/08/1971;Niterói;RJ;tomas_mori@hotmail.com;(21) 97340-4279;Bronze
HSP-000266;Cassio Salles  ;762.914.304-44;M;28/05/1971;Rio de Janeiro;RJ;cassiosalles@gmail.com;(41) 97230-2936;Prata
HSP-984064;Saulo Antenor Abade;564.224.059-52;M;05/11/1993;Porto Alegre;RS;sauloabade@gmail.com;(62) 96748-4826;Bronze
HSP-491956;Ainaline Anjinho;298.056.820-13;F;27/03/1969;Salvador;BA;ainaline.anjinho@outlook.com;41985721045;Bronze
HSP-591796;Lucinilda Kroener Coelho;404.347.412-13;F;16/11/1968;Goiânia;GO;lucinilda_coelho10@icloud.com;(41) 97974-6173;Ouro
HSP-460932;Doris Bezerra;192.025.999-63;F;14/07/1963;Salvador;BA;dorisbezerra26@uol.com.br;(16) 96792-4440;Bronze
HSP-883826;Sandra Cipollone;476.078.623-66;F;06/01/1991;Londrina;PR;sandra_cipollone@gmail.com;(16) 97693-6265;Diamante
HSP-968906;Robevaldo Shimizu;289.514.563-66;M;13/06/2004;Ribeirão Preto;SP;robevaldo_shimizu10@uol.com.br;61980841023;Prata
HSP-276626;Cílene Abreu Campelo;607.700.409-00;F;20.12.66;Porto Alegre;RS;cilene.campelo@gmail.com;(51) 97306-6107;Bronze
HSP-105653;Leocádio Vieira Brunetti;203.858.864-38;M;13/07/1958;Recife;PE;leocadiobrunetti@icloud.com;(11) 98703-8287;Prata
HSP-092468;José Ehmke Saraiva;356.230.397-15;M;11/03/1977;Recife;PE;jose_saraiva3@uol.com.br;(62) 99686-1875;Prata
HSP-590197;Elionara Agueda;991.843.113-04;F;22-03-1953;Londrina;PR;elionaraagueda@hotmail.com;(19) 97550-2642;Prata
HSP-013115;Euclydes Carta Amil;604.722.053-31;M;11-03-1957;Porto Alegre;RS;euclydesamil@icloud.com;(11) 97949-8821;Bronze
HSP-866161;Hildegard Casiraghi Cinelli;714.619.953-37;F;03/06/2002;Salvador;BA;hildegardcinelli63@yahoo.com.br;(19) 96541-7675;Bronze
HSP-207050;Alcides Antigao Heller;578.703.686-79;M;1974-12-01;São Paulo;SP;alcides.heller7@yahoo.com.br;(41) 96170-7491;Bronze
HSP-780620;Alcinéa Lima Heil;891.039.091-31;F;30.11.95;São Paulo;SP;alcinea.heil95@hotmail.com;11965866977;Bronze
HSP-743452;Márcio Calvani Franke;192.600.986-02;M;25/07/1989;Rio de Janeiro;RJ;marcio.franke60@outlook.com;(16) 99827-5837;Prata
HSP-379223;Alvanete Arcioni Apolonia;811.808.189-38;F;2003-07-30;Rio de Janeiro;RJ;alvanete_apolonia45@uol.com.br;41971605636;Bronze
HSP-144340;Amayra Santoro Trindade;616.248.607-96;F;24/03/1974;Recife;PE;amayra.trindade82@hotmail.com;(19) 99693-7653;Bronze
HSP-330960;Irineu Gressler;316.715.605-82;M;13.11.01;Uberlândia;MG;irineugressler@gmail.com;(61) 96528-3936;Bronze
HSP-342797;Arneide Barbieri;531.579.057-67;F;06.07.54;Belo Horizonte;MG;arneide.barbieri@icloud.com;21991069596;Prata
HSP-431287;Claro Bauer Kramer;748.768.057-68;F;28/03/1988;Recife;PE;claro.kramer@hotmail.com;(16) 99471-8766;Prata
HSP-110342;Leonildo Bottaro Alves;297.323.964-82;M;17/11/1949;Uberlândia;MG;leonildo_alves72@hotmail.com;(61) 96983-3684;Prata
HSP-249672;Darlete Archello Aquino;852.023.209-49;F;30/09/1990;Ribeirão Preto;SP;darlete.aquino1@gmail.com;(19) 98526-4094;Prata
HSP-940516;Nildo Casiraghi Ciaramicoli;755.154.526-31;M;14/06/1988;Rio  de Janeiro;RJ;nildo.ciaramicoli@yahoo.com.br;(61) 97787-2137;Bronze
HSP-732261;Luciano Lemos;622.777.733-10;M;2007-03-04;São Paulo;SP;luciano.lemos@icloud.com;62988661553;Bronze
HSP-050306;Amelie Ota Mendes;298.424.107-06;F;09/10/1967;Uberlândia;MG;ameliemendes7@hotmail.com;(16) 97106-1303;Bronze
HSP-439841;Dinéa Aguilar Trindade;036.385.646-30;F;30/10/1966;Brasília;DF;dineatrindade74@yahoo.com.br;(51) 97290-8957;Bronze
HSP-678785;Evandro Battistini Aoki;149.860.995-31;M;22/04/1956;Londrina;PR;EVANDRO_AOKI37@UOL.COM.BR;(41) 96585-7831;BRONZE
HSP-923115;Arcelino Luz;811.594.853-56;F;22/07/1987;Rio de Janeiro;RJ;arcelino_luz90@gmail.com;31988058379;Bronze
HSP-973418;Iracelma Murta;256.787.188-86;F;09/06/1954;belo horizonte;MG;iracelmamurta17@hotmail.com;(16) 98153-9946;Bronze
HSP-053076;Jaciara Ardina Amernes;495.647.998-05;F;25/06/1981;Niterói;RJ;jaciara_amernes@icloud.com;(61) 98110-8018;Bronze
HSP-206913;Mabella Andriolo Jäger;108.092.616-00;F;03/12/1958;Belo Horizonte;MG;mabella_jager13@yahoo.com.br;61974596220;Prata
HSP-653378;Liz Krebs Casanova;512.476.400-78;F;20/09/1962;Porto Alegre;RS;liz.casanova@yahoo.com.br;(61) 98134-7798;Bronze
HSP-321123;Armindo Rezende Gruber;189.974.023-66;M;1970-04-21;Campinas;SP;armindo.gruber@uol.com.br;19960699397;Prata
HSP-940682;Duílio Cunha Assis;386.020.508-01;M;22/09/2005;Salvador;BA;duilioassis@hotmail.com;(11) 98493-5554;Bronze
HSP-768448;Timóteo Uehara Antipas;972.452.841-30;M;1955-02-16;São Paulo;SP;timoteo.antipas@uol.com.br;51981571215;Bronze
HSP-736259;Audira Nishimura;957.394.059-04;F;04.10.75;Belo Horizonte;MG;audiranishimura@gmail.com;(31) 98694-8081;Prata
HSP-680209;Maicon Archela Bucci;925.849.073-80;M;23/04/1994;Curitiba;PR;maicon_bucci30@gmail.com;81990478209;Bronze
HSP-691354;Dinária Ambiel Meissner;482.308.829-83;F;25/12/1974;Salvador;BA;dinaria_meissner@uol.com.br;(19) 98852-9426;Bronze
HSP-718067;Eleonora Liebich Sardinha;694.276.748-49;F;28/06/1949;Belo Horizonte;MG;eleonora.sardinha57@hotmail.com;11975727600;Bronze
HSP-395874;Yuri Ardin;824.265.594-46;M;03/10/1999;Ribeirão Preto;SP;yuri_ardin@uol.com.br;(11) 99823-7887;Bronze
HSP-244559; Zito Inoue;237.900.654-71;M;21/07/1994;Londrina;PR;zitoinoue@icloud.com;(16) 96227-5596;Bronze
HSP-743259;Cordelia Ehrlich Calamari;889.073.781-69;F;01/04/1951;Campinas;SP;cordelia_calamari@outlook.com;16984671951;Bronze
HSP-455542;Hilda Araujo Arcini;020.761.239-03;F;20/06/1992;Brasília;DF;hilda_arcini@hotmail.com;(21) 99832-1456;Bronze
HSP-656870;Cecília Amernes Coelho;207.066.901-76;F;20-08-1956;Rio de Janeiro;RJ;cecilia.coelho@hotmail.com;(41) 97970-3404;Ouro
HSP-959439;Orestes Aranzales Bianchini;035.067.578-30;M;06/11/1982;Belo Horizonte;MG;orestesbianchini@uol.com.br;(41) 99991-4129;Bronze
HSP-477868;Lucia Michel Carvalho;155.505.705-56;F;01/11/1963;Uberlândia;MG;lucia.carvalho@uol.com.br;(16) 98530-4647;bronze
HSP-510089;Andersa Araújo Diesel;123.503.687-18;F;01/11/1961;Porto Alegre;RS;andersa.diesel97@yahoo.com.br;(62) 98464-2223;Bronze
HSP-581637;Narciso Meller Yamamoto;456.844.679-11;M;1967-06-18;Recife;PE;narciso_yamamoto98@hotmail.com;(19) 98972-8000;Ouro
HSP-647521;Tatiana Manske;975.729.273-78;F;04/06/1995;Belo Horizonte;MG;tatiana.manske@uol.com.br;(41) 98910-1618;Bronze
HSP-966921;Marcílio Feldmann;165.185.483-12;M;20/06/1974;Goiânia;GO;marciliofeldmann@yahoo.com.br;(11) 99877-8644;Prata
HSP-373632;Azor Horn Shimizu;174.916.170-26;M;1984-09-01;Londrina;PR;azor_shimizu21@hotmail.com;(21) 98103-2540;Bronze
HSP-807224;Kamila Braga Ardao;094.837.740-20;F;16/10/1981;Niterói;RJ;kamilaardao@uol.com.br;31981957636;Bronze
HSP-848390;Tainá Borsari Arrighi;962.183.667-07;F;08/12/2004;Uberlândia;MG;taina_arrighi96@yahoo.com.br;19976958135;PRATA
HSP-928918;Pedro Drees;223.499.801-89;M;24/02/1972;Londrina;PR;pedro.drees@yahoo.com.br;62969047897;Bronze
HSP-636242;Luana Soares Camargo;092.335.174-46;F;05/12/1966;Salvador;BA;luana_camargo@yahoo.com.br;(51) 96573-7175;Prata
HSP-305776;Félix Hopf Bravi;955.922.776-95;M;02/01/1996;Salvador;BA;felix_bravi@outlook.com;81961841431;Bronze
HSP-379872;Lisandro Oliveira Zeferino;448.672.288-42;M;01.07.77;Londrina;PR;lisandro.zeferino@outlook.com;(16) 99092-4951;Ouro
HSP-345131;Caio Hack Carta;978.879.531-54;M;01/01/2000;Brasília;DF;caio.carta@gmail.com;(51) 96057-6279;Diamante
HSP-016850;Aldenir Abade Ardeni;873.143.915-21;F;22/05/1969;Brasília;DF;aldenir.ardeni@outlook.com;41977748886;Bronze
HSP-040663;Norma Elias Lopes;425.706.802-73;F;20/04/1958;Salvador;BA;norma_lopes@icloud.com;(41) 97001-2181;Bronze
HSP-010943;Amairla Angiolini;505.224.114-36;F;30/03/1971;São Paulo;SP;amairla.angiolini53@yahoo.com.br;(11) 96422-6161;Ouro
HSP-084285;Altino Aparicio Amirala;222.400.539-33;M;18/10/2005;Rio de Janeiro;RJ;altino.amirala23@gmail.com;(61) 97547-3291;Ouro
HSP-125251;Duarte Archanjo Peixoto;252.861.323-75;M;25/09/2000;Niterói;RJ;duartepeixoto@outlook.com;19987825641;Bronze
HSP-372471;Graça Bohm;986.634.209-35;F;07-08-1962;Rio de Janeiro;RJ;graca_bohm97@yahoo.com.br;(16) 98560-4973;Bronze
HSP-142473;Tainara Amestoy Arconi;266.559.147-28;F;02/03/1975;Ribeirão Preto;SP;tainara_arconi@outlook.com;41995739370;Bronze
HSP-732861;Warley Bauer Esteves;746.653.538-08;M;05/02/1965;Curitiba;PR;warleyesteves@icloud.com;(19) 96521-6555;Bronze
HSP-114146;Juarez Artoni Jahn;638.354.346-67;M;13/05/1954;Salvador;BA;juarezjahn96@yahoo.com.br;41987391428;Bronze
HSP-466777;Efigênia Ameixial Portela;161.538.116-39;F;10/10/1956;Curitiba;PR;efigeniaportela@icloud.com;16963621478;Bronze
HSP-067792;MÁRCIO BALDINI FUJII;967.808.264-05;M;17/06/1973;Rio de Janeiro;RJ;marciofujii17@gmail.com;51976314218;Bronze
HSP-879637;Cléo  Agostini Eichler;563.391.729-46;F;28/07/1982;Ribeirão Preto;SP;cleoeichler@outlook.com;(11) 96881-7478;Bronze
HSP-673246;Elonilda Aguiar Nakashima;706.833.539-00;F;23/03/1991;Campinas;SP;elonilda.nakashima50@gmail.com;(31) 97433-1451;Bronze
HSP-707129;Sabino Bravi Anibal;376.734.814-48;M;05/02/1983;Recife;PE;sabino.anibal@uol.com.br;(51) 96362-2017;Ouro
HSP-990495;Aníbal Aragoni Battaglini;910.042.028-06;M;17/11/2000;São Paulo;SP;ANIBALBATTAGLINI@YAHOO.COM.BR;(19) 99792-2950;Bronze
HSP-021825;Joelma Pacheco;548.420.353-82;F;1953-06-25;Recife;PE;joelma.pacheco@icloud.com;(16) 98316-2575;Prata
HSP-034887;Leonora Avanzini;132.194.024-61;F;23/03/1973;Goiânia;GO;leonora_avanzini@gmail.com;(31) 99975-9532;Bronze
HSP-463990;Aristeu Guerreiro;936.785.764-00;M;21/08/1959;Rio de Janeiro;RJ;aristeu_guerreiro10@hotmail.com;(62) 99230-2305;Bronze
HSP-152213;Ivander Archanno Franco;013.153.506-45;M;06.07.73;Ribeirão Preto;SP;ivanderfranco@icloud.com;(31) 97591-2088;Prata
HSP-167806;Joliana Gasser Flor;471.798.994-53;F;08/07/1978;Rio de Janeiro;RJ;jolianaflor@outlook.com;(19) 97599-5625;Bronze
HSP-973499;Ricardo Heckmann;355.842.271-61;M;03/07/1954;Campinas;SP;ricardo_heckmann52@hotmail.com;(61) 97659-7012;Bronze
HSP-086280;Amílton Lima Hayakawa;686.240.871-20;M;01/09/2003;São Paulo;SP;amilton.hayakawa82@yahoo.com.br;(19) 98217-1966;Bronze
HSP-415137;Edite Moura Ameal;223.282.228-11;F;26/10/2006;Rio de Janeiro;RJ;edite.ameal69@outlook.com;(16) 97338-3548;Bronze
HSP-007548;Kaio Appolonio Araçatuba;351.135.053-07;M;23.08.04;Curitiba;PR;KAIO_ARACATUBA@YAHOO.COM.BR;(31) 96674-9693;Bronze
HSP-950750;André Chiappetta Guerra;801.041.945-10;M;08-04-1975;Ribeirão Preto;SP;andre.guerra79@outlook.com;(31) 99222-9364;Diamante
HSP-281005;Aparecido Hasegawa Amiles;893.063.578-42;M;07/10/1966;Brasília;DF;aparecidoamiles@gmail.com;(41) 97903-2890;Bronze
HSP-292750;Edson Ardon;585.575.994-63;M;15/08/1967;Recife;PE;edsonardon@uol.com.br;(51) 96764-1010;Bronze
HSP-316500;Lorene Andriolo Arconi;065.673.374-86;F;08/10/1980;São Paulo;SP;lorene_arconi@gmail.com;(21) 97634-6215;Bronze
HSP-055120;Erich Caldas Bertolasi;437.699.296-83;M;04/04/1957;Brasília;DF;erich_bertolasi59@yahoo.com.br;(31) 97323-1149;Bronze
HSP-913000;Vitória Bordonaro;241.553.691-17;F;16/11/1994;Londrina;PR;vitoria_bordonaro@outlook.com;(16) 97154-1471;Bronze
HSP-230926;Palmira Amirate Hesse;959.452.315-84;F;17/12/1992;São Paulo;SP;palmirahesse@hotmail.com;(62) 97584-4708;PRATA
HSP-396640;Alexsandro Nonato;429.220.416-03;M;23-06-1968;Recife;PE;alexsandro_nonato@hotmail.com;(21) 97471-4944;Ouro
HSP-398791;Sidney Aramis Barbieri;392.804.850-32;M;24/01/2007;Salvador;BA;sidney.barbieri54@gmail.com;(81) 96199-2740;Bronze
HSP-446061;Adolfo Heise;956.162.256-49;M;06.04.87;Recife;PE;adolfoheise@outlook.com;(16) 96262-9423;Bronze
HSP-568227;Lucia Danner Oliveira;323.167.781-51;F;08/03/1967;Londrina;PR;lucia_oliveira38@yahoo.com.br;(51) 99431-5015;Bronze
HSP-169969;Isabela Guedes Archanno;666.505.276-10;F;12-11-1975;Curitiba;PR;isabela.archanno74@hotmail.com;(62) 96354-6261;Bronze
HSP-761263;Joiciele Krebs;870.676.353-73;F;08/11/2000;Ribeirão Preto;SP;joiciele.krebs88@yahoo.com.br;(21) 98208-6828;Prata
HSP-525490;Igor Hesse;429.430.003-53;M;22-06-1950;Niterói;RJ;igor_hesse@hotmail.com;(81) 99081-9812;Bronze
HSP-456832;Adolfo Pacheco Baglietto;784.178.376-04;M;19/03/1984;Rio de Janeiro;RJ;adolfo_baglietto@outlook.com;(41) 99765-9581;Bronze
HSP-603373;Gael Cavalcante;267.351.272-18;M;09/11/1982;Uberlândia;MG;gael_cavalcante45@hotmail.com;(41) 98002-6987;Ouro
HSP-555128;Audenira Archanjo Hasegawa;451.046.250-60;F;02/03/1984;Brasília;DF;audenira_hasegawa@uol.com.br;(19) 97339-7276;Diamante
HSP-778719;Elzira Yoshida;509.793.442-39;F;04.09.69;São Paulo;SP;elzira.yoshida15@outlook.com;(19) 99558-7082;Bronze
HSP-496866;Paulino Angiolini;457.972.518-25;M;30/03/1963;Curitiba;PR;paulino_angiolini@gmail.com;(16) 96099-4335;Bronze
HSP-589971;Ubirajara Mesquita Caldas;209.451.676-87;M;21/11/1966;Curitiba;PR;ubirajaracaldas@yahoo.com.br;(41) 97667-4599;Bronze
HSP-988090;Joimar Arnaldi Rodrigues;848.426.483-17;M;19/06/2001; Campinas;SP;joimar.rodrigues@hotmail.com;19994778395;BRONZE
HSP-476638;Vanessa Travassos Espirito Santo;494.692.085-44;F;18.03.53;Goiânia;GO;vanessa_santo92@gmail.com;(21) 99551-4076;Prata
HSP-389808;anselmo heckmann caldas;461.758.080-88;M;16/03/1988;Recife;PE;anselmo.caldas@icloud.com;(62) 98363-1585;Diamante
HSP-204836;Almira Sampaio Vasconcelos;538.148.374-01;F;30-12-2001;Curitiba;PR;almira_vasconcelos65@gmail.com;(41) 96172-1196;bronze
HSP-184209;Selso Echer Hofmann;027.169.883-74;M;17/05/1967;Curitiba  ;PR;selso_hofmann@yahoo.com.br;(21) 96437-6993;Bronze
HSP-583375;Brenda Lisowski Galvão;326.170.505-13;F;26/06/1956;Campinas;SP;brendagalvao25@outlook.com;61986369832;Bronze
HSP-529955;Benjamin Lisowski Engelhardt;824.266.217-70;M;21.01.94;Salvador;BA;BENJAMINENGELHARDT@UOL.COM.BR;(11) 96272-6410;Bronze
HSP-082152; Catarine Amerus Sakamoto;727.669.834-30;F;05.11.88;Recife;PE;catarine_sakamoto48@icloud.com;(11) 96674-6241;Bronze
HSP-058909;Joevaldo Bauer Luck;720.738.277-48;M;09/02/1986;Campinas;SP;JOEVALDO_LUCK@ICLOUD.COM;(21) 96495-9212;Diamante
HSP-691704;Janete Macedo Portela;121.024.234-68;F;19/05/1964;Londrina;PR;janeteportela28@icloud.com;(11) 97428-8920;Bronze
HSP-965437;Dinalva Archer;656.676.409-70;F;08/03/1969;Niterói;RJ;dinalvaarcher@yahoo.com.br;62995004842;Bronze
HSP-198993;Arcanjo Soares Fernandes;537.932.219-03;M;13/08/1974;Recife;PE;arcanjo.fernandes@hotmail.com;(81) 98881-1217;Bronze
HSP-473750;Sabrina Portela Cavallini;501.016.260-10;F;08/09/1985;Salvador;BA;sabrina.cavallini@hotmail.com;19974284423;Prata
HSP-923573;Dinamar Arago Saito;192.149.679-70;F;07/08/1957;Niterói;RJ;dinamar.saito@yahoo.com.br;(41) 99974-9279;DIAMANTE
HSP-802996;Mileny Cavalli Zimmer;665.282.468-07;F;21/12/1985;Niterói;RJ;mileny_zimmer76@hotmail.com;(16) 98743-3105;Bronze
HSP-030377;Fernanda Monteiro;519.085.432-99;F;02/11/1994;Londrina;PR;fernanda_monteiro@yahoo.com.br;(41) 98988-1934;Bronze
HSP-578800;Zeferino Liebich Ardiles;090.899.318-80;M;17/04/1973;Belo Horizonte;MG;zeferino_ardiles@icloud.com;11993156074;Prata
HSP-059760;Natan Ardaillon Bianchini;304.376.613-00;M;1982-07-05;Porto Alegre;RS;natan_bianchini@uol.com.br;(11) 98096-2349;Prata
HSP-397346;Ivan Arconde Lutterbeck;470.531.105-16;M;08/07/2001;Goiânia;GO;ivanlutterbeck@hotmail.com;41960348088;Diamante
HSP-905136;Zélia Tanaka Archer;937.650.167-56;F;1981-06-22;Goiânia;GO;zelia_archer@gmail.com;(62) 98028-8843;Prata
HSP-425960;Gorette Amavizca Ameral;627.629.226-58;F;24-01-1988;Uberlândia;MG;gorette_ameral@uol.com.br;(62) 96045-4190;Bronze  
HSP-156679;Nairane Basílio Kiefer;074.993.598-75;F;13-05-1978;Niterói;RJ;nairane.kiefer44@uol.com.br;(16) 97967-8616;Prata
HSP-089370;Aníbal Aramburu Abade;014.171.657-66;M;02/12/1980;Brasília;DF;anibalabade@uol.com.br;(21) 99905-3278;Prata
HSP-019508;Amarine Caldas Ambroses;500.924.492-63;F;29/11/1967;Goiânia;GO;amarineambroses@uol.com.br;(16) 97431-8586;Prata
HSP-018306;Willian Fernandes Novais;607.429.069-57;M;28/11/1989;Recife;PE;willian_novais24@hotmail.com;(41) 99485-4097;Bronze
HSP-010741;Lorenita Guedes;242.662.497-30;F;13/03/1957;Ribeirão Preto;SP;lorenita_guedes95@icloud.com;(51) 96101-6351;Prata
HSP-399347;Elisangela Arcot;740.687.354-92;F;26/08/1982;Uberlândia;MG;elisangela_arcot@hotmail.com;51973522074;Prata
HSP-381721;Naomi Lutterbeck Amesquita;483.586.267-89;F;07/12/1969;Goiânia;GO;naomi.amesquita@yahoo.com.br;(51) 98120-6131;Ouro
HSP-450562;Juarez Ardovino;698.344.369-12;M;1966-03-06;Uberlândia;MG;juarezardovino69@gmail.com;(61) 96097-6006;Prata
HSP-247042;Abigail Gonçalves Aracy;939.077.372-53;F;13/10/1959;Rio de Janeiro;RJ;abigailaracy82@outlook.com;11969891468;Bronze
HSP-101609;Ângelo Fischmann;028.143.531-60;M;03/01/1976;Goiânia;GO;angelo.fischmann@uol.com.br;(51) 99161-4809;Bronze
HSP-123091;Herenildo Feiler Alessi;527.428.662-30;M;1998-06-27;Campinas;SP;herenildoalessi89@gmail.com;(62) 97488-9124;Ouro
HSP-330640;Jucimar Amilaga;919.351.174-40;M;07/02/1976;Londrina;PR;jucimar_amilaga@outlook.com;(41) 98820-8434;Bronze
HSP-841439;Watila Fujii;215.756.264-89;M;21/09/1958;Rio de Janeiro;RJ;watila.fujii55@gmail.com;(62) 97054-9613;Bronze
HSP-594264;Javier Merten Kaiser;039.951.670-04;M;30.03.06;Rio de Janeiro;RJ;javier_kaiser92@outlook.com;81993649844;Bronze
HSP-992785;Higor Lemke Mergen;880.485.142-22;M;17/07/1998;Belo Horizonte;MG;higor.mergen78@hotmail.com;19972197000;Bronze
HSP-247446;Jefferson Xavier Bonato;115.490.443-11;M;30-05-1985;Campinas;SP;jefferson.bonato@icloud.com;41986495901;Ouro
HSP-868654;Tino Heinrich Bertoldi;150.629.179-13;M;04/12/1999; Uberlândia;MG;tino.bertoldi@outlook.com;(21) 99726-8404;Bronze
HSP-005261;Leonidas Freire Ludwig;983.691.573-78;M;22/05/1952;Rio de Janeiro;RJ;leonidasludwig@yahoo.com.br;21991651440;BRONZE
HSP-063567;Ivone Aldrovandi Schaefer;530.445.002-73;F;1963-10-16;Salvador;BA;ivone.schaefer83@yahoo.com.br;(62) 96999-9099;Bronze
HSP-133706;Tito Decker Arconte;040.934.675-60;M;2002-07-20;Porto Alegre;RS;tito_arconte@uol.com.br;(31) 96983-7946;prata
HSP-640832;Rayan Bosio;460.184.220-42;M;20/03/1958;Niterói;RJ;rayan.bosio85@uol.com.br;(31) 97481-4867;Prata
HSP-865762;Bento Antoniazzi Bomfim;038.917.369-08;M;14/08/2000;Londrina;PR;bento.bomfim@uol.com.br;(81) 98893-6017;Diamante
HSP-306004;Claudia Agostini Peixoto;071.634.850-00;F;07/06/2005;São Paulo;SP;claudiapeixoto@uol.com.br;(61) 96426-3954;Bronze
HSP-785026;Takashi Amanta;545.697.296-49;M;01/04/2000;Porto Alegre;RS;takashi_amanta15@uol.com.br;(31) 97857-8008;bronze
HSP-665782;Aurenice Mende;561.266.783-38;F;27-01-1997;Salvador;BA;aurenice.mende@yahoo.com.br;41978792612;Bronze
HSP-116972;Lidemir Ota Cella;614.466.276-67;M;03/05/2003;Niterói;RJ;lidemir.cella@gmail.com;(51) 99897-2809;Ouro
HSP-611513;Yoshio Castro Trindade;863.647.046-38;M;1991-11-21;Curitiba;PR;yoshio_trindade@uol.com.br;(19) 98429-9364;Bronze
HSP-720546;Tatiana Hermann;363.159.229-96;F;20/05/1957;Goiânia;GO;tatiana.hermann@hotmail.com;(16) 99829-1944;Bronze
HSP-907650;Augoura Bertolasi Castellani;722.824.718-30;F;04/08/2003;Campinas;SP;augoura.castellani69@gmail.com;(16) 98852-7561;Prata
HSP-785258;Euclides Grimaldi Tanaka;997.990.522-03;M;13/07/1952;Goiânia;GO;euclides.tanaka@gmail.com;(51) 98237-7704;Bronze
HSP-519944;Amiris Alfonsin Campelo;563.163.129-62;F;27/11/1951;Goiânia;GO;amiris_campelo@outlook.com;61978373916;Bronze
HSP-295082;Elenita Arafat Brandt;999.068.201-10;F;06/09/1970;Recife;PE;elenita.brandt@gmail.com;16963147979;Bronze
HSP-129198;Cirlei Nascimento;317.985.490-18;F;07/02/1992;Londrina;PR;cirlei.nascimento78@gmail.com;41979503676;Prata
HSP-349869;Arcelinda Alencastro Ferber;812.743.922-33;F;02/05/1987;Goiânia;GO;arcelinda_ferber@outlook.com;(21) 97793-5461;Bronze
HSP-689888;Deusdedit Agostini Ehrlich;212.360.186-13;M;09/07/2001;Goiânia;GO;deusdedit.ehrlich@outlook.com;61970572600;Bronze
HSP-376074;Maguinaldo Echer Bizzarro;685.909.645-40;M;06/05/1979;Campinas;SP;maguinaldobizzarro@hotmail.com;(51) 99746-1526;Bronze
HSP-399450;FAUSTO HIRANO ARCONET;339.736.707-73;M;17/08/1990;Uberlândia;MG;faustoarconet62@icloud.com;(41) 98894-5812;Ouro
HSP-182657;Orlando Meireles Ardeni;306.323.654-39;M;10/07/1949;Rio de Janeiro;RJ;orlando.ardeni70@gmail.com;51971885398;Bronze
HSP-128706;Átilio Carli Sales;765.118.615-03;M;29.09.04;Ribeirão Preto;SP;atilio_sales@gmail.com;(81) 99287-5669;Bronze
HSP-601036;Darlan Greff Andreoni;451.908.261-71;M;21/02/1959;Recife;PE;darlanandreoni@gmail.com;(11) 98633-4270;Bronze
HSP-516147;Kimiko Archela Canellas;696.922.953-03;F;31/08/1955;Rio de Janeiro;RJ;kimiko.canellas@gmail.com;(81) 97024-2521;Ouro
HSP-877326;Leodilson Araujo;240.662.834-54;M;19/01/2006;Ribeirão Preto;SP;leodilson_araujo39@icloud.com;(62) 98206-4769;Bronze
HSP-973920;Altemiro Ikeda;654.243.826-22;M;24.04.98;Porto Alegre;RS;altemiroikeda@uol.com.br;61974071341;Bronze
HSP-539869;Anair Franzen;959.470.396-21;F;24/07/2005;Niterói;RJ;anairfranzen@yahoo.com.br;(51) 97338-4432;Diamante
HSP-048507;Lilis Yamaguchi;954.288.734-50;F;26.01.78;Brasília;DF;lilis_yamaguchi@uol.com.br;(19) 98731-7181;Bronze
HSP-207486;Claris Aparo Ameixial;690.149.711-33;F;13/07/1955;Recife;PE;claris.ameixial@hotmail.com;(62) 97067-8340;Bronze
HSP-703559;Eulalio Tsuda Günter;167.449.234-04;M;27/09/1968;Brasília;DF;eulaliogunter48@uol.com.br;19983579472;Bronze
HSP-747723;Paula Eichler Fernandes;024.286.178-42;F;11/06/1977;Ribeirão Preto;SP;paulafernandes43@yahoo.com.br;(21) 97231-1545;Bronze
HSP-589413;Ermínio Schaefer;481.638.493-63;M;1985-11-30;Niterói;RJ;erminioschaefer@uol.com.br;(11) 98749-7313;Bronze
HSP-007456;Edilson Greff Benini;193.048.527-14;M;03-12-1999;São Paulo;SP;edilson_benini@yahoo.com.br;(16) 96199-4542;Prata
HSP-232625;Auditene Portela Matos;963.318.123-26;F;10.08.69;Belo Horizonte;MG;auditene.matos@icloud.com;(19) 96363-8811;Bronze
HSP-234468;karl lemos;636.785.089-95;M;18.06.80;Salvador;BA;karllemos@uol.com.br;(16) 99332-9124;Bronze
HSP-698713;Elizinete Archane Carnevali;377.403.767-10;F;1981-10-10;Ribeirão Preto;SP;elizinete_carnevali@outlook.com;11970863462;Bronze
HSP-532077;Euclides Okamoto Gripp;309.900.094-91;M;13/11/1979;Campinas;SP;euclidesgripp53@outlook.com;(19) 97462-9294;Prata
HSP-593633;ADELINO CHIAVEGATO CALVI;232.660.004-55;M;09/08/1985;Porto Alegre;RS;adelino_calvi74@icloud.com;(21) 96287-1981;Prata
HSP-067553;Dagoberto Arduin Hamann;511.815.837-05;M;14/09/1969;Niterói;RJ;dagoberto_hamann@gmail.com;(51) 98990-6020;Bronze
HSP-440774;Dagmar Caldas Alcantara;682.905.256-48;F;20/05/1949;Ribeirão Preto;SP;dagmar_alcantara@uol.com.br;(61) 96068-9630;Diamante
HSP-017498;Adilson Sousa Bignami;547.398.622-63;M;26/09/1986;Londrina;PR;adilson.bignami46@gmail.com;(41) 99586-2445;Bronze
HSP-425827;Teruko Busch;852.474.420-08;F;02/12/1979;Salvador;BA;teruko.busch34@outlook.com;21960683727;Bronze
HSP-957684;Jairo Ardani Bertolini;774.131.351-75;M;14.06.75;Niterói;RJ;jairobertolini@gmail.com;31974559423;Bronze
HSP-399731;Tereza Lemke Echer;178.955.990-11;F;2000-06-18;Goiânia;GO;terezaecher@icloud.com;(21) 99754-3798;Bronze
HSP-362285;Auliene Alifonso Franco;489.180.038-03;F;06/03/1966;Brasília;DF;auliene.franco@yahoo.com.br;(41) 97061-3082;Bronze
HSP-857270;Delmar Drumond;912.185.273-15;M;09/12/1952;Londrina;PR;delmar_drumond12@outlook.com;19963604221;Bronze
HSP-893003;Breno Arcosi Grüber;077.811.096-60;M;11/12/1989;Porto Alegre;RS;breno_gruber@outlook.com;(61) 97309-8481;Bronze
HSP-159504;Jandira Bonato Brandt;994.520.641-96;F;10.04.80;Porto Alegre;RS;jandirabrandt@gmail.com;11977172714;Bronze
HSP-078751;Naila Chagas Archave;421.682.682-23;F;17/12/2005;Campinas;SP;naila.archave@icloud.com;(16) 97457-7588;Ouro
HSP-564777;Odir Anísio Hofmann;059.325.722-72;M;10-10-2004; Rio de Janeiro;RJ;odirhofmann@gmail.com;41966463388;Bronze
HSP-567214;Luca Ardon Hashimoto;129.514.520-04;M;12/07/1983;Niterói;RJ;luca_hashimoto@uol.com.br;(11) 98893-3415;Prata
HSP-191078;Mariana Fonseca Cervantes;747.695.090-90;F;08.12.04;Goiânia;GO;mariana_cervantes@icloud.com;(62) 99981-9274;Bronze
HSP-036382;Claudiane Uchôa Calamari;878.887.656-02;F;06/05/2004;Belo Horizonte;MG;claudianecalamari@uol.com.br;81993974893;Bronze
HSP-198000;Sebastião Ardissone Bezerra;386.047.947-43;M;1949-06-14;Brasília;DF;sebastiao.bezerra@uol.com.br;(11) 96877-9338;Prata
HSP-593217;Silvestre Henrique Bussolini;441.914.790-32;M;06/10/1960;Niterói;RJ;silvestre_bussolini57@hotmail.com;(62) 96980-6872;Bronze
HSP-326305;Siranildo Bassetti Arconti;886.865.629-90;M;15-11-1956;São Paulo;SP;siranildo.arconti@icloud.com;(62) 98717-4040;Prata
HSP-513085;Jonilton Ameal;684.676.780-03;M;27-07-1997;São Paulo;SP;joniltonameal@outlook.com;61992834584;Ouro
HSP-412604;Anair Castelli Antenor;559.289.748-09;F;09.12.55;Porto Alegre;RS;anairantenor@outlook.com;(21) 99960-2054;Bronze
HSP-317164;Janinna Trindade Santoro;453.496.551-67;F;12/09/1967;Brasília;DF;janinna_santoro@yahoo.com.br;(51) 99632-2828;Prata
HSP-909351;Claudilna Aragones Ludwig;163.015.972-73;F;18.10.06;Belo Horizonte;MG;claudilna.ludwig@hotmail.com;(31) 98147-5600;Bronze
HSP-406746;Creomar Aragoni Trindade;180.403.348-02;M;11/04/1973;Salvador;BA;creomar.trindade43@hotmail.com;(16) 99062-4965;Ouro
HSP-328358;Janinna Koch Takahashi;096.746.272-00;F;22/06/1976;Campinas;SP;janinna.takahashi@icloud.com;41976185897;Bronze
HSP-834668;Fabrício Espírito Santo Reis;502.155.383-66;M;24-11-1959;Londrina;PR;FABRICIO.REIS@YAHOO.COM.BR;(61) 99582-6243;Diamante
HSP-293452;Damião Huber;607.890.751-48;M;12.02.70;Rio de Janeiro;RJ;damiaohuber@uol.com.br;(81) 99842-2639;Bronze
HSP-562761;Hiroshi Held Heil;316.498.283-65;M;07/10/1993;Campinas;SP;hiroshiheil@outlook.com;(81) 97949-5458;Bronze
HSP-500372;Consuelo Grass Hilbert;343.687.715-83;F;1978-11-14;Uberlândia;MG;CONSUELO_HILBERT@HOTMAIL.COM;(31) 98973-1043;Bronze
HSP-212549;Lucinara Ueda;011.547.734-93;F;21/11/1985;Brasília;DF;lucinaraueda@hotmail.com;(21) 99353-5299;Bronze
HSP-932229;Iris Greiner;741.685.573-08;F;30/06/1965;Porto Alegre;RS;irisgreiner@hotmail.com;41995253368;Prata
HSP-784583;Akemi Amezola Vieira;816.602.841-71;F;16/04/1955;NITERÓI;RJ;akemi.vieira@hotmail.com;41990375947;Bronze
HSP-459607;Maria Vieira Abe;797.341.855-51;F;07/12/1984;Campinas;SP;mariaabe6@uol.com.br;(41) 98045-5643;Bronze
HSP-181036;Amide Holanda;017.067.949-75;F;25/03/2005;Salvador;BA;amide.holanda@yahoo.com.br;81967299667;Bronze
HSP-175767;Audenira Cavalcante Klement;967.635.367-12;F;04/07/1993;Londrina;PR;audenira.klement@icloud.com;(61) 98880-9637;Bronze
HSP-527923;Bárbara Diniz Kato;139.014.309-03;F;1995-08-05;RIO DE JANEIRO;RJ;barbara_kato@outlook.com;(31) 98017-6075;Bronze
HSP-774789;Luigi Yoshida Bertoldi;480.300.735-77;M;19/06/1964;Porto Alegre;RS;luigibertoldi@outlook.com;(62) 99333-3512;Bronze
HSP-278977;Amanda Wanderley Friedrich;288.669.112-75;F;1970-04-09;Rio de Janeiro;RJ;amandafriedrich26@hotmail.com;(21) 97080-3726;Prata
HSP-758136;Malvina Assunção Figueira;465.744.653-38;F;14.08.63;Recife;PE;malvina.figueira@outlook.com;(51) 97173-2251;Prata
HSP-034503;Joinville Uchôa;038.819.376-09;M;09/10/1976;Goiânia;GO;joinvilleuchoa13@uol.com.br;(51) 99530-9137;Bronze
HSP-925139;Anísio Takeda Mesquita;112.728.360-02;M;02/01/2005;Rio de Janeiro;RJ;anisio.mesquita62@yahoo.com.br;(51) 97919-8911;Bronze
HSP-492416;Moacyr Linke;076.716.217-06;M;29/02/1964;Ribeirao Preto;SP;moacyr.linke70@uol.com.br;62976161808;Bronze
HSP-281867;Elenita Jost Antenor;496.741.991-79;F;01/07/2003;Belo Horizonte;MG;elenita_antenor92@icloud.com;41984951334;Bronze
HSP-621897;Alexsandra Santana Amiral;970.181.589-07;F;10/11/1963;Londrina;PR;alexsandra.amiral70@hotmail.com;(81) 97602-8611;Bronze
HSP-029773;Nobuo Xavier Guerra;260.221.690-97;M;21/05/1985;Porto Alegre;RS;nobuoguerra@yahoo.com.br;(61) 99246-5527;Ouro
HSP-578186;Jailson Bianconi Antonioli;065.735.174-15;M;28-06-1974;Uberlândia;MG;jailson_antonioli@yahoo.com.br;(81) 96891-6655;Prata
HSP-971515;Thiago Anjos;589.799.035-29;M;15/04/2003;Curitiba;PR;thiagoanjos@yahoo.com.br;(16) 96333-8961;Bronze
HSP-405029;Renildo Gieseler;605.164.838-03;M;16/08/1962;Brasília;DF;renildogieseler31@yahoo.com.br;(19) 98288-5241;Bronze
HSP-802396;Mainar Kossmann Hayashi;973.173.033-80;M;06.06.68;Salvador;BA;MAINAR.HAYASHI54@ICLOUD.COM;(16) 97365-9189;Bronze
HSP-250384;Catilene Silva;318.156.054-56;F;23/10/1958;Curitiba;PR;catilene.silva@yahoo.com.br;(81) 99192-6896;Bronze
HSP-494342;Dinelza Guerra Esteves;565.728.972-22;F;2002-11-30;Campinas;SP;DINELZA.ESTEVES@UOL.COM.BR;(41) 97212-9305;Bronze
HSP-626534;Anadir Nunes Ascenção;669.926.138-04;F;29/07/2006;Recife;PE;anadir.ascencao@uol.com.br;(16) 96138-8255;Bronze
HSP-725812;Dara Aracy Held;792.711.073-06;F;04/11/2003;Salvador;BA;dara_held71@uol.com.br;19967064070;Bronze
HSP-119272;Simião Ardent Trindade;934.460.606-42;M;31/05/1989;Curitiba;PR;simiaotrindade@outlook.com;(41) 98785-1037;Bronze
HSP-483131;Lucilma Ardila Marcelino;537.006.448-25;F;30/11/1976;Belo Horizonte;MG;lucilmamarcelino69@yahoo.com.br;61970052747;Diamante
HSP-399502;Naelson Almada Costa;764.255.078-29;M;20/07/1992;Curitiba;PR;naelson_costa@icloud.com;(16) 98229-7502;Prata
HSP-912049;Orlando Bertozzi;195.866.399-91;M;27-07-1954;Londrina;PR;orlandobertozzi61@uol.com.br;62991818930;Bronze
HSP-857184;Joilson Artoni Amaral;964.416.033-90;M;18/05/1993;Curitiba;PR;joilson.amaral@uol.com.br;11979291073;Prata
HSP-430911;Edmar Cunha;017.545.416-74;M;22/03/1960;Rio de Janeiro;RJ;edmar_cunha@uol.com.br;(31) 98697-2116;Ouro
HSP-377346;Augusto Lange Marinho;744.203.607-47;M;29/08/1965;Niterói;RJ;augustomarinho@outlook.com;(51) 99010-9894;Prata
HSP-912537;Rudimar Antelo;060.145.792-73;M;18-12-1961;Porto Alegre;RS;rudimar.antelo63@gmail.com;(51) 99037-9708;Bronze
HSP-037549;Eloise Coelho Archimedes;720.925.192-80;F;19.03.66;Ribeirão Preto;SP;eloise.archimedes72@hotmail.com;(62) 98964-6780;Bronze
HSP-885875;Abraão Quadros;829.158.551-29;M;21/02/1967;Recife;PE;abraao.quadros@hotmail.com;(81) 98645-8268;Prata
HSP-393899;Amós Sousa Barbosa;248.739.626-17;M;23-08-1965;Uberlândia;MG;amos.barbosa11@uol.com.br;(62) 96973-2148;Bronze
HSP-294748;Azor Antenor Yamaguchi;443.435.497-39;M;07/03/1967;Londrina;PR;azoryamaguchi@uol.com.br;(19) 97482-8807;Prata
HSP-019082;Eustáquio Brunner Bertolasi;804.247.960-31;M;30.05.49;Goiânia;GO;eustaquiobertolasi7@uol.com.br;(51) 96038-2078;Prata
HSP-184698;Iracelma Goto Bertoni;254.920.369-04;F;05.04.70;Salvador;BA;iracelma.bertoni98@gmail.com;(51) 99780-1960;Prata
HSP-914839;Ervino Fujita;475.690.018-69;M;03/10/1997;Belo Horizonte;MG;ervino_fujita79@hotmail.com;(41) 97351-9642;bronze
HSP-689634;Dagmar Siqueira Saraiva;677.153.902-40;F;07/03/1959;Recife;PE;dagmar.saraiva@hotmail.com;(51) 97904-4871;Ouro
HSP-155764;Audirene Campos;761.442.787-45;F;25/04/1989;Londrina;PR;audirene.campos@icloud.com;(61) 97302-5256;Bronze
HSP-441704;Anchieta Arcosi;549.393.439-60;M;19/04/1996;Belo Horizonte;MG;anchieta_arcosi@outlook.com;(61) 99496-4473;Diamante
HSP-631880;Ivano Aldeia;330.734.533-85;M;15/06/1957;salvador;BA;ivano.aldeia30@yahoo.com.br;(51) 96415-3928;bronze
HSP-518123;Arno Burri Nascimento;516.023.251-62;M;14/05/1956;Ribeirão Preto;SP;arno.nascimento@gmail.com;61998796840;Ouro
HSP-901886;Jeanine Guimarães Aoki;564.119.925-76;F;17/08/1950;Curitiba;PR;jeanine_aoki@hotmail.com;61969529367;Bronze
HSP-878937;Haroldo Prado Anzolin;494.197.157-44;M;16/02/1985;Campinas;SP;haroldo_anzolin@gmail.com;(19) 97770-4778;Bronze
HSP-284718;Joaldo Ardene Marinho;856.352.007-53;M;06/10/1970;Curitiba;PR;joaldo_marinho@outlook.com;11971843520;Bronze  
HSP-864483;Deodato Amiran Ardito;360.809.010-05;M;26/07/1962;Brasília;DF;deodato.ardito@yahoo.com.br;(21) 99479-1820;Bronze
HSP-555229;Deusdedit Takahashi;616.388.168-08;M;12.06.61;Niterói;RJ;deusdedit_takahashi@icloud.com;(61) 96362-9641;Bronze
HSP-639751;Amisandra Nogueira Grass;728.007.272-09;F;09.05.04;Ribeirão Preto;SP;amisandra.grass@uol.com.br;(21) 98757-5757;Prata
HSP-405770;Luzia Andreoni Kimura;830.697.899-43;F;16/12/1975;Belo Horizonte;MG;luziakimura@outlook.com;(21) 98627-5182;Bronze
HSP-824593;Anete Amerus Astori;867.518.571-52;F;10/02/1966;Brasília;DF;anete.astori@outlook.com;(19) 96186-6752;Bronze
HSP-596290;Amelie Bergmann;025.856.533-07;F;28/06/1999;Belo Horizonte;MG;amelie_bergmann@yahoo.com.br;41960754277;Diamante
HSP-514356;Nemias Uchôa Amilhoa;012.402.545-55;M;18.10.97;Salvador;BA;nemias_amilhoa8@outlook.com;(51) 98416-1513;Ouro  
HSP-445430;Marciliano Amestoy Baldini;303.438.300-27;M;05.01.63;Recife;PE;marciliano.baldini@outlook.com;41972813578;Bronze
HSP-195632;Luna Vieira;628.973.518-70;F;28/07/1982;Salvador;BA;lunavieira@hotmail.com;(31) 97379-3542;Bronze
HSP-102903;Auditene Kossmann Duarte;771.251.589-19;F;15/08/1992;São Paulo;SP;auditeneduarte34@gmail.com;(62) 99485-3719;Bronze
HSP-051154;Eulalio Kunz;844.790.986-74;M;23/10/1968;Brasília;DF;eulalio.kunz@outlook.com;(31) 97940-7404;Prata
HSP-196158;Jordana Bergmann Sales;313.737.145-73;F;10/07/1994;São Paulo;SP;jordana.sales10@gmail.com;(62) 96129-3498;Bronze
HSP-976250;Welma Arcipreste Aoki;104.718.911-93;F;01/08/1996;Uberlândia;MG;welmaaoki@uol.com.br;(31) 99004-6166;Bronze
HSP-457292;Soraiara Aragones Passos;141.318.118-04;F;22/11/1963;Curitiba;PR;soraiarapassos2@outlook.com;21988564792;Bronze
HSP-634545;Dionísio Gatto Meyer;406.714.878-09;M;29/10/1954;Niterói;RJ;dionisio.meyer26@gmail.com;(51) 99314-6794;Bronze
HSP-464207;Analice Fujii Lisboa;033.744.999-61;F;30/10/1993;Uberlândia;MG;analicelisboa@uol.com.br;41970112745;Prata
HSP-843032;Quincas Archanno Cesare;675.318.057-58;M;02-11-1990;Campinas;SP;quincas_cesare88@gmail.com;21961099746;Bronze
HSP-120902;Nairane  Cilloni Krebs;486.794.869-14;F;08/01/1999;Uberlândia;MG;nairanekrebs@uol.com.br;(51) 98116-2136;Ouro  
HSP-008700;Helena Bravi Krause;737.594.933-60;F;14/12/1997;Uberlândia;MG;helena.krause@gmail.com;(21) 99815-2210;Bronze
HSP-610209;Eloísa Löffler Bezerra;559.674.333-09;F;26/07/1982;são paulo;SP;eloisabezerra@outlook.com;(81) 98991-7670;Bronze
HSP-468739;Michiko Bertozzi;049.992.665-04;F;27.09.97;Recife;PE;michiko.bertozzi@icloud.com;(21) 99920-8825;Bronze
HSP-876157;Alaide Kato;238.586.539-42;F;23/07/1956;Belo Horizonte;MG;alaide.kato@icloud.com;(19) 98266-8425;Prata
HSP-217939;Anselmo Abreu Borsari;605.581.735-78;M;16/10/1955;Curitiba;PR;anselmo_borsari@gmail.com;(21) 97591-3232;Ouro
HSP-932325;Amanda Aoki Amilhoa;970.145.570-33;F;24/08/1990;Recife;PE;amanda.amilhoa@hotmail.com;(51) 98709-3167;Bronze
HSP-951368;Rosivalda Amelinha;050.926.000-47;F;05/11/1971;Brasília;DF;rosivaldaamelinha15@icloud.com;(11) 96340-6352;Prata
HSP-579760;Antonieta Lacerda Anunciato;130.088.238-74;F;28.03.90;Salvador;BA;antonieta_anunciato@yahoo.com.br;(81) 98557-1839;Bronze
HSP-022169;Dinete Antoniazzi;736.556.192-00;F;12/12/1987;Ribeirão Preto;SP;dinete.antoniazzi@uol.com.br;62965573288;Bronze
HSP-813667;Varino Anjos;023.641.693-64;M;02.11.71;Goiânia;GO;varino_anjos@outlook.com;81984202083;Prata
HSP-176776;Darlliane Carosi Lopes;528.267.126-32;F;1985-08-20;Niterói;RJ;darllianelopes75@outlook.com;(81) 99464-6257;Prata
HSP-262987;Paulino Agostinho Archanno;686.811.143-60;M;06/06/1984;Brasília;DF;paulino.archanno33@gmail.com;(81) 98898-9515;Bronze
HSP-336706;Edmundo Abrunhosa Kubota;627.879.025-45;M;20/07/1977;Campinas;SP;EDMUNDOKUBOTA20@GMAIL.COM;(51) 99909-7392;Ouro
HSP-893013;Satoshi Gouveia;418.029.559-84;M;28/06/1991;Brasília;DF;satoshigouveia@yahoo.com.br;(16) 99152-4725;Ouro
HSP-983356;Kathryn Aralho;247.411.173-59;F;21-04-1975;Niterói;RJ;kathryn_aralho@yahoo.com.br;(11) 96894-9645;Bronze
HSP-119282;Katia Kaminski Ardent;008.056.308-21;F;01/11/1968;Salvador;BA;katiaardent22@icloud.com;(51) 98611-3282;Bronze
HSP-652147;Adrielma Franco;548.522.072-08;F;11/03/1965;São Paulo;SP;adrielma.franco58@gmail.com;(62) 97208-3256;Bronze
HSP-467230;Alicia Silveira Meissner;955.510.051-94;F;20/02/1993;Ribeirão Preto  ;SP;alicia.meissner@uol.com.br;(51) 98820-9810;bronze
HSP-604912;Idalina Lutterbeck;028.303.424-61;F;06/11/1988;Rio de Janeiro;RJ;idalina.lutterbeck@outlook.com;(41) 98352-2879;Bronze
HSP-143187;Kayla Amira;968.740.330-69;F;16.02.53;São Paulo;SP;KAYLA_AMIRA@OUTLOOK.COM;(21) 99861-1309;Bronze
HSP-062730;Edna Jung Campi;517.642.962-49;F;08/11/1965;Recife;PE;ednacampi17@outlook.com;(21) 96487-6876;Bronze
HSP-694771;Duílio Arder;255.232.280-87;M;29/11/1970;Recife;PE;duilio_arder@uol.com.br;(41) 97867-8291;Prata
HSP-449765;Aisa Carli Rezende;011.152.558-60;F;19/01/1980;Londrina;PR;aisarezende@hotmail.com;16978249901;Prata
HSP-259093;sandrinho benini;880.971.861-52;M;29/07/1967;Campinas;SP;SANDRINHO_BENINI@HOTMAIL.COM;(31) 98495-4607;BRONZE
HSP-513754;Moema Menezes Cilloni;779.911.379-02;F;24/10/1974;Ribeirão Preto;SP;moemacilloni91@outlook.com;(61) 97915-7744;Prata
HSP-905835;Werner Eisenhardt Nascimento;701.522.133-09;M;21-08-1999;Campinas;SP;werner_nascimento@uol.com.br;19962481127;Bronze
HSP-155562;Baldomiro Marchetti Riedel;746.113.997-53;M;13.03.01;Londrina;PR;baldomiroriedel@uol.com.br;(31) 97910-2722;Prata
HSP-678681;Rosivalda Moraes Benetton;589.868.184-18;F;12-10-1960;Belo Horizonte;MG;rosivalda.benetton@yahoo.com.br;(19) 98853-4976;Bronze
HSP-256989;Marvino Ardani;445.744.410-38;M;27/04/1965;São Paulo;SP;MARVINO_ARDANI@HOTMAIL.COM;(19) 96554-7317;Bronze
HSP-891397;Aneuza Bianconi Cipolla;359.839.859-06;F;19/12/1966;Uberlândia;MG;aneuzacipolla78@icloud.com;81999578031;Bronze
HSP-944953;Elonira Yamamoto Alarcão;843.407.307-26;F;04/07/1987;uberlândia;MG;eloniraalarcao@icloud.com;(16) 97907-7355;Bronze
HSP-052511;Rivaldo Ardina Marques;854.033.699-53;M;24/04/1951;ribeirão preto;SP;rivaldomarques71@outlook.com;(11) 98982-4068;Prata
HSP-312678;Cristiano Nascimento;497.249.032-22;M;15/04/1972;Uberlândia;MG;cristiano.nascimento62@yahoo.com.br;(21) 97196-7944;Bronze
HSP-349910;Joyce Boschi Gruber;174.136.445-09;F;25/06/1974;Porto Alegre;RS;joycegruber61@yahoo.com.br;21991373623;Bronze
HSP-916704;Luciano Bruno Ardovino;076.122.283-94;M;22.02.99;Recife;PE;lucianoardovino@gmail.com;(61) 97581-5850;Bronze
HSP-933950;Amisabela Gressler Brunetti;635.607.778-60;F;12/02/2007;Ribeirão Preto;SP;amisabelabrunetti@outlook.com;(41) 96950-3242;Bronze
HSP-064017;Amine Antigao;369.626.902-66;F;17/08/1953;Londrina;PR;amineantigao8@uol.com.br;(16) 97534-6524;Bronze
HSP-069079;Sabino Hayashi;120.039.344-99;M;10/03/1953;Uberlândia;MG;sabinohayashi56@uol.com.br;16996623680;Bronze
HSP-126278;Odirlei Maia;192.969.210-23;M;12/04/1949;Goiânia;GO;odirlei_maia62@gmail.com;(31) 96709-7846;Prata
HSP-642402;Nelson Lisboa Pessoa;857.887.282-74;M;04/08/1986;Goiânia;GO;nelson.pessoa@hotmail.com;(31) 98838-9495;Bronze
HSP-024453;Humberto Linke;476.096.064-30;M;10/11/1957;Recife;PE;humberto_linke81@outlook.com;(61) 96724-6927;Bronze
HSP-455006;Adjanira Amestoy Abe;946.577.706-40;F;10/01/1985;Londrina;PR;adjanira.abe79@uol.com.br;(62) 98484-8434;Bronze
HSP-717147;Liduino Salles Klinger;641.700.537-29;M;04.01.02;Goiânia;GO;liduino.klinger@yahoo.com.br;(11) 97370-7343;OURO
HSP-434886;Joanice Costa Arrighi;279.831.242-60;F;24/12/1949;Campinas;SP;joanicearrighi@hotmail.com;61987535424;Prata
HSP-066550;Rosendo Azambuja;170.867.152-80;M;30/04/1953;Recife;PE;rosendo.azambuja@icloud.com;(21) 98967-1898;Bronze
HSP-453436;Angelines Cavallini;461.051.109-60;F;01/05/1987;Belo Horizonte;MG;angelines.cavallini61@gmail.com;(21) 98033-6932;Bronze  
HSP-324692;Nilo Heinrich;920.102.975-63;M;06/03/1994;São Paulo;SP;niloheinrich@yahoo.com.br;(51) 98655-8548;Bronze
HSP-574381;Naiara Aragones;269.420.416-37;F;07/09/1978;Brasília;DF;naiara_aragones93@hotmail.com;16971941644;Diamante
HSP-787735;Dalva Bonetti;976.816.085-32;F;20-07-1952;Salvador;BA;dalva_bonetti@gmail.com;(16) 97233-1760;Bronze
HSP-026528;Jana Archave Jung;586.240.574-77;F;31/10/1961;Goiânia;GO;jana_jung73@uol.com.br;81982848155;Bronze
HSP-971909;Otacílio Heise Bosio;851.846.689-00;M;20/06/1994;Porto Alegre;RS;otaciliobosio@icloud.com;(61) 98443-4643;PRATA
HSP-452846;Dário Gruber;480.022.642-23;M;03.10.55;Niterói;RJ;dario_gruber@yahoo.com.br;(31) 96035-6487;Bronze
HSP-951698;Arcelino Siqueira Antenor;474.984.746-11;F;24/01/1964;Goiânia;GO;arcelino.antenor75@hotmail.com;(16) 99925-2698;Bronze
HSP-044458;Joiciele Schaefer Fujii;529.267.698-57;F;1991-05-04;Uberlândia;MG;joicielefujii@yahoo.com.br;(81) 98219-9597;Bronze
HSP-242021;Dinara Ciaramicoli Casiraghi;929.360.596-15;F;06/07/1961;Porto Alegre;RS;dinara.casiraghi@outlook.com;(21) 98860-4420;BRONZE
HSP-188574;Teruko Alencastro;365.611.568-03;F;25/01/2005;Recife;PE;teruko_alencastro17@icloud.com;41995542017;Bronze
HSP-589107;Débora Lemke Fischmann;743.303.727-62;F;14/11/1984;Recife;PE;debora.fischmann@icloud.com;31971645886;Prata
HSP-105051;Giovana Alessi Queiroz;780.661.545-85;F;28-01-1998;Uberlândia;MG;giovanaqueiroz@outlook.com;62976437171; Bronze
HSP-918611;Josnei Emmel Cinelli;288.669.059-76;M;07-08-1960;Campinas;SP;josnei_cinelli@icloud.com;(81) 98154-6081;Prata
HSP-940126;Landrio Santoro Portela;298.871.232-85;M;23/09/1959;Niterói;RJ;landrio.portela56@yahoo.com.br;(62) 97787-5800;Bronze
HSP-456345;Dieter Ishii Amerino;603.208.778-68;M;17/04/1995;Brasília;DF;dieter.amerino@yahoo.com.br;(21) 99918-1118;Bronze
HSP-268796;Rosana Ameal Bertoni;573.562.327-31;F;09/08/1987;Niterói;RJ;rosana_bertoni@gmail.com;11970436416;Bronze
HSP-014761;Florisvaldo Gruber Anunciação;857.042.402-75;M;03/12/1987;Salvador;BA;florisvaldo_anunciacao38@yahoo.com.br;(62) 98472-4652;Prata
HSP-495935;Darlane Pinto Ciaramicoli;467.386.569-39;F;07/03/1998;Campinas;SP;darlane.ciaramicoli36@uol.com.br;(51) 99056-8065;Bronze
HSP-606263;Agripina Alberti;770.062.394-51;F;06/07/1991;Londrina;PR;agripina_alberti@uol.com.br;(51) 99927-3615;Prata
HSP-652090;Anaraí Kaneko;398.013.871-22;F;09/05/2005;Brasília;DF;anarai_kaneko29@hotmail.com;(61) 97737-1873;Bronze
HSP-932481;Joliana Pinto;670.277.287-45;F;28/12/2005;Goiânia;GO;joliana.pinto@yahoo.com.br;(61) 98490-8069;Diamante
HSP-933590;Darlliane Antonas Nakashima;553.629.171-88;F;20/10/1975;Curitiba;PR;darlliane_nakashima@outlook.com;(21) 98290-4674;Bronze
HSP-199876;Marli Drees Marinho;821.651.192-27;F;03/08/1974;Londrina;PR;marli.marinho48@yahoo.com.br;51989105847;Prata
HSP-436225;Katiane Astori;824.035.321-50;F;09/05/1995;São Paulo;SP;katiane.astori@outlook.com;(51) 96039-3832;BRONZE
HSP-507050;Tino Chiappetta;257.959.900-27;M;13/07/2005;Ribeirão Preto;SP;tino_chiappetta@yahoo.com.br;(81) 99740-5143;Prata
HSP-409091;Ítalo Bonanomi Sacramento;434.857.133-33;M;16/05/1980;Porto Alegre;RS;italosacramento@uol.com.br;(19) 98834-3881;Bronze
HSP-281101;Clarice Lange Bittencourt;138.130.149-59;F;25/03/1963;Rio de Janeiro;RJ;clarice_bittencourt@hotmail.com;(81) 98153-1831;Bronze
HSP-115680;Naelson Grimaldi Kunz;213.356.831-00;M;04/03/1975;Curitiba;PR;naelson_kunz@hotmail.com;19996087532;Diamante
HSP-825568;Núbia Bastos Hirano;740.501.332-53;F;29/06/2006;Campinas;SP;nubia.hirano@hotmail.com;(51) 99902-5317;Bronze
HSP-843074;Claris Marusho;257.231.631-59;F;14/07/1984;Campinas;SP;claris_marusho26@icloud.com;(16) 99930-9254;Bronze
HSP-999753;Donizete Furukawa Miranda;306.670.059-35;M;30.01.68;Porto Alegre;RS;donizetemiranda77@yahoo.com.br;(19) 98811-5023;Prata
HSP-016500;Alceu Chagas;714.086.332-64;M;2002-03-11;Salvador;BA;alceu.chagas4@yahoo.com.br;61996439757;Bronze
HSP-662378;Aracelir Amende Alvisio;722.858.258-62;F;22/03/1990;Goiânia;GO;aracelir_alvisio@outlook.com;(61) 99564-2844;bronze
HSP-517459;Geraldo Liebich Moreira;873.693.238-89;M;17/08/1979;Belo Horizonte;MG;geraldo.moreira89@hotmail.com;(19) 97045-8192;Bronze
HSP-579234;Izabel Kurz Linke;120.631.755-86;F;22-12-1982;Uberlândia;MG;izabel.linke@yahoo.com.br;(19) 96152-2996;Diamante
HSP-172045;Luana Berger Rodrigues;436.116.861-07;F;25-03-1998;Goiânia;GO;luana.rodrigues4@hotmail.com;(19) 96311-2463;Bronze
HSP-729913;Rosalvo Nascimento Ferber;368.437.714-75;M;09.01.77;Porto Alegre;RS;rosalvo.ferber87@outlook.com;(61) 97150-6537;Bronze
HSP-980961;Vaniela Lorenz Freitas;723.869.742-43;F;18/10/1986;São Paulo;SP;vanielafreitas94@yahoo.com.br;(41) 97599-9689;Prata
HSP-860710;Lajônio Ardina Miranda;991.650.811-96;M;14-05-1978;Recife;PE;lajonio.miranda@icloud.com;(51) 99506-1315;Prata
HSP-174404;Benedito Arciniega Bui;795.951.429-13;M;08/02/1983;Goiânia;GO;BENEDITO_BUI79@ICLOUD.COM;(19) 97752-6395;Prata
HSP-813591;Ivonete  Hayakawa;173.447.945-00;F;11/10/1975;Niterói;RJ;ivonetehayakawa41@icloud.com;(21) 99342-7705;Prata
HSP-954098;Luciano Serra;017.078.129-18;M;11/07/1982;Brasília;DF;luciano_serra@outlook.com;(16) 97659-2227;Bronze
HSP-092688;Benício Amirala Becker;355.283.372-24;M;23/03/1982;Goiânia;GO;beniciobecker@yahoo.com.br;(61) 99520-7641;Ouro
HSP-943247;Kendall Lemos Ardito;115.882.187-59;F;07-03-2003;Belo Horizonte;MG;kendall.ardito@uol.com.br;(81) 97137-2195;Bronze
HSP-134270;Heleno Antigao Gusmão;198.309.754-36;M;1970-02-21;Campinas;SP;heleno.gusmao@outlook.com;(16) 96871-9457;Bronze
HSP-958740;Rosilene Abilio;881.253.251-90;F;10/03/1964;Londrina;PR;rosilene.abilio84@icloud.com;(62) 99392-1504;Bronze
HSP-664053;Lineu Goto Annunziata;383.957.164-27;M;02/02/2002;Recife;PE;lineu_annunziata@icloud.com;(62) 96547-2776;Bronze
HSP-075948;Henrique Nascimento;780.886.693-83;M;16/02/1965;Londrina;PR;henrique.nascimento97@icloud.com;11983379435;Bronze
HSP-434466;Baltazar Carli Aquires;507.445.657-66;M;19.06.68;Rio de Janeiro;RJ;baltazar.aquires@yahoo.com.br;(61) 98772-5524;Bronze
HSP-924388;Anacleto Seabra Adão;345.220.262-34;M;06/06/1967;Campinas;SP;anacleto_adao@hotmail.com;(11) 96887-3048;Bronze
HSP-209794;Taise Gieseler Viana;406.351.685-70;F;27-09-1967;Porto Alegre;RS;taise.viana@outlook.com;16976378841;Ouro
HSP-275907;Gizelia Friedrich;366.933.276-64;F;14/06/1957;Londrina;PR;gizelia.friedrich34@hotmail.com;(31) 98182-6815;Bronze
HSP-413512;Margarida Bianchini Abe;370.089.423-62;F;08/11/1987;Rio de Janeiro;RJ;margarida_abe@gmail.com;(41) 99043-8303;Bronze
HSP-665822;Artur Andreasi;612.578.047-31;M;13/11/1989;Belo Horizonte;MG;artur.andreasi@uol.com.br;(62) 99280-7089;Prata
HSP-096283;Edmilson Annunziata Ardissone;421.578.379-81;M;12/01/1959;Brasília;DF;EDMILSONARDISSONE38@GMAIL.COM;61968443383;Prata
HSP-327192;Valdirene Aralho Lüdtke;903.979.978-41;F;09.01.60;Goiânia;GO;valdirene.ludtke@gmail.com;(61) 96093-4899;Bronze
HSP-843306;Dorival Alcantara Held;025.066.686-32;M;30/04/1955;Uberlândia;MG;dorivalheld@gmail.com;19986468499;Prata
HSP-855253;Aureliano Lehmann Shimizu;910.385.242-37;M;15.10.80;Campinas;SP;aureliano_shimizu@hotmail.com;(21) 97332-6774;Prata
HSP-645235;Aldenice Merten Cilloni;038.955.465-00;F;15/02/1956;Belo Horizonte;MG;aldenice_cilloni@icloud.com;61968122220;Bronze
HSP-180184;Jaciara Kuroda Battistini;366.325.673-12;F;14/09/2002;São Paulo;SP;jaciarabattistini@hotmail.com;(31) 99879-4350;Ouro
HSP-943750;Elonilda Capelli Amirau;048.866.073-49;F;28-10-1953;Belo Horizonte;MG;elonildaamirau40@outlook.com;(16) 99168-4239;Bronze
HSP-097760;Ivana Archanjo Hammes;371.645.810-45;F;11/06/1982;Ribeirão Preto;SP;ivana_hammes@yahoo.com.br;41989315454;Bronze
HSP-695787;Claro  Bauer Bussotti;528.905.665-36;F;13/05/1988;Salvador;BA;claro.bussotti@yahoo.com.br;(62) 99272-5963;Bronze
HSP-592836;Cleusa Aquino;685.938.062-44;F;01-02-1959;Goiânia;GO;cleusaaquino20@hotmail.com;11980957388;Bronze
HSP-283551;Amaline Arcos Taveira;121.560.387-83;F;26/07/1987;Curitiba;PR;amaline.taveira70@gmail.com;41973526084;Bronze
HSP-504224;Mabele Hofmann Ludwig;911.612.215-14;F;16.08.80;São Paulo;SP;mabele.ludwig@hotmail.com;(81) 99342-7636;bronze
HSP-690733;Cirlette Kroener Adão;933.352.866-00;F;20/03/2001;Londrina;PR;cirlette.adao29@uol.com.br;(61) 97292-1005;Ouro
HSP-098088;Magno Frank Noguchi;718.158.061-25;M;23/12/1960;Belo Horizonte;MG;magnonoguchi73@uol.com.br;(21) 96776-7572;Bronze
HSP-675855;Mônica Fleck Gusmão;186.717.080-98;F;1998-12-30;Recife;PE;monicagusmao19@uol.com.br;41988963669;Bronze
HSP-152172;Natália Couto Aragoni;522.094.003-17;F;31/12/1999;Brasília;DF;natalia_aragoni@gmail.com;16980316950;Bronze
HSP-030991;Noriko Suzuki;620.306.951-57;F;25.12.58;Curitiba;PR;noriko_suzuki87@gmail.com;31964512931;Bronze
HSP-616626;Estela Queiroz Ameral;933.025.598-10;F;12-08-1996;Campinas;SP;estela_ameral@hotmail.com;(11) 97757-3468;Bronze
HSP-567988;Geraldo Ardovino Freyer;961.968.045-61;M;21/11/1968;Recife;PE;geraldo.freyer12@gmail.com;(31) 99090-1802;Ouro
HSP-779872;Cesário Alifonso;608.197.140-62;M;07/03/1971;Campinas;SP;cesarioalifonso@outlook.com;(19) 98309-6335;Prata
HSP-068395;Andiara Greiner Cardoso;627.456.698-85;F;1971-04-09;Niterói;RJ;andiara.cardoso@icloud.com;(62) 99746-6707;Bronze
HSP-366239;Harley Paiva Arão;762.538.476-43;M;30/06/2000;Curitiba;PR;harley_arao@uol.com.br;61967991735;Diamante
HSP-442783;Pompeu Abade Nóbrega;026.297.611-00;M;27.12.50;goiânia;GO;pompeu_nobrega@icloud.com;(62) 97634-8133;Prata
HSP-845996; Ramon Arafat Altino;701.656.277-86;M;13/04/1983;Rio de Janeiro;RJ;ramonaltino21@gmail.com;(61) 99366-9146;Bronze
HSP-293378;Silvano Primo;085.894.961-04;M;27/03/1994;Porto Alegre;RS;silvano_primo47@gmail.com;(61) 99165-3460;Bronze
HSP-112906;Lenivaldo Bertoni Feiler;934.232.210-70;M;1999-08-24;Belo Horizonte;MG;lenivaldofeiler19@uol.com.br;51997535229;Diamante
HSP-857529;Feliciano Arcosi Lobato;377.982.402-76;M;24/09/2004;Curitiba;PR;feliciano.lobato@yahoo.com.br;(62) 96603-4736;Bronze
HSP-010063;Valdir Arcie Amirala;426.578.963-32;M;1961-02-14;Niterói;RJ;valdiramirala65@yahoo.com.br;(16) 99982-5624;Bronze
HSP-917981;Graziele Bartoloni Bauer;442.253.511-06;F;1960-08-13;Goiânia;GO;graziele_bauer@icloud.com;(62) 99101-4056;Prata
HSP-355540;Eraldo Bruno;476.766.608-23;M;30-04-1977;Curitiba;PR;eraldo.bruno@yahoo.com.br;(51) 97314-9201;Diamante
HSP-426873;Aurenice Arduin Maciel;593.152.621-82;F;15.05.51;São Paulo;SP;aurenicemaciel@yahoo.com.br;51989152346;Ouro
HSP-032217;Amairla Souza;964.574.433-46;F;01.08.96;Ribeirão Preto;SP;amairla.souza@uol.com.br;(16) 96396-3006;Prata
HSP-914600;Agnes Boschi;034.344.997-84;F;02/06/1955;Curitiba;PR;agnes_boschi@uol.com.br;(61) 99333-7772;Prata
HSP-507981;Kléber Aguilar Cabral;992.794.376-82;M;16/10/1964;Niterói;RJ;kleber.cabral@yahoo.com.br;51983891737;Prata
HSP-262080;Tobias Seabra;731.483.687-62;M;21/10/1990;Rio de Janeiro;RJ;tobias_seabra@icloud.com;(16) 97047-1104;Prata
HSP-893064;Olivia Kopf;228.212.821-41;F;1970-08-17;Brasília;DF;OLIVIAKOPF@HOTMAIL.COM;(62) 97701-9801;Bronze
HSP-275102;Faustino Calori Mentz;596.920.666-06;M;26/03/1969;Rio de Janeiro;RJ;faustino.mentz@uol.com.br;(61) 96948-2548;Bronze
HSP-575909;Rui Arder Campi;465.124.210-35;M;01/01/1977;Belo Horizonte;MG;rui_campi@yahoo.com.br;(62) 98794-2447;Bronze
HSP-729067;Jandira Brunner;955.859.421-07;F;12/04/1987;Goiânia;GO;jandirabrunner74@hotmail.com;(21) 96854-7719;Bronze
HSP-344453;Quintino Antigao Abilio;861.341.749-39;M;26/08/1963;Rio de Janeiro;RJ;quintino.abilio@hotmail.com;(62) 96096-9973;Bronze
HSP-608818;Reni Makino Marcelino;011.139.154-71;F;10.07.89;Belo Horizonte;MG;renimarcelino@outlook.com;51967514257;Bronze
HSP-250079;Aleyda Archer Santoro;164.790.499-42;F;25-10-2000;Uberlândia;MG;aleyda.santoro62@hotmail.com;(62) 98709-1438;Bronze
HSP-310618;Damira Antelo Hofmann;372.643.205-10;F;09/10/1986;Salvador;BA;damirahofmann@uol.com.br;81977973592;Bronze
HSP-394174;Ilse Hasegawa Elias;011.549.177-54;F;03/08/1949;Ribeirão Preto;SP;ilse.elias@hotmail.com;(19) 96018-7946;bronze
HSP-640956;Amilde Amezola Uchôa;735.867.943-12;F;06.01.50;Goiânia;GO;amildeuchoa@yahoo.com.br;(51) 97112-9129;BRONZE
HSP-868733;Maicon Arnaldi Queirós;458.766.949-08;M;1972-01-07;Salvador;BA;maiconqueiros57@icloud.com;(21) 97428-6793;Ouro
HSP-710341;Benedito Burini Eckhoff;084.896.539-68;M;09/04/2004;Ribeirão Preto;SP;benedito_eckhoff4@hotmail.com;(16) 99296-6724;Prata
HSP-351595;Joselma Noguchi;291.369.648-16;F;2006-11-09;Goiânia;GO;joselma.noguchi@outlook.com;11979444627;Bronze
HSP-082878;Adalmira Carpinetti;510.265.838-70;F;14/12/1975;Campinas;SP;adalmira_carpinetti@yahoo.com.br;(41) 96827-5773;Bronze
HSP-872899;Dilma Arden Ludwig;399.741.592-70;F;26.02.72;Curitiba;PR;dilma.ludwig@uol.com.br;(51) 99351-2143;Prata
HSP-445651;Dalton Zeferino;484.977.973-53;M;14.08.63;Ribeirão Preto;SP;daltonzeferino31@gmail.com;(19) 96357-5318;Bronze
HSP-745808;Adineide Michels Ardiles;526.027.068-17;F;29/04/1983;Porto Alegre;RS;adineide_ardiles97@yahoo.com.br;(11) 97969-2395;Bronze
HSP-985142;Lazaro Accioli Bonetti;998.413.376-14;M;14/09/1971;Londrina;PR;lazarobonetti@outlook.com;62991881191;Prata
HSP-838824;Kira Araújo;783.847.848-09;F;23/03/1971;Ribeirão Preto;SP;kira.araujo@hotmail.com;(51) 98119-6755;Bronze
HSP-886456;Adilma Engler Ardito;317.883.643-84;F;10/11/2006;Curitiba;PR;adilmaardito@yahoo.com.br;(16) 99048-9507;Bronze
HSP-569950;Maiana Canellas Calori;207.560.526-29;F;2003-10-10;Curitiba;PR;maianacalori@gmail.com;(21) 99044-6924;Bronze
HSP-641068;Silvano Correia Marcelino;356.540.307-10;M;06/11/1953;Recife;PE;silvanomarcelino@gmail.com;(61) 97127-1985;Bronze
HSP-196259;Toshio Siqueira;004.231.820-30;M;20/12/1996;São Paulo;SP;toshiosiqueira@uol.com.br;(31) 99308-1908;Bronze
HSP-299357;Jara Portela;385.779.739-80;F;1956-09-04;São Paulo;SP;jaraportela@hotmail.com;51994036398;Bronze
HSP-548151;Alcilene Esteves Held;429.518.525-68;F;01/12/1999;Niterói;RJ;alcilene_held@icloud.com;(19) 99170-9648;Bronze
HSP-914783;Eulalio Appolonio Cunha;448.761.504-60;M;12/09/2002;Belo Horizonte;MG;eulaliocunha@uol.com.br;(21) 99624-6330;Bronze
HSP-422348;Jario Muniz Ardila;955.593.558-01;M;30/08/1981;Curitiba;PR;jarioardila8@uol.com.br;(31) 98719-3499;Prata
HSP-692512;Claudilene Bauer Michels;123.872.493-05;F;16/12/1966;Uberlândia;MG;claudilene_michels@uol.com.br;11960699084;Bronze
HSP-857427;Antero Hanauer Aragoni;166.239.567-19;M;26/05/1958;Curitiba;PR;antero.aragoni47@uol.com.br;(41) 97407-1489;Ouro
HSP-311711;Rolf Michels Calvi;765.314.513-27;M;22/08/2005;Recife;PE;rolf_calvi82@gmail.com;(11) 97388-5635;Bronze
HSP-638989;Cândida Bordonaro Chiappetta;683.357.668-86;F;09.08.75;Porto Alegre;RS;candida.chiappetta@uol.com.br;(61) 99107-1127;Bronze
HSP-702433;Larice Cardoso;785.219.793-04;F;24/01/1970;Goiânia;GO;larice.cardoso@yahoo.com.br;11991884974;Bronze
HSP-956003; Wolmir Alvelos;839.111.532-10;M;25/01/1961;Recife;PE;wolmir.alvelos37@gmail.com;(11) 98503-4110;Prata
HSP-096856;Valdir Marchetti Boschi;821.889.384-96;M;22-10-1954;Salvador;BA;valdir_boschi@yahoo.com.br;62964067753;Bronze
HSP-752611;Clarissa Brunetti Carnevali;664.742.644-20;F;22/05/1995;Niterói;RJ;clarissa.carnevali83@uol.com.br;(41) 99139-3727;Bronze
HSP-730648;Lilian Krebs Boni;449.924.687-30;F;25/03/1954;Salvador;BA;lilianboni33@yahoo.com.br;(81) 96889-6487;Bronze
HSP-612967;Domingos Feiler Meissner;908.964.966-27;M;12/08/1979;Brasília;DF;domingos_meissner@uol.com.br;21999262994;Bronze
HSP-681341;Jacinto Pinheiro Boschi;037.337.840-81;M;15/03/1949;Ribeirão Preto;SP;jacinto_boschi@gmail.com;(41) 98108-7777;Bronze
HSP-297338;Arleuda Almeidal Engel;576.578.680-40;F;10/07/1962;Salvador;BA;ARLEUDA.ENGEL@OUTLOOK.COM;(21) 99480-3158;Ouro
HSP-692991;Milice Kubota Ardenna;056.146.534-73;F;31/01/1984;Brasília;DF;milice_ardenna8@outlook.com;(31) 96359-9357;Bronze
HSP-120555;Cleusa Saito Coelho;056.513.358-62;F;08/06/1974;Niterói;RJ;cleusa_coelho12@icloud.com;(51) 96768-4041;Bronze
HSP-145771;Marceliano Hayakawa Löffler;381.060.891-26;M;18.02.89;Brasília;DF;marcelianoloffler@gmail.com;11974893475;Bronze
HSP-487957;Iarley Amanta;599.052.702-05;M;24.02.76;Curitiba;PR;iarley_amanta@yahoo.com.br;(21) 99921-2852;Prata
HSP-904773;Adineide Adorno Angeli;306.109.221-81;F;05/07/1979;São Paulo;SP;adineide_angeli@yahoo.com.br;51973894295;Bronze
HSP-026420;Elzira Michels Bonetti;666.560.233-80;F;09/08/1993;Niterói;RJ;elzira_bonetti53@outlook.com;(61) 98089-1363;Ouro
HSP-141026;Judite Ito Emmel;702.751.005-70;F;25/02/1977;Porto  Alegre;RS;juditeemmel@icloud.com;(19) 98252-8986;Bronze
HSP-790584;Franco Oliveira Ecker;932.353.933-31;M;09/09/2000;Salvador;BA;franco.ecker@outlook.com;51981695618;Bronze
HSP-851872;Benedita Feiler Matsuda;242.646.855-67;F;24/06/2002;Niterói;RJ;beneditamatsuda4@hotmail.com;(11) 97247-2127;Bronze
HSP-706133;Edilson Brandt Americo;336.330.575-36;M;26/07/2004;Goiânia;GO;edilsonamerico60@icloud.com;(11) 96011-9851;Diamante
HSP-060487;Giselda Calvi Bignami;701.259.283-43;F;26/03/1967;Salvador;BA;giselda.bignami@icloud.com;(81) 99050-8711;Bronze
HSP-134064;Karl Ameixoeira Held;393.010.559-45;M;13/01/1960;Brasília;DF;karl.held@uol.com.br;62967745052;Bronze
HSP-457223;Heleno Barreto Heller;452.593.570-78;M;09/10/1949;Curitiba;PR;helenoheller@yahoo.com.br;(61) 96027-5275;Prata
HSP-319116;Rita  Hasegawa;260.261.186-75;F;16/05/1949;Goiânia;GO;ritahasegawa@gmail.com;(21) 96108-4609;Bronze
HSP-805608;Juliana Ardena Sampaio;276.280.587-28;F;16-07-1982;Recife;PE;juliana_sampaio@yahoo.com.br;(11) 96346-5547;Bronze
HSP-136754;Isabel Hornburg Aguilar;607.735.956-43;F;27/06/1998;Rio de Janeiro;RJ;isabelaguilar@icloud.com;(21) 98428-3740;Bronze
HSP-298967;Ian Gusmão Astori;892.500.751-70;M;06.07.71;Porto Alegre;RS;ian_astori@outlook.com;(62) 97704-8747;Bronze
HSP-445924;Linério Gusmão Amevo;359.958.438-93;M;16/05/1997;Rio de Janeiro;RJ;linerio.amevo@uol.com.br;(81) 98417-8695;Bronze
HSP-603261;Nilson Pessoa Teixeira;671.919.699-54;M;23/04/2000;Niterói;RJ;nilson.teixeira31@icloud.com;(11) 96871-2250;Prata
HSP-655773;Maguinaldo Amilhoa Battaglini;355.262.029-09;M;19/09/1978;São Paulo;SP;maguinaldobattaglini71@yahoo.com.br;51979669260;Diamante  
HSP-561712;Frederico Amilis;222.931.778-40;M;02/05/1971;Rio de Janeiro;RJ;frederico_amilis2@hotmail.com;81986665536;Bronze
HSP-964480;Harumi Arden Miranda;431.243.453-04;F;17.04.78;Porto Alegre;RS;harumi_miranda90@gmail.com;(21) 98825-6413;Bronze
HSP-165715;Giovana Aoki;575.629.433-38;F;17/04/1966;Rio de Janeiro;RJ;GIOVANAAOKI69@YAHOO.COM.BR;(16) 99999-1078;Bronze
HSP-296280;Audirene Koch;104.279.749-84;F;1983-01-31;Recife;PE;audirene.koch75@hotmail.com;21997711022;Diamante
HSP-669621;Jonilson Agueda;935.753.848-86;M;22/01/1950;Goiânia;GO;jonilsonagueda12@outlook.com;(16) 96153-4090;Bronze
HSP-882963;Darlane Kirst Castilho;455.462.021-22;F;18/03/1999;Ribeirão Preto;SP;darlane.castilho33@yahoo.com.br;(81) 98904-3779;Ouro
HSP-722230;Alcino Cavallini Rodrigues;954.700.603-73;M;12/01/2000;Salvador;BA;alcinorodrigues@gmail.com;(11) 97808-6856;Ouro
HSP-270191;Pompeu Flor;175.616.809-10;M;26/10/2000;Rio de Janeiro;RJ;pompeu_flor@icloud.com;(21) 98165-6501;Bronze
HSP-438139;Giseli Belotti;156.581.791-57;F;1989-10-30;Ribeirão Preto;SP;giselibelotti@yahoo.com.br;(62) 96698-1975;Prata
HSP-051661;Quelita Bohm Apuzzo;994.814.140-78;F;29/03/1992;Rio de Janeiro;RJ;quelita.apuzzo66@outlook.com;(19) 99691-4105;Ouro
HSP-011713;Antero Kunz;020.984.469-85;M;16/09/1993;Porto Alegre;RS;ANTEROKUNZ@UOL.COM.BR;(19) 97651-6963;Bronze
HSP-495238;Joele Espírito Santo;591.644.915-10;F;02/05/1994;Goiânia;GO;joele.santo@icloud.com;(21) 98292-1416;Bronze
HSP-823851;Edvaldo Barros;342.840.224-31;M;13/04/1979;Goiânia;GO;edvaldo_barros51@yahoo.com.br;(21) 98579-4976;Bronze
HSP-154043;BRUNO DREES;429.398.766-57;M;19/10/1984;Belo Horizonte;MG;bruno_drees70@icloud.com;(16) 97993-3196;Bronze
HSP-802207;Brenno Ardene Frank;109.724.725-25;M;21/04/1981;Rio de Janeiro;RJ;brenno_frank45@outlook.com;(21) 97789-9713;Bronze
HSP-797256;Douglas Takahashi;381.828.936-07;M;15/07/1968;Niterói;RJ;douglastakahashi86@icloud.com;(31) 99182-8527;Bronze
HSP-262946;IVELMA OTA;189.959.311-08;F;12/12/2003;Londrina;PR;ivelmaota@uol.com.br;(81) 96766-2325;Bronze
HSP-738990;Djalma Diehl;750.884.949-39;M;24.07.65;Londrina;PR;djalmadiehl@yahoo.com.br;(41) 99204-6677;Bronze
HSP-298936;Yoshiko Langer Lang;484.542.259-00;F;02/03/2001;Rio de Janeiro;RJ;yoshiko_lang26@hotmail.com;(11) 99041-6364;Bronze
HSP-639790;Joseilton Carneiro Antonas;674.513.636-86;M;31.10.88;Brasília;DF;joseilton_antonas@gmail.com;(61) 99006-1498;Bronze
HSP-218458;Aldaci Bonato Abilio;032.381.281-32;F;1994-11-21;Rio de Janeiro;RJ;aldaci_abilio68@uol.com.br;(81) 99072-4769;Bronze
HSP-891943;Aruca Metz Schaefer;963.731.149-10;F;15/10/1978;Niterói;RJ;aruca.schaefer14@gmail.com;(62) 98063-7598;Prata
HSP-752808;Adão Manske;818.036.485-20;M;07/07/1977;Londrina;PR;adaomanske5@gmail.com;(31) 96277-9205;Bronze
HSP-005906;Boaventura Burini;787.321.499-05;M;16/09/1958;São Paulo;SP;boaventuraburini@gmail.com;(41) 98722-3103;Bronze
HSP-273103;Alexsandro Ardaillon;004.601.041-60;M;18/01/1963;Curitiba;PR;alexsandro.ardaillon44@outlook.com;(61) 99932-8458;Ouro
HSP-612948;Iris Ikeda;721.761.898-33;F;06/05/1994;Uberlândia;MG;irisikeda@icloud.com;(62) 99711-8437;Bronze
HSP-246125;Biah Meller Heil;893.972.048-23;F;22/10/2001;Niterói;RJ;biah_heil36@outlook.com;21984045143;Ouro
HSP-678215;Celmira Acosta Krueger;079.640.315-54;F;06/12/1999;Goiânia;GO;celmira_krueger@uol.com.br;(61) 98538-4157;Bronze
HSP-709867;Leocádio Emmel Bonetti;927.195.406-84;M;27/05/1972;Ribeirão Preto;SP;leocadio.bonetti@yahoo.com.br;(16) 96034-3298;Bronze
HSP-520836;Satoshi Lobato Gripp;535.440.789-37;M;13/05/1966;Belo Horizonte;MG;satoshigripp@yahoo.com.br;(62) 99582-9611;Bronze
HSP-416907;Ismael Goncalves;471.124.617-74;M;14/01/2004;Londrina;PR;ismael_goncalves@uol.com.br;11996555579;Prata
HSP-452291;Márcio Diesel Amezola;447.049.867-05;M;30/10/1970;Brasília;DF;marcio.amezola3@gmail.com;(62) 97897-8638;Bronze
HSP-766274;Wanderlei Santoro;246.689.974-47;M;1965-12-13;Porto Alegre;RS;wanderleisantoro@icloud.com;11990914502;Prata
HSP-457952;Anselmo Aldeia;924.704.811-71;M;1965-11-17;Campinas;SP;ANSELMOALDEIA12@UOL.COM.BR;(19) 99144-5725;Bronze
HSP-968071;Ítalo Ávila;591.700.343-20;M;19/10/1983;Niterói;RJ;italo_avila94@hotmail.com;(61) 99638-7247;Bronze
HSP-338620;Arcelino Beserra;541.119.020-73;F;02/09/1988;Porto Alegre;RS;arcelino_beserra14@hotmail.com;(19) 98660-4340;Bronze
HSP-264969;Cauã Macedo Ximenes;538.425.611-72;M;06.10.79;Campinas;SP;caua_ximenes88@outlook.com;(81) 98338-6096;Bronze
HSP-347851;Jaqueline Basílio Ambrogio;829.508.149-72;F;14/12/1977;Curitiba;PR;jaquelineambrogio@icloud.com;(51) 99962-1514;Bronze
HSP-323026;Renildo Anghetti;528.805.075-96;M;14/09/1957;Porto Alegre;RS;renildo.anghetti@icloud.com;(62) 96360-8390;Bronze
HSP-274429;Libânio Cilento Marinho;964.930.464-91;M;15/04/1991;Porto Alegre;RS;libanio.marinho2@yahoo.com.br;81981799372;Ouro
HSP-332428;Policarpo Amernes Maske;854.609.121-80;M;20/06/1966;Rio de Janeiro;RJ;policarpo.maske@outlook.com;(11) 97916-3574;Prata
HSP-045988;Alicia Antoniolli Aramburu;247.079.262-23;F;09/08/2003;Brasília;DF;alicia_aramburu@gmail.com;(16) 97215-4297;Prata
HSP-087972;Quintino Battistini;988.442.789-52;M;28/02/1974;Rio de Janeiro;RJ;QUINTINO_BATTISTINI32@YAHOO.COM.BR;(21) 99220-9181;Bronze
HSP-673687;Kassia Calvani Fleck;127.317.427-55;F;12/01/1980;Uberlândia;MG;kassiafleck30@hotmail.com;(31) 99816-5585;Bronze
HSP-894148;Leonidas Aragoni;040.465.511-43;M;24/02/1972;Belo Horizonte;MG;leonidas.aragoni@hotmail.com;(62) 96325-3011;Ouro
HSP-560726;Jânio  Muniz;952.827.677-67;M;25.09.95;Londrina;PR;janio_muniz80@hotmail.com;61988635341;Bronze
HSP-752471;Waldemar Yamada Angeli;510.026.077-79;M;24.07.95;Londrina;PR;waldemar.angeli25@icloud.com;51999069551;Diamante
HSP-094101;Karla Holzschuh Fuchs;898.318.730-17;F;12/12/1962;Belo Horizonte;MG;karlafuchs@outlook.com;(11) 97950-4433;Bronze
HSP-419975;Naoki Bertoni Esteves;027.590.826-79;M;30/07/1952;Rio de Janeiro;RJ;naokiesteves@gmail.com;(81) 96240-8734;Bronze
HSP-489157;Moisés Amiraldo;452.395.960-93;M;23-02-1951;Ribeirão Preto;SP;moises.amiraldo10@outlook.com;(81) 99714-9455;Bronze
HSP-701095;Cirlette Inoue;060.941.750-93;F;18-07-1967;Porto Alegre;RS;cirlette.inoue@icloud.com;(51) 96498-4621;Bronze
HSP-437435;Théo Aldeia Arcillas;095.914.504-43;M;17/07/1969;Goiânia;GO;theoarcillas@yahoo.com.br;(31) 99691-5064;Bronze
HSP-459192;Amire Chierichetti Grimaldi;204.384.504-77;F;1996-01-12;Brasília;DF;amire_grimaldi63@yahoo.com.br;(51) 98713-4168;Prata
HSP-489732;Lorenita Antelmo;078.869.858-34;F;11/12/1997;Curitiba;PR;LORENITA_ANTELMO@UOL.COM.BR;21999222409;Prata
HSP-920425;Rangel Meissner Hayashi;895.377.012-20;M;10/12/1993;Ribeirão Preto;SP;rangel_hayashi@gmail.com;(19) 99033-5357;Bronze
HSP-994042;Vivian Arafat Altino;793.651.875-40;F;20/04/1984;Rio de Janeiro;RJ;vivian_altino@hotmail.com;(19) 99686-3286;Bronze
HSP-713899;Valmir Sardinha Hasegawa;230.085.789-85;M;19/10/1976;Belo Horizonte;MG;valmir_hasegawa@gmail.com;61969583324;Bronze
HSP-578834;Rosa Jahn Hofer;836.903.034-35;F;21/11/2006;São Paulo;SP;rosa.hofer@hotmail.com;(19) 97385-4097;Bronze
HSP-286888;Benjamin Ehrlich Maske;070.600.746-86;M;31/05/1959;Londrina;PR;benjamin.maske@hotmail.com;(41) 99571-8293;Bronze
HSP-982346;Kauan Appolonio Aguiar;638.762.157-73;M;17/09/1963;Londrina;PR;KAUANAGUIAR@OUTLOOK.COM;(11) 99027-6325;Bronze
HSP-177324;Michiko Meissner Lutterbeck;531.419.887-81;F;17/07/1960;Campinas;SP;michiko.lutterbeck@icloud.com;(51) 98810-3818;Bronze
HSP-558881;Lênio Astori;590.071.320-24;M;18/11/1987;Londrina;PR;lenio_astori@uol.com.br;(51) 99780-6752;Diamante
HSP-196303;Damineide Lacerda Hanauer;893.911.645-36;F;27/08/1983;Niterói;RJ;damineide_hanauer@yahoo.com.br;(16) 99079-7545;bronze
HSP-435157;Dinélia Marchetti Hornburg;529.645.521-50;F;05/12/1984;Brasília;DF;dinelia_hornburg@outlook.com;81985529802;Prata
HSP-413710;Jara  Aquino;185.069.298-06;F;16/07/1962;Goiânia;GO;jara_aquino@hotmail.com;(62) 97768-5515;Bronze
HSP-845280;Wellington Kubota Nonato;303.183.933-10;M;16/04/1970;Curitiba;PR;wellington.nonato@gmail.com;21992809328;Bronze
HSP-535312;Tatiara Koerich;296.151.436-34;F;08-12-1984;Porto Alegre;RS;tatiarakoerich@outlook.com;61978629573;Prata
HSP-157023;Diógenes Kobayashi;669.633.895-00;M;04/07/1958;Recife;PE;diogeneskobayashi@uol.com.br;(19) 98720-5101;Bronze
HSP-966797;Seiji Ambrogio Novais;624.694.762-08;M;13/10/1972;Porto Alegre;RS;seijinovais88@uol.com.br;(51) 96562-8071;Bronze
HSP-476908;Francisca Apolonia Hayashi;271.909.520-63;F;25/07/1968;Belo Horizonte;MG;francisca.hayashi@icloud.com;16966502652;Bronze
HSP-687388;Hélio Arconi Prado;462.201.656-75;M;16/10/2003;Recife;PE;helio_prado31@uol.com.br;41987776780;Bronze
HSP-336022;Jonailton Cervantes;755.984.142-28;M;18/09/1995;Belo Horizonte;MG;jonailton.cervantes37@uol.com.br;(51) 96776-6677;Prata
HSP-289586;Heleno Heck Almeida;997.024.404-32;M;1953-08-29;Uberlândia;MG;heleno.almeida80@gmail.com;(16) 97983-2576;Bronze
HSP-746243;Zito Engler Chagas;761.727.573-00;M;01/12/1995;Belo Horizonte;MG;zito_chagas72@gmail.com;(51) 97917-2594;Bronze
HSP-575861;Palmério Lüdtke Falcão;021.501.343-30;M;06/05/1985;Porto Alegre;RS;palmeriofalcao7@yahoo.com.br;(31) 97935-9840;Prata
HSP-428586;Elonice Cervantes;903.719.127-41;F;16/06/1967;Uberlândia;MG;elonice_cervantes@uol.com.br;61972908568;Bronze
HSP-469093;Arcanjo Azambuja;591.004.436-20;M;22/06/1999;Uberlândia;MG;ARCANJO_AZAMBUJA@YAHOO.COM.BR;(51) 97188-5112;Bronze
HSP-217900;Lênio Amirate Lemke;227.683.527-30;M;05/03/1999;Recife;PE;leniolemke81@uol.com.br;(16) 99775-9935;Bronze
HSP-172058;Tatiara Falcão Duarte;632.586.775-06;F;04/12/1987;Recife;PE;tatiara_duarte@uol.com.br;(19) 96493-8855;Prata
HSP-224212;Maciel Danner Ogawa;656.841.546-46;M;05/01/2005;Ribeirão Preto;SP;macielogawa16@yahoo.com.br;(61) 98027-4342;Bronze
HSP-363835;Alessandra Hauck Figueira;560.033.752-30;F;05/09/1962;Uberlândia;MG;alessandra.figueira@yahoo.com.br;(51) 98112-5199;Bronze
HSP-910239;Dalton Amirau;537.237.660-05;M;01-01-1991;Rio de Janeiro;RJ;DALTON_AMIRAU19@YAHOO.COM.BR;(51) 96876-1940;Prata
HSP-715107;César Amerino;524.392.295-12;M;17/09/1987;Campinas;SP;cesar.amerino87@icloud.com;(51) 98325-7457;Ouro
HSP-668105;Mainar Marques Inoue;834.767.900-29;M;15-09-1968;Uberlândia;MG;mainar_inoue@outlook.com;51976358060;Prata
HSP-460962;Yoshiko Danner Uchôa;682.508.559-06;F;06.08.87;Goiânia;GO;yoshiko.uchoa82@yahoo.com.br;(31) 98338-8810;Bronze
HSP-371297;Nerivaldo Amirala Pinheiro  ;689.270.472-73;M;14/09/1994;Belo Horizonte;MG;nerivaldo.pinheiro@icloud.com;(41) 97037-5119;Bronze
HSP-927359;Amiriane Esteves Peixoto;862.886.887-97;F;11-07-1998;Porto  Alegre;RS;amirianepeixoto@outlook.com;51984745174;Bronze
HSP-096382;Aguinaldo Ardene Cassaro;440.883.318-50;M;1975-03-12;Recife;PE;aguinaldo.cassaro@gmail.com;19983724123;bronze
HSP-672967;Dinalva Anunciato Sampaio;980.122.016-31;F;1995-05-19;Uberlândia;MG;dinalva.sampaio98@outlook.com;(31) 96127-1096;Bronze
HSP-018372;Adão Chaves Hanauer;140.982.127-73;M;09/02/1988;Rio de Janeiro;RJ;adao.hanauer16@uol.com.br;(81) 99748-7986;Bronze
HSP-308264;Rosmary Galvão;569.000.191-02;F;02/09/1951;Rio de Janeiro;RJ;rosmary_galvao@outlook.com;41993623853;BRONZE
HSP-943024;Asilene Bonetti Cafagna;691.170.870-23;F;23/09/1961;Belo Horizonte;MG;asilene.cafagna@uol.com.br;(31) 99711-1543;Prata
HSP-970892;Míriam Arcieri;912.321.600-08;F;02/08/1948;Belo Horizonte;MG;miriam_arcieri@icloud.com;(41) 96728-5346;Bronze
HSP-141188;Lino Nóbrega;131.167.954-52;M;31/01/1976;Ribeirão Preto;SP;lino.nobrega@icloud.com;(41) 96685-7328;Bronze
HSP-451497;Welma Couto;862.902.515-89;F;09/01/2000;Londrina;PR;welma.couto@outlook.com;(31) 97770-8248;Bronze
HSP-506936;Alexandre Viana;040.531.984-37;M;09.05.52;São Paulo;SP;alexandre.viana44@gmail.com;16973206238;Bronze
HSP-294242;Jucelino Acosta Eckhoff;797.008.307-21;M;15/05/1958;Rio de Janeiro;RJ;jucelino_eckhoff38@gmail.com;61998249354;Bronze
HSP-445491;Edevaldo Pereira Azambuja;290.183.205-95;M;1992-11-06;Salvador;BA;edevaldo.azambuja21@gmail.com;41970471453;Bronze
HSP-531030;Tereza Ambrogio Ramos;747.117.064-61;F;26/01/1952;Campinas;SP;TEREZARAMOS@YAHOO.COM.BR;(81) 97784-9359;Bronze
HSP-846065;Suzana Ardina Bonfim;138.819.011-75;F;31/08/1984;Rio de Janeiro;RJ;suzana_bonfim@outlook.com;(19) 98047-7588;Prata
HSP-157001;Claudilene Lacerda Anunciação;176.451.770-98;F;26/02/1977;Niterói;RJ;claudilene.anunciacao@icloud.com;(41) 98273-1068;Ouro
HSP-846311;Jaci Bianchi Brandt;959.284.898-03;F;1962-03-22;Salvador;BA;jaci_brandt@outlook.com;(62) 98043-3861;Ouro
HSP-778619;Odete Arão Ambrosi;093.986.639-02;F;11.02.51;Belo  Horizonte;MG;odeteambrosi50@outlook.com;62971715367;Bronze
HSP-377376;Udo Anunciato;886.762.273-06;M;25/08/1986;Goiânia;GO;udo_anunciato@hotmail.com;(41) 99509-6107;Ouro
HSP-412028;Policarpo Saraiva Duarte;156.345.263-45;M;23/02/1998;Niterói;RJ;policarpo_duarte68@uol.com.br;19967454557;Bronze
HSP-371963;Lucídio Gonçalves Cavalli;442.111.754-40;M;13/08/1983;Curitiba;PR;LUCIDIOCAVALLI73@OUTLOOK.COM;(16) 98627-5732;Bronze
HSP-163213;Ulisses Amilaga Amazónia;291.164.792-03;M;29/08/1980;Londrina;PR;ulisses_amazonia@outlook.com;(31) 98402-9210;Bronze
HSP-665475;Orlanda Mergen Astori;153.007.514-99;F;10/04/1988;Porto Alegre;RS;orlanda_astori@icloud.com;(21) 99264-9667;Bronze
HSP-098527;Aldair Anísio Zanini;108.124.643-03;M;18-06-1986;Ribeirão Preto;SP;aldairzanini@icloud.com;19998493752;Bronze
HSP-604737;Acília Borges Arconde;696.374.912-44;F;29/05/1983;Campinas;SP;acilia.arconde@yahoo.com.br;81999141605;Bronze
HSP-430110;Cartimandi Lorenz;316.004.027-55;F;16/08/1983;Campinas;SP;cartimandi.lorenz@uol.com.br;(62) 97702-9379;Bronze
HSP-307623;Isaías Vilela;796.699.784-75;M;16/10/1957;São Paulo;SP;isaias.vilela8@icloud.com;(21) 97171-2388;Bronze
HSP-624289;Anairdes Cafagna;159.528.599-76;F;08.04.06;Brasília;DF;anairdes_cafagna@outlook.com;(16) 98857-8156;Bronze
HSP-234566;Herberto Araujo Adorno;836.760.741-49;M;22-04-1954;RIO DE JANEIRO;RJ;herberto.adorno@hotmail.com;(81) 97116-9773;Prata
HSP-593878;Diógenes Castelli;858.696.609-63;M;20/11/1986;Niterói;RJ;diogenes_castelli40@icloud.com;(16) 99715-7435;Prata
HSP-023638;Haroldo Anjos Viana;418.024.594-99;M;27-05-2002;Campinas;SP;haroldo.viana@uol.com.br;(41) 97317-7640;Bronze
HSP-447504;Alda Saraiva Casagrande;655.737.485-05;F;08/08/1985;Ribeirão Preto;SP;aldacasagrande@hotmail.com;(61) 96311-3792;Bronze
HSP-780687;Ermínio Amevo Chiavegato;279.294.965-11;M;04/06/1966;Brasília;DF;erminio.chiavegato80@yahoo.com.br;16970431864;Prata
HSP-240205;Tiago Arduchin;124.269.575-30;M;21/01/1977;Goiânia;GO;tiago.arduchin@uol.com.br;(61) 96283-4304;Bronze
HSP-201412;Sumiko Brunelli Fiedler;852.063.346-34;F;01-05-1952;Rio de Janeiro;RJ;sumiko.fiedler77@yahoo.com.br;(62) 98031-4094;Bronze
HSP-981252;Joselita  Zeferino Ardeni;917.160.333-65;F;03/03/1976;Brasília;DF;joselita.ardeni@outlook.com;51971522422;Bronze
HSP-669045;Aleuda Ardent Mäder;021.093.676-28;F;18/04/1991;São Paulo;SP;aleuda_mader@yahoo.com.br;(16) 96983-7816;Bronze
HSP-382856;Dara Diesel Gruber;435.110.269-11;F;14/09/1980;Porto Alegre;RS;dara.gruber@outlook.com;41969621807;Prata
HSP-269363;Renildo Bruno Amato;070.264.062-05;M;2000-02-17;Ribeirão Preto;SP;renildo_amato57@outlook.com;(21) 97310-3020;PRATA
HSP-994297;Arthurlina  Mori Meissner;427.973.029-66;F;1997-11-16;Rio de Janeiro;RJ;arthurlina_meissner73@outlook.com;(16) 99761-3766;Bronze
HSP-524131;Neuza Cruz Saraiva;488.919.949-79;F;07-02-1975;Belo Horizonte;MG;neuza_saraiva@yahoo.com.br;61985592101;Bronze
HSP-232500;Audenira Ardin Ciaramicoli;524.286.785-07;F;13/09/1968;Curitiba;PR;audenira_ciaramicoli2@gmail.com;(62) 98408-8699;Bronze
HSP-397674;Lilian Glaser Nogueira;250.280.041-29;F;25/06/1980;Campinas;SP;lilian_nogueira@icloud.com;(11) 99394-9114;Bronze
HSP-106046;Aurelio Löffler Campos;164.575.275-58;M;30/03/1985;Ribeirão Preto;SP;aurelio_campos@icloud.com;(62) 98914-4296;Bronze
HSP-996485;Manoaldo Konno Feitosa;815.571.556-66;M;22/02/1977;Goiânia;GO;manoaldofeitosa@yahoo.com.br;19982925940;Bronze
HSP-340531;Marcondes Liebich;611.339.563-43;M;25-01-1986;Londrina;PR;marcondes.liebich48@gmail.com;(62) 96608-7114;Bronze
HSP-964588;Lorenni Tavares Aquino;869.784.879-29;F;12.03.00;Rio de Janeiro;RJ;lorenniaquino@yahoo.com.br;(41) 96349-7960;Prata
HSP-225817;Ricardo Sena Matsuo;916.423.012-05;M;09.12.02;Ribeirão Preto;SP;ricardo_matsuo76@icloud.com;(11) 96453-8993;Bronze
HSP-882968;Zenaide Arantes;553.606.223-93;F;24/04/1956;Campinas;SP;zenaide.arantes@outlook.com;(19) 97926-4376;Bronze
HSP-163078;Elionilde Heise Jung;032.730.324-72;F;21/07/1981;Recife;PE;elionildejung57@outlook.com;(19) 96847-6322;Ouro
HSP-570290;Waldemar Kurz Alencar;695.862.185-97;M;23.07.57;Campinas;SP;waldemar.alencar@icloud.com;21989082687;Bronze
HSP-096433;Levi Abreu Fujita;947.281.326-76;M;03.06.53;Salvador;BA;levi_fujita@outlook.com;(61) 96041-4153;Bronze
HSP-298426;Herenildo Farias Viotti;313.245.275-01;M;28/07/1953;Ribeirão Preto;SP;herenildo_viotti@gmail.com;(81) 98586-6608;Bronze
HSP-407183;Alcino Heckmann;249.489.185-04;M;14/07/1962;Brasília;DF;alcino.heckmann@uol.com.br;(62) 96974-9317;Bronze
HSP-544527;Mateus Maia Engelhardt;657.652.822-10;M;13/09/1982;Campinas;SP;mateusengelhardt@yahoo.com.br;(21) 99439-6370;Bronze
HSP-527188;Junior Moreira Marinho;577.661.388-40;F;26/02/1980;Recife  ;PE;junior_marinho44@gmail.com;11988962481;Bronze
HSP-126973;Liane Koch Metzger;936.019.412-36;F;08/09/1990;goiânia;GO;lianemetzger@yahoo.com.br;(19) 96434-6360;Ouro
HSP-091608;Vanderlino Amavizca;338.811.209-63;M;10/07/1959;Salvador;BA;vanderlinoamavizca@yahoo.com.br;(19) 96900-8256;Bronze
HSP-222834;Carlos Ardeal;719.056.574-47;M;15/06/1987;Salvador;BA;carlos.ardeal@yahoo.com.br;16961396204;Bronze
HSP-370992;Amábile Arrighi Aragão;688.730.588-76;F;13/09/2000;Belo Horizonte;MG;amabile_aragao@gmail.com;(31) 97353-4479;Ouro
HSP-124500;Ítalo Ximenes Lisowski;580.401.461-78;M;13/11/1969;Niterói;RJ;italo_lisowski@yahoo.com.br;(11) 96167-1419;Bronze
HSP-592472;Nailton Miranda Monteiro;474.369.390-09;M;13/09/1988;Salvador;BA;nailtonmonteiro@gmail.com;(41) 96439-9702;Bronze
HSP-120295;Keziah Aboim Sampaio;425.111.903-70;F;10/11/1987;Goiânia;GO;keziah_sampaio@icloud.com;(11) 98366-5813;Prata
HSP-468067;Nadim Queiroz Abbate;238.876.766-02;M;05/11/1956;Porto Alegre;RS;nadim.abbate@yahoo.com.br;(31) 99446-9578;Bronze
HSP-269552;Amélita Decker;308.183.632-82;F;1949-05-28;São Paulo;SP;amelitadecker@icloud.com;(41) 98595-8335;Diamante
HSP-843303;Orlando Holzschuh Boschi;331.178.605-09;M;16/07/1992;Goiânia;GO;orlando_boschi@yahoo.com.br;(16) 98020-2171;Prata
HSP-801993;Mairan Aranzales Moura;740.589.230-24;M;07/07/2004;Uberlândia;MG;mairan.moura@yahoo.com.br;(16) 98002-9681;BRONZE
HSP-493380;Emília Arcoverde Vargas;649.674.514-54;F;10.12.53;Curitiba;PR;emilia_vargas46@hotmail.com;(61) 97816-5922;Diamante
HSP-148697;Wanderléia Amazónia Pinheiro;851.115.673-99;F;09/07/1978;Niterói;RJ;wanderleia.pinheiro@outlook.com;(21) 97309-8535; Bronze
HSP-367859;Aniete Liebich Matsuo;838.319.346-73;F;14/04/1949;SÃO PAULO;SP;aniete_matsuo@hotmail.com;(16) 97310-9341;Prata  
HSP-368752;Kelly Arcillas;952.457.051-33;F;21/08/1976;Curitiba;PR;kelly_arcillas@outlook.com;(16) 99494-9691;Bronze
HSP-821268;Selso Ambrosio;271.618.628-68;M;31-10-2006;Goiânia;GO;selsoambrosio@yahoo.com.br;(51) 97971-7847;Ouro
HSP-394776;Tomás Hasegawa Nunes;681.931.922-30;M;01/08/1957;Belo Horizonte;MG;tomasnunes@outlook.com;21991613878;Ouro
HSP-258052;Jacinto Silva Kaiser;541.892.588-14;M;29.03.76;Rio de Janeiro;RJ;jacinto.kaiser99@gmail.com;(11) 99647-4805;Bronze
HSP-541680;Amelie Mendes;798.657.168-36;F;15/04/1993;Belo Horizonte;MG;ameliemendes@icloud.com;(31) 96378-4189;Bronze
HSP-845392;Manoelito Alvinhos;760.882.309-75;M;09/01/1992;Brasília;DF;manoelito.alvinhos@uol.com.br;(16) 96725-9530;Bronze
HSP-020531;Amandine Arduchin Bartoloni;262.803.364-09;F;23-09-1988;Brasília;DF;amandinebartoloni37@icloud.com;(16) 97152-2322;Bronze
HSP-786207;Massimo Buscemi;166.366.228-22;M;06/01/1949;Niterói;RJ;massimo_buscemi@outlook.com;(51) 96296-5753;Diamante
HSP-183710;Lajar Feldmann Ito;486.106.600-01;M;25.07.73;Recife;PE;lajar.ito@gmail.com;(51) 97715-1288;bronze
HSP-561838;Werner Archane Ardito;441.066.788-29;M;19/08/1989;Porto Alegre;RS;werner_ardito61@hotmail.com;31997232247;Bronze
HSP-125122;Cirlene Zanini;071.107.298-18;F;11/12/1982;Ribeirão Preto;SP;cirlene_zanini32@icloud.com;(11) 97417-1498;Bronze
HSP-221172;Clarita Camargo Burini;955.412.982-37;F;08-01-1977;Goiânia;GO;clarita_burini@uol.com.br;31966411094;Bronze
HSP-158618;Jandir Amesquita Braga;680.126.962-31;M;15/11/1948;Porto Alegre;RS;jandir_braga@outlook.com;(11) 97954-4735;Bronze
HSP-208610;Alencar Aragoni Queiroz;274.962.383-92;M;11/08/1953;Belo Horizonte;MG;alencarqueiroz@outlook.com;11991074800;Ouro
HSP-528535;Nailha Gripp Cafagna;330.864.148-80;F;11.01.54;Belo Horizonte;MG;nailha_cafagna@hotmail.com;81986571766;Bronze
HSP-863035;Raquel Rezende Carlini;377.210.907-17;F;26-08-1961;Ribeirão Preto;SP;raquel_carlini61@uol.com.br;(41) 98326-2756;Bronze
HSP-073586;Álvaro Sakamoto;865.737.449-85;M;16/08/2006;Curitiba;PR;alvaro_sakamoto@gmail.com;(16) 96553-4590;Prata
HSP-215515;Hiroko Diniz Chierotti;382.528.940-03;F;07/05/1965;Niterói;RJ;hiroko_chierotti32@outlook.com;(21) 97647-1298;Prata
HSP-194250;Renoir Engler Goto;163.678.175-65;M;02/01/1974;Salvador;BA;renoir.goto83@uol.com.br;(21) 97017-6542;Prata
HSP-260973;Heleno Capelli Santoro;952.608.853-09;M;17/04/1961;Recife;PE;heleno.santoro@uol.com.br;(16) 99603-4878;Prata
HSP-668392;Ubirajarama Caldas;737.704.990-18;F;22/09/1984;Campinas;SP;ubirajaramacaldas@yahoo.com.br;62962776079;BRONZE
HSP-609672;Allysson Antenor Kubota;573.689.108-53;F;1986-08-09;Salvador;BA;allyssonkubota15@icloud.com;(16) 99958-6140;Bronze
HSP-898857;Maiana Casanova Bartolucci;771.699.165-50;F;01/01/1965;São Paulo;SP;MAIANABARTOLUCCI@HOTMAIL.COM;19970126049;Ouro
HSP-457499;Gilmar Campi;657.281.829-25;M;1977-09-28;Goiânia;GO;gilmar.campi63@uol.com.br;(81) 98626-9749;Bronze
HSP-080506;Perla Cagnotti;855.373.043-33;F;02/04/1955;Recife;PE;perla_cagnotti@hotmail.com;21981696257;Bronze
HSP-462590;Kamille Masuda Nascimento;400.040.756-25;F;1996-06-14;Salvador;BA;kamille.nascimento16@gmail.com;(19) 97279-1661;Ouro
HSP-715637;Lorenni Sardinha Anunciação;273.449.799-93;F;29.06.60;Brasília;DF;lorenni.anunciacao@outlook.com;(21) 99264-8871;Prata
HSP-739459;VARINO ARCIPRESTE EHMKE;371.053.925-09;M;22/07/1967;Curitiba;PR;varinoehmke@gmail.com;(19) 98839-9119;Bronze
HSP-064972;Gisele Eichler Anghetti;256.004.131-65;F;1971-07-05;Londrina;PR;gisele_anghetti@yahoo.com.br;(16) 97442-3419;Diamante
HSP-974429;Ana Franco Sales;064.272.990-50;F;12/11/1955;SALVADOR;BA;anasales66@uol.com.br;(21) 97995-7671;Bronze
HSP-073939;amayra trindade;391.584.647-35;F;06.03.68;Niterói;RJ;amayra.trindade7@outlook.com;19993058657;Prata
HSP-393736;rayan astori meier;261.340.973-81;M;02-08-2005;Recife;PE;rayan.meier@hotmail.com;(11) 99340-8077;Bronze
HSP-026266;Claudilene Krause Ehrlich;694.353.286-36;F;28/08/1948;Curitiba;PR;claudilene.ehrlich@icloud.com;(11) 97497-2110;Bronze
HSP-127459;Joilson Ferber;864.555.261-20;M;20/05/1987;Salvador;BA;joilson_ferber57@gmail.com;(61) 98726-6986;Ouro
HSP-558207;Carolina Santoro Arcie;599.896.258-32;F;08/04/2004;Porto Alegre;RS;carolina_arcie@yahoo.com.br;(41) 97284-8059;Bronze  
HSP-008984;Nathan Arden Alberti;519.378.495-03;M;25/06/1976;Porto Alegre;RS;nathan.alberti23@yahoo.com.br;(41) 97094-5115;Prata
HSP-941127;Jarina Rocha Miyazaki;646.152.653-60;F;29/06/1951;CAMPINAS;SP;jarina.miyazaki@hotmail.com;(51) 99698-8367;Prata
HSP-515465;Jario Oliveira;089.437.481-83;M;23-04-1983;Campinas;SP;jario.oliveira@uol.com.br;(21) 97996-5091;Bronze
HSP-860895;Henrique Vieira Eichler;814.033.405-79;M;24/11/1958;Goiânia;GO;henrique.eichler@icloud.com;(21) 98846-1790;Bronze
HSP-768501;Teruko Benini Freyer;131.166.946-99;F;07/01/1961;Ribeirão Preto;SP;teruko.freyer@icloud.com;21966585761;Bronze
HSP-167583;CORINA CAGNOTTI PAULA;207.498.849-40;F;19/03/1997;Goiânia;GO;corinapaula@uol.com.br;21994703820;Bronze
HSP-087393;Patrícia Quadros Silva;166.578.130-07;F;1987-05-28;Belo Horizonte;MG;patricia_silva@uol.com.br;61994781939;Diamante
HSP-212038;Aisa Anjinho Bevilacqua;953.223.072-65;F;22/12/1971;Uberlândia;MG;aisa_bevilacqua@uol.com.br;16975795172;Bronze
HSP-387433;Paulino Chaves Battistini  ;805.839.340-13;M;04/07/1956;Ribeirão Preto;SP;paulinobattistini35@icloud.com;(51) 99442-3306;Bronze
HSP-114331;Ivelise Gressler Amiral;596.276.223-11;F;05/10/1961;Goiânia;GO;ivelise_amiral@gmail.com;(31) 97925-6578;Bronze
HSP-779964;Almir Ambiel;802.280.177-18;M;06/07/1952;Belo Horizonte;MG;almir.ambiel@gmail.com;(19) 96532-5852;Bronze
HSP-247629;Olivia Huber;439.103.231-70;F;31/03/1956;Ribeirão Preto;SP;oliviahuber@icloud.com;(19) 99958-8678;Prata
HSP-461090;Dino Arcos Ueda;040.838.437-99;M;14/06/1984;Londrina;PR;dinoueda3@gmail.com;(62) 97830-8680;Prata
HSP-135912;Mabel Ardaillon Benvenuti;577.727.745-40;F;01/03/1982;Belo Horizonte;MG;mabel_benvenuti@gmail.com;31964369538;Bronze
HSP-392355;Rosmary Coelho;687.884.204-26;F;16/04/1960;Curitiba;PR;rosmary_coelho89@icloud.com;(81) 99161-5040;Bronze
HSP-037725;Taise Aquires Diesel;853.202.546-36;F;29-11-1964;Salvador  ;BA;taise.diesel@icloud.com;(16) 98425-5748;Bronze
HSP-575477;Consuelo Kobayashi Alvinhos;139.594.592-62;F;2001-05-21;Ribeirão Preto;SP;consueloalvinhos@gmail.com;(62) 97373-8179;Bronze
HSP-644516;Waldir Ferber Arcioni;896.549.977-11;M;02.09.99;São Paulo;SP;waldirarcioni62@uol.com.br;31993183214;Ouro
HSP-025440;Rayan Ardani Leal;251.575.951-31;M;2004-10-20;São Paulo;SP;rayan_leal@gmail.com;(81) 98864-7513;Bronze
HSP-076369;Dulce Takeda Almeida;422.749.665-91;F;1961-08-23;Ribeirão Preto;SP;dulcealmeida@uol.com.br;51993429458;Prata
HSP-470682;Rayan Garcia Yamada;353.675.777-41;M;28/11/1954;Campinas;SP;rayan_yamada93@hotmail.com;(19) 99273-6485;Prata
HSP-075524;Audinelma Bacci;712.806.199-10;F;07/04/2001;Ribeirão Preto;SP;audinelma.bacci@outlook.com;(19) 97609-7755;Prata
HSP-471734;Tatiara Fujii Rego;303.253.695-26;F;05-06-1999;Uberlândia;MG;tatiararego47@outlook.com;(62) 97824-7221;Bronze
HSP-761662;Adalcina Costa Fujii;764.612.614-43;F;10.02.99;Goiânia;GO;adalcinafujii@uol.com.br;(41) 98688-7633;Bronze
HSP-362575;FABRÍCIO KIEFER XIMENES;195.663.006-62;M;29/11/1967;Niterói;RJ;fabricio.ximenes@icloud.com;21992461881;Bronze
HSP-447976;Welma Jakob;481.135.373-09;F;11/06/2002;Curitiba;PR;welmajakob@hotmail.com;(16) 99776-3673;Bronze
HSP-403557;Larice Americo Kaiser;712.996.991-11;F;03/03/1966;Salvador;BA;larice_kaiser71@hotmail.com;16960381813;Bronze
HSP-215184;MOISES BATTISTINI;213.688.415-89;M;06/02/1998;Uberlândia;MG;moises_battistini@icloud.com;(31) 99038-2104;Prata
HSP-734049;Oneide Arcillas Ardao;558.922.355-56;F;05/11/2001;Porto Alegre;RS;oneide.ardao@outlook.com;(62) 98008-1423;ouro
HSP-581973;Suzana Arduno;287.897.153-14;F;1994-03-31;Rio de Janeiro;RJ;suzana_arduno@uol.com.br;(19) 97230-8936;Bronze
HSP-223068;Varino Arduchin Decker;310.185.088-64;M;04/10/1962;Niterói;RJ;varino.decker@yahoo.com.br;(61) 97651-6087;Bronze
HSP-630095;Bruna Grimaldi Frank;679.744.761-50;F;17-07-1997;Goiânia;GO;BRUNAFRANK69@ICLOUD.COM;(62) 99910-7992;Ouro
HSP-223425;Suely Arcon Cilloni;337.922.628-94;F;10/11/1977;Brasília;DF;suely.cilloni@gmail.com;(61) 96002-3970;Bronze
HSP-290912;Glenison Bacci Amesquita;504.726.097-69;M;07/10/1962;Ribeirão Preto;SP;glenisonamesquita@hotmail.com;(81) 96311-5418;Diamante
HSP-057315;Leonie Yamamoto Boin;747.366.539-14;F;18/08/1973;Brasília;DF;leonie_boin@uol.com.br;(61) 98146-8379;Prata
HSP-984276;Elonira Aracatuba Nascimento;444.961.639-18;F;08/06/1976;Ribeirão Preto;SP;elonira_nascimento62@outlook.com;(16) 97952-8919;Bronze
HSP-224390;Alcilene Arcos Saraiva;918.987.557-52;F;21/10/1994;Campinas;SP;alcilenesaraiva@uol.com.br;(41) 96519-4070;Prata
HSP-331233;Anderson Eichler;059.193.442-61;M;29/05/2006;Recife;PE;anderson_eichler@icloud.com;16964223207;Bronze
HSP-328176;Wanderson Bravi;759.809.628-75;M;18/01/1971;São Paulo;SP;WANDERSON.BRAVI@GMAIL.COM;81976521001;Ouro
HSP-581741;Juliene Arcino Emmel;630.977.398-40;F;13-04-1965;Ribeirão Preto;SP;julieneemmel56@yahoo.com.br;(19) 96111-9184;Prata
HSP-629641;Elona Fischmann Ribeiro;629.010.793-34;F;21/07/2002;Uberlândia;MG;elonaribeiro19@yahoo.com.br;61966058350;Bronze
HSP-667414;Ivaldo Huber Bonato;539.872.458-40;M;1977-09-03;São Paulo;SP;ivaldo.bonato@uol.com.br;(62) 97885-1561;Bronze
HSP-683736;Beatriz Erdmann Drissen;268.395.070-50;F;10/07/1989;Uberlândia;MG;beatriz_drissen25@gmail.com;(19) 98482-7806;Bronze
HSP-355781;Rosana Macedo;853.798.214-80;F;06/12/1997;Goiânia;GO;rosanamacedo@outlook.com;21969128751;Bronze
HSP-658550;Ernani Oliveira;848.368.167-69;M;13/04/1969;Niterói;RJ;ernani.oliveira51@yahoo.com.br;(61) 98730-7779;Bronze
HSP-377731;Rosendo Ishii Heimann;057.725.040-02;M;24/11/1956;Porto Alegre;RS;rosendo.heimann96@uol.com.br;81990209227;Prata
HSP-513577;Thiago Amelinha Eckhoff;208.024.104-48;M;28/04/1978;Uberlândia;MG;thiago.eckhoff@yahoo.com.br;(51) 98375-5009;Ouro
HSP-461333; Sidney Almeida Alvarengas;613.404.750-30;M;04/11/1996;Ribeirão Preto;SP;sidney.alvarengas40@outlook.com;62972321555;Bronze
HSP-606376;Inácio  Ota Andrade;565.803.638-00;M;23/04/1956;Brasília;DF;inacio.andrade@yahoo.com.br;(31) 99566-3699;Bronze
HSP-523778;Ilse Alcantara Castro;244.966.390-84;F;25/01/2004;Salvador;BA;ilse.castro@outlook.com;(61) 96867-9991;Bronze
HSP-413363;Baltazar Amestoy Amércio;709.987.317-22;M;01/02/1970;Uberlândia;MG;baltazar.amercio@uol.com.br;(21) 99635-7520;Ouro
HSP-853110;Jeanete Drumond Bertolasi;016.454.662-64;F;22/11/1986;São Paulo;SP;jeanete_bertolasi@gmail.com;(31) 99547-6720;Bronze
HSP-541879;Ângelo Luz;957.947.450-88;M;29.05.71;Salvador;BA;angeloluz73@icloud.com;(62) 98526-8394;Bronze
HSP-770481;Makoto Ardenna;144.716.504-75;M;23/06/1999;Belo Horizonte;MG;makoto_ardenna@outlook.com;(31) 97761-5280;Bronze
HSP-194573;Cileudo Ardito Acioli;191.378.049-01;F;25/09/1950;Londrina;PR;CILEUDOACIOLI@YAHOO.COM.BR;31960854102;Bronze
HSP-731447;Erich Aquires;741.464.402-20;M;30/04/1978;Brasília;DF;erich_aquires@hotmail.com;(61) 96783-5627;Prata
HSP-184105;Elcio Freyer Hornburg;155.109.542-48;M;16/07/1957;Campinas;SP;elciohornburg@hotmail.com;(16) 97389-1108;Bronze
HSP-965101;Amelie Adorno Arconte;126.334.029-68;F;15/09/1961;São Paulo;SP;amelie.arconte@gmail.com;(41) 96620-7663;Bronze
HSP-147446;Malvina Brunelli Bosio;881.946.877-80;F;11/10/1970;Rio de Janeiro;RJ;MALVINA_BOSIO@HOTMAIL.COM;(81) 97185-5398;Bronze
HSP-649874;Julio Lehmann;849.053.667-80;M;01/06/1976;Salvador;BA;juliolehmann@hotmail.com;(11) 96783-2239;Bronze
HSP-533955;Glaucia Bacci Figueiredo;331.518.016-41;F;14/02/1967;Salvador;BA;glaucia_figueiredo2@hotmail.com;(41) 97734-3214;Prata
HSP-631128;Gilson Benvenuti Acioli;397.815.734-90;M;15-05-1952;Goiânia;GO;gilson.acioli@uol.com.br;(21) 96088-7186;Bronze
HSP-320196;Helena Liebich Accorsi;247.892.251-78;F;31/05/1973;belo horizonte;MG;helenaaccorsi@icloud.com;(31) 99558-7983;Ouro
HSP-020888;Agostinho Fonseca Lange;706.298.109-58;M;03/09/2001;Rio de Janeiro;RJ;agostinholange@outlook.com;(31) 99552-7924;Bronze
HSP-575891;Amisabel Farias Ambrogio;073.730.871-08;F;10/12/1969;Belo Horizonte;MG;amisabel_ambrogio@uol.com.br;(11) 96798-1164;Bronze
HSP-174699;Thiago Freyer;748.579.888-01;M;01/06/1972;Niterói;RJ;thiagofreyer30@hotmail.com;(16) 96935-9731;Prata
HSP-156172;Ermínio Reis;149.384.754-64;M;1988-12-02;recife;PE;erminio.reis@uol.com.br;62976456100;Bronze
HSP-468197;Liliane Kato Amernes;366.983.755-86;F;11/05/2002;São Paulo;SP;lilianeamernes@icloud.com;(11) 97147-6508;Bronze
HSP-796014;Leocádio Hack Pinto;211.359.804-38;M;02/09/1962;São Paulo;SP;leocadio.pinto15@outlook.com;(19) 98378-7889;Bronze
HSP-406192;Olivia Moraes;206.226.093-86;F;26/06/1979;Campinas;SP;OLIVIA.MORAES@ICLOUD.COM;(51) 96534-7329;Ouro
HSP-299104;Agnes Gouveia;719.945.740-54;F;12/01/1999;Brasília;DF;agnes_gouveia@uol.com.br;81974821472;Bronze
HSP-448614;Anacleto Ribeiro Ferreira;359.517.635-92;M;29/08/1977;Niterói;RJ;anacleto.ferreira31@icloud.com;(11) 96614-4042;Diamante
HSP-341593;Eliane Guimarães;777.414.905-83;F;08/05/1970;Brasília;DF;eliane_guimaraes44@hotmail.com;(31) 96526-9126;Bronze
HSP-349699;Josenilde Graf Siqueira;916.831.715-86;F;24/07/1996;Brasília;DF;josenilde.siqueira34@hotmail.com;(51) 96475-3575;BRONZE
HSP-406207;Iara Diehl Hansen;419.066.954-74;F;23/02/1970;Curitiba;PR;iara_hansen@uol.com.br;(61) 97948-1080;Ouro
HSP-949432;Almir Holanda;011.273.831-16;M;14/05/1999;Ribeirão Preto;SP;almirholanda@icloud.com;(21) 97863-3659;Diamante
HSP-940007;Agostinho Yamaguchi Aoki;542.607.824-60;M;04.06.75;Brasília;DF;agostinho.aoki36@hotmail.com;(51) 99122-3826;Diamante
HSP-323427;Suiara Silveira Holanda;223.064.211-10;F;26/01/1965;Curitiba;PR;suiara_holanda@outlook.com;(19) 96224-4675;Ouro
HSP-263184;Dulce Frank Archanjo;645.331.649-86;F;25/02/1986;Rio de Janeiro;RJ;dulce_archanjo5@outlook.com;51964232574;Prata
HSP-677670;Ednaldo Elias Bertolazi;789.078.695-61;M;09/06/1981;Ribeirão Preto;SP;ednaldo_bertolazi@gmail.com;21982839632;Prata
HSP-822342;Henrique Figueiredo Petraglia;359.736.970-70;M;19/08/1950;Porto Alegre;RS;HENRIQUE.PETRAGLIA@UOL.COM.BR;61966396944;Prata
HSP-972091;Dário Hirano Eckhoff;596.897.409-54;M;17/09/1984;São Paulo;SP;dario_eckhoff3@outlook.com;(61) 96133-6736;Bronze
HSP-273532;Kathryn Adão;992.416.119-01;F;27/11/1959;Campinas;SP;kathryn_adao@gmail.com;(19) 96727-8994;Bronze
HSP-701984;Jario Ardiles Guimarães;959.282.233-66;M;12/06/1962;Brasília;DF;jario.guimaraes50@yahoo.com.br;(16) 96561-6672;Bronze
HSP-141902;Tobias Gasser Lutterbeck;277.323.573-88;M;01/06/1969;Campinas;SP;tobiaslutterbeck@outlook.com;(31) 99719-2658;Bronze
HSP-058235;Leonor Araujo;199.425.059-38;F;1990-11-25;Curitiba;PR;leonor.araujo@outlook.com;(41) 99900-1035;Bronze
HSP-696361;Lia Trindade Amero;379.572.381-73;F;27/02/1963;Salvador;BA;lia_amero@gmail.com;(31) 98387-3434;Prata
HSP-060033;Adalberto Elias Dantas;024.694.841-89;M;24/05/1950;Ribeirão Preto;SP;adalberto.dantas94@hotmail.com;31969343787;Prata
HSP-884977;Mainardo Bruno Alvelos;439.137.085-96;M;23/08/1978;Uberlândia;MG;mainardoalvelos@uol.com.br;(41) 97964-3776;Bronze
HSP-130095;Vilmar Lorenz;715.193.178-67;M;26/10/1957;Niterói;RJ;vilmar_lorenz77@uol.com.br;(62) 99222-5036;Ouro
HSP-885074;Roni Arconte Casanova;494.624.554-57;M;1968-03-30;Ribeirão Preto;SP;roni.casanova@yahoo.com.br;(11) 96063-6257;Bronze
HSP-895115;Juaci Ardene Alarcão;829.385.028-00;M;31-10-1995;Goiânia;GO;juaci_alarcao@uol.com.br;(62) 99128-3719;Bronze
HSP-942389;Ivelise Grimm Benedetti;307.066.670-18;F;20/03/2001;Salvador;BA;ivelisebenedetti@icloud.com;(19) 96873-4816;Bronze
HSP-995325;Erasmo Bastos Maier;731.340.377-18;M;20/02/1999;Londrina;PR;erasmomaier60@gmail.com;(41) 97989-4460;Bronze
HSP-882950;Waldo Ameixial;216.247.424-75;M;17-03-1995;Recife;PE;waldo_ameixial@yahoo.com.br;41966036901;Bronze
HSP-072896;Adélia Engler Mesquita;120.720.957-00;F;1953-02-24;Recife;PE;adeliamesquita@uol.com.br;(11) 99469-4836;Bronze
HSP-577858;Rosivalda Ehlers Ribeiro;445.657.817-35;F;1998-08-27;Goiânia;GO;rosivalda_ribeiro24@gmail.com;(61) 97066-1909;Ouro
HSP-490707;Bianca Espírito Santo Arduin;759.930.013-99;F;05.11.69;Porto Alegre;RS;bianca_arduin@gmail.com;(51) 99576-1545;Prata
HSP-002793;Maila Bezerra Jäger;840.000.400-06;F;23/07/1964;Ribeirão Preto;SP;maila_jager@outlook.com;(61) 97031-8568;Bronze
HSP-833095;Jara Cilloni;924.662.576-53;F;21/06/1959;Londrina;PR;jara.cilloni25@uol.com.br;(11) 98853-8708;Diamante
HSP-618363;Áurea Alarcão;815.959.043-10;F;14/03/1992;Campinas;SP;aurea.alarcao3@yahoo.com.br;21991789147;Ouro
HSP-947731;Amélita Marchetti Trindade;103.231.976-39;F;09/05/1964;Curitiba;PR;amelita_trindade47@outlook.com;19964087771;Prata
HSP-395916;Aracelis Hilbert Aquino;183.281.137-91;F;18/02/1982;Brasília;DF;aracelisaquino96@icloud.com;(51) 99143-9079;Bronze
HSP-925990;Naelson Eisenhardt Antenor;094.658.463-09;M;19/08/1983;Campinas;SP;naelsonantenor96@outlook.com;(62) 99036-9243;Bronze
HSP-466488;Juliene Ardaillon;737.805.342-23;F;17.08.85;Salvador;BA;juliene_ardaillon13@uol.com.br;(16) 96502-7937;Bronze
HSP-846406;Laudivino Michels Brun;919.352.642-30;M;18/06/1968;Salvador;BA;laudivino_brun@icloud.com;(81) 96862-2855;Prata
HSP-483168;Claro Abilio Lopes;639.670.447-18;F;29/08/1975;Goiânia;GO;claro_lopes@gmail.com;51961396823;Diamante
HSP-639226;Dinamar Moura;998.575.256-28;F;14/11/2005;Porto Alegre;RS;dinamarmoura34@outlook.com;62971026848;Ouro
HSP-996286;Cândida Miyazaki Ardila;205.095.307-02;F;27/06/1972;Salvador;BA;candida.ardila@icloud.com;(16) 96535-9650;Bronze
HSP-849598;Edilberto Annunziata Engel;266.036.698-54;M;23/12/1961;Ribeirão Preto;SP;edilberto.engel@hotmail.com;(16) 97782-6017;Bronze
HSP-982609;Jewel Arcosi;961.653.777-69;F;04/09/1953;Uberlândia;MG;jewelarcosi@hotmail.com;51980112739;Bronze
HSP-165084;Anisia Medeiros Anzolin;259.250.169-04;F;22/07/1972;Campinas;SP;anisia.anzolin79@yahoo.com.br;62962538870;Bronze
HSP-002837;Silvio  Ota;023.743.269-26;M;18/05/2003;Ribeirão Preto;SP;silvioota36@uol.com.br;51964001061;Bronze
HSP-616539;Norberto Antipa Arconti;031.182.879-50;M;17/09/1952;Porto Alegre;RS;norberto.arconti46@uol.com.br;(61) 96392-2345;Bronze
HSP-963445;Wagner Bianchini;239.438.375-56;M;02/03/2002;Recife;PE;wagnerbianchini@outlook.com;(31) 98170-9206;Bronze
HSP-266370;Noriko Fujii;277.217.931-14;F;03/07/1964;Londrina;PR;noriko_fujii6@outlook.com;(61) 96810-3587;Bronze
HSP-667243;Cleuza Arantes Pinheiro;877.938.894-95;F;11/10/1948;Curitiba;PR;cleuzapinheiro22@uol.com.br;(19) 97812-3715;Bronze
HSP-024781;Elizabete Aboim Ameixial;696.524.157-82;F;12/03/1952;Brasília;DF;elizabete.ameixial66@gmail.com;(31) 96074-5680;Bronze
HSP-517272;Arlindo Lima  ;026.578.149-30;M;02/05/1998;SALVADOR;BA;arlindo_lima46@outlook.com;(11) 96323-4432;Bronze
HSP-875342;Adalmira Ardone;137.001.749-93;F;14/10/2004;Campinas;SP;adalmira.ardone58@outlook.com;(19) 99897-1454;Bronze
HSP-228460;Airan Agostinho;014.926.218-38;F;24/07/1967;Campinas;SP;airanagostinho@hotmail.com;51960631001;Bronze
HSP-264416;Aurenilde Alvelos;143.580.471-65;F;1977-06-27;Brasília;DF;aurenilde.alvelos@icloud.com;(11) 99220-1533;Ouro
HSP-975398;Castorina Assunção;602.769.347-92;F;05/10/1985;Porto  Alegre;RS;castorina_assuncao@yahoo.com.br;(11) 99470-6363;Ouro
HSP-381387;Eloiza Helm Queirós;694.861.754-97;F;23/02/1965;Porto Alegre;RS;eloiza.queiros@hotmail.com;(16) 99183-9175;Bronze
HSP-335956;Gerson Amiran Amilis;557.082.678-52;M;18/10/1998;Niterói;RJ;gerson_amilis@outlook.com;(11) 97075-5437;Bronze
HSP-774650;Clara Casiraghi Murta;501.513.786-90;F;18/02/1984;Recife;PE;clara.murta@outlook.com;(81) 99880-8278;Bronze
HSP-761190;Arno Buscemi;681.700.681-34;M;21-08-1970;Campinas;SP;arno_buscemi47@uol.com.br;(16) 96631-4696;Bronze
HSP-287304;Amábile Esteves Nascimento;017.518.007-50;F;10/06/1979;Sao Paulo;SP;amabile_nascimento@hotmail.com;(62) 97163-7024;Bronze
HSP-940410;Dara Drumond Amaro;228.349.143-62;F;13/02/1969;Ribeirão Preto;SP;dara.amaro@uol.com.br;(31) 96453-6937;Prata
HSP-519497;Uwe Hanauer;089.120.599-39;M;22/12/1963;Recife;PE;uwe_hanauer@icloud.com;(16) 98572-7407;Ouro
HSP-341547;Danilo Furukawa;880.257.016-70;M;09/09/1992;Uberlândia;MG;danilofurukawa7@icloud.com;(19) 98942-4947;Bronze
HSP-381143;Adelina Heimann;166.296.586-98;F;21/12/1951;Porto Alegre;RS;adelinaheimann7@hotmail.com;(61) 96997-7155;Bronze
HSP-183899;Ruth Vasconcelos;694.097.873-94;F;20/03/1994;Recife;PE;ruthvasconcelos@yahoo.com.br;(21) 99347-9778;Bronze
HSP-035599;arcanjo duarte;393.004.603-23;M;1950-02-12;São Paulo;SP;arcanjoduarte@icloud.com;19960059743;Bronze
HSP-460289;Priscila  Carta Amiral;583.047.027-62;F;13/07/1985;Niterói;RJ;priscilaamiral@gmail.com;(31) 99476-8462;Bronze
HSP-360885;Amairla Gama Alessi;575.473.880-35;F;23/03/2003;São Paulo;SP;amairlaalessi63@outlook.com;(11) 97567-3620;Bronze
HSP-313150;Jaco Oliveira Meyer;501.352.471-79;M;09/08/1976;Rio de Janeiro;RJ;jaco.meyer@uol.com.br;62979416661;Prata
HSP-715253;Lindolfo Baldini;141.200.740-21;M;1951-09-04;Niterói;RJ;lindolfo_baldini@outlook.com;21973568009;Bronze
HSP-175854;Valdemir Matsuda;879.309.252-00;M;11-06-1951;Brasília;DF;valdemir.matsuda@yahoo.com.br;(11) 97503-7762;Ouro
HSP-381462;Vladmir Mende;125.819.366-30;M;03/03/1994;Campinas;SP;vladmirmende25@yahoo.com.br;(51) 96850-8004;Bronze
HSP-996573;Wanderléia Anghetti Azambuja;681.508.951-75;F;14/01/1980;Ribeirão Preto;SP;wanderleia_azambuja@hotmail.com;(21) 98187-8335;bronze
HSP-101822;Amineh Boni;883.196.025-30;F;08/05/2003;Ribeirão Preto;SP;amineh.boni@icloud.com;(31) 98030-1264;Bronze
HSP-994304;Camila Decker;260.275.789-63;F;02.07.58;Belo Horizonte;MG;camila_decker@hotmail.com;19980621474;Bronze
HSP-791185;Acília Angeli Amaro;019.982.477-08;F;27/09/1957;São Paulo;SP;ACILIA.AMARO@YAHOO.COM.BR;(61) 96406-9579;Prata
HSP-686984;Ivonete Souza;828.168.960-99;F;09/01/1962;Recife;PE;ivonete.souza@yahoo.com.br;(62) 98789-9578; Prata
HSP-352394;Lazaro Aparicio Borges;179.224.199-29;M;05/11/1992;Curitiba;PR;lazaro_borges@yahoo.com.br;(11) 96888-3020;Bronze
HSP-505882;Mainar Amavizca;878.904.833-41;M;16/10/1983;Belo Horizonte;MG;mainar_amavizca@outlook.com;(62) 97544-8501;Bronze
HSP-096447;Orestes Accorsi;405.997.430-77;M;31.01.88;Campinas;SP;orestesaccorsi@uol.com.br;(11) 99448-4467;Bronze
HSP-784178;Janiele Arcot;870.415.578-55;F;04/07/1977;Uberlândia;MG;janielearcot81@icloud.com;(16) 96820-2275;Bronze
HSP-314692;Neuza Ota;317.827.305-08;F;02/03/1977;Ribeirão Preto;SP;neuzaota@yahoo.com.br;(19) 97780-3209;Bronze
HSP-748734;Jucelino Almeida Mergen;662.199.785-01;M;27/11/1982;Goiânia;GO;jucelino_mergen17@outlook.com;(61) 98719-5926;Prata
HSP-116919;Ariel Amiran Lisowski;679.406.015-98;M;28/09/1966;Brasília;DF;ariel_lisowski67@hotmail.com;(16) 98937-4823;bronze
HSP-125751;Valeska Alvisio Belotti;546.862.966-68;F;1952-03-26;Belo Horizonte;MG;valeska.belotti47@yahoo.com.br;61980365402;Bronze
HSP-785446;Mairan Arnaldi Kuroda;060.012.664-17;M;27/05/2000;Ribeirão Preto;SP;mairan_kuroda@gmail.com;(81) 99274-8109;Bronze
HSP-054368;Antero Cavalcanti Andriolo;454.300.178-84;M;05/01/2000;Niterói;RJ;antero_andriolo@hotmail.com;(16) 98978-5884;Bronze
HSP-365949;Mateus Drissen Abbate;307.321.665-00;M;19/10/1995;Niterói;RJ;mateus_abbate@gmail.com;(11) 99069-8330;Bronze
HSP-880626;Ladislau Nakashima Kossmann;500.642.276-93;M;12/08/2001;Uberlândia;MG;ladislau_kossmann74@icloud.com;(51) 99124-7781;Bronze
HSP-892862;Janete Petraglia Aragão;160.285.953-14;F;2002-01-18;Porto Alegre;RS;janetearagao@uol.com.br;62989539167;Prata
HSP-570768; Lia Arconti Amiraldo;282.301.643-04;F;14/02/1979;Salvador;BA;lia.amiraldo@hotmail.com;31984709110;Bronze
HSP-279536;Ubirajarama Cilento Arcoverde;867.404.772-64;F;26/09/1981;Uberlândia;MG;ubirajarama_arcoverde@yahoo.com.br;51997418877;Bronze
HSP-174678;Jario Ardone;009.978.442-48;M;20/12/1980;Uberlândia;MG;jarioardone@uol.com.br;(81) 97014-2081;Bronze
HSP-133690;Miliara Marinho Henrique;248.910.557-40;F;28/05/1962;Rio de Janeiro;RJ;miliarahenrique@gmail.com;61991419663;Prata
HSP-969222;Aguinara Weiss Greff;070.806.313-60;F;01/02/1976;Brasília;DF;aguinaragreff84@outlook.com;(41) 97321-8369;Bronze
HSP-116713;Audires Dias Ikeda;218.154.478-69;F;05/06/1996;Belo Horizonte;MG;audiresikeda@yahoo.com.br;(16) 96212-8988;Bronze
HSP-360416;Melchior Metzger;276.243.265-07;M;25/09/1951;São Paulo;SP;melchior_metzger99@yahoo.com.br;(81) 98151-1861;Bronze
HSP-976494;Elionilde Ishii;523.999.636-95;F;02/10/1951;Goiânia;GO;elionildeishii@uol.com.br;(51) 97482-5540;Prata
HSP-994755;Elsa Anzolin Amerino;629.016.515-18;F;14/05/1987;Ribeirão Preto;SP;elsaamerino@outlook.com;(31) 97972-5654;Bronze
HSP-329065;Joele Masuda Chaves;313.475.619-60;F;04/11/1949;Porto Alegre;RS;joele_chaves@yahoo.com.br;(19) 97477-1828;Bronze
HSP-153658;Franklin Rocha;870.051.253-20;M;15.08.03;Uberlândia;MG;franklinrocha@gmail.com;(19) 96791-2565;Bronze
HSP-927458;Ermínio Abade;274.622.689-81;M;21.02.73;Niterói;RJ;erminio_abade12@gmail.com;(61) 96669-5262;BRONZE
HSP-367362;Laudivino Mesquita Ardin;941.996.459-00;M;20/08/1967;São Paulo;SP;laudivinoardin@icloud.com;51987404317;Bronze
HSP-849643;Aline Novais Marusho;705.182.511-95;F;30/10/2000;Salvador;BA;aline.marusho@gmail.com;62977798420;Bronze
HSP-274904;Roberto Gripp Antipas;676.015.043-01;M;09/12/1982;Campinas;SP;ROBERTO_ANTIPAS@GMAIL.COM;11967597425;Bronze
HSP-467934;Cessira Hesse Bohm;329.774.105-89;F;21/04/1974;Salvador;BA;cessira.bohm@outlook.com;(81) 96086-3488;Prata
HSP-847176;Adolfo Arcanjo;616.537.305-44;M;1980-11-13;Uberlândia;MG;adolfo.arcanjo@outlook.com;(31) 98224-1001;Bronze
HSP-129833;Jaquele Arconde;071.066.169-07;F;08/01/1970;Niterói;RJ;jaquele.arconde59@gmail.com;(61) 98360-1960;Bronze
HSP-664425;Georgina Inoue;467.099.608-89;F;02/01/1956;Ribeirão Preto;SP;georgina_inoue54@gmail.com;(31) 96612-9376;Prata
HSP-348591;Paulo Miyazaki Konno;375.968.686-90;M;1961-02-13;Goiânia;GO;paulo.konno@outlook.com;(62) 96767-4839;Diamante
HSP-439081;Yan Mentz Medeiros;367.211.567-33;M;03/06/1984;Porto Alegre;RS;yanmedeiros@gmail.com;(51) 96072-9776;Bronze
HSP-368786;Lajônio Ciaramicoli;716.509.423-70;M;10/02/1971;Uberlândia;MG;lajoniociaramicoli73@yahoo.com.br;(41) 97921-9825;Bronze
HSP-017735;Venâncio Arder;004.790.464-09;M;02/09/1952;Niterói;RJ;venancio_arder@gmail.com;(61) 98794-9951;Bronze
HSP-694508;Epitácio Aranda;192.689.009-47;M;12/07/1987;Uberlândia;MG;epitacioaranda@yahoo.com.br;(11) 98623-7926;Ouro
HSP-831768;Armindo Alencar Lutterbeck;420.670.805-39;M;26/03/1969;Ribeirão Preto;SP;armindolutterbeck@outlook.com;(62) 96629-5589;Bronze
HSP-934202;Altair Arden Tsuda;315.186.175-06;M;19/08/1954;Salvador;BA;altairtsuda@yahoo.com.br;(31) 99166-3495;Bronze
HSP-612935;Lucilene Arcola Nakajima;325.199.010-12;F;30/10/1983;Brasília;DF;LUCILENE.NAKAJIMA@YAHOO.COM.BR;41968695298;Bronze
HSP-336416;Jefferson Takahashi Matsuda;554.344.821-07;M;29/10/1959;São Paulo;SP;jefferson.matsuda@gmail.com;(21) 96494-6133;Bronze
HSP-639258;Dinelza Aralho Casagrande;532.375.083-90;F;27-07-1998;Uberlândia;MG;dinelzacasagrande@gmail.com;(16) 97309-3733;Bronze
HSP-217574;Leda Benetton Portela;965.628.073-36;F;14-06-1986;Curitiba;PR;leda.portela@gmail.com;(19) 98905-5243;Ouro
HSP-180855;Audires Alvarengas Araújo;255.872.937-34;F;28/12/1960;Curitiba;PR;audires.araujo@hotmail.com;61995599300;Bronze
HSP-316479;Adjanira Barbosa Alvelos;167.501.153-22;F;26/07/1974;São Paulo;SP;adjanira.alvelos@yahoo.com.br;(11) 99176-4523;Bronze
HSP-856470;Dolores Metzger Mori;799.870.805-02;F;1973-06-11;Porto Alegre;RS;dolores.mori@uol.com.br;(81) 98255-2232;Bronze
HSP-384787;Jordan Bertolasi Ardissone;764.451.256-03;M;17/08/1952;Niterói;RJ;jordan.ardissone@hotmail.com;11982184367;Bronze
HSP-563200;Amiles Cassaro Capraro;606.993.994-83;F;17.09.95;Uberlândia;MG;amiles_capraro50@icloud.com;(62) 96817-9498;Prata
HSP-957064;Tupã Lacerda;571.036.305-77;M;09-06-1994;Brasília;DF;tupa_lacerda@icloud.com;19997393886;Bronze
HSP-602156;Maíara Feitosa;088.860.811-03;F;13/02/1973;Recife;PE;maiara.feitosa@outlook.com;81990493857;Bronze
HSP-553552;Rosalvo Bottaro;437.213.267-09;M;15.05.70;Uberlândia;MG;rosalvo_bottaro@hotmail.com;(62) 99200-4664;Diamante
HSP-828605;Vicente Trindade;797.568.421-05;M;04/08/2002;Goiânia;GO;vicentetrindade98@gmail.com;(21) 99320-9611;Bronze
HSP-113643;Ancilena Travassos Arago;302.312.178-89;F;07/01/1987;Campinas;SP;ancilena.arago@gmail.com;51967275005;Bronze
HSP-856140;Ilmo Alvisio Americo;416.527.261-28;M;07.04.99;Goiânia;GO;ilmoamerico@gmail.com;(11) 98354-6638;Bronze
HSP-461328;edson barbosa;223.801.370-99;M;12/04/2001;Niterói;RJ;edson.barbosa73@icloud.com;(62) 99635-2490;Prata
HSP-382494;Camila Casagrande;720.450.980-36;F;26/03/1952;Brasília;DF;camila_casagrande@hotmail.com;(61) 96936-4948;Bronze
HSP-430382;Linério Freire;173.051.513-43;M;09/09/1990;Brasília;DF;linerio.freire@gmail.com;(81) 97621-8260;Bronze
HSP-362564;Nelson Queirós Ciaramicoli;339.036.385-87;M;24/08/1964;São Paulo;SP;nelson_ciaramicoli29@uol.com.br;(21) 98408-6244;Prata
HSP-364074;Marcelo Amezola;314.650.039-67;M;12/05/1998;Curitiba;PR;marcelo_amezola@outlook.com;(61) 98092-5758;Bronze
HSP-165110;Anisia Sena Pires;519.889.060-08;F;22/06/1962;Campinas;SP;anisiapires63@outlook.com;(11) 97869-6628;Diamante
HSP-430486;Naelson Jost;284.396.568-31;M;09/02/1966;Niterói;RJ;naelsonjost@uol.com.br;(16) 99213-3697;Prata
HSP-900273;Jair Cafagna;476.414.427-14;M;27/08/1957;Niterói;RJ;jair.cafagna@uol.com.br;16998405840;Bronze
HSP-305016;Adlene Cinelli;069.547.356-55;F;08/06/1955;Porto Alegre;RS;adlene_cinelli58@icloud.com;31984305164;Ouro
HSP-051361;Volmar Caldas Correia;647.023.607-36;M;06/10/1952;Uberlândia;MG;volmar_correia8@yahoo.com.br;11966853841;Bronze
HSP-174110;NINA EHRLICH ARTONI;954.175.401-53;F;22/04/2000;Ribeirão Preto;SP;nina_artoni58@uol.com.br;(11) 97437-5393;Prata
HSP-276461;Maciel Michel;829.656.120-41;M;18/06/1952;Belo Horizonte;MG;maciel_michel36@icloud.com;19994278856;Bronze
HSP-302370;Alves Amilde Grüber;439.992.570-16;F;18/04/1992;Brasília;DF;alvesgruber@hotmail.com;62977692962;Bronze
HSP-258330;Jardel Gasser Arciniega;286.591.819-05;M;1997-11-26;Porto Alegre;RS;JARDELARCINIEGA45@HOTMAIL.COM;(62) 99507-4361;bronze
HSP-206205;Ezio Lopes;840.167.769-61;M;22/08/1963;Brasília;DF;ezio.lopes@gmail.com;(81) 99543-3015;Prata
HSP-469293;Epitácio Konno;406.914.387-49;M;07/08/1955;Campinas;SP;epitacio_konno@uol.com.br;(51) 97006-2907;Bronze
HSP-541372;Akemi Abade Lorenz;732.437.039-05;F;19/04/1979;Recife;PE;akemi.lorenz@gmail.com;(61) 97675-7643;Bronze
HSP-304581;Manuela Campigotto;987.681.605-50;F;22/07/1986;Campinas;SP;manuelacampigotto@uol.com.br;(21) 97928-1121;Bronze
HSP-472202;Ary Bonato;184.341.357-44;M;13/12/1985;Brasília;DF;arybonato56@icloud.com;(62) 96585-7783;Bronze
HSP-914258;Antônio Cella;354.145.564-07;M;05/04/1973;Salvador;BA;antonio_cella@hotmail.com;(21) 98670-2600;Diamante
HSP-447085;ELSIE ENGEL APUZZO;943.830.148-87;F;21/03/1971;Rio de Janeiro;RJ;elsieapuzzo@uol.com.br;(21) 97657-7119;Bronze
HSP-856762;Elisa Amaro Borges;628.826.173-48;F;09/10/1983;Ribeirão Preto;SP;elisa_borges@gmail.com;62978734564;Bronze
HSP-651975;Wanda Calvani;380.450.308-01;F;01/01/1990;Recife;PE;wandacalvani73@gmail.com;21976455689;Ouro
HSP-164822;Amire Antolini Agostinho;722.781.815-21;F;09/09/1964;Londrina;PR;amire_agostinho@icloud.com;81967596980;Bronze
HSP-446239;Ryan Boaventura;787.602.874-89;M;05/11/1971;Belo Horizonte;MG;ryanboaventura@yahoo.com.br;31976945110;Bronze
HSP-451526;Gabriel Ramos Brunetti;398.593.082-17;M;10/08/1999;Recife;PE;gabriel.brunetti@icloud.com;(62) 96394-5487;Bronze  
HSP-845197;Kauana Bruno Aquino;072.486.115-73;F;10/07/1985;Porto Alegre;RS;kauana_aquino@icloud.com;(31) 96946-1851;Bronze
HSP-249298;Elmira Cardoso Medeiros;804.471.208-91;F;01-11-1955;Ribeirão Preto;SP;elmira.medeiros@hotmail.com;51982468314;Bronze
HSP-594098;Elona Kopf Albanesi;277.606.395-46;F;04/04/1967;Belo Horizonte;MG;ELONAALBANESI31@YAHOO.COM.BR;(62) 98330-1806;Prata
HSP-522847;Stefania Chierichetti Lobato;375.618.453-67;F;20/06/1970;Londrina;PR;stefania_lobato@yahoo.com.br;(16) 99642-9594;Prata
HSP-954568;Junia Uchôa;374.489.239-51;F;12/09/1982;Recife;PE;junia_uchoa17@outlook.com;(51) 97328-1071;diamante
HSP-145675;Joseilton Abilio Arcos;816.103.763-90;M;26/07/1993;Sao Paulo;SP;joseilton.arcos@gmail.com;41994169321;Prata
HSP-648507;Boaventura Kuroda;551.086.199-10;M;07/06/1999;Curitiba;PR;boaventura_kuroda@gmail.com;(16) 99473-9231;BRONZE
HSP-314323;Silvano Aguiar Bocchi;016.575.557-12;M;31/08/1951;Rio de Janeiro;RJ;silvano_bocchi@hotmail.com;(31) 98274-2167;Bronze
HSP-833277;Iosvaldo Souza Freyer;410.960.066-93;M;10/03/2002;Brasília;DF;iosvaldo.freyer@icloud.com;21987036617;Bronze
HSP-263455;Humberto Hesse Krause;433.697.575-24;M;1992-09-30;São Paulo;SP;humberto_krause3@yahoo.com.br;(62) 96780-5396;Bronze
HSP-858379;Watila Heinrich;966.081.875-05;M;21/05/1986;Belo Horizonte;MG;WATILAHEINRICH@OUTLOOK.COM;(21) 97184-1321;Bronze
HSP-218398;Wiliam Brun;790.229.309-12;M;06/08/1967;Goiânia;GO;wiliambrun@outlook.com;(41) 99865-2149;Bronze
HSP-346001;Caetano Carpinetti;668.723.063-86;M;26/06/1978;NITERÓI;RJ;caetano_carpinetti68@hotmail.com;(16) 98858-2207;Ouro
HSP-349968;Elvira Cavallini;322.496.737-48;F;29/04/1986;Campinas;SP;elvira.cavallini@yahoo.com.br;(61) 97345-8398;Bronze
HSP-201782;Isac Aranda;438.826.976-01;M;02/07/1977;Curitiba;PR;isacaranda16@hotmail.com;19975848977;Prata
HSP-385445;Joice Luck Aguilar;141.835.909-22;F;13.03.55;Recife;PE;joice_aguilar@icloud.com;(51) 99235-5768;Ouro
HSP-133150;Deusdete Albanesi Kimura;954.728.740-09;F;22/11/1966;São Paulo;SP;deusdete_kimura12@uol.com.br;41985023030;Bronze
HSP-158249;Keiko Bonetti;910.858.777-95;F;07/07/1958;Salvador;BA;keiko.bonetti@yahoo.com.br;(61) 96120-2741;Bronze
HSP-693989;Mórion Yoshida Arcila;746.317.718-10;M;16/08/1953;Belo Horizonte;MG;morion_arcila53@icloud.com;(16) 99009-9642;Bronze
HSP-371017;Amélia Bignami Bertolini;624.986.409-16;F;11.02.57;Uberlândia;MG;amelia_bertolini@outlook.com;51983228970;Ouro
HSP-988962;Giovanna Bertoldi Kannenberg;217.620.801-33;F;17/05/1983;Curitiba;PR;giovannakannenberg68@uol.com.br;(41) 99673-5172;Bronze
HSP-102306;Laionê Moreira;686.969.001-46;M;25.08.54;uberlândia;MG;laionemoreira28@hotmail.com;(21) 99217-6179;Bronze
HSP-636614;azor carlini;612.779.333-59;M;29/05/1979;Campinas;SP;azor.carlini@yahoo.com.br;(81) 97272-3534;Bronze
HSP-490879;Donizete Capelli Bussolini;950.641.031-31;M;1978-10-04;Uberlândia  ;MG;donizetebussolini82@icloud.com;16996365025;Prata
HSP-938340;Sinézio Nonato Bartolini;038.467.264-78;M;01.08.50;Curitiba;PR;sinezio_bartolini@gmail.com;81998649405;Prata
HSP-893821;Jario Garcia Bauer;628.607.813-40;M;27-08-1988;Ribeirão Preto;SP;jariobauer92@yahoo.com.br;(61) 99468-2195;Bronze
HSP-657065;Altemiro Hashimoto;240.554.651-57;M;31/12/1982;Ribeirão Preto;SP;ALTEMIRO.HASHIMOTO79@GMAIL.COM;(19) 96445-2568;Bronze
HSP-372323;Lian Belotti Arconti;944.280.540-17;F;22/07/1993;Salvador;BA;lian.arconti@hotmail.com;(41) 96440-6815;BRONZE
HSP-658227;César Abilio Boschi;329.262.055-46;M;20-10-1976;São Paulo;SP;cesarboschi@outlook.com;(19) 99354-3419;Bronze
HSP-746885;Lorenni Heimann Horn;994.310.951-30;F;19.07.76;Uberlândia;MG;lorennihorn@outlook.com;16982408207;Ouro
HSP-318565;Junio Zimmer;018.986.598-93;M;28/09/1956;Niterói;RJ;junio_zimmer@icloud.com;(11) 99410-8387;Bronze
HSP-602105;Celmira Saraiva Miyazaki;875.875.098-36;F;02/09/1973;Porto Alegre;RS;celmira.miyazaki@gmail.com;16973983078;Ouro
HSP-203254;Alessandro Anunciato Borges;739.202.444-27;M;18/09/1981;Salvador;BA;alessandro.borges@hotmail.com;(21) 98351-8926;Ouro
HSP-001396;Leodilson Arcila Yoshida;169.426.166-21;M;02/09/1996;São Paulo;SP;leodilsonyoshida@yahoo.com.br;(21) 96119-9007;Prata
HSP-397516;Ivanor Metz;300.161.832-90;M;20/10/1969;Porto Alegre;RS;ivanor.metz73@gmail.com;(11) 99437-9065;Bronze
HSP-203818;Amélia Hopf Hermann;316.723.246-37;F;26/06/1983;Londrina;PR;ameliahermann36@yahoo.com.br;(21) 96156-7238;Bronze
HSP-295812;Quincas Mäder;810.072.908-54;M;28/09/1949;Salvador;BA;quincasmader80@uol.com.br;11989752715;Bronze
HSP-266753;Hiroshi Gieseler;579.033.675-28;M;16/06/1972;Uberlândia;MG;hiroshigieseler@icloud.com;51991469015;Bronze
HSP-284274;Fernando Archello Archer;230.804.533-79;M;14/05/1951;Recife;PE;fernando_archer@gmail.com;(51) 98506-9922;Bronze
HSP-373238;Thiago Santana Oliveira;964.163.825-47;M;13/09/1993;São Paulo  ;SP;thiago.oliveira19@icloud.com;(41) 96215-4153;Bronze
HSP-996859;Elorá Bonfim;480.886.112-70;F;14-10-1991;Salvador;BA;elora_bonfim@outlook.com;51988754795;Prata
HSP-011415;Rosenaldo Riedel Nishimura;176.635.215-44;M;16.02.96;Salvador;BA;rosenaldo.nishimura@yahoo.com.br;(41) 99391-8399;Bronze
HSP-955447;Julio Nakamura;414.735.946-93;M;02-12-2006;Uberlândia;MG;julionakamura@hotmail.com;16971954043;Bronze
HSP-556782;Oneide Matsumoto Metzger;951.660.323-81;F;18/03/1959;Brasília;DF;oneidemetzger@gmail.com;(21) 97085-1278;Bronze
HSP-839063;Pamela Zimmer;323.047.725-10;F;1949-07-18;Salvador;BA;pamelazimmer@gmail.com;21974806645; Bronze
HSP-998697;Waldir Chierichetti Bueno;628.815.660-49;M;25/03/1996;Brasília;DF;waldirbueno@hotmail.com;(11) 99974-9767;Prata
HSP-228224;Joseilton Arconti;087.793.472-07;M;06/03/1988; Goiânia;GO;joseilton_arconti@outlook.com;(21) 98882-7953;Bronze
HSP-420441;Allana Camargo;326.834.870-02;F;09/05/1959;Uberlândia;MG;allanacamargo@icloud.com;(31) 98390-6498;Prata
HSP-032734;Wolmir Vale Amira;331.258.128-10;M;25/08/1954;Londrina;PR;wolmir_amira@yahoo.com.br;(41) 97089-1115;Bronze
HSP-478146;Elenira Merten Burini;851.692.175-10;F;23/07/1965;Curitiba;PR;elenira.burini@hotmail.com;(61) 98816-3352;Bronze
HSP-800846;Auditene Arcot Kato;807.664.878-57;F;02/05/1951;São Paulo;SP;auditene_kato70@icloud.com;(41) 96487-3929;Diamante
HSP-165681;Claudiane Abade;452.488.160-33;F;09/06/1986;Goiânia;GO;claudianeabade47@hotmail.com;(51) 96441-8982;Bronze
HSP-065162;Jandaia Diesel Kremer;739.129.835-26;F;1984-01-01;Campinas;SP;jandaiakremer72@icloud.com;(11) 98761-2622;Bronze
HSP-693538;Takashi Maia Moura;909.174.479-05;M;25.07.63;Salvador;BA;takashi_moura68@gmail.com;(41) 96117-9812;Bronze
HSP-206352;Lúcio Arconde Araújo;293.764.526-74;M;31-05-1971;Niterói;RJ;lucioaraujo58@hotmail.com;(62) 96058-3762;Bronze
HSP-000508;Lucelino Eckhoff Lenz;888.003.005-10;M;13/05/1970;Rio de Janeiro;RJ;lucelino.lenz@hotmail.com;(62) 99981-7509;Bronze
HSP-199009;Maila Ardiles;816.922.397-08;F;01/04/1951;Niterói;RJ;maila_ardiles@yahoo.com.br;(31) 96462-7001;Bronze
HSP-486176;Alzira Sampaio Antipas;294.286.358-71;F;04/03/2002;GOIÂNIA;GO;alzira.antipas22@icloud.com;(19) 96820-9857;Prata
HSP-601722;Naires Capraro Archave;588.572.834-88;F;1976-01-03;Porto Alegre;RS;naires_archave@icloud.com;(62) 99342-2596;Prata
HSP-953065;Benedita Aragoni Machado;149.909.416-75;F;11/09/1978;Porto Alegre;RS;benedita_machado@icloud.com;(31) 98670-1690;Bronze
HSP-289009;Seiji Albergaria Archanno;172.845.848-07;M;28/11/1998;Ribeirão Preto;SP;seijiarchanno@uol.com.br;51961751722;Bronze
HSP-935086;Wolmir Amezola;008.057.019-40;M;1961-02-23;Uberlândia;MG;wolmir_amezola27@icloud.com;(61) 97828-6267;Prata
HSP-840628;Tupã Feiler;001.581.236-70;M;28/12/1973;Porto Alegre;RS;tupa.feiler24@outlook.com;(81) 98644-5676;Diamante
HSP-163693;Wanderléia Rodrigues;460.957.724-00;F;24/07/1976;Rio de Janeiro;RJ;wanderleiarodrigues@outlook.com;(16) 97582-4978;Bronze
HSP-669070;Ladislau Fiedler;634.741.804-52;M;31/08/1995;Salvador;BA;ladislau.fiedler20@hotmail.com;(41) 96063-6177;Bronze
HSP-977983;Cileide Bruno Bartolucci;755.525.868-40;F;08/09/1968;Uberlândia;MG;cileide_bartolucci@uol.com.br;(61) 96100-7982;Prata
HSP-394201;Anabela Mori Alvinhos;546.453.347-86;F;19.07.71;Rio de Janeiro;RJ;anabelaalvinhos@hotmail.com;(81) 97087-9334;Bronze
HSP-630637;Anisia Alves Cella;706.951.181-70;F;24/11/1996;Niterói;RJ;anisiacella@gmail.com;41981908223;Bronze
HSP-159629;sofie graf emmel;241.997.711-40;F;1982-06-11;Recife;PE;sofieemmel14@icloud.com;19978088549;Prata
HSP-985649;Suely Matos Campi;369.474.934-98;F;21/07/1951;Goiânia;GO;suely_campi@uol.com.br;62983854477;Bronze
HSP-683936;Benedita Arcis Brandão;843.196.521-50;F;12/04/1960;Londrina;PR;beneditabrandao@uol.com.br;(11) 98622-1453;Bronze
HSP-364099;Suely Medeiros Mesquita;845.958.769-04;F;23-09-2005;Brasília;DF;suely_mesquita@gmail.com;(31) 97702-9451;Bronze
HSP-427625;Virgílio Abade;412.345.923-47;M;26/10/1985;Goiânia;GO;virgilio.abade@icloud.com;(62) 96228-3967;Bronze
HSP-984739;Cilinha Abrunhosa Batista;492.863.270-21;F;16/02/1973;Campinas;SP;cilinha.batista60@outlook.com;11965319596;Prata
HSP-382260;Rayan Oliveira Arcipreste;633.564.162-35;M;1964-01-13;Niterói;RJ;rayanarcipreste@icloud.com;(16) 96154-3802;Bronze
HSP-267980;Leonor Haas;236.850.448-69;F;1999-08-08;Londrina;PR;leonor_haas7@icloud.com;31993665027;Bronze
HSP-037382;Anisia Yamaguchi Sacramento;611.390.045-22;F;01/07/1984;Rio de Janeiro;RJ;anisiasacramento@uol.com.br;(31) 97938-6960;Bronze
HSP-747962;Ronaldo Matos Aguilar;556.385.981-97;M;20/04/2004;Salvador;BA;ronaldoaguilar@uol.com.br;(51) 99616-4438;Prata
HSP-033728;Arcelira Jakob Antipode;380.792.660-77;F;17.09.03;Goiânia;GO;arceliraantipode@gmail.com;51970318470;Prata
HSP-048335;Bruna Kato;906.586.972-77;F;14/04/1979;Uberlândia;MG;bruna.kato38@hotmail.com;(11) 97032-4935;Bronze
HSP-104581;Vinicius Bonetti Chagas;363.591.142-91;M;01/01/1956;Campinas;SP;vinicius.chagas@hotmail.com;62976292782;Prata
HSP-697271;Jardel Saraiva;454.224.922-00;M;16/08/1970;Goiânia;GO;jardel_saraiva20@hotmail.com;(31) 99170-1913;Bronze
HSP-565622;Victor Andreasi;097.913.532-04;M;10/05/1967;Rio de Janeiro;RJ;victorandreasi49@gmail.com;(16) 97682-4011;Prata
HSP-728598;Valdenice Carpinetti Kremer;779.536.140-49;F;17/09/1963;Londrina;PR;valdenicekremer83@yahoo.com.br;(11) 98447-1880;Bronze
HSP-411948;Aldilza Helm;261.736.292-24;F;13.12.95;são paulo;SP;aldilza_helm77@icloud.com;(62) 98343-8711;Diamante
HSP-615045;Damira Amércio;222.833.813-39;F;26/02/1991;Londrina;PR;damiraamercio@outlook.com;31989563676;Bronze
HSP-678298;Eustáquio Mendes Hornburg;144.124.522-71;M;20.12.63;Rio de Janeiro;RJ;eustaquiohornburg@outlook.com;(61) 97588-8254;Bronze
HSP-796329;Jonailton Ardani Andriolo;933.741.535-69;M;25/11/1955;Belo Horizonte;MG;jonailtonandriolo@icloud.com;(41) 96848-9557;Bronze
HSP-099020;Eloris Antonelli Hansen;458.759.508-03;F;08/07/1951;Uberlândia;MG;elorishansen@outlook.com;16965284686;Bronze
HSP-580485;Raoni Ferreira;467.475.291-46;M;2007-02-09;Salvador;BA;raoni_ferreira@icloud.com;61999087239;Prata
HSP-618867;Tânia Arconte Hofmann;525.411.055-41;F;11.04.95;Recife;PE;taniahofmann@icloud.com;(51) 96293-3340;Bronze
HSP-065203;Suiane Michel Liebich;647.033.642-63;F;27.12.61;Ribeirão Preto;SP;suiane_liebich@outlook.com;(41) 98929-3553;Bronze
HSP-622869;Sandro Carli Bertoldi;371.524.310-43;M;28/11/1970;Rio de Janeiro;RJ;sandrobertoldi87@yahoo.com.br;(62) 97013-1494;Bronze
HSP-184525;Alda Batista Albanesi;067.644.286-20;F;26/11/1974;Rio de Janeiro;RJ;aldaalbanesi@hotmail.com;(11) 97911-1490;Prata
HSP-712827;Janiele Azevedo;569.421.187-10;F;20/04/2001;Londrina;PR;janiele_azevedo@icloud.com;(11) 96104-5578;Ouro
HSP-466789;Larise Guimarães;204.993.064-06;F;21/12/2001;Ribeirão Preto;SP;larise.guimaraes@gmail.com;(31) 96300-1966;Bronze
HSP-037235;Sandra Carpinetti Bomfim;785.066.067-64;F;11/10/2000;Belo Horizonte;MG;sandra_bomfim@outlook.com;21970849558;Bronze
HSP-517946;Ivaldo Ferber;153.861.151-11;M;16/08/2005;Brasília;DF;ivaldo.ferber91@yahoo.com.br;(31) 99543-8714;Bronze
HSP-201890;Altino Heckmann;472.553.107-37;M;19/03/1990;Recife;PE;altino.heckmann@gmail.com;(31) 96596-1112;Prata
HSP-371954;Josiane Gonçalves Amerino;096.925.336-20;F;16/01/1980;Ribeirão Preto;SP;josiane.amerino2@uol.com.br;(81) 98355-4892;Bronze
HSP-056188;Yuri Capraro;719.228.874-80;M;23/03/2002;Uberlândia;MG;yuricapraro91@uol.com.br;51985503457;Bronze
HSP-814645;Amaralys Andreis Cipollone;696.648.110-68;F;01.11.77;Londrina;PR;amaralys_cipollone99@hotmail.com;(81) 98623-3222;Prata
HSP-445645;Katia Amato Barbosa;070.824.089-51;F;14/04/1969;Londrina;PR;katia.barbosa@gmail.com;(41) 96782-2590;Bronze
HSP-673831;Damira Zara Miranda;172.951.266-60;F;03/05/1991;Goiânia;GO;damira.miranda@uol.com.br;(19) 99895-7934;Bronze
HSP-667169;Cristiano Amilaga;767.360.863-45;M;13/05/2007;Curitiba;PR;cristiano.amilaga75@uol.com.br;(61) 96180-7408;Prata
HSP-730663;Moema Arcoverde Masuda;090.830.692-06;F;27.09.06;Brasília;DF;moema_masuda91@uol.com.br;62993971584;Bronze
HSP-577824;Liselotte Cilloni Diehl;605.029.990-04;F;2000-07-11;Uberlândia;MG;liselotte_diehl@uol.com.br;(21) 99122-9269;Prata
HSP-562804;Décio Ameal Bardini;911.767.550-21;M;03/04/1963;Brasília;DF;deciobardini@gmail.com;51967719088;Bronze
HSP-398860;Nailha Esteves;838.603.903-50;F;1967-07-08;Porto Alegre;RS;nailha_esteves@uol.com.br;19978106899;Bronze
HSP-269429;Dinarilza Ascenção Eisenhardt;708.120.780-47;F;17.03.79;Campinas;SP;dinarilzaeisenhardt64@uol.com.br;(21) 99507-1034;Bronze
HSP-582070;Gabriel Arcon;909.757.885-07;M;06.01.07;Rio de Janeiro;RJ;gabriel.arcon@yahoo.com.br;(21) 98304-1302;Ouro
HSP-272683;Amarine Diehl Candido;162.227.726-09;F;16/03/2003;Recife;PE;amarine.candido35@icloud.com;11966937251;Bronze
HSP-331053;Orlando Ardene Berger;886.499.339-80;M;1970-07-10;Niterói;RJ;orlando_berger@outlook.com;(41) 99591-2038;Prata
HSP-406327;Nilo Amende;373.609.085-40;M;02/08/1957;Curitiba;PR;nilo_amende95@yahoo.com.br;(81) 97253-8254; Ouro
HSP-615025;Adiná Amanta;785.234.615-40;F;20/12/1987;londrina;PR;adina.amanta@hotmail.com;(21) 99094-7987;Ouro
HSP-009438;Amide Rodrigues Alvarengas;782.425.658-80;F;29/10/1970;Recife;PE;amide.alvarengas@hotmail.com;(62) 99350-6400;Ouro
HSP-760253;Moema Cunha Arciniega;834.669.081-91;F;18/07/1980;Ribeirão Preto;SP;moema_arciniega68@yahoo.com.br;(11) 96562-7626;Prata
HSP-839008;Afrânea Feitosa;190.487.860-10;F;05/07/1987;Goiânia;GO;afranea.feitosa@uol.com.br;(41) 99735-4911;Bronze
HSP-197375;Audirone Zeferino;378.814.742-38;F;27/02/1960;Recife;PE;audirone_zeferino40@hotmail.com;(62) 99457-3177;Bronze
HSP-705483;Rubem Grüber Petraglia;053.576.036-18;M;28/02/1949;São Paulo;SP;rubem_petraglia50@gmail.com;(51) 96740-5148;Bronze
HSP-871340;Andiara Grüber;482.436.485-00;F;25/02/1999;Uberlândia;MG;andiara.gruber@hotmail.com;(16) 98790-6925;Bronze
HSP-083067;Dinélia Magalhães;964.000.925-36;F;21.10.72;Uberlândia;MG;dinelia_magalhaes@hotmail.com;61997977989;diamante
HSP-443029;Hans Bruno Arcillas;714.513.740-20;M;20/07/1957;Uberlândia  ;MG;hans.arcillas@hotmail.com;(19) 99352-6833;Bronze
HSP-434738;Cessira Anjinho;034.989.397-77;F;27/09/1973;Belo Horizonte;MG;cessira_anjinho@outlook.com;(41) 97635-5888;Bronze
HSP-022838;Osmar Farias Antipas;390.187.692-82;M;18/03/1968;Curitiba;PR;osmar_antipas31@uol.com.br;(62) 97356-3404;Prata
HSP-662086;Adriana Chagas Alheiro;738.544.240-43;F;28/02/1983;Belo Horizonte;MG;adriana.alheiro@outlook.com;(62) 99132-1121;Bronze
HSP-696074;Iracelma Alegria Alvinhos;427.247.711-09;F;09/03/1951;Brasília;DF;iracelma_alvinhos@yahoo.com.br;(41) 97967-9798;Ouro
HSP-729825;Helvécio Holanda Kossmann;731.403.191-69;M;05-09-2001;Rio de Janeiro;RJ;helvecio_kossmann@icloud.com;(21) 97737-3778;Bronze
HSP-557491;Vaniela Klein Archello;182.247.922-34;F;26-07-1958;Londrina;PR;vaniela_archello@icloud.com;(62) 97735-8208;Bronze
HSP-026363;Kenji Kaiser;852.352.980-20;M;03/10/1967;Niterói;RJ;kenji.kaiser@hotmail.com;(51) 99106-2149;Bronze
HSP-128800;Werner Bui;582.218.195-30;M;05/05/1983;Porto Alegre;RS;werner.bui@uol.com.br;(11) 97847-1426;Bronze
HSP-182738;Dara Ardent Ludwig;538.336.425-05;F;02/03/1953;Ribeirão Preto;SP;dara_ludwig@hotmail.com;61970024982;Bronze
HSP-964752;Dalton Coelho;995.977.031-14;M;01-04-1977;Rio de Janeiro;RJ;daltoncoelho@gmail.com;(61) 97755-9730;Bronze
HSP-882339;Melchior Angiolini Alberti;367.988.368-44;M;02-07-2001;São Paulo;SP;melchior_alberti81@outlook.com;51989466069;Bronze
HSP-787563;Heitor Kossmann Angeli;042.942.992-40;M;23/08/1995;UBERLÂNDIA;MG;heitor.angeli23@outlook.com;(16) 97075-4481;Bronze
HSP-805248;Graziela Aralho Arduchat;120.382.998-11;F;06/12/1958;Salvador;BA;graziela.arduchat@uol.com.br;(11) 96429-7047;Bronze
HSP-057795;Marcelino Grahl Cipollone;304.005.468-68;M;23/04/1969;Salvador;BA;marcelino.cipollone90@hotmail.com;(21) 99359-5492;Bronze
HSP-118192;Adão Silva Grund;599.291.791-86;M;03/01/1984;Salvador;BA;adaogrund@uol.com.br;(11) 98466-2088;Bronze
HSP-361989;Norberto Brito Konno;483.609.016-43;M;28-02-1970;Ribeirão Preto;SP;norbertokonno97@gmail.com;61996614550;Prata
HSP-269684;Olivia Hornburg Chierichetti;200.960.153-06;F;02/12/1952;Belo Horizonte;MG;olivia_chierichetti81@gmail.com;(61) 96902-3933;Bronze
HSP-586690;Clarissa Vilela Busch;497.046.485-53;F;20.03.57;Ribeirão Preto;SP;clarissa_busch@gmail.com;(19) 98335-4445;Bronze
HSP-876709;Amós Ferber;935.391.038-21;M;20/03/1950;Uberlândia;MG;amosferber@gmail.com;(19) 99335-7559;Bronze
HSP-199359;Claudilna Machado Arcila;804.394.290-05;F;10/03/1975;Niterói;RJ;claudilna.arcila@uol.com.br;62984043341;Bronze
HSP-685104;Jéssyca Eisenhardt Hirano;312.058.869-58;F;29/07/1989;Goiânia;GO;jessycahirano@uol.com.br;(61) 96840-2008;Bronze
HSP-205612;Alfonsina Kimura Amevo;501.813.617-01;F;26/07/1990;Campinas;SP;ALFONSINA.AMEVO36@UOL.COM.BR;(61) 97246-2788;Ouro
HSP-856132;Renildo Bucci Aguilar;962.556.144-76;M;03/10/2006;Campinas;SP;renildo.aguilar@icloud.com;(81) 98220-8298;Bronze
HSP-112441;Enzo  Arcanjo;483.240.965-40;M;1995-12-02;Belo Horizonte;MG;enzo.arcanjo@yahoo.com.br;21965393022;Bronze
HSP-980012;Amire Amirau Cipollone;016.796.556-55;F;12/08/1999;Goiânia;GO;amirecipollone@hotmail.com;(31) 96906-9984;Bronze
HSP-331804;Osvaldir Brunner Chaves;905.389.059-99;M;25.11.85;Curitiba;PR;OSVALDIR_CHAVES98@ICLOUD.COM;51966629596;Prata
HSP-940744;Tino Bianchini Klein;105.915.798-55;M;13/10/1977;Rio de Janeiro;RJ;tinoklein@gmail.com;(61) 97390-6507;Bronze
HSP-142314;Luizinho Aquino Gruber;284.248.729-08;M;28-06-1974;Londrina;PR;luizinhogruber21@gmail.com;(31) 98528-2246;Bronze
HSP-220685;Oneide Dreher Falcão;131.456.253-30;F;1949-05-21;Ribeirão Preto;SP;oneide.falcao18@outlook.com;(21) 96899-1256;Bronze
HSP-481244;Gerson Bardini;055.922.770-16;M;28/03/1982;Campinas;SP;gersonbardini7@icloud.com;(51) 98307-8641;Bronze
HSP-963647;Mabeline Matsuda Archane;113.507.649-90;F;09/01/1961;Recife;PE;mabelinearchane@hotmail.com;16988947600;Prata
HSP-496236;Valdir Kruse Aguilar;522.011.270-85;M;01.12.03;São Paulo;SP;valdiraguilar17@icloud.com;(61) 99817-4660;Bronze
HSP-218944;Ivanildo Amezola;974.469.707-58;M;09/03/1980;Campinas;SP;ivanildo.amezola68@icloud.com;(81) 97353-2113;Diamante
HSP-201169; Gilberto Masuda Amerino;860.264.236-99;M;29.12.95;Salvador;BA;gilberto.amerino@outlook.com;(61) 99264-9347;Bronze
HSP-845306;Teruko Antolini Bacci;571.178.444-77;F;20/04/2001;Salvador;BA;teruko.bacci94@yahoo.com.br;(51) 99169-9338;Bronze
HSP-844037;Norma Brunner Bianchini;711.881.618-30;F;05-01-1953;Salvador;BA;norma.bianchini@icloud.com;(16) 98640-4608;Bronze
HSP-973186;Cora Cesare Aparicio;318.815.675-83;F;14/03/1968;Brasília;DF;cora_aparicio28@outlook.com;(51) 98571-6765;BRONZE
HSP-767440;Tainara Arafat Yamada;455.300.173-04;F;29/10/2004;Ribeirão Preto;SP;tainara.yamada@outlook.com;21966198712;Bronze
HSP-553623;Joseilton Xavier Flores;525.177.485-00;M;20-01-1991;Ribeirão Preto;SP;joseilton_flores84@yahoo.com.br;(51) 99737-3550;Bronze
HSP-701202;Adiná Busch Salles;960.726.520-34;F;18/05/1995;Goiânia;GO;adinasalles36@uol.com.br;(16) 97717-1771;Bronze
HSP-059973;Damiela Mende;932.050.650-77;F;17/12/1973;Rio de Janeiro;RJ;damiela_mende@yahoo.com.br;(21) 98756-6501;Bronze
HSP-290900;Analícia Greff Loureiro;208.967.604-30;F;25/11/1971;Belo Horizonte;MG;analicia.loureiro@yahoo.com.br;(31) 97003-4055;Prata
HSP-647843;Linério Fujita;653.143.422-86;M;30/04/1996;Porto Alegre;RS;linerio.fujita@gmail.com;(51) 96888-2288;Bronze
HSP-469895;Kenji Vale Taveira;674.286.017-03;M;23/02/1957;Rio de Janeiro;RJ;KENJI_TAVEIRA@ICLOUD.COM;(16) 98734-9680;Bronze
HSP-026191;Adilma Alencastro Rezende;383.522.377-13;F;12/03/1998;Campinas;SP;adilma_rezende37@uol.com.br;(11) 97628-4967;Ouro
HSP-542191;Arlindo Amestoy Riedel;165.542.793-85;M;14-09-1971;Recife;PE;arlindo.riedel@uol.com.br;16962283167;Prata
HSP-670430;Aureliano Hofmann Batista;965.441.904-11;M;03.12.72;Londrina;PR;AURELIANO.BATISTA@GMAIL.COM;(31) 98531-7790;Bronze
HSP-782417;Ingrid Costa Avanzini;645.604.851-60;F;29.05.70;Porto Alegre;RS;ingrid.avanzini@gmail.com;(19) 97311-7437;Bronze
HSP-670431;Nilo Petraglia;927.291.694-15;M;24/12/1963;Brasília;DF;nilo.petraglia@hotmail.com;(81) 96581-6704;Bronze
HSP-749046;Lino Lacerda Amezola;224.588.366-74;M;15/11/1977;Salvador;BA;lino.amezola@uol.com.br;41969625630;Bronze
HSP-281858;Jeter Anghetti;686.680.807-33;M;1961-08-23;Salvador;BA;jeteranghetti@outlook.com;(41) 96208-1413;Bronze
HSP-666040;Paulino Sakamoto;280.337.142-12;M;2006-04-18; Porto Alegre;RS;paulinosakamoto61@outlook.com;(16) 99375-3892;Bronze
HSP-147525;Karla Antipas;427.629.336-76;F;29-11-1950;Rio de Janeiro;RJ;karlaantipas@uol.com.br;(41) 96578-6068;Bronze
HSP-861940;Álvaro Alegria;809.809.880-04;M;25/02/1952;campinas;SP;alvaro_alegria27@hotmail.com;(19) 98962-3899;Bronze
HSP-132321;Julieta Berger Erdmann;722.215.532-50;F;11/02/1996;Niterói;RJ;julieta_erdmann13@yahoo.com.br;(81) 99543-4073;Bronze
HSP-738974;Marlon Burri Hamann;862.495.133-02;M;08/11/1999;Campinas;SP;marlonhamann@icloud.com;(11) 99888-6587;Bronze
HSP-339065;Audineuda Arcosi;320.723.919-62;F;28/01/1971;Recife;PE;audineudaarcosi34@yahoo.com.br;61997946979;Bronze
HSP-390388;Varino Marchetti;559.991.966-80;M;18/11/1961;Recife;PE;varinomarchetti@gmail.com;31965644232;Bronze
HSP-682671;Anaraí Annunziata Antelmo;424.916.263-06;F;03/05/1976;Uberlândia;MG;anarai.antelmo@yahoo.com.br;51989005479;Bronze
HSP-616878;Osmar Chaves;381.903.473-06;M;30/10/1990;Niterói;RJ;osmar.chaves@gmail.com;(11) 98710-3894;Ouro
HSP-521122;Jewel Amilo;513.563.431-20;F;09-03-2006;Porto Alegre;RS;jewelamilo@gmail.com;(81) 98759-2056;Bronze
HSP-678829;Aigara Graf;825.417.689-23;F;1967-06-23;Curitiba;PR;aigara.graf@hotmail.com;(11) 97630-9837;Bronze
HSP-615346;Mauro Apuzzo Buscemi;691.981.625-35;M;26/01/1958;Porto Alegre;RS;mauro_buscemi@hotmail.com;(21) 99769-5955;Prata
HSP-254746;ALERTINA LEMKE FRANK;616.160.543-01;F;16/07/1989;Campinas;SP;ALERTINA.FRANK@GMAIL.COM;(16) 99081-4881;Bronze
HSP-447898;Dinalva Luz;217.894.069-27;F;1984-03-19;Salvador;BA;dinalva_luz77@yahoo.com.br;(16) 96576-1862;Prata
HSP-071349;Celeste Mäder Vargas;758.647.401-01;F;24/12/1989;Recife;PE;celestevargas@icloud.com;(61) 97411-5042;Bronze
HSP-842289;Uwe Engel Santos;403.972.675-84;M;03/06/1972;Curitiba;PR;UWE_SANTOS54@UOL.COM.BR;(11) 98383-5821;Bronze
HSP-634723;Amaro Gruber;528.823.132-09;M;18/12/2001;Ribeirão Preto;SP;amarogruber@yahoo.com.br;(16) 98096-4541;Bronze
HSP-616842;Zélia Ambrosio Nascimento;586.922.543-47;F;14/10/1974;Ribeirão Preto;SP;zelia_nascimento@hotmail.com;19976593893;Bronze
HSP-948937;Doris Kinoshita;539.450.698-15;F;11.02.97;Uberlândia;MG;doriskinoshita85@hotmail.com;(81) 97079-9816;Bronze
HSP-753615;Alaide Aranzales;943.149.142-70;F;01/02/1966;Recife;PE;alaide.aranzales@outlook.com;(11) 98374-7576;Bronze
HSP-932393;Allysson Diesel;770.354.766-28;F;22/02/1958;Rio de Janeiro;RJ;allysson.diesel58@icloud.com;(16) 98336-9003;Bronze
HSP-367908;Arlete Ardani Silva;072.346.150-32;F;25/12/2004;Recife;PE;ARLETE_SILVA95@GMAIL.COM;16962049411;Bronze
HSP-137201;Marciliano Nóbrega;501.147.472-02;M;19/10/1954;São Paulo;SP;marcilianonobrega@icloud.com;(61) 97516-6275;Bronze
HSP-069372;Adão Afonso Alessi;684.426.333-32;M;24/01/1952;Londrina;PR;adao.alessi@icloud.com;(62) 98228-6038;Bronze
HSP-757522;Cessira Annecy;160.644.903-65;F;03/12/1988;São Paulo;SP;cessira_annecy@uol.com.br;(41) 99581-5762;Bronze
HSP-262769;Glenison Hirano Arcillas;718.218.216-53;M;20/03/1989;Belo Horizonte;MG;glenisonarcillas56@icloud.com;41983303702;Bronze
HSP-108089;Cláudio Helm Kinoshita;238.836.970-36;M;06/10/1960;Ribeirão Preto;SP;claudiokinoshita86@outlook.com;(16) 98490-6184;Bronze
HSP-966394;Kaio Decker Carboni;286.399.624-05;M;13/10/2001;Ribeirão Preto;SP;kaio.carboni@hotmail.com;(62) 98876-5299;Ouro
HSP-303660;Patrick Lacerda;395.728.693-02;M;29/08/1950;Salvador;BA;patricklacerda74@icloud.com;(21) 96100-7274;Bronze
HSP-493275;Aglaé Bartoloni;024.966.899-85;F;22/12/1990;Goiânia;GO;aglaebartoloni72@outlook.com;(62) 97413-6426;Prata
HSP-969966;Victor Santos;448.479.207-91;M;21/06/1997;Ribeirão Preto;SP;victor_santos14@icloud.com;(62) 99504-8638;Bronze
HSP-436177;Raimundo Mesquita Vasconcellos;983.910.320-27;M;15/01/1949;Campinas;SP;raimundovasconcellos93@gmail.com;(41) 98621-8975;Bronze
HSP-458498;Janio Miranda;126.370.079-90;M;28/11/1953;Rio de Janeiro;RJ;janio_miranda@icloud.com;(41) 96851-1378;Diamante
HSP-456112;Lauro Drumond Okamoto;213.345.958-87;M;25/12/1968;Brasília;DF;lauro.okamoto@outlook.com;(19) 99836-6741;BRONZE
HSP-935573;Margarida Antipode;414.753.763-40;F;13/11/1953;Rio de Janeiro;RJ;margarida_antipode@icloud.com;(31) 97428-7839;Prata
HSP-458347;Eloris Amércio Lüdtke;518.650.679-62;F;10-11-1962;Curitiba;PR;elorisludtke@yahoo.com.br;(51) 99540-6523;Prata
HSP-688443;Emerson Anunciato Arcosi;264.697.950-99;M;06/06/1979;São Paulo;SP;emersonarcosi@outlook.com;(19) 97668-1110;Bronze
HSP-711407;Adora Accorsi Afonso;209.225.212-71;F;01.09.04;Porto Alegre;RS;adora.afonso@hotmail.com;(81) 99346-5615;Ouro
HSP-378245;Jandaia Mesquita Marusho;715.129.545-60;F;31/08/1985;Brasília;DF;jandaiamarusho@icloud.com;(62) 97282-4663;Bronze
HSP-666743;Eraldo Ardon Ciaramicoli;595.228.751-47;M;11/11/1952;Recife;PE;ERALDO.CIARAMICOLI@UOL.COM.BR;(11) 96269-9981;Bronze
HSP-712624;Iremar Berger Antenor;098.910.504-08;M;17/02/1985;Salvador;BA;iremarantenor@outlook.com;(81) 99079-7381;Bronze
HSP-635262;Uwe Capraro Barros;942.104.208-59;M;08/01/1975;São Paulo;SP;uwe_barros@uol.com.br;(31) 98233-7669;Bronze
HSP-137338;Anaís Teixeira Abe;909.375.770-90;F;09/10/1967;Goiânia;GO;anais_abe@uol.com.br;(19) 98692-1485;Prata
HSP-231828;Conceição Löffler Aoki;369.559.582-59;F;24-05-1997;Curitiba;PR;conceicao_aoki@gmail.com;(19) 98388-3152;Prata
HSP-368540;Wander Ardin Franco;827.610.023-69;M;26/11/1973;Niterói;RJ;wander_franco@icloud.com;31961115240;Bronze
HSP-947685;Leonarda Hopf Antunes;633.759.849-01;F;07/07/1977;Campinas;SP;leonardaantunes94@uol.com.br;(16) 99647-9662;Ouro
HSP-668612;Fernanda Amiraldo;795.233.143-43;F;1999-07-25;Goiânia;GO;fernanda.amiraldo81@yahoo.com.br;11987408623;Bronze
HSP-425760;Jefferson Adorno Sakamoto;813.220.822-60;M;12/07/1953;Uberlândia;MG;jefferson.sakamoto67@outlook.com;(41) 99528-6211;Prata
HSP-854802;Jamerson Alegria Amiran;259.900.284-23;M;30/03/1970;Campinas;SP;jamerson.amiran98@gmail.com;16961793038;Prata
HSP-209987;Duarte Matsuo;792.517.333-50;M;08/10/1982;Salvador;BA;duarte_matsuo@hotmail.com;19980513675;Bronze
HSP-694432;Théo Arciniega;211.670.062-08;M;08.07.93;Porto Alegre;RS;theo.arciniega@gmail.com;31970971161;Bronze
HSP-662151;Soraia Marchetti Cavallini;350.113.449-59;F;22/05/1950;LONDRINA;PR;soraia_cavallini@icloud.com;(81) 97336-1443;Bronze
HSP-992295;Marceliano Alzira;972.547.204-78;M;13.11.61;Curitiba;PR;marceliano_alzira40@hotmail.com;21978346910;Bronze
HSP-838336;Ailine Cafagna Anzolin;574.814.525-12;F;04/12/1983;São Paulo;SP;ailine.anzolin@uol.com.br;(62) 98187-7453;Bronze
HSP-829451;Sachiko Fernandes Amira;391.369.975-95;F;08-12-1986;Recife;PE;sachiko_amira@uol.com.br;(41) 97997-8944;Prata
HSP-811999;Irene Mergen Henrique;038.341.247-10;F;16/12/1984;Porto Alegre;RS;irene.henrique59@hotmail.com;(11) 97820-5874;Ouro
HSP-068229;Cassio Gieseler Battaglini;988.773.352-03;M;02/09/1964;Niterói;RJ;CASSIO.BATTAGLINI@UOL.COM.BR;(61) 99752-9674;Ouro
HSP-991068;Massao Grüber Schaefer;510.885.899-01;M;07/06/1991;Goiânia;GO;MASSAOSCHAEFER@ICLOUD.COM;(21) 98161-3006;Bronze
HSP-485270;Genildo Carboni Abbate;433.955.343-32;M;1996-09-25;Goiânia;GO;genildo.abbate87@yahoo.com.br;(21) 99148-8287;Bronze
HSP-117898;Eduardo Leite Amiral;009.173.163-12;M;1988-02-27;Ribeirão Preto;SP;eduardo.amiral83@hotmail.com;(11) 98693-9450;Bronze
HSP-879119;Norma Buscemi Tsuda;257.989.691-00;F;21/01/1986;Goiânia;GO;norma.tsuda15@uol.com.br;(62) 99424-3935;Bronze
HSP-103583;Marta Chiavegato Ardenna;831.197.789-58;F;21/03/1975;Recife;PE;marta_ardenna52@outlook.com;(11) 99814-2746;Prata
HSP-431823;Kevin Carta Cinelli;575.100.036-60;M;06/08/1994;São Paulo;SP;kevin_cinelli@outlook.com;(16) 99526-6115;ouro
HSP-846775;Emanuel Arcoverde Bonanomi;581.630.212-41;M;11.04.83;Goiânia;GO;emanuelbonanomi@uol.com.br;31967867669;Bronze
HSP-055089;Cristóvão Feiler;102.623.705-06;M;09/05/1997;Niterói;RJ;cristovao.feiler@yahoo.com.br;(51) 98281-3857;Bronze
HSP-283976;Margarida Antero;763.169.145-20;F;06.04.78;Rio de Janeiro;RJ;margarida_antero@gmail.com;41975766543;Bronze
HSP-492487;Juberto Cattaneo Sardinha;226.761.747-11;M;16/03/1989;Niterói;RJ;jubertosardinha46@outlook.com;31990973339;Bronze
HSP-293653;Norma Fonseca Haas;371.960.348-21;F;22/03/1969;Recife;PE;normahaas@hotmail.com;(21) 96444-8015;Bronze
HSP-610769;Helton Hofer Fuchs;542.401.504-26;M;19-09-1956;Belo Horizonte;MG;helton.fuchs@yahoo.com.br;(81) 99996-1996;Bronze
HSP-257896;Joliana Amavizca;364.548.759-03;F;07/08/1961;Uberlândia;MG;joliana_amavizca@icloud.com;16970643178;Bronze
HSP-978257;Aracelis Arcis;568.497.850-95;F;18.05.49;Recife;PE;ARACELISARCIS@YAHOO.COM.BR;(62) 99530-8063;Bronze
HSP-155446;Rosa Bignami Rezende;945.119.324-33;F;12/08/1961;Uberlândia;MG;rosa_rezende@icloud.com;(81) 98526-3528;Prata
HSP-001793;Cândida Battaglini;963.518.757-22;F;16/01/1998;Salvador;BA;candida.battaglini@hotmail.com;(11) 98304-5025;Bronze
HSP-034719;Arlete Trindade;294.103.675-06;F;14/09/2005;Ribeirão Preto;SP;arletetrindade@yahoo.com.br;(81) 99197-4639;Bronze
HSP-488794;Jonathan Candido Azevedo;971.846.790-40;M;24/04/1999;Campinas;SP;jonathanazevedo@icloud.com;(41) 97948-4541;BRONZE
HSP-139003;Warley Passos Tanaka;977.400.970-39;M;26/10/1952;Porto Alegre;RS;warley.tanaka@hotmail.com;(61) 98579-7524;Bronze
HSP-532400;Amira Lima Hermann;010.222.126-05;F;22/03/2007;Campinas;SP;amirahermann@uol.com.br;11973052569;Bronze
HSP-577179;Glauco Amernes;698.710.149-37;M;11/07/1973;Campinas;SP;glauco_amernes55@hotmail.com;(31) 98288-3454;Bronze
HSP-799953;Linério Anibal;672.117.025-67;M;1984-06-05;Brasília;DF;linerio_anibal@uol.com.br;(19) 97294-6354;Ouro
HSP-867982;Kleber Carta Santoro;805.759.502-77;M;2000-01-03;Londrina;PR;kleber_santoro33@icloud.com;(31) 97715-4526;Prata
HSP-624989;Neomício Bertolucci;202.061.392-17;M;23.12.65;Campinas;SP;neomicio.bertolucci68@yahoo.com.br;(16) 97742-8573;Bronze
HSP-541098;Aruca Trindade Zara;963.096.667-03;F;16/08/1963;Goiânia;GO;aruca_zara49@gmail.com;(31) 99880-8113;Prata
HSP-749293;Luciane Silveira Arconi;458.446.577-05;F;14/06/1984;São Paulo;SP;lucianearconi@hotmail.com;(16) 96455-6645;Bronze
HSP-285871;Almir Abe;276.654.842-47;M;1955-04-18;Goiânia;GO;almir_abe@uol.com.br;51977546002;Prata
HSP-711333;Maiena Arden Pires;945.388.232-10;F;23/10/2004;Belo Horizonte;MG;maiena.pires43@icloud.com;41968946719;Bronze
HSP-574343;Amiris Sena Meireles;920.398.013-08;F;06/07/1960;Uberlândia;MG;amiris.meireles@yahoo.com.br;19962992277;Bronze
HSP-810756;Valéska Noguchi Lima;231.539.428-70;F;20/08/1979;Campinas;SP;valeska.lima70@yahoo.com.br;(19) 97383-1639;Bronze
HSP-334777;Nerison Aragoni;151.098.100-44;M;23-04-1950;Salvador;BA;nerisonaragoni@outlook.com;(51) 96905-1247;Bronze
HSP-635166;Jacinto Kaneko Bertoldi;808.263.267-49;M;29/03/2006;Rio de Janeiro;RJ;jacinto_bertoldi@icloud.com;(21) 96359-6069;Bronze
HSP-858892;Humberto Vasconcelos Kimura;426.429.306-53;M;29/12/1986;Porto Alegre;RS;humbertokimura@outlook.com;(19) 99639-2835;Bronze
HSP-437678;Vanda Arrighi Aguilar;405.847.438-66;F;01-11-2001;Niterói;RJ;vandaaguilar44@hotmail.com;(62) 99885-8935;Bronze
HSP-951736;Creomar Aranzales Kimura;042.100.149-66;M;1957-08-22;RECIFE;PE;creomarkimura@gmail.com;16978249630;Ouro
HSP-037531;Andersa Baldini Amirala;692.339.530-50;F;1949-04-17;Londrina;PR;andersa.amirala@icloud.com;(31) 98680-6675;Diamante
HSP-364862;Tereza Fischer Ardissone;252.458.701-00;F;16/02/1950;Rio de Janeiro;RJ;tereza.ardissone@icloud.com;(21) 96256-8289;Prata
HSP-548861;Giseli Bonato Nakashima;156.944.387-44;F;11/10/1974;Belo Horizonte;MG;giselinakashima@yahoo.com.br;(21) 96946-6302;Bronze
HSP-003857;Ivens Miyazaki Aldeia;256.273.964-74;M;1955-01-27;Ribeirão Preto;SP;ivens.aldeia@hotmail.com;21977632350;Bronze
HSP-457426;João Aragones Archela;775.153.672-10;M;1958-03-22;Rio de Janeiro;RJ;joao.archela@yahoo.com.br;(61) 96147-7288;Bronze
HSP-959755;Lucinilda Elias Trindade;441.649.331-27;F;27/12/1995;Ribeirão Preto;SP;lucinilda.trindade49@icloud.com;62973016114;Bronze
HSP-367774;Mariano Lisboa Chaves;235.185.229-06;M;22-10-2003;Goiânia;GO;marianochaves46@yahoo.com.br;21968162013;Bronze
HSP-656938;Alda Alegria Meller;007.457.774-30;F;17/05/1949;Campinas;SP;alda.meller@outlook.com;19993666674;Bronze
HSP-213892;Jaco Castro;630.575.786-08;M;29/07/1985;Brasília;DF;jaco_castro@yahoo.com.br;(11) 96765-6514;Bronze
HSP-956097;Hiroshi Hofmann Ludwig;610.689.655-09;M;05-07-2003;Brasília;DF;hiroshiludwig50@outlook.com;(16) 97110-2757;Bronze
HSP-681428;agda yoshida;596.000.182-94;F;03/04/2006;Curitiba;PR;agda.yoshida@yahoo.com.br;(21) 97587-4550;Prata
HSP-645552;Josué Grimaldi;198.792.165-80;M;12/11/1950;Recife;PE;josue.grimaldi68@gmail.com;(16) 99018-6931;Bronze
HSP-944871;Amisel Lima Drumond;249.152.893-20;F;21/08/2004;Goiânia;GO;amisel.drumond@yahoo.com.br;(19) 97380-2317;Bronze
HSP-874222;Elionarda Batista;276.255.937-54;F;09/01/2000;Belo Horizonte;MG;elionarda_batista@gmail.com;(21) 99528-9497;Diamante
HSP-121103;Edmundo Lorenz Arcin;836.281.341-53;M;23/03/1977;Uberlândia;MG;edmundo.arcin@gmail.com;(41) 96826-5640;Bronze
HSP-894462;Helena Matsuda Diesel;544.821.873-30;F;16/03/1970;Recife;PE;helenadiesel@icloud.com;(31) 96433-3082;Bronze
HSP-883200;Audires Amércio Konno;465.086.569-70;F;08/06/1982;Salvador;BA;audireskonno@icloud.com;(41) 98234-9034;Bronze
HSP-032889;Aracelir Makino Abreu;341.065.729-07;F;19.11.79;Belo Horizonte;MG;aracelirabreu@uol.com.br;16977267265;Prata
HSP-688294;Amisel Campos;774.410.843-42;F;04/10/1962;Brasília;DF;AMISELCAMPOS@GMAIL.COM;21981284047;DIAMANTE
HSP-627546;Eduardo Furukawa;732.031.066-04;M;09/05/2004;Curitiba;PR;eduardo_furukawa56@icloud.com;(61) 96395-9217;Bronze
HSP-655386;Dinelise Albergaria Abraão;795.797.114-88;F;13.11.49;Londrina;PR;dineliseabraao78@outlook.com;(19) 96274-1887;Bronze
HSP-805687;Leonildes Zanini Bertoldi;327.866.868-57;F;11/04/1956;Ribeirão Preto;SP;leonildesbertoldi@uol.com.br;(62) 97235-3393;Bronze
HSP-020310;Fernando Alberti;420.765.133-02;M;26/10/1977;Brasília;DF;fernando_alberti73@outlook.com;(81) 97530-8805;Bronze
HSP-469579;Míriam Arcioni;929.704.538-35;F;25/05/1956;Uberlândia;MG;miriam_arcioni@yahoo.com.br;(21) 96587-8350;Diamante
HSP-364022;Elionilde Rego Gama;153.834.899-32;F;29/11/1989;Ribeirão Preto;SP;elionildegama@hotmail.com;21967301827;Bronze
HSP-901160;Joimar Antigao Campos;642.373.313-93;M;24/03/2003;Curitiba;PR;joimar_campos@hotmail.com;51962565789;Bronze
HSP-104869;Glaucia Antelo Noguchi;429.210.172-88;F;1972-03-15;Niterói;RJ;glaucia_noguchi@uol.com.br;(31) 96331-6581;Bronze
HSP-401667;Euclides Rocha Kuroda;496.196.519-79;M;08/08/1956;Ribeirão Preto;SP;euclides_kuroda@yahoo.com.br;(21) 97131-6749;Prata
HSP-748925;Kelly Ebling Chagas;771.712.199-92;F;14/08/1968;Goiânia;GO;kellychagas@icloud.com;81992262415;Bronze
HSP-601487;Sachiko  Ota Santos;445.278.430-52;F;07/08/1963;Ribeirão Preto;SP;sachikosantos@hotmail.com;(81) 98232-9142;Bronze
HSP-356846;Wolmir Löffler Franzen;498.749.320-90;M;27/11/1956;Niterói;RJ;wolmir.franzen@hotmail.com;(31) 97548-7597;Bronze
HSP-397572;Bruna Bomfim Bacci;765.309.246-20;F;31/07/1974;Salvador;BA;bruna_bacci65@gmail.com;(41) 96528-3459;Bronze
HSP-143277;Ivanor Heil Barbosa;094.557.314-60;M;08/09/2000;Curitiba;PR;ivanorbarbosa55@yahoo.com.br;31965955149;Bronze
HSP-890901;Claudieli Oliveira Arrighi;588.641.793-13;F;08/11/1993;Goiânia;GO;claudieliarrighi@yahoo.com.br;(81) 97959-5007;Prata
HSP-758527;Potiguar Brambilla;689.825.817-66;M;14/12/1989;Goiânia;GO;potiguar.brambilla@icloud.com;(19) 99959-9823;Bronze
HSP-086862;Nemias Zerbini Paiva;873.521.998-02;M;01/09/1977;Belo Horizonte;MG;nemias.paiva@uol.com.br;51997827617;Bronze
HSP-977031;Ronaldo Chiappetta;266.281.076-98;M;13/03/1954;Rio de Janeiro;RJ;RONALDO_CHIAPPETTA@YAHOO.COM.BR;(62) 99495-7771;Bronze
HSP-506352;Valesca Bertozzi Aralho;689.933.053-90;F;04/10/2000;Salvador;BA;valescaaralho@gmail.com;(19) 96646-5199;Prata
HSP-225413;Osvaldir Miranda;884.919.866-34;M;23.05.86;Londrina;PR;osvaldir.miranda75@outlook.com;(11) 97639-4902;Bronze
HSP-853786;Dinarilza Campi;850.072.843-43;F;11/05/1971;Salvador;BA;dinarilzacampi@icloud.com;(61) 98149-1135;Bronze
HSP-895796;Naelson Aparicio Alcobia;505.149.048-44;M;07/08/1968;Brasília;DF;naelson_alcobia@outlook.com;81979977139;Ouro
HSP-637475;AGLAÉ EHMKE BOCCHI;772.222.646-98;F;28/02/1981;Brasília;DF;aglaebocchi@outlook.com;(41) 96970-1559;Bronze
HSP-784489;Jonatan Ribeiro Muniz;769.380.514-10;M;30/11/1974;Salvador;BA;jonatan_muniz71@yahoo.com.br;(81) 98775-1160;Bronze
HSP-480489;Nerino Lacerda Salles;155.859.392-62;M;23/02/2004;Uberlândia;MG;nerino.salles@outlook.com;(61) 97457-8145;Bronze
HSP-399371;Rosângela Abbate;995.176.993-44;F;1998-11-27;Rio de Janeiro;RJ;rosangela.abbate@hotmail.com;(62) 96324-6190;Ouro
HSP-367570;Larisa Aoki Cunha;636.112.874-15;F;27-04-2006;Salvador;BA;larisa.cunha@uol.com.br;(21) 96261-8428;Bronze
HSP-250358;Sérgio Heller Antipa;899.996.289-07;M;31-07-1953;Uberlândia;MG;sergio.antipa83@hotmail.com;(62) 97175-1924;Diamante
HSP-385110;Joselita Adão;604.858.965-40;F;06/04/2003;Porto Alegre;RS;joselita_adao@uol.com.br;(21) 98244-5453;Prata  
HSP-330796;Larissa Borsari Amércio;054.874.870-57;F;14-02-1969;Niterói;RJ;larissa_amercio@hotmail.com;(41) 96112-1774;Bronze
HSP-231008;Amabilis Anunciação;350.665.660-07;F;24-10-1979;Ribeirão Preto;SP;amabilis_anunciacao45@uol.com.br;(11) 99417-9377;Bronze
HSP-558462;Nairane Hayashi Lüdtke;194.743.729-18;F;10/01/1964;Porto Alegre;RS;nairaneludtke25@outlook.com;(31) 96338-7350;BRONZE
HSP-474973;Josué Machado;432.111.902-28;M;21.08.66;Rio de Janeiro;RJ;josue_machado@icloud.com;(31) 96960-8945;Bronze
HSP-970950;Sônia Amezola Flores;452.378.034-07;F;05/11/1987;Uberlândia;MG;sonia_flores26@icloud.com;31981098257;Prata
HSP-485457;Mileny Hansen;580.005.895-40;F;1978-10-23;Brasília;DF;milenyhansen@uol.com.br;(21) 97341-8686;Prata
HSP-697941;Míriam Dreher;077.949.148-33;F;11/09/1987;Curitiba;PR;miriamdreher@gmail.com;(61) 98743-2870;Bronze
HSP-310089;Anaís Krebs Cabral;626.668.854-96;F;24/03/1954;Recife;PE;anais_cabral@hotmail.com;19969009153;Bronze
HSP-606297;Catarine Hack Aramis;381.622.664-70;F;30/11/1975;Recife;PE;CATARINEARAMIS@UOL.COM.BR;(21) 98156-7423;Bronze
HSP-475032;Delmar Seabra Amerus;151.313.561-99;M;18/07/1986;Goiânia;GO;delmar.amerus@gmail.com;(31) 97987-9302;Bronze
HSP-951117;Dinelise Cipolla;176.196.822-01;F;30/07/1966;Curitiba;PR;dinelise_cipolla@outlook.com;(62) 99881-5478;Prata
HSP-663532;Gláuber Arcon;739.729.617-31;M;01/05/1979;Londrina;PR;glauber_arcon@yahoo.com.br;16984151910;Prata
HSP-300330;Gloria Boschi Chiappetta;241.528.634-63;F;10-02-1994;Curitiba;PR;gloriachiappetta9@yahoo.com.br;(21) 98747-8396;Bronze
HSP-394980;Norton Aranzales Guerra;569.146.164-85;M;24.01.80;Curitiba;PR;norton.guerra@yahoo.com.br;(41) 96769-8785;Prata
HSP-265001;Ivy Pereira Archer;571.451.495-59;F;03/06/1989;Campinas;SP;ivy.archer89@icloud.com;61973389719;Bronze
HSP-945408;Leonildo Bartolini Hopf;084.388.168-27;M;03/04/2004;Goiânia;GO;LEONILDO_HOPF@YAHOO.COM.BR;(31) 96800-1380;Bronze
HSP-232630;Kenji Diehl;519.908.187-06;M;14/12/1972;Londrina;PR;kenji.diehl4@hotmail.com;(16) 98613-7186;Bronze
HSP-248081;Jacinto Accorsi Travassos;605.904.735-14;M;28/12/1962;Belo Horizonte;MG;jacinto.travassos19@hotmail.com;(19) 99103-6997;Prata
HSP-895878;Leonildes Bezerra;135.996.426-64;F;25/08/1976;Uberlândia;MG;leonildes.bezerra@gmail.com;(11) 98498-8510;Prata
HSP-629300;Naoki Ribeiro Dreher;913.656.402-80;M;30/04/1984;Campinas;SP;naokidreher@outlook.com;(31) 97753-1667;BRONZE
HSP-511234;Volmar Ameixoeira;938.959.458-89;M;24/07/1949;Uberlândia;MG;volmarameixoeira42@gmail.com;(16) 97141-8964;Bronze
HSP-331575;Piedade Carli Arcie;956.383.676-67;F;20/05/1966;Salvador;BA;piedade_arcie59@gmail.com;(41) 96328-1053;Bronze
HSP-276532;Magno Arcini;421.448.354-54;M;30/06/1985;Campinas;SP;magnoarcini@outlook.com;16971819298;Bronze
HSP-332089;Ettore Arnaldi Amiran;352.151.734-94;M;06/02/1996;Londrina;PR;ettore_amiran@gmail.com;(19) 99902-9725;Bronze
HSP-415608;Altair Dantas Grund;022.123.955-31;M;21/09/1978;Salvador;BA;altair.grund54@uol.com.br;(62) 96919-3234;Prata
HSP-994217;Josias Gripp Calamari;214.453.715-10;M;10-01-1984;Campinas;SP;josiascalamari42@gmail.com;(81) 97608-9003;Prata
HSP-667115;Eliziene Acioli Santana;232.635.546-62;F;21-06-2000;Uberlândia;MG;elizienesantana@hotmail.com;(41) 98937-7338;Bronze
HSP-522533;Celso Freyer;278.762.602-50;M;28/01/2000;Salvador;BA;celso.freyer37@gmail.com;(81) 96953-1238;Prata
HSP-064995; Elorisa Abreu Aragoni;993.819.194-02;F;15/01/1974;Londrina;PR;elorisaaragoni@icloud.com;(16) 97117-7369;Bronze
HSP-601034;Natan Ardito;586.373.533-39;M;21/10/1953;Campinas;SP;natan.ardito@gmail.com;31980677583;Bronze
HSP-820390;Clarita Marchetti Ambiel;651.494.739-52;F;14/02/1959;Porto Alegre;RS;clarita_ambiel@icloud.com;51990684292;Bronze
HSP-696974;Paulo Grimm Mende;960.889.586-34;M;21/07/2001;Salvador;BA;paulomende@hotmail.com;(61) 99553-9542;Prata
HSP-571138;Zenaide Seabra Alessi;860.620.981-31;F;11/01/1984;Campinas;SP;zenaidealessi35@gmail.com;(81) 99574-2891;Prata
HSP-750022;Gloria Elias Chierichetti;429.636.412-06;F;15/05/1975;São Paulo;SP;gloria.chierichetti@outlook.com;(16) 96555-6247;Prata
HSP-229381;Marisa Antenor;081.744.253-73;F;07/07/1991;Londrina;PR;marisaantenor@icloud.com;(19) 98162-6528;Prata
HSP-061177;Uwe Adorno Zanini;614.280.970-07;M;1956-07-07;São Paulo;SP;uwe.zanini98@yahoo.com.br;81988911250;Bronze
HSP-866032;Vaniela Grund;170.253.379-43;F;27/05/1998;Niterói;RJ;vaniela_grund50@gmail.com;(51) 99678-4861;Prata
HSP-101632;Eliane Amestoy Inoue;003.256.964-54;F;1974-07-07;Rio de Janeiro;RJ;eliane_inoue@gmail.com;(41) 99784-4864;Bronze
HSP-225731;Erasmo Bueno Araçatuba;631.543.099-69;M;15/05/1962;Brasília;DF;erasmo.aracatuba@icloud.com;51988322925;Bronze
HSP-874044;Cícero Hofmann Arcos;351.452.282-01;M;04/12/1989;Porto Alegre;RS;cicero.arcos42@icloud.com;41994026059;Bronze
HSP-575494;Rosmary Araçatuba Michels;833.521.970-24;F;28/07/1952;Uberlândia;MG;rosmarymichels@gmail.com;(19) 97181-2447;Bronze
HSP-039509;Romário Arcosi Amaral;501.632.703-33;M;23/04/1982;Porto Alegre;RS;romarioamaral15@outlook.com;(21) 99545-1270;Bronze
HSP-842410;Gorette Aranda Arciniega;645.436.768-15;F;23/06/1989;Brasília;DF;gorettearciniega@yahoo.com.br;(81) 99916-8102;Bronze
HSP-357076;Soraiane Jost Kubota;332.798.821-84;F;30/10/1990;Ribeirão Preto;SP;soraiane_kubota83@yahoo.com.br;16964947304;Bronze
HSP-334414; Átilio Cavalheiro Arcieri;038.495.260-70;M;22/01/1959;Campinas;SP;atilio_arcieri@hotmail.com;(31) 99975-9220;Bronze
HSP-753096;Kamille Kossmann Braga;932.578.908-69;F;01/12/1999;Curitiba;PR;kamillebraga6@yahoo.com.br;(81) 96061-4133;Bronze
HSP-040812;Vasco Goto Lacerda;859.512.920-77;M;01/01/1991;Campinas;SP;vasco_lacerda26@gmail.com;41969937089;Bronze
HSP-606969;Vasco Antigao;977.387.927-52;M;17/02/1952;Goiânia;GO;VASCOANTIGAO@YAHOO.COM.BR;16998599740;Bronze
HSP-153884;Aguinaldo Pereira Arconde;144.486.574-93;M;21/03/1981;Goiânia;GO;aguinaldo.arconde52@hotmail.com;(11) 97565-9648;Bronze
HSP-861540;Darlan Cassaro Amilhoa;981.130.084-46;M;15/09/1980;Ribeirão Preto;SP;darlan.amilhoa@hotmail.com;(81) 96490-5744;Prata
HSP-765216;Nailton Amesquita Gatto;074.950.443-90;M;27/09/2000;Uberlândia;MG;nailton.gatto@uol.com.br;31983361097;Prata
HSP-746599;Joimar Ardene Campi;240.885.163-70;M;05.07.97;Uberlândia;MG;joimar.campi14@hotmail.com;16960576245;Bronze
HSP-414761;Tainá Amaral Correia;525.838.516-75;F;1964-10-26;Belo Horizonte;MG;TAINA.CORREIA67@GMAIL.COM;(21) 97684-5634;Bronze
HSP-116671;Clarita Acioli Carpinetti;029.158.511-66;F;19/07/1964;Uberlândia;MG;claritacarpinetti@gmail.com;(21) 99385-1871;Bronze
HSP-237955;Apolo Nogueira Marinho;014.081.235-09;M;02/04/1974;Belo Horizonte;MG;apolo_marinho11@yahoo.com.br;(16) 99346-7267;Bronze
HSP-515658;Fabiana Kobayashi;871.819.383-80;F;21/11/1971;Campinas  ;SP;fabiana_kobayashi@yahoo.com.br;(11) 97425-2453;Prata
HSP-091010;Altair Bignami Santos;482.414.304-77;M;27/09/1957;Ribeirão Preto;SP;altair_santos73@yahoo.com.br;62985675860;Bronze
HSP-977954;Emídio Kunz Benini;933.450.041-78;M;05/07/1955;Curitiba;PR;emidiobenini@icloud.com;(21) 96811-1717;Bronze
HSP-071647;Thiago Jakob Jost;648.209.872-08;M;28/09/1964;Campinas;SP;thiagojost67@gmail.com;(62) 96432-9758;Bronze
HSP-223483;Kendall Aramis Nonato;721.396.362-79;F;27/04/1982;Belo Horizonte;MG;kendall.nonato@uol.com.br;(21) 97671-1124;Prata
HSP-806008;Larise Cilento Fontes;686.372.185-63;F;16/05/1993;Salvador;BA;larisefontes@outlook.com;(62) 99852-5099;Bronze
HSP-081433;Creomar Azevedo Hartmann;416.566.671-85;M;19-07-1966;Londrina;PR;creomar_hartmann@gmail.com;(21) 99367-2947;Bronze
HSP-035575;Renan Vieira Esteves;792.625.525-48;M;21/07/1948;Goiânia;GO;renan_esteves@outlook.com;(11) 98913-4893;Bronze
HSP-584566;Ivano Arciniega Aldeia;830.434.229-45;M;07/05/1984;Ribeirão Preto;SP;IVANOALDEIA@YAHOO.COM.BR;62975304553;Ouro
HSP-255252;Hermes Chagas Souza;037.658.490-49;M;09/12/1985;Campinas;SP;hermes.souza@gmail.com;(61) 97772-6453;Bronze
HSP-685661;Jonatan Watanabe Amerus;799.046.369-58;M;01/03/2004;Salvador;BA;jonatan.amerus@uol.com.br;21981144160;Bronze
HSP-494419;Anabela Amelinha Alessi;717.752.969-11;F;28.07.95;Brasília;DF;anabelaalessi87@hotmail.com;19985502626;Bronze
HSP-950601;Analice Amelinha Arcis;527.705.087-68;F;18/01/1966;Recife;PE;analice_arcis@gmail.com;(61) 97761-3671;Diamante
HSP-583553;Arcelinda Alencar Amércio;013.919.387-12;F;13/05/1959;Londrina;PR;arcelinda.amercio@outlook.com;(21) 97223-3756;Ouro
HSP-878297;Eugênio Casagrande;814.046.247-08;M;31-07-1951;Niterói;RJ;eugeniocasagrande@icloud.com;(41) 99258-6860;Bronze
HSP-420603;ROSILENE KRUSE;446.843.210-10;F;04/12/1992;Ribeirão Preto;SP;rosilenekruse77@yahoo.com.br;(62) 97714-2666;Bronze
HSP-506676; Darlete Arduin Alessi;846.761.709-80;F;21/02/1965;São  Paulo;SP;DARLETEALESSI@GMAIL.COM;(11) 96882-6752;Prata
HSP-097510;MARTA GOTO PORTELA;795.500.044-73;F;1995-07-31;Brasília;DF;marta_portela55@yahoo.com.br;41961697133;Bronze
HSP-013585;Magda Heinrich Maske;905.370.137-09;F;12/09/1990;Rio de Janeiro;RJ;magdamaske@icloud.com;11999598477;Bronze
HSP-568168;Mateus Battaglini Reis;756.779.466-72;M;1982-06-17;Londrina;PR;mateusreis24@outlook.com;(21) 99963-5809;Bronze
HSP-978446;Madalena Ardene Amiran;465.857.856-57;F;28/11/1961;Recife;PE;madalena_amiran@icloud.com;(81) 96735-5538;Prata
HSP-686533;Karl Borsari Campigotto;228.735.118-34;M;25/03/1959;Brasília;DF;karl_campigotto@yahoo.com.br;(41) 97063-2113;Diamante
HSP-397560;Aneuza Ota Arduin;031.887.277-39;F;01-12-1967;Salvador;BA;ANEUZAARDUIN@GMAIL.COM;19987339836;Bronze
HSP-608352;Claudieli Cavalheiro Wanderley;221.634.651-95;F;09/11/1977;São Paulo;SP;claudieliwanderley@outlook.com;(21) 97417-4812;Bronze
HSP-716640;Isac Ciaramicoli;686.514.660-30;M;26.07.86;Campinas;SP;isac.ciaramicoli@icloud.com;61983214881;Bronze
HSP-381372;Denise  Figueiredo;655.295.787-48;F;1977-06-23;Niterói;RJ;denise.figueiredo@gmail.com;(19) 98224-4907;Bronze
HSP-706500;Rafael Sardinha;498.008.475-37;M;1965-12-17;Uberlândia;MG;rafael_sardinha@icloud.com;16970105753;Bronze
HSP-197076;Jordan Zerbini Bertozzi;669.498.359-06;M;20/05/2001;Recife;PE;jordanbertozzi@uol.com.br;(51) 97597-9453;Bronze
HSP-857449;Adalcina Antipa;370.244.698-20;F;08-11-1966;Uberlândia;MG;ADALCINA_ANTIPA70@UOL.COM.BR;(11) 98465-2004;Bronze
HSP-598182;Amba Antelmo;588.998.724-06;F;31/07/1965;Curitiba;PR;amba_antelmo@yahoo.com.br;(41) 96336-3331;Bronze
HSP-325056;Janete Campos Antipode;220.215.128-19;F;16/05/1966;Rio de Janeiro;RJ;janete_antipode50@uol.com.br;(51) 96131-6319;Bronze
HSP-940594;Elsa Jahn Miyazaki;519.003.226-41;F;09-09-1992;Porto Alegre;RS;elsa.miyazaki@outlook.com;(16) 98086-5701;prata
HSP-492789;Lênio Okamoto Bussolini;233.854.376-95;M;26-09-1979;Goiânia;GO;lenio_bussolini96@outlook.com;(62) 97404-9815;Bronze
HSP-665129;Francisco Lisowski Casanova;125.588.983-70;M;22-11-1976;Uberlândia;MG;franciscocasanova@icloud.com;(41) 96085-8818;Bronze
HSP-464046;Artur Luz;244.547.597-07;M;1977-12-01;Uberlândia;MG;artur.luz15@outlook.com;19992789624;Bronze
HSP-232688;Adenir Petraglia;946.845.831-80;F;20/10/1995;São Paulo;SP;adenir.petraglia@gmail.com;(41) 99509-6672;Bronze
HSP-664016;Elona Hayakawa Moura;926.421.023-78;F;05.06.90;Brasília;DF;elonamoura@hotmail.com;(62) 99909-9967;Prata
HSP-390685;Helvio Mayer;901.964.335-50;M;26/04/1950;Brasília;DF;helvio_mayer75@outlook.com;11967052198;Bronze
HSP-908193; Gláuber Shimizu Ferreira;220.893.956-56;M;20/07/2003;Ribeirão Preto;SP;glauber.ferreira@uol.com.br;11971937957;Bronze
HSP-281888;Amélita Gouveia Lopes;911.739.066-49;F;1999-03-30;Niterói;RJ;amelita_lopes52@uol.com.br;62985789235;Bronze
HSP-914290;Darlliane Lutterbeck Pinto;450.632.705-57;F;21/10/1965;Rio de Janeiro;RJ;darlliane.pinto@outlook.com;(21) 98707-8003;Bronze
HSP-533667;Miliane Dreher Maier;691.428.400-82;F;1973-04-11;Curitiba;PR;MILIANE.MAIER@GMAIL.COM;(21) 96867-8267;Bronze
HSP-045191;Simone Alcantara Carli;833.762.233-43;F;02/10/1998;Salvador;BA;simone_carli15@outlook.com;(51) 96485-8712;Bronze
HSP-060030;Amiga Kinoshita Ameixial;186.247.939-98;F;18/04/1968;Brasília;DF;amiga.ameixial@hotmail.com;(51) 98081-2396;Prata
HSP-698036;Haline Kiefer;580.087.575-82;F;1949-11-25;Recife;PE;haline_kiefer89@hotmail.com;21980844659;Bronze
HSP-225606;Rivaldo Guimarães Arduin;813.854.184-94;M;16/04/1959;Londrina;PR;rivaldo.arduin@hotmail.com;(19) 99030-5584;Bronze
HSP-284003;Damineide Brito;605.497.127-12;F;31/03/1967;Salvador;BA;damineidebrito81@gmail.com;(62) 96638-7358;Prata
HSP-660635;Faustino Dreher Lemke;960.956.611-10;M;15/11/1953;Niterói  ;RJ;faustinolemke@hotmail.com;(62) 98364-3124;Bronze
HSP-252539;Carlos Drees Adão;631.492.896-61;M;20-03-1980;Brasília;DF;carlosadao88@yahoo.com.br;(21) 98700-8780;Bronze
HSP-967996;Paola Amerino Manske;220.699.255-87;F;18-01-1985;Belo Horizonte;MG;paolamanske@gmail.com;(11) 96811-6729;Bronze
HSP-220805;Luizinho Heck Krause;348.831.927-09;M;22/06/1985;Ribeirão Preto;SP;luizinhokrause@yahoo.com.br;(16) 98072-4435;Bronze
HSP-190534;Diana Antonelli Aragão;771.103.402-44;F;26/08/1990;Ribeirão Preto  ;SP;diana.aragao@yahoo.com.br;41977882082;Bronze
HSP-602500;Assucena Kato Calori;013.302.148-38;F;03/01/1965;Campinas;SP;assucenacalori2@gmail.com;(21) 98976-5050;Bronze
HSP-544126;Feliciano Ardon Arconet;645.618.468-16;M;05/07/2000;Goiânia;GO;felicianoarconet@outlook.com;(62) 99048-4212;Bronze
HSP-896524;Reuben Archimedes Metz;192.908.338-66;M;14/10/1963;Curitiba;PR;reuben.metz@yahoo.com.br;(61) 97728-2987;Ouro
HSP-146538;Jeanine Antolini Hesse;927.708.665-32;F;09/03/2001;Goiânia;GO;jeanine_hesse@outlook.com;(62) 99003-7950;Prata
HSP-944268;Liarys Merten Arduchat;800.750.682-90;F;22/08/1953;Porto Alegre;RS;liarys.arduchat@hotmail.com;(16) 96962-4669;Prata
HSP-454302;Alencar Cavalheiro Espírito Santo;854.605.217-42;M;30/09/1991;Campinas;SP;alencar.santo32@hotmail.com;11986146443;Ouro
HSP-589979;wilza antunes trindade;955.769.308-86;F;1951-02-11;Uberlândia;MG;wilzatrindade@yahoo.com.br;11977962121;Bronze
HSP-072365;Watila Alessi;747.084.867-31;M;07/04/1949;Ribeirão Preto;SP;watila.alessi57@hotmail.com;51984979657;Bronze
HSP-377061;Larissara Boni Bussolini;267.240.896-38;F;09-08-1969;Belo Horizonte;MG;larissara.bussolini@yahoo.com.br;(11) 96341-5040;Bronze
HSP-080440;Eugênio Klement Lorenz;599.920.718-50;M;16/12/2001;salvador;BA;eugeniolorenz@icloud.com;(11) 96613-3825;Bronze
HSP-331319;Ademir Amilde;173.417.414-57;M;22/05/1949;Recife;PE;ademir_amilde@outlook.com;(61) 97228-6368;Prata
HSP-549363;Otacílio Bacci;663.036.338-89;M;02/11/1974;Porto Alegre;RS;otacilio_bacci@uol.com.br;(19) 97363-1312;Ouro
HSP-836054;Heinz Calvani Baldini;364.706.696-62;M;02.06.91;Porto Alegre;RS;heinzbaldini@yahoo.com.br;(16) 98077-2623;Bronze
HSP-192925;Armando Danner;535.090.435-37;M;23.10.76;Uberlândia;MG;armandodanner@uol.com.br;(51) 96160-7203;Bronze
HSP-640914;Anacleto Aragão;004.991.264-08;M;29/05/1984;Londrina;PR;ANACLETO.ARAGAO@OUTLOOK.COM;16989131423;Bronze
HSP-069826;Mórion Ardeal;236.259.328-22;M;31/12/1974;São Paulo;SP;morion_ardeal@icloud.com;(21) 96455-3766;Prata
HSP-001255;Kendall Figueira Nonato;924.516.791-74;F;01/07/1988;Goiânia;GO;kendall_nonato@gmail.com;(81) 97788-1128;Bronze
HSP-691293;Mabel Campelo;133.531.535-78;F;22/11/1994;Salvador;BA;mabel_campelo97@uol.com.br;16989473249;Bronze
HSP-796517;Lucia Arcola Nascimento;716.828.982-96;F;18.01.83;Uberlândia;MG;lucia.nascimento@hotmail.com;(51) 97169-7326;Bronze
HSP-424666;Edson Anghetti Heller;732.232.242-89;M;14/11/1953;Rio de Janeiro;RJ;edson_heller72@icloud.com;(41) 97608-9395;Bronze
HSP-997954;Lauro Bui Elias;904.474.176-49;M;17/10/1976;Curitiba;PR;lauro_elias35@gmail.com;(11) 97409-8507;Bronze
HSP-131212;Tamires Cruz Huber;483.451.995-34;F;24-08-1978;Londrina;PR;TAMIRES_HUBER@UOL.COM.BR;81978418910;Bronze
HSP-760417;Amara Muniz Amércio;016.220.437-07;F;30/08/1996;Uberlândia;MG;amara_amercio@outlook.com;(81) 99546-5673;Bronze  
HSP-439866;Mirtes Alheiro Bucci;056.820.808-07;F;28/11/1995;Recife;PE;mirtes.bucci61@icloud.com;(62) 99496-1070;Ouro
HSP-360757;Mário Antolini;354.791.302-00;M;26.11.95;Niterói;RJ;mario_antolini@uol.com.br;(31) 98406-1184;Bronze
HSP-159134;Dionísio Andrade;988.359.432-13;M;14/06/1992;São  Paulo;SP;dionisio_andrade@hotmail.com;(31) 99443-3797;Bronze
HSP-604547;Fabiana Rodrigues Ardena;068.524.608-60;F;07/01/1965;Salvador;BA;fabianaardena@uol.com.br;(81) 97512-3648;Prata
HSP-184309;Leodilson Gouveia Grund;997.494.117-22;M;1990-10-02;Campinas;SP;leodilson.grund@uol.com.br;11969617647;Bronze
HSP-668771;Eloise Kawamoto Brunetti;996.848.343-57;F;21/03/1996;Salvador;BA;eloisebrunetti73@icloud.com;16982157985;Prata
HSP-875736;Aparecida Diehl Ardin;957.194.770-98;F;28/12/1990;Niterói;RJ;aparecida.ardin@gmail.com;(81) 99327-2367;Bronze
HSP-961912;Wesley Amato Benedetti;515.588.663-53;M;11/07/1987;Brasília;DF;wesley.benedetti@icloud.com;(51) 98730-4624;Prata
HSP-191867;haline fontes assis;959.491.926-48;F;30/03/1980;Porto Alegre;RS;haline_assis@outlook.com;(21) 97949-4363;Bronze
HSP-122429;Quintino Jost Löffler;019.801.106-70;M;13/04/1958;Curitiba;PR;quintino.loffler@hotmail.com;(51) 99431-5446;Bronze
HSP-056564;Lauro  Glock Campigotto;551.791.543-40;M;27/04/1979;Recife;PE;lauro_campigotto@gmail.com;(41) 97104-7015;Prata
HSP-256094;Jeanete Astori Freitas;569.819.833-03;F;26/02/1952;Curitiba;PR;jeanete.freitas61@uol.com.br;(31) 97594-7304;Bronze
HSP-055092;Natália Bonato Moraes;810.671.091-29;F;18.05.76;Salvador;BA;natalia_moraes@outlook.com;(21) 96072-6341;Bronze
HSP-226711;Thiago Holzschuh Engler;856.654.934-14;M;05.10.62;Belo Horizonte;MG;thiago_engler@gmail.com;(31) 99149-7722;Bronze
HSP-897610;André Arcini Arcioni;703.078.176-79;M;16/06/1957;Londrina;PR;ANDRE.ARCIONI92@HOTMAIL.COM;(61) 97373-9701;Prata
HSP-740300;Caetano Arcidiacono Ardene;844.246.760-21;M;01/09/1992;Campinas;SP;caetano.ardene85@hotmail.com;(61) 98491-8270;Bronze
HSP-233959;Audineide Cabral Agostini;519.614.990-29;F;26/06/1984;Porto Alegre;RS;audineide.agostini@icloud.com;51961141351;Ouro
HSP-469113;Arnélia Bauer Diesel;897.390.766-29;F;29/03/1956;Niterói;RJ;arneliadiesel@outlook.com;(31) 99468-5206;Bronze
HSP-450935;Rosana Bordonaro;124.507.783-06;F;25/09/1978;Campinas;SP;rosana_bordonaro6@icloud.com;81977269381;Prata
HSP-741862;Evaldo Nóbrega Pinheiro;260.177.265-44;M;06/10/1996;Salvador;BA;evaldo_pinheiro@hotmail.com;31992478120;Bronze
HSP-980995;Ramon Ardiles Callegari;332.002.530-96;M;03/12/1966;Rio de Janeiro;RJ;RAMON_CALLEGARI@ICLOUD.COM;(19) 97929-6060;Prata
HSP-210462;Lothar Americo;628.753.184-38;M;12/02/1974;Uberlândia;MG;lotharamerico@hotmail.com;(41) 97551-5713;Bronze
HSP-357316;Filipe Queirós Aoki;032.216.880-59;M;10.10.84;Brasília;DF;filipe_aoki66@hotmail.com;(21) 99407-6478;Bronze
HSP-115962;Elionice Petraglia Bittencourt;179.194.455-82;F;10/07/1974;Rio de Janeiro;RJ;elionice_bittencourt@icloud.com;(19) 99800-7173;Bronze
HSP-111296;Ilton Kruse;741.756.592-18;M;1998-03-31;Salvador;BA;ilton.kruse@gmail.com;(31) 96757-5793;Bronze
HSP-939617;Horácio Watanabe;519.997.211-10;M;29.05.71;Campinas;SP;horacio.watanabe79@hotmail.com;(16) 99080-1142;Prata
HSP-167770;Nelson Shimizu Lutterbeck;310.109.104-77;M;25.06.84;Ribeirão Preto;SP;nelson_lutterbeck43@hotmail.com;11972756577;BRONZE
HSP-283461;Amiris Koerich Glaser;839.290.253-02;F;21.08.05;Campinas;SP;amiris.glaser68@uol.com.br;(62) 99550-1364;Bronze
HSP-732351;Amine Meier Gruber;914.631.245-54;F;23/01/1965;Salvador;BA;aminegruber59@outlook.com;(81) 98881-2078;Bronze
HSP-595127;Sidney Albino;494.474.848-59;M;30/09/1965;Curitiba;PR;sidney_albino@yahoo.com.br;(81) 99240-6085;Bronze
HSP-646523;Auditina Calvani;071.339.143-01;F;01/12/1996;Rio de Janeiro;RJ;auditinacalvani52@outlook.com;19964723167;Bronze
HSP-987784;Erivan Ehrlich Campi;067.730.978-35;M;27.04.50;Porto Alegre;RS;erivan.campi79@uol.com.br;41970457559;Diamante
HSP-580669;Marli Kubota;828.918.350-00;F;24.06.88;Porto Alegre;RS;MARLI_KUBOTA65@OUTLOOK.COM;(62) 98615-6273;Prata
HSP-362193;Gabriela Cavalcanti Jung;621.762.724-80;F;01.11.96;Goiânia;GO;gabriela.jung@gmail.com;(51) 97102-6940;bronze
HSP-420232;Cirlette Capelli;845.545.012-64;F;15/06/1953;Recife;PE;cirlettecapelli10@uol.com.br;(62) 98650-9237;Bronze
HSP-998255;Juliene Astori;309.222.024-27;F;06/01/1996;Campinas;SP;juliene.astori@yahoo.com.br;19997508187;Bronze
HSP-174096;Severino Arrighi Amero;977.354.962-30;M;04/12/1957;Rio de Janeiro;RJ;severino_amero@uol.com.br;(61) 98421-1298;Prata
HSP-901261;Jailson Battistini;466.937.067-70;M;08/09/1977;Porto Alegre;RS;jailsonbattistini56@outlook.com;(51) 96093-4449;Bronze
HSP-628974;Ary Xavier Accorsi;055.532.168-18;M;12/11/2000;Campinas;SP;ary_accorsi@outlook.com;(61) 96003-3525;Prata
HSP-870195;Liara Hausmann Almeida;993.928.866-24;F;08-08-1960;Porto Alegre;RS;liaraalmeida@gmail.com;(21) 96127-7552;Prata
HSP-012912;Rita Gasser Cavallini;163.707.274-07;F;15.12.89;Curitiba;PR;ritacavallini4@gmail.com;61962164001;Prata
HSP-945802;PATRÍCIA ANJINHO ARCHANJO;591.590.542-04;F;29/06/1953;Belo Horizonte;MG;patricia_archanjo@yahoo.com.br;(62) 97157-1721;Bronze
HSP-689545;Eleonice Abrunhosa Elias;515.699.229-34;F;10/12/2006;Curitiba;PR;eleonice.elias@hotmail.com;16985881554;Bronze
HSP-344206;Rosenaldo Alvelos Cattaneo;947.914.159-06;M;10/04/2006;Ribeirão Preto;SP;rosenaldo.cattaneo@uol.com.br;(51) 96567-8655;Prata
HSP-249774;Elionilde Casanova Dantas;563.716.436-30;F;09/05/1977;brasília;DF;elionilde.dantas@icloud.com;21963867632;Prata
HSP-153536;Leonie Neto Diesel;432.510.110-14;F;04/03/1963;Campinas;SP;leonie.diesel@uol.com.br;(62) 96831-2920;Bronze
HSP-070043;Kauana Sampaio Carboni;481.579.619-04;F;25/09/2002;Campinas;SP;kauana_carboni@hotmail.com;62962314049;Bronze
HSP-840970;Moisés Ehmke Ameixial;278.574.364-45;M;12/12/1983;Rio de Janeiro;RJ;moises.ameixial23@icloud.com;51987808566;Bronze
HSP-863469;Moisés Arcila Figueira;072.972.231-74;M;11/12/1978;Ribeirão Preto;SP;moisesfigueira@icloud.com;(16) 99999-1417; Ouro
HSP-722438; Ivanice Baldini;829.038.569-23;F;1980-05-13;Niterói;RJ;ivanicebaldini18@uol.com.br;(51) 97140-1031;Bronze
HSP-659962;Rolf Armani Lenz;479.044.751-03;M;05/09/1995;Londrina;PR;rolf_lenz63@icloud.com;(81) 96682-7566;Bronze
HSP-250606;Vito Ameixoeira;978.067.824-78;M;03/12/1995;Uberlândia;MG;vito_ameixoeira41@hotmail.com;(11) 98496-3415;Bronze
HSP-530735;osmar gusmão;322.327.234-88;M;24/05/1961;Rio de Janeiro;RJ;osmar_gusmao10@yahoo.com.br;(11) 98112-4510;Bronze
HSP-569161;Almir Anunciação Arden;284.661.999-93;M;13/03/1983;Recife;PE;almir_arden66@icloud.com;(21) 99137-9339;Bronze
HSP-296761;Therezinha Franco;455.447.227-22;F;22/10/1949;Belo Horizonte;MG;therezinha.franco@outlook.com;(62) 99719-9067;Bronze
HSP-682228;Alípia Xavier;508.374.320-57;F;18/09/1976;Ribeirão Preto;SP;alipia.xavier@gmail.com;(62) 97009-1032;Bronze
HSP-435544;Elionara Mayer;157.333.538-05;F;03/04/1973;Londrina;PR;elionara.mayer@uol.com.br;11967555041;Ouro
HSP-764791;Vitória Engel;812.079.624-14;F;17.03.54;Brasília;DF;VITORIAENGEL74@UOL.COM.BR;(61) 96648-3619;Bronze
HSP-142910;Soraia Kato;011.755.567-34;F;25/03/1969;Porto Alegre;RS;soraia_kato@yahoo.com.br;(41) 97508-2833;Bronze
HSP-775079;Weverson Bergmann Cipolla;677.880.302-95;M;31/03/1953;Curitiba;PR;weverson_cipolla@uol.com.br;(31) 96897-1031;Bronze
HSP-849777;Malico Bertolazi;039.303.803-31;M;07.09.96;Curitiba;PR;malico_bertolazi14@hotmail.com;(16) 99013-4605;Bronze
HSP-728697;Jorge Annecy Heckmann;198.759.973-07;M;2004-12-03;Uberlândia;MG;jorge.heckmann@icloud.com;(81) 96545-8880;Bronze
HSP-838001;yuri altino;467.863.038-46;M;02/12/1955;Belo Horizonte;MG;yuri.altino@uol.com.br;(21) 99740-5217;Ouro
HSP-697882;Elizabete Okamoto;491.185.101-59;F;07-06-1973;Ribeirão Preto;SP;elizabete_okamoto22@yahoo.com.br;(31) 97322-6476;Bronze
HSP-515121;Aguinara Dantas;727.521.527-60;F;05/05/2003;Goiânia;GO;aguinaradantas@icloud.com;(31) 96988-2131;Bronze
HSP-385443;Arnaldo Cervantes;972.777.198-08;M;14/11/1972;Campinas;SP;arnaldocervantes4@outlook.com;41988775934;Bronze
HSP-672654;Aumira Mentz Cella;987.164.629-12;F;16/01/2002;Uberlândia;MG;aumira.cella@yahoo.com.br;(16) 99079-4162;Bronze
HSP-900084;Paula Borsari Arafat;318.263.741-08;F;24/09/1958;São Paulo;SP;paulaarafat@icloud.com;11968514005;Bronze
HSP-161486;Duílio Alegria;545.447.278-63;M;26/06/1951;Campinas;SP;duilio_alegria@hotmail.com;51971578175;Bronze
HSP-547710;Araci  Diehl Moreira;613.769.823-82;F;07/05/1972;Brasília;DF;araci_moreira@uol.com.br;(31) 97299-4347;Ouro
HSP-619101;Lidemir Alheiro Masuda;635.815.671-30;M;25/11/2004;Recife;PE;lidemir.masuda50@hotmail.com;31989056318;Prata
HSP-195226;Robevaldo Andreis;828.401.252-93;M;22/11/1969;Porto Alegre;RS;robevaldo.andreis32@hotmail.com;(11) 98304-2139;Bronze
HSP-934965;Jaci Guerra Sacramento;031.729.409-18;M;25/04/1964;Curitiba;PR;jacisacramento61@outlook.com;(21) 96872-8976;bronze
HSP-715358;Isis Cagnotti Amavizca;184.519.208-70;F;26/04/1980;Campinas;SP;isisamavizca@uol.com.br;(19) 97434-5091;Bronze
HSP-573852;Clara Calvani Azevedo;401.075.287-46;F;05/05/1971;Porto Alegre;RS;claraazevedo@uol.com.br;(81) 97940-3696;Prata
HSP-932711;Florisvaldo Ardissone Ehlers;272.544.955-39;M;16/12/1995;São Paulo;SP;florisvaldoehlers88@gmail.com;16983616196;Ouro
HSP-236559;Ermínio Lüdtke Hasegawa;516.380.662-99;M;09/03/1994;Salvador;BA;erminio_hasegawa@uol.com.br;(51) 96053-1630;Bronze
HSP-420326;adalina muniz vargas;544.029.195-41;F;08/07/1997;Recife;PE;adalina_vargas86@outlook.com;(62) 97150-5927;Bronze
HSP-870182;Balbino Zeferino Loureiro;511.748.636-68;M;03.06.87;Goiânia;GO;balbinoloureiro70@icloud.com;(11) 97434-9829;Bronze
HSP-261314;Amabilis Fujii;610.845.631-00;F;1983-12-05;São Paulo;SP;amabilis_fujii@uol.com.br;(19) 96425-3941;Bronze
HSP-633814;Balbina Amancio;978.816.680-67;F;25/11/1952;Goiania;GO;balbinaamancio@gmail.com;21983529997;Bronze
HSP-069724;Angelines Bergmann Sasaki;770.608.558-90;F;20/04/1991;Belo Horizonte;MG;angelinessasaki@hotmail.com;(51) 98213-7115;Prata
HSP-739084;Anete Bianconi Travassos;277.015.626-80;F;31-08-1965;NITERÓI;RJ;anete_travassos@uol.com.br;81982022331;Bronze
HSP-103384;Marcelino Yamamoto;460.664.932-13;M;08/10/1954;Uberlândia;MG;marcelino.yamamoto@outlook.com;(62) 96862-9441;Bronze
HSP-563235;Vilmar  Arder;282.066.653-15;M;17/11/1983;Campinas;SP;vilmar_arder@yahoo.com.br;(21) 96143-1348;Bronze
HSP-214405;José Assunção Silva;886.449.916-47;M;02/10/2005;São Paulo;SP;jose.silva@icloud.com;(16) 99187-7782;Bronze
HSP-910018;Juliana Araujo;153.537.592-22;F;16/01/1981;Uberlândia;MG;juliana_araujo76@yahoo.com.br;19990527461;Diamante  
HSP-715167;Nerian Cesare;701.774.460-80;M;20/02/1953;Rio de Janeiro;RJ;neriancesare72@yahoo.com.br;(51) 98353-2918;Bronze
HSP-012136;Audineuda Saito;497.621.741-86;F;15/05/1989;Goiânia;GO;audineudasaito97@icloud.com;41978536708;Bronze
HSP-743659;Aureo Hilbert;397.327.860-19;M;02/03/1957;Curitiba;PR;aureo.hilbert@outlook.com;(81) 99845-7768;Diamante
HSP-006882;Lenivaldo Grüber Ardiles;995.253.595-30;M;01/01/2006;Ribeirão Preto;SP;lenivaldo.ardiles@gmail.com;81975876976;bronze
HSP-893652;Karla Kaneko Diniz;210.203.887-49;F;27/07/1951;Porto Alegre;RS;karla.diniz@gmail.com;(41) 99429-8037;Bronze
HSP-802563;Arcanjo Tavares;100.848.654-07;M;07/08/1998;Rio de Janeiro;RJ;arcanjo.tavares43@icloud.com;(19) 99854-9474;Bronze
HSP-968200;Jaqueline Taveira;567.392.936-60;F;24/07/2002;Recife;PE;jaquelinetaveira@yahoo.com.br;11994127224;bronze
HSP-357779;Welma Ardao Marusho;951.752.047-69;F;12/12/1985;Rio de Janeiro;RJ;welma_marusho40@uol.com.br;(41) 98857-1119;Ouro
HSP-321835;Amábile Ogawa;262.250.634-12;F;01-04-1992;Belo Horizonte;MG;amabileogawa31@icloud.com;(31) 99667-4799;BRONZE
HSP-370579;Igor Kruse Bussolini;418.520.397-79;M;14/03/1964;Brasília;DF;igor.bussolini@gmail.com;11971315430;OURO
HSP-505822;VALÉRIO HANAUER;960.087.684-34;M;2003-08-19;Uberlândia;MG;valeriohanauer@outlook.com;(61) 98135-5967;Bronze
HSP-543472;Leonel Agostinho Nishimura;292.775.019-01;M;04/07/1972;Salvador;BA;leonel.nishimura47@hotmail.com;(19) 99378-8229;Bronze
HSP-036815;Luciane Murta Alberti;149.871.420-07;F;25/12/1991;Uberlândia;MG;lucianealberti@hotmail.com;(61) 97869-9171;Bronze
HSP-055721;Mabeline Gusmão;317.553.373-61;F;08/10/1984;Rio de Janeiro;RJ;mabelinegusmao62@yahoo.com.br;(19) 96891-2022;Prata
HSP-843963;Audinara Grüber Albino;991.589.730-87;F;11/10/1966;RIO DE JANEIRO;RJ;audinaraalbino63@uol.com.br;(61) 98160-2685;Bronze
HSP-957441;Valentina Arcot Diehl;075.056.115-77;F;16/02/1996;Ribeirão Preto;SP;valentina_diehl@gmail.com;11980225899;Bronze
HSP-805600;Manoaldo Kohlmann Arantes;872.970.126-02;M;26-04-1973;Niterói;RJ;manoaldoarantes15@outlook.com;(19) 96690-5273;Diamante
HSP-747463;Tiago Moraes Held;352.682.194-13;M;21/04/2001;Ribeirão Preto;SP;tiagoheld@uol.com.br;(11) 98836-3146;Bronze
HSP-719381;Natan Esteves Gonçalves;230.348.990-33;M;1964-12-31;Niterói;RJ;natan_goncalves@outlook.com;(41) 99975-2337;Bronze
HSP-292875;Ivone Rezende;670.198.783-42;F;31/10/1948;Ribeirão Preto;SP;ivone_rezende41@outlook.com;51974814105;Bronze
HSP-390951;Lisandro Benvenuti;135.054.076-58;M;05/03/1994;Campinas;SP;lisandro_benvenuti@yahoo.com.br;21986617301;Bronze
HSP-123926;Vicente Andreis Kroener;807.207.845-30;M;01/08/1997;Goiânia;GO;vicentekroener@outlook.com;(61) 98194-5936;Bronze
HSP-961507;Nilson Sena;725.279.344-39;M;19/02/1964;salvador;BA;nilson_sena@gmail.com;81961567645;Bronze
HSP-891472;Elionarda Arcosi Paula;710.842.575-05;F;24.10.06;Campinas;SP;elionarda_paula30@yahoo.com.br;41973824452;Bronze
HSP-598679;Kamille Lisboa Diesel;225.350.227-88;F;19.11.69;Goiânia;GO;kamille_diesel51@icloud.com;(81) 96030-4153;Diamante
HSP-838877;Joevaldo Makino Franco;222.120.040-36;M;24.09.64;Belo Horizonte;MG;joevaldofranco85@outlook.com;(31) 99954-1773;Bronze
HSP-537287;Vilson Amerino Kubota;215.638.366-96;M;06/08/1988;Ribeirão Preto;SP;vilson_kubota@icloud.com;(41) 97667-6551;Prata
HSP-463687;Mabeline Archela Lacerda;445.532.967-64;F;29.09.55;Recife;PE;mabeline_lacerda41@uol.com.br;(51) 99570-3558;Bronze
HSP-194227;Dalton Ardeal Amércio;091.154.168-36;M;03/03/1972;Goiânia;GO;dalton.amercio60@yahoo.com.br;(11) 99097-6836;Bronze
HSP-894693;Tamara  Gama Lacerda;126.749.075-68;F;1984-02-15;Ribeirão Preto;SP;tamara.lacerda26@uol.com.br;(41) 97067-6991;Bronze
HSP-381617;Mirtes Battaglini Benini;309.476.059-75;F;17.08.53;Curitiba;PR;mirtes_benini@icloud.com;61987448090;Ouro
HSP-292345;Magno Amiral Amerus;693.892.529-11;M;28/11/1987;Ribeirão Preto;SP;magno.amerus@icloud.com;(81) 96916-8756;Bronze
HSP-090776;Ezio Ardenna Ardina;867.447.868-90;M;03/07/1952;Rio de Janeiro;RJ;ezio_ardina1@yahoo.com.br;(21) 98178-2419;Bronze
HSP-693696;Severino Burri Bui;870.153.987-61;M;23/03/1997;Niterói;RJ;severino_bui@gmail.com;(61) 99078-5454;Bronze
HSP-576537;Nadim Antonelli;174.261.422-13;M;15/12/1954;Uberlândia;MG;nadim_antonelli38@outlook.com;(21) 96687-3726;Bronze
HSP-017362;Eloisy Arcoverde Belotti;189.100.492-19;F;23/03/1966;Ribeirão Preto;SP;eloisy_belotti@gmail.com;31982206878;Prata
HSP-417260;Tamires Anjinho Antenor;108.667.042-64;F;12/02/1950;Londrina;PR;tamiresantenor@icloud.com;(16) 98452-1302;Prata
HSP-275238;Edevaldo Takeda Peixoto;488.769.186-63;M;1972-10-04;Niterói;RJ;edevaldo_peixoto@uol.com.br;51963103879;Bronze
HSP-066703;Jonas Cattaneo;723.526.436-51;M;15/06/1973;Recife;PE;jonas.cattaneo67@uol.com.br;16962366248;Bronze
HSP-433408;Elenita Sena Archimedes;964.614.699-66;F;1982-05-16;Goiânia;GO;elenita_archimedes@uol.com.br;(61) 97658-1723;BRONZE
HSP-475373;Nerino Adorno Frank;753.930.361-16;M;26/05/1970;Goiânia;GO;nerinofrank@hotmail.com;(31) 97548-1353;Bronze
HSP-787219;Leodilson Klein Freire;368.378.037-19;M;19/03/1974;Ribeirão Preto;SP;leodilson.freire@uol.com.br;19973189817; Bronze
HSP-083333;Hiroshi Kopf Gouveia;636.381.392-12;M;1994-05-11;Londrina;PR;hiroshigouveia@hotmail.com;(41) 99526-1952;diamante
HSP-595893;Rosângela Rezende;879.370.123-31;F;1963-05-13;Belo Horizonte;MG;rosangela.rezende58@icloud.com;81993254567;Bronze
HSP-118668;Maila Glock Arafat;133.704.574-82;F;05/04/2000;São Paulo;SP;mailaarafat71@outlook.com;(11) 99784-8741;Bronze
HSP-118443;Lorena Abreu Alencar;382.683.138-11;F;28-04-1953;Belo Horizonte;MG;lorena.alencar@icloud.com;(41) 99848-5091;Bronze
HSP-070446;zeferino saito antonioli;561.581.811-53;M;19/03/1971;Londrina;PR;zeferino.antonioli@uol.com.br;(81) 97181-3476; Prata
HSP-457875;Lindomar Assis;932.010.898-69;M;06/11/1951;Londrina;PR;lindomarassis1@yahoo.com.br;(31) 96940-3423;Bronze
HSP-083155;Irineo Mentz Alifonso;444.253.742-90;M;27/05/2004;Belo Horizonte;MG;irineo_alifonso@outlook.com;(21) 99307-9125;Bronze
HSP-216100;Joliane Sasaki Abrunhosa;719.104.397-03;F;30/07/1993;São Paulo;SP;jolianeabrunhosa@hotmail.com;(41) 99970-6083;Ouro
HSP-063197;Wagner Reis Becker;684.418.776-96;M;09/04/1976;Rio de Janeiro;RJ;wagnerbecker@uol.com.br;19963588684;Ouro
HSP-183747;Mileny Meller Alberti;810.141.008-28;F;04-02-1970;Recife;PE;milenyalberti@outlook.com;81986023932;Bronze
HSP-418831;Théo Gasser Castro;880.049.605-96;M;23.07.64;Campinas;SP;theo_castro@gmail.com;61994531705;Bronze
HSP-499102;Naime Anzolin Fischer;308.788.752-80;F;11/09/1999;Ribeirão Preto;SP;naime_fischer22@icloud.com;(62) 99574-5166;Prata
HSP-368602;Fátima Bianchini;700.233.582-03;F;13/04/1990;ribeirão preto;SP;fatima.bianchini4@yahoo.com.br;31979186082;Bronze
HSP-253000;Melchior Castilho Albergaria;354.349.189-08;M;21/11/1959;Niterói;RJ;MELCHIOR.ALBERGARIA@OUTLOOK.COM;(61) 97853-5691;Prata  
HSP-209069;Maíara Bignami Angiolini;581.815.853-56;F;12/06/2002;Belo Horizonte;MG;maiara_angiolini56@hotmail.com;81966226909;Bronze
HSP-677412;Robervaldo Carta Arcanjo;293.865.568-12;M;04/06/1956;Campinas;SP;robervaldo_arcanjo@gmail.com;(31) 99651-3240;Prata
HSP-779656;Ladislau Held;795.132.465-58;M;15/09/1958;Belo Horizonte;MG;ladislau.held@icloud.com;(61) 99598-2628;Bronze
HSP-127552;Claro Arcino;007.716.010-00;F;06-07-2003;Rio de Janeiro;RJ;claroarcino@icloud.com;(41) 99176-2798;Prata
HSP-132787;Aldenice Aranzales Amiral;531.752.861-51;F;21.04.89;Brasília;DF;aldenice.amiral@hotmail.com;(51) 96094-1770;Bronze
HSP-802001;Isidoro Antelmo Antoniolli;740.897.578-00;M;14/07/1977;Salvador;BA;isidoroantoniolli18@hotmail.com;(61) 96332-1623;Bronze
HSP-587232;Aníbal Abbate Franco;447.792.796-74;M;14/06/1980;Ribeirão Preto;SP;ANIBALFRANCO@ICLOUD.COM;41985293469;Bronze
HSP-478817;Ivanor Alencar Hauck;043.494.815-24;M;13-03-1949;Londrina;PR;ivanorhauck@uol.com.br;(31) 98828-7375;Prata
HSP-929606;Aracelis Benetton Bonetti;300.810.391-07;F;30/04/1963;Ribeirão Preto;SP;aracelis.bonetti39@gmail.com;(16) 97410-7122;Bronze
HSP-923729;Jeniffer Vale Braga;534.475.508-21;F;28/02/1970;Niterói;RJ;jeniffer.braga@uol.com.br;(31) 98163-9737;prata
HSP-086574;Quintino Bignami;271.463.554-70;M;06/12/1948;Salvador;BA;quintino.bignami@yahoo.com.br;(62) 99345-7784;Diamante
HSP-121106;Leudimar Zanini Bezerra;327.402.655-73;M;17/07/1992;Belo Horizonte;MG;leudimarbezerra24@outlook.com;(61) 98292-1824;Bronze
HSP-032503;Zito Brunelli Gusmão;143.882.737-75;M;16/12/1961;São Paulo;SP;zitogusmao@outlook.com;81961885246;Ouro
HSP-790282;Elmir Ambrogio;062.146.133-43;F;21/12/1949;Niterói;RJ;elmir_ambrogio25@icloud.com;(41) 97933-1963;Bronze
HSP-259183;Edevaldo Glock Chagas;718.074.922-22;M;17-05-1990;Brasília;DF;edevaldochagas@hotmail.com;(81) 99446-8025;Bronze
HSP-761079;laura ambiel;745.745.659-77;F;14/09/1974;Ribeirão Preto;SP;lauraambiel@hotmail.com;(61) 96072-8992;Bronze
HSP-482721;Silvia Sasaki;146.307.009-86;F;29/10/1986;Niterói;RJ;silvia_sasaki@gmail.com;(51) 96703-9835;Bronze
HSP-133922;Adjanira Boni;493.667.352-82;F;19/01/2003;Campinas;SP;adjanira.boni@uol.com.br;(41) 97220-1756;Prata
HSP-676296;Jandir Yamada Castellani;647.935.395-13;M;04/03/2007;Uberlândia;MG;jandir_castellani14@icloud.com;(61) 97192-3450;Bronze
HSP-661440;Iris Kato Anjos;619.166.732-95;F;11/03/1959;Goiânia;GO;iris.anjos95@icloud.com;(16) 98659-8337;Ouro
HSP-417389;Leonildes Tavares Cipollone;769.791.627-48;F;11-11-1963;Curitiba;PR;leonildes_cipollone35@hotmail.com;(81) 97676-1819;bronze
HSP-592277;Adriele Pinto;917.873.563-70;F;16/08/1954;Salvador;BA;adrielepinto14@uol.com.br;(16) 98269-2695;Bronze
HSP-436936;Jaqueline Arcoverde Antelmo;973.446.850-27;F;07/09/1964;Goiânia;GO;jaqueline.antelmo@yahoo.com.br;(81) 98770-5276;Bronze
HSP-398088;Taira Siqueira Anunciato;908.792.968-44;F;04/06/1949;Belo Horizonte;MG;taira_anunciato55@icloud.com;16978558007;Bronze
HSP-207432;Nerian Bianchi Heinrich;841.383.890-83;M;19/11/1964;Rio de Janeiro;RJ;nerian.heinrich41@hotmail.com;(62) 98644-3147;Prata
HSP-967549;Tadashi Martins Aboim;256.166.402-39;M;21/12/1949;Salvador;BA;tadashiaboim@hotmail.com;(62) 96107-3371;Bronze
HSP-494063;Noel Becker Cilento;666.265.704-20;M;15-09-1972;Niterói;RJ;noel.cilento@uol.com.br;(41) 96807-3876;Bronze
HSP-135475;Jonailton Nunes Arcie;577.427.359-89;M;20/11/1996;Recife;PE;jonailtonarcie@gmail.com;(16) 96105-6274;Bronze
HSP-128685;Dinamar Moraes;679.471.891-02;F;10.11.51;Uberlândia;MG;dinamarmoraes@uol.com.br;(11) 98007-4806;Bronze
HSP-449010;Luca Aguiar;364.238.223-10;M;1956-06-15;Salvador;BA;luca_aguiar19@gmail.com;81972732661;Bronze
HSP-618039;Anísio Ardila Kohlmann;094.113.965-42;M;08/09/1950;Rio de Janeiro;RJ;anisio_kohlmann43@icloud.com;(61) 96399-8285;Ouro
HSP-363861;Audinara Archanjo Amira;289.757.203-57;F;1969-08-31;Belo Horizonte;MG;audinaraamira@outlook.com;(41) 99502-1164;Bronze
HSP-995206;Efigênia Bonanomi Zanini;069.981.892-30;F;1962-08-13;Goiânia;GO;efigenia.zanini@yahoo.com.br;(21) 96245-5224;Prata
HSP-162568;Kira Matsuo;688.785.803-76;F;1948-07-30;Campinas;SP;kiramatsuo83@yahoo.com.br;(16) 98530-1609;Prata
HSP-758372;Simone Amende Abrunhosa;297.039.773-08;F;14/09/2000;Porto Alegre;RS;simone.abrunhosa@gmail.com;(11) 97035-2481;Bronze
HSP-766337;Tamires Sousa;423.200.865-95;F;09-01-1970;Ribeirão Preto;SP;tamiressousa@icloud.com;41998454656;Bronze
HSP-210842;Juliette Alvelos Tavares;757.325.141-63;F;18/12/1986;Recife;PE;juliette_tavares@gmail.com;(16) 99806-4111;Bronze
HSP-492463;Nilson Bertolini Queirós;174.035.300-55;M;15/05/1955;Campinas;SP;nilson_queiros@uol.com.br;(51) 96507-8355;Bronze
HSP-598227;Herberto Carli;630.150.892-00;M;06/06/1972;São Paulo;SP;herberto.carli@hotmail.com;(11) 98418-3484;Bronze
HSP-237294;Cícero Bacci;072.943.062-65;M;08/10/2004;Salvador;BA;cicerobacci@outlook.com;(61) 96505-3264;Bronze
HSP-535471;Francisca Merten Falchi;027.863.487-73;F;1994-06-03;Ribeirão Preto;SP;francisca_falchi@outlook.com;19997472566;Bronze
HSP-971108;Junio Kroener;531.615.667-69;M;26-03-1976;Recife;PE;juniokroener@outlook.com;(81) 97817-2713;Bronze
HSP-666501;Ary Gama;385.247.965-70;M;23-10-1995;Niterói;RJ;arygama@outlook.com;61961769212;Bronze
HSP-589660;Audinelma Amelinha Alheiro;904.398.788-37;F;16/08/1953;Porto Alegre;RS;audinelmaalheiro@uol.com.br;(81) 97182-9924;Bronze
HSP-759533;Andersa Kirst;521.989.902-37;F;28.05.94;São Paulo;SP;andersa.kirst@yahoo.com.br;16980424178;Prata
HSP-152974;Laionê Brandão Erdmann;052.979.253-20;M;18/09/2005;Belo Horizonte;MG;laioneerdmann91@hotmail.com;(16) 98408-2703;Bronze
HSP-557776;Jander Benetton Brunetti;416.274.221-96;M;1975-06-09;Rio de Janeiro;RJ;jander.brunetti@gmail.com;(21) 99049-6342;Prata
HSP-067606;Poliane Decker Ardeal;681.071.377-87;F;24/01/1976;Goiânia;GO;polianeardeal@icloud.com;(16) 96948-1242;Bronze
HSP-014006;Dolores Bergmann Arcon;404.401.217-28;F;08.03.72;UBERLÂNDIA;MG;DOLORESARCON55@ICLOUD.COM;41996866085;Bronze
HSP-806201;Rosalvo Carosi;686.677.564-74;M;18/10/1974;Porto Alegre;RS;rosalvo_carosi@uol.com.br;41975674966;Bronze
HSP-748188;Jorge Anísio;908.701.461-90;M;05/08/1960;Curitiba;PR;jorgeanisio@gmail.com;31979514742;Ouro
HSP-097230;Arnaldo Kinoshita Ameixial;823.243.969-63;M;07/10/1986;Uberlândia;MG;ARNALDO_AMEIXIAL@ICLOUD.COM;51999918336;Bronze
HSP-287110;Adilma Bruno;324.061.869-97;F;05/06/1993;Salvador;BA;adilmabruno3@outlook.com;(19) 98410-3449;Bronze
HSP-661084;Alfonsina Machado Hauck;913.438.125-26;F;10/01/1971;Londrina;PR;alfonsinahauck@hotmail.com;(61) 99541-7421;Bronze
HSP-070111;Breno Metz Carboni;656.261.604-26;M;29/05/1968;Salvador;BA;breno_carboni4@icloud.com;(11) 97796-3624;Prata
HSP-728645;Denise Jäger Chagas;747.669.377-91;F;27/06/1975;São Paulo;SP;denisechagas@hotmail.com;(51) 99161-3887;Bronze
HSP-154497;Nilza Alcantara Diehl;282.612.499-48;F;14/01/2001;Uberlândia;MG;NILZADIEHL@UOL.COM.BR;(81) 98458-5695;Bronze
HSP-183972;Narciso Portela Correia;086.732.586-00;M;14/01/1958;Brasília;DF;narcisocorreia@uol.com.br;(21) 96123-7200;Ouro
HSP-667754;Adilson Lobato Jäger;512.054.152-62;M;16/05/1972; Porto Alegre;RS;adilsonjager62@uol.com.br;(19) 99606-5905;Ouro
HSP-310761;Elinice Gama;270.653.813-90;F;1955-05-13;Brasília;DF;elinice_gama@outlook.com;(19) 98824-3254;Prata
HSP-193554;Emídio Bertolini Hartmann;859.524.050-70;M;03-06-2001;Ribeirão Preto;SP;emidio.hartmann41@gmail.com;(11) 99001-7539;Bronze
HSP-031259;Amiles Heise;815.883.225-30;F;10/06/1961;Goiânia;GO;amiles_heise15@gmail.com;(19) 98223-7397;Bronze
HSP-691806;Tainá Seabra;965.691.781-21;F;27.02.59;Niterói;RJ;taina_seabra@icloud.com;(62) 98861-4080;Bronze
HSP-293672;Carmelita Bastos Ebert;347.430.342-21;F;22/06/1957;Belo  Horizonte;MG;carmelita_ebert@yahoo.com.br;(62) 99060-5394;Bronze
HSP-936895;Amarine Medeiros Flores;640.578.766-42;F;26/12/1977;Uberlândia;MG;amarine.flores@icloud.com;21979299927;Bronze
HSP-402504;Odir Cavallini;727.301.996-83;M;20-02-1951;Londrina;PR;odircavallini@uol.com.br;(51) 97619-7110;Ouro
HSP-356515;Ezequiel Chierotti Heimann;844.380.684-28;M;19/05/1972;Ribeirão Preto;SP;ezequiel.heimann@outlook.com;16996486794;Prata
HSP-344996;Damira Amil;815.613.023-50;F;15/08/2001;NITERÓI;RJ;damira.amil@yahoo.com.br;(41) 98436-2479;Bronze
HSP-984563;Maina Cavalli Aralho;964.718.175-25;F;06/01/1989;Salvador;BA;maina.aralho75@yahoo.com.br;21985958228;Prata
HSP-982241;Eva Takahashi;091.626.969-80;F;26/11/1969;Porto Alegre;RS;EVA_TAKAHASHI@HOTMAIL.COM;(16) 99228-9262;BRONZE
HSP-915711;Tobias Zara;981.200.678-86;M;07/11/1988;Brasília;DF;tobiaszara@hotmail.com;(19) 97878-2975;Bronze
HSP-801859;Amisele Bessa Arconte;945.416.460-05;F;1965-06-18;Curitiba;PR;amisele_arconte@outlook.com;11960048070;Bronze
HSP-023654;Cilinha Amerus;592.222.006-32;F;19/07/1989;Porto Alegre;RS;cilinha_amerus@uol.com.br;(16) 98648-8401;Diamante
HSP-606099;Nailha Cipolla;068.721.704-09;F;09.05.95;Curitiba;PR;nailhacipolla@uol.com.br;16986291450;Diamante
HSP-941033;Helvio Jahn Paiva;365.998.016-17;M;2000-04-12;Campinas;SP;helviopaiva@uol.com.br;(21) 99406-4680;Prata
HSP-980300;Amiles Siqueira Trindade;130.509.639-80;F;09/10/1993;Uberlândia;MG;amilestrindade71@hotmail.com;(51) 98169-9963;bronze
HSP-163946;Arnaldo Alves Yoshida;434.441.756-98;M;1957-05-27;Uberlândia;MG;arnaldo_yoshida@gmail.com;(81) 97631-4044;Prata
HSP-609958;Vasco Boin;103.216.580-43;M;23.04.91;Recife;PE;vascoboin@yahoo.com.br;(16) 98779-1555;Prata
HSP-859003;Soraiane Garcia;816.729.193-63;F;19/05/1987;Recife;PE;soraiane.garcia5@gmail.com;62974972006;Bronze
HSP-438412;Margarida Bertolucci Franco;286.503.841-61;F;07-03-1958;Campinas;SP;margarida.franco87@uol.com.br;(61) 99297-4059;Diamante
HSP-280749;Osmar Anunciato Zara;159.222.097-52;M;02/03/1983;Londrina;PR;osmar_zara@outlook.com;(62) 97583-2079;Bronze
HSP-612877;Maneco Graf;245.605.182-38;M;27.03.77;Uberlândia;MG;maneco.graf@gmail.com;(62) 97695-2865;Bronze
HSP-125381;Elsiete Alvisio;420.570.365-10;F;21.07.97;Salvador;BA;elsietealvisio@uol.com.br;(31) 97294-8834;Prata
HSP-710245;Ibraim Alberti Kubota;981.172.137-88;M;28.10.48;Niterói;RJ;ibraim.kubota56@icloud.com;(21) 97568-9014;Bronze
HSP-012011;Onório Sasaki Abbate;083.083.209-29;M;15/11/1962;Niterói;RJ;onorio.abbate29@icloud.com;21994294895;Prata
HSP-751080;Aldivina Brunelli Brandão;972.988.728-42;F;12-05-2001;Ribeirão Preto;SP;aldivina_brandao@gmail.com;41997451669;Bronze
HSP-505098;Jani Alarcão;796.427.709-03;F;14/09/1971;Salvador;BA;jani_alarcao@outlook.com;(31) 97528-5028;Bronze
HSP-176256;Plínio Ehrlich Busch;195.442.334-90;M;03/04/1987;Campinas;SP;PLINIO_BUSCH48@ICLOUD.COM;(62) 98672-9294;Bronze
HSP-661005;Aumira Gomes;748.531.599-40;F;30.05.60;Goiânia;GO;aumira_gomes51@icloud.com;11982908349;Bronze
HSP-259144;Ezio Abrunhosa Abade;353.247.811-00;M;07/11/1977;Salvador;BA;ezio.abade@icloud.com;(21) 99248-7997;Prata
HSP-294724;Frederico Almada Anísio;151.649.190-44;M;01/06/1964;Niterói;RJ;frederico_anisio35@outlook.com;(61) 96475-7172;Bronze
HSP-390861;Keziah Bonetti;484.252.467-76;F;08/04/2005;Londrina;PR;keziah.bonetti@gmail.com;(19) 98927-5856;Ouro
HSP-415527;Vanda Antipode Nunes;359.513.331-56;F;18/01/1960;Uberlândia;MG;vandanunes@icloud.com;(81) 97526-5397;Bronze
HSP-531657;Isaías Accorsi;777.204.397-08;M;02/04/1970;Curitiba;PR;isaias.accorsi@uol.com.br;(51) 96580-8624;Prata
HSP-237781;nerian arcila luca;403.476.964-57;M;02/03/1970;Porto Alegre;RS;nerianluca@outlook.com;(51) 96001-7845;Bronze
HSP-253289;Ivy Appolonio Bauer;011.872.139-93;F;31/12/1976;Rio de Janeiro;RJ;ivybauer@icloud.com;(11) 99769-3693;Bronze
HSP-486564;Anderson Lüdtke Arcini;018.619.136-72;M;16/11/1976;Ribeirão Preto;SP;ANDERSONARCINI8@ICLOUD.COM;(19) 98427-6449;Prata
HSP-069208;Libânio Prado Alcochel;884.974.163-41;M;30-08-1979;Niterói;RJ;libanio.alcochel68@outlook.com;(61) 97664-4662;Prata
HSP-218745;Cesário Arduchat Ferreira;211.828.913-81;M;09-01-1991;Niterói;RJ;cesario.ferreira@outlook.com;(21) 96083-3540;Bronze
HSP-048567;Carmem  Vieira Greiner;623.309.479-84;F;1960-10-09;Ribeirão Preto;SP;carmemgreiner@yahoo.com.br;(19) 99887-9441;Bronze
HSP-382562;Amedeane Calori;373.330.030-00;F;22/10/1949;Uberlândia;MG;amedeane_calori@yahoo.com.br;(19) 99326-3483;Bronze
HSP-899688;Antero Ximenes Hartmann;940.011.295-58;M;1949-08-07;Belo Horizonte;MG;antero.hartmann85@icloud.com;(62) 96418-9771;Bronze
HSP-442002;Soraia Cavalcante Bergmann;373.751.435-60;F;17/04/1976;Brasília;DF;soraia.bergmann@outlook.com;(51) 97753-3709;Prata
HSP-304795;Josias Ambrosio Bauer;912.619.358-29;M;20/03/1971;Salvador;BA;josias.bauer@outlook.com;(21) 98228-7075;Prata
HSP-830252;Iolanda Diesel;495.697.755-72;F;12/03/1953;Goiânia;GO;iolanda_diesel@gmail.com;(31) 97007-5779;Bronze
HSP-680004;Nícolas Engelhardt;942.012.172-05;M;22/06/1991;Rio de Janeiro;RJ;nicolas.engelhardt39@hotmail.com;(51) 96712-4070;Bronze
HSP-653452;Joevaldo Cipolla;137.230.735-49;M;1999-12-01;Niterói;RJ;joevaldo_cipolla28@yahoo.com.br;(21) 98052-8284;Bronze
HSP-378393;Alípia Aboim Aldrovandi;535.599.515-26;F;15.05.54;Niterói;RJ;alipia_aldrovandi38@hotmail.com;(19) 99807-1885;Bronze
HSP-052774;Alcione Marusho Luz;414.425.096-27;F;27/05/1986;Curitiba;PR;alcioneluz64@outlook.com;(16) 98350-1798;Prata
HSP-823220;Elói Fernandes Amanta;529.653.704-12;M;2007-06-03;Goiânia;GO;eloi_amanta@uol.com.br;(11) 98491-6801;Bronze
HSP-052913;Joliana Drees;470.142.950-39;F;15/08/1975;São Paulo;SP;joliana.drees@yahoo.com.br;81970027239;Bronze
HSP-037568;Auro Salles;460.653.493-13;M;15/06/1996;Campinas;SP;auro.salles@yahoo.com.br;(19) 99734-4233;bronze
HSP-334170;Lorene Lange;554.362.331-39;F;05/09/2002;Brasília;DF;LORENELANGE@HOTMAIL.COM;(21) 98859-3548;Bronze
HSP-241795;Luca Lemos Guerra;077.898.196-74;M;10/11/2003;Ribeirão Preto;SP;lucaguerra@yahoo.com.br;(11) 98840-7820;Prata
HSP-894052;Claris Ardon Alarcão;812.724.901-73;F;28/07/1989; Curitiba;PR;claris_alarcao40@hotmail.com;(81) 96942-5577;Bronze
HSP-652588;Mabele Aragão Almeidal;258.015.358-61;F;02-08-1964;Curitiba;PR;mabele_almeidal@hotmail.com;(11) 96144-4350;Bronze
HSP-963593;Vilmar Serra;173.855.555-00;M;29-06-1997;São Paulo;SP;vilmar.serra81@uol.com.br;(21) 99381-8642;Prata
HSP-134478;Clara Sarmento Huber;110.800.264-10;F;22/11/1969;Uberlândia;MG;clarahuber42@icloud.com;(81) 97952-5237;Bronze
HSP-324790;Amiga Nonato Heimann;372.565.633-96;F;27.05.63;Rio de Janeiro;RJ;amiga_heimann33@hotmail.com;51982392215;Prata
HSP-190147;Sérgio Nunes;662.595.787-92;M;05/01/1985;Rio de Janeiro;RJ;sergio_nunes13@hotmail.com;62972729212;Prata
HSP-947919;Palmira Hirano;940.478.913-55;F;09-10-1991;Londrina;PR;palmira_hirano@yahoo.com.br;21985827841;Prata
HSP-501866;Leonilda Adorno Arciniega;279.414.550-99;F;02/09/1956;Londrina;PR;leonildaarciniega@hotmail.com;(41) 99653-1753;BRONZE
HSP-895742;Cíntia Aldrovandi;734.446.346-68;F;07/12/1982;Rio de Janeiro;RJ;cintia_aldrovandi@uol.com.br;19994876541;Ouro
HSP-938796;Alcino Ávila;159.588.123-94;M;14.03.01;são paulo;SP;ALCINO_AVILA@ICLOUD.COM;(62) 98157-7746;Bronze
HSP-191257;Ingrid Ardin Amezola;254.945.703-04;F;05/09/1986;Rio de Janeiro;RJ;ingrid.amezola@uol.com.br;21962292419;Bronze
HSP-152294;Lauro Yamaguchi Guimarães;745.451.733-14;M;13/05/1964;Niterói;RJ;lauro.guimaraes44@icloud.com;(51) 99444-9319;Bronze
HSP-703983;Amabilis Suzuki Amavizca;172.864.213-28;F;05.03.74;Campinas;SP;AMABILIS_AMAVIZCA15@YAHOO.COM.BR;(21) 97245-8925;Bronze
HSP-395733;Natan Lisboa Aranzales;418.054.008-86;M;11/01/1982;Uberlândia;MG;natan_aranzales@uol.com.br;11987225476;Bronze
HSP-658657;Roberto Archave Klement;659.131.187-40;M;28/11/1997;Londrina;PR;roberto.klement@icloud.com;(62) 97881-9508;Bronze
HSP-444346;Esmeraldo Calori Anunciação;866.788.516-92;M;16-09-1996;Ribeirão Preto;SP;esmeraldoanunciacao26@uol.com.br;(61) 96597-9452;Bronze
HSP-926693;Dinamar Cirelli Magalhães;985.118.811-58;F;05-04-1977;Campinas;SP;dinamar_magalhaes@yahoo.com.br;(62) 98006-4271;Bronze
HSP-128844;Elorisete Amilo;169.540.231-67;F;07-10-1978;Uberlândia;MG;elorisete.amilo@outlook.com;31988117307;PRATA
HSP-302868;Potiguar Furukawa Holzschuh;700.168.451-10;M;04/01/1952;Recife;PE;potiguarholzschuh94@outlook.com;(11) 96713-4623;Bronze
HSP-597382;Jeiara Grimaldi Amato;962.629.225-39;F;18-04-1989;São Paulo;SP;jeiaraamato@icloud.com;61968318244;Ouro
HSP-531441;Nilza Ferreira;066.754.905-67;F;13-10-1956;Londrina;PR;nilzaferreira@gmail.com;(41) 97871-6302;Bronze
HSP-750485;César Held Beserra;817.049.672-10;M;22/01/1962;São Paulo;SP;cesarbeserra58@icloud.com;(81) 99132-2381;Bronze
HSP-590740;Romano Nakamura;888.239.797-14;M;06/04/1952;londrina;PR;romano.nakamura@yahoo.com.br;(16) 96159-2132;Bronze
HSP-920915;Tamires Bauer;210.367.400-64;F;31/12/1991;Ribeirão Preto;SP;tamiresbauer94@outlook.com;(51) 96602-9141;Ouro
HSP-890719;Cauê Bassetti Figueira;148.830.545-51;M;1961-05-22;Londrina;PR;caue.figueira@uol.com.br;(31) 99786-9094;Bronze
HSP-909257;Antonella Americo Klein;467.482.232-70;F;05/06/1974;Goiânia;GO;antonellaklein@outlook.com;(31) 99345-6483;Bronze
HSP-238582;Bonifácio Casiraghi Kinoshita;066.124.501-26;M;18/12/1963;Campinas;SP;bonifacio.kinoshita@gmail.com;(21) 96642-5431;Bronze
HSP-037093;Magnaldo Couto;262.168.472-60;M;11/10/1970;Londrina;PR;magnaldocouto7@yahoo.com.br;(41) 96284-6111;Bronze
HSP-139267;Nathan Marcelino Castelli;864.296.172-46;M;11/04/1988;Curitiba;PR;nathan_castelli@yahoo.com.br;(31) 99292-9062;Prata
HSP-402122;Davi Amilde Anjinho;457.199.167-33;M;07.03.04;Salvador;BA;davi.anjinho19@icloud.com;(21) 97041-3368;Ouro
HSP-789685;Emerson Nunes Hashimoto;907.038.394-20;M;03/06/1957;Ribeirão Preto;SP;emerson.hashimoto@icloud.com;(41) 98978-5341;Bronze
HSP-651167;Aureliano Rezende Langer;164.004.895-25;M;01/11/1980;Ribeirão Preto;SP;aureliano.langer35@hotmail.com;(51) 99222-6959;Bronze
HSP-058193;Ascelina Kiefer Belotti;357.599.794-26;F;07/05/1964;Recife;PE;ascelinabelotti@yahoo.com.br;(16) 97458-7857;Bronze
HSP-989727;Hiroko Lisowski Abade;169.403.242-67;F;30.11.71;Brasília;DF;hiroko.abade90@outlook.com;(61) 96817-3224;Bronze
HSP-302536;Aniete Arcon Menezes;058.198.365-37;F;16/01/1980;Campinas;SP;aniete.menezes@yahoo.com.br;(81) 96234-6286;Bronze
HSP-247045;Landrio Ishii;410.807.509-91;M;20.10.75;Brasília;DF;landrio_ishii28@outlook.com;(51) 99698-7101;Bronze
HSP-817606;Solon Carpinetti Correia;595.031.215-58;M;30/12/1952;Rio de Janeiro;RJ;solon_correia@outlook.com;(81) 98515-7035;BRONZE
HSP-133830;Ary Arão;811.703.280-59;M;01/02/1968;Londrina;PR;aryarao89@outlook.com;41982004273;Bronze
HSP-586338;amélita canellas arcie;811.146.872-51;F;14/05/1965;Campinas;SP;AMELITA_ARCIE64@HOTMAIL.COM;(16) 96059-3834;Bronze
HSP-383659;Neomício Amerino;313.121.312-41;M;31/05/1984;Niterói;RJ;neomicio_amerino91@icloud.com;(19) 97554-7360;Bronze
HSP-902280;Josenildo Arrighi;601.461.205-07;M;03/09/1973;Londrina;PR;josenildoarrighi@outlook.com;(81) 98285-5610;Bronze
HSP-902126;DAMIELA BENETTON ARCHER;533.369.417-68;F;27/04/1969;Belo Horizonte;MG;damiela_archer4@icloud.com;(11) 97836-6731;Bronze
HSP-524798;Brigitte Paiva Fleck;612.358.790-03;F;07/02/1984;Porto Alegre;RS;brigitte_fleck27@gmail.com;(81) 96253-8884;Prata
HSP-373419;Marcondes Nascimento Yoshida;396.286.338-99;M;12/05/1979;GOIÂNIA;GO;marcondesyoshida@outlook.com;(16) 96094-2932;Prata
HSP-671651;Osmar Cervantes;728.288.156-17;M;04/05/1975;Belo Horizonte;MG;osmar_cervantes@yahoo.com.br;(11) 97203-1880;Bronze
HSP-402024;Maguinaldo Nishimura Cattaneo;299.244.235-69;M;19/03/1966;Curitiba;PR;maguinaldo.cattaneo@uol.com.br;(51) 96881-5059;Bronze
HSP-817211;Palmério Kaiser;478.745.456-05;M;03/07/1994;LONDRINA;PR;palmeriokaiser@gmail.com;(41) 98718-2995;Bronze
HSP-553581;Elonice Hack Antonelli;645.482.771-29;F;29/11/1964;Rio de Janeiro;RJ;eloniceantonelli@outlook.com;(81) 96330-2993;Bronze
HSP-645152;Emília Bertolucci Klinger;401.470.823-31;F;05/09/1979;Curitiba;PR;emilia.klinger@yahoo.com.br;21979323345;Bronze
HSP-227996;Elsie Menezes Nascimento  ;804.559.128-58;F;15/03/1961;Ribeirão Preto;SP;elsienascimento@gmail.com;(31) 96447-8821;Bronze
HSP-315743;miliele metzger held;023.712.506-43;F;13.12.86;Brasília;DF;milieleheld94@hotmail.com;11998004588;Bronze
HSP-649607;Ivana Bordonaro;624.524.055-74;F;23/02/1952;Uberlândia;MG;ivanabordonaro@hotmail.com;(41) 99361-6951;Bronze
HSP-973866;Marvaldo Arcila Aldeia;702.598.458-25;M;1961-02-01;Uberlândia;MG;marvaldo_aldeia@outlook.com;(31) 96646-1623;Bronze
HSP-166854;Arcelina Adão Kobayashi;353.706.323-75;F;02/09/1955;Rio de Janeiro;RJ;ARCELINA.KOBAYASHI10@YAHOO.COM.BR;(21) 98492-6797;Bronze
HSP-618186;Dinelza Amato Meireles;748.637.470-63;F;09/12/1973;Recife;PE;dinelza.meireles@hotmail.com;(19) 97610-4986;Bronze
HSP-586359;Tamires Guimarães Luz;053.188.658-10;F;23/04/1951;Brasília;DF;tamires_luz65@uol.com.br;16975983017;Bronze
HSP-220357;Magda Carnevali Lehmann;287.035.171-28;F;28/07/2006;São Paulo;SP;magdalehmann@icloud.com;(81) 97822-5227;Bronze
HSP-499094;Larissa Aramis;125.346.115-50;F;18/01/2003;Salvador;BA;larissa_aramis@hotmail.com;(51) 98578-1493;Bronze
HSP-302056;Klaus Zimmer Agostini;395.311.695-94;M;28/04/1997;São Paulo;SP;klausagostini@gmail.com;(61) 99292-3087;Ouro
HSP-507407;Sebastião Engelhardt Miranda;376.670.806-66;M;13/02/1958;Niterói;RJ;sebastiao.miranda@outlook.com;11989147877;Ouro
HSP-170602;Débora Campelo Boaventura;407.904.389-92;F;15/12/1986;Goiânia;GO;debora.boaventura13@yahoo.com.br;(41) 99025-3399;Bronze
HSP-127090;Clariste Greff;812.689.265-07;F;14/05/1975;Ribeirão Preto;SP;claristegreff@outlook.com;31979324929;Prata
HSP-099927;Tupã Acioli Amernes;847.093.195-45;M;01/12/1970;Porto Alegre;RS;TUPA_AMERNES@UOL.COM.BR;19973532699;Prata
HSP-766065;Adolfo Burini Bussolini;578.449.023-02;M;1949-05-08;Niterói;RJ;adolfo.bussolini@yahoo.com.br;(21) 99598-6072;Bronze
HSP-500024;Augoura Gonçalves Arder;910.818.981-19;F;04/02/1994;Ribeirão Preto;SP;augouraarder@hotmail.com;(16) 98162-1901;Prata
HSP-562728;FILIPE CAVALLINI;325.672.119-26;M;20/03/2007;Salvador;BA;filipecavallini@gmail.com;(21) 96031-5465;OURO
HSP-614334;Antonella Meireles Kohlmann;000.888.876-00;F;18/05/1960;Porto Alegre;RS;antonella_kohlmann@gmail.com;(51) 96982-8501;Bronze
HSP-397960;Nadir Zeferino;493.548.810-76;F;07/06/1974;Goiânia;GO;nadirzeferino@hotmail.com;(31) 97898-7818;Bronze
HSP-940018;Vitor Arão Melo;375.933.585-34;M;11/05/1967;Belo Horizonte;MG;vitor.melo@outlook.com;21985635843;Prata
HSP-842468;Rafaela Rocha Matsuo;881.188.210-99;F;15/10/1968;Curitiba;PR;RAFAELA_MATSUO@ICLOUD.COM;(11) 97327-6955;Bronze
HSP-901244;Jeiara Arcola Feitosa;967.325.496-69;F;16/12/1965;ribeirão preto;SP;jeiara_feitosa63@gmail.com;31982438693;Prata
HSP-311489;Iosvaldo Barbieri;629.668.273-51;M;15/12/2004;Goiânia;GO;iosvaldo_barbieri73@gmail.com;51966967504;Bronze
HSP-669455;Antonella Chiavegato Kannenberg;899.321.913-37;F;30/03/2007;Niterói;RJ;antonella.kannenberg@outlook.com;51965182555;Bronze
HSP-748724;Lorenita Bardini Cirelli;404.416.316-22;F;13/10/1959;Londrina;PR;lorenitacirelli@icloud.com;19991455715;Bronze
HSP-252847;Harley Castilho;120.660.580-41;M;15/09/1987;São Paulo;SP;harleycastilho@outlook.com;(19) 98430-1105;Prata
HSP-085411;Mairan Antonas Castro;075.308.772-32;M;03/11/1962;Ribeirão Preto;SP;mairan.castro@uol.com.br;(19) 99173-7414;Prata
HSP-679030;Aglaé Archetti Drissen;858.549.146-97;F;02/09/1960;Niterói;RJ;aglae_drissen64@uol.com.br;(31) 99928-2810;Bronze
HSP-101405;Rudolf Aramburu;837.201.648-88;M;15.10.78;Niterói;RJ;rudolfaramburu@outlook.com;(16) 96320-5037; Bronze
HSP-725000;Isidoro Emmel Amilaga;362.569.153-13;M;1955-01-09;Campinas;SP;isidoroamilaga@uol.com.br;(41) 96031-6629;Bronze
HSP-093004;Laudivino Portela Hofer;195.816.189-61;M;14-03-1982;Rio de Janeiro;RJ;laudivino.hofer@uol.com.br;(62) 97765-6312;Bronze
HSP-655589;Pietro Galvão Cirelli;743.612.514-10;M;15-12-2005;Porto Alegre;RS;pietro.cirelli@icloud.com;(19) 99584-2597;Prata
HSP-006628;Inácio Queiroz Engelhardt;873.006.032-03;M;28/02/1993;Niterói;RJ;inacioengelhardt@uol.com.br;61998798554;Bronze
HSP-960531;Satoshi Kinoshita Hausmann;725.940.376-48;M;15/12/1950;Brasília;DF;satoshi_hausmann@icloud.com;(21) 96791-4877;Prata
HSP-713287;Douglas Buscemi Eckhoff;228.514.136-00;M;14/07/1993;Porto Alegre;RS;douglaseckhoff45@outlook.com;(62) 99171-8064;Bronze
HSP-048620;Zeferino Ambrosi;372.367.908-00;M;08.05.88;Ribeirão Preto;SP;zeferino.ambrosi@gmail.com;(41) 99036-7069;Prata
HSP-505275;José Guerra;993.330.913-78;M;1998-03-12;Campinas;SP;joseguerra@uol.com.br;21985817926;Bronze
HSP-566511;Leonidas Alcantara;335.862.835-39;M;06/02/1957;Rio de Janeiro;RJ;leonidasalcantara@gmail.com;(61) 98223-9596;Bronze
HSP-455122;Elinor  Aquino Meier;235.986.484-05;F;05.04.04;Goiânia;GO;elinor.meier@uol.com.br;(31) 98811-8729;Bronze
HSP-979965;Jefferson Melo Sakamoto;801.476.898-13;M;28/07/1984;Porto Alegre;RS;JEFFERSON.SAKAMOTO@HOTMAIL.COM;(81) 99089-2765;Bronze
HSP-671022;Mabeline Gruber Albino;454.536.793-36;F;19/02/1970;Brasília;DF;mabelinealbino@yahoo.com.br;(41) 96892-5269;Bronze
HSP-049838;Isis Diniz Aguilar;446.658.490-72;F;13/03/2001;Ribeirão Preto;SP;isisaguilar@icloud.com;61979273013;Bronze
HSP-201683;Gelson Horn;960.658.552-27;M;27-11-1998;campinas;SP;gelson.horn@uol.com.br;(61) 96093-5929;Prata
HSP-826737;Adilza Barbosa Carli;817.457.576-60;F;20/05/1961;Goiânia;GO;adilzacarli@yahoo.com.br;(41) 99259-8104;Bronze
HSP-604967;Ian Antolini Ardissone;774.674.334-09;M;1986-07-07;Salvador;BA;ian.ardissone@icloud.com;16962196250;Bronze
HSP-289282;Carmelinda Fontes;172.749.631-04;F;11/08/1989;Londrina;PR;carmelindafontes@outlook.com;(41) 99051-5216;Ouro
HSP-353839;Jefferson Lemos Weiss;310.785.778-54;M;13/07/1996;São Paulo;SP;jeffersonweiss@yahoo.com.br;31999581524;Ouro
HSP-048112;Anunciada Vieira;401.881.497-67;F;23/08/1999;Londrina;PR;anunciadavieira@outlook.com;(21) 98251-2221;Bronze
HSP-775575;Toshio Ardeal;276.343.946-29;M;31/03/1998;Porto Alegre;RS;toshio.ardeal@icloud.com;(21) 98179-9661;Prata
HSP-982436;Milice Antoniazzi Ebling;727.479.319-51;F;12/02/1965;Curitiba;PR;miliceebling10@hotmail.com;41967787946;Bronze
HSP-327122;Elsiete Trindade;977.041.458-19;F;13/11/1997;Rio de Janeiro;RJ;elsietetrindade@gmail.com;(41) 97617-5423;Bronze
HSP-315479;Jorge Hausmann;840.042.109-41;M;29/07/2004;Recife;PE;jorgehausmann@icloud.com;(62) 98121-6468;Bronze
HSP-446342;Amiles Rodrigues Bastos;992.783.607-40;F;02/04/1956;Ribeirão Preto;SP;amilesbastos@gmail.com;(81) 97994-9741;Bronze
HSP-965817;Alexandre Ardissone Antigao;624.083.195-60;M;21/06/1986;Goiânia;GO;alexandreantigao91@yahoo.com.br;(51) 99175-7475;Bronze
HSP-781670;Angelines Ehmke Kühn;467.884.880-02;F;03/03/1990;Londrina;PR;angelines_kuhn@outlook.com;(16) 97174-3965;Bronze
HSP-272499;Anderson Ambiel;243.880.137-90;M;14/02/1994;Recife;PE;anderson.ambiel@uol.com.br;(31) 98193-5854;Bronze
HSP-263639;Moacir Aranzales Lenz;220.721.598-90;M;26/05/1963;Porto Alegre;RS;moacirlenz@outlook.com;(19) 96022-3905;Bronze
HSP-196288;Jordan Abade Ardenna;780.068.409-11;M;1986-10-17;São Paulo;SP;jordanardenna@hotmail.com;(81) 99362-4781;Bronze
HSP-178067;Audireth Azevedo Mende;224.491.306-67;F;14/11/1954;Ribeirão Preto;SP;audireth.mende48@outlook.com;(16) 96224-5577;Bronze
HSP-882089;Naelson Kremer;182.224.132-44;M;07/05/2007;Curitiba;PR;naelsonkremer@outlook.com;(11) 96319-1417;Prata
HSP-771561;agostinho anghetti;858.142.735-93;M;30/04/1993;Londrina;PR;agostinho.anghetti13@icloud.com;(51) 99201-2389;Ouro
HSP-583690;Dalva Chagas;978.428.143-09;F;09/12/1999;Uberlândia;MG;dalvachagas16@icloud.com;(81) 98652-5991;Bronze
HSP-426568;Maximo Arantes Ameixa;115.431.670-04;M;25/09/1999;Niterói;RJ;maximo.ameixa@gmail.com;11998465942;Bronze
HSP-960056;Wagner Calvani Arduchin;736.529.397-78;M;18-05-1973;Porto Alegre;RS;wagner.arduchin@icloud.com;31962106167;Bronze
HSP-849094;Cirlette Uchôa Nishimura;944.013.059-81;F;09/01/1999;Recife;PE;cirlette_nishimura26@hotmail.com;(31) 97267-8448;Bronze
HSP-454541;Takashi Antoniolli Soares;202.285.404-70;M;1957-08-13;brasília;DF;takashi.soares97@gmail.com;19995387392;Bronze
HSP-713556;Audinara Vasconcelos Coelho;060.459.827-03;F;08/10/1968;PORTO ALEGRE;RS;audinaracoelho61@gmail.com;61987188119;Prata
HSP-114532;Lucinara Grimaldi Carneiro;453.384.309-32;F;10/02/1964;Niterói;RJ;lucinaracarneiro77@yahoo.com.br;(62) 98088-4231;Bronze
HSP-560326;Gilberto Ximenes;034.405.856-54;M;11.01.03;Uberlândia;MG;gilberto_ximenes@outlook.com;(21) 98391-8713;Bronze
HSP-928796;Iracelma Arantes;492.095.455-75;F;30/06/1976;Uberlândia;MG;iracelma_arantes@gmail.com;(31) 99090-9622;Prata
HSP-895991;Julio Kobayashi;832.995.874-47;M;05/05/1956;Londrina;PR;julio.kobayashi@uol.com.br;(19) 99036-4597;Prata
HSP-573463;Aldair Ehlers Ardeal;416.388.281-21;M;04/06/2005;Porto Alegre;RS;aldair.ardeal@outlook.com;(81) 99108-3634;Bronze
HSP-583210;Elaine Esteves;655.636.300-64;F;19/04/1962;Campinas;SP;elaineesteves87@hotmail.com;41973091664;Bronze
HSP-393420;Ivens Cilloni Carvalho;673.592.839-30;M;11/01/1951;Salvador;BA;ivens_carvalho@outlook.com;(16) 99564-8491;Prata
HSP-889367;Jandaia Ardin;764.063.365-69;F;07/07/1996;Brasília;DF;jandaia_ardin@gmail.com;16964742380;Bronze
HSP-569254;Cesário Kroener Matsumoto;234.436.928-77;M;04/07/1972;Recife;PE;cesario_matsumoto54@hotmail.com;(62) 96844-9136;Prata
HSP-722700;Cleuza Arcioni Chiappetta;786.760.534-72;F;04/09/1962;Campinas;SP;cleuzachiappetta@gmail.com;(41) 97344-9972;Diamante
HSP-759061;Pietro Arduchat Hammes;464.876.085-99;M;11/09/1952;Curitiba;PR;pietro_hammes@outlook.com;(19) 99273-1420;Bronze
HSP-174106;Nerian Ardone  ;217.366.566-94;M;1982-02-10;Rio de Janeiro;RJ;nerian_ardone78@gmail.com;19997391725;Bronze
HSP-964749;Malvina Vogt Matsuo;766.571.640-76;F;16/11/1992;Uberlândia;MG;malvina.matsuo15@icloud.com;(31) 99349-4207;BRONZE
HSP-165045;Laris Bussotti Franke;261.481.099-13;F;07/04/1967;Londrina;PR;laris_franke@yahoo.com.br;(62) 99304-2163;Prata
HSP-221344;Salomão  Arconte Fernandes;533.085.198-01;M;20/05/2006;Salvador;BA;salomao.fernandes@yahoo.com.br;(11) 97627-7596;Bronze
HSP-700198;Custódio Amero Aranda;975.863.804-14;M;15.02.70;Porto Alegre;RS;custodio.aranda@outlook.com;(21) 99816-7368;Ouro
HSP-202235;Renoir Arconet Arcot;610.480.880-81;M;29/09/1998;Ribeirão Preto;SP;renoir_arcot@yahoo.com.br;51995609565;Bronze
HSP-724855;Stefania Burri Castilho;279.354.445-01;F;02/08/1980;Rio  de Janeiro;RJ;stefaniacastilho@uol.com.br;(11) 97400-8170;Prata
HSP-337774;Wellington Appolonio;824.566.363-84;M;1953-08-22;Londrina;PR;wellington.appolonio@hotmail.com;(62) 99754-2372;Bronze
HSP-892718;Tereza Archello Anunciato;568.369.570-89;F;01/01/1987;Brasília;DF;terezaanunciato@gmail.com;(21) 97348-1555;Ouro
HSP-117412;Aurelio Guerreiro;335.712.057-74;M;27-01-1969;Niterói;RJ;aurelio_guerreiro@gmail.com;(41) 98621-9762;Diamante
HSP-416509;Fernanda Afonso Alberti;564.531.076-43;F;30/08/1952;Goiânia;GO;fernandaalberti@gmail.com;(16) 96121-1245;Bronze
HSP-263872;Sandra Antelmo Meier;716.156.336-42;F;21/01/1980;Salvador;BA;sandra.meier@gmail.com;11990732290;Bronze
HSP-084422;Levi Silveira;081.690.350-66;M;1990-06-21;Rio de Janeiro;RJ;levi.silveira@outlook.com;(31) 96179-7559;Prata
HSP-722939;Jandir Araxá Fuchs;116.883.921-14;M;17/03/1960;Londrina;PR;jandir.fuchs@hotmail.com;(19) 98029-6671;Bronze
HSP-394931;Airla Riedel;300.737.038-85;F;25/10/1972;Curitiba;PR;airla_riedel@outlook.com;(19) 99477-5403;Bronze
HSP-834287;Jandir Freyer Fernandes;542.835.887-41;M;1961-01-07;Goiânia;GO;jandirfernandes13@gmail.com;(81) 97091-4824;Bronze
HSP-625501;Ivens Aragão Saito;608.075.393-68;M;15.07.54;Niterói;RJ;ivenssaito@uol.com.br;(62) 99566-6909;Bronze
HSP-105649;Damiela Gomes Freitas;489.433.805-00;F;21/11/1984;Niterói;RJ;damiela.freitas@yahoo.com.br;(41) 97031-8269;Bronze
HSP-685367;Orestes  Adão Melo;452.925.824-68;M;03/09/1967;Curitiba;PR;orestesmelo70@gmail.com;(62) 97835-5241;Bronze
HSP-507383;Kauana Castro;869.461.841-90;F;1962-01-19;Ribeirão Preto;SP;kauana_castro64@gmail.com;51964249175;Bronze
HSP-484122;Ataíde Guedes Cardoso;025.786.535-77;F;09/07/1971;Porto Alegre;RS;ataide_cardoso@yahoo.com.br;(19) 97885-4497;Ouro
HSP-161343;Débora  Pessoa;479.984.418-01;F;09/11/1998;Niterói;RJ;deborapessoa77@uol.com.br;(19) 98100-4333;Bronze
HSP-501213;Faustino Lenz Novais;602.339.804-90;M;05-09-1959;Uberlândia;MG;faustino_novais@hotmail.com;(31) 99784-9040;Prata
HSP-771159;Honório Ambrosi Konno;971.851.147-48;M;12/01/1959;Porto Alegre;RS;honorio_konno@gmail.com;(19) 96829-2905;BRONZE
HSP-717478;Lucinilda Alvelos;118.919.283-76;F;24/03/1954;São Paulo;SP;lucinildaalvelos@icloud.com;(51) 96150-3139;Bronze
HSP-357746;Naila Nogueira Uehara;354.085.842-32;F;09-05-1987;Goiânia;GO;naila.uehara98@outlook.com;(51) 99783-3935;Prata
HSP-374509;Allyne Miyazaki Franke;392.413.373-54;F;1967-01-10;Brasília;DF;allyne.franke@yahoo.com.br;51994381850;Bronze
HSP-509027;Erivan Cirelli Decker;359.919.215-47;M;01/02/1957;Curitiba;PR;erivan_decker@uol.com.br;19993465213;Prata
HSP-809184;Jasmim Amirau;019.062.465-56;F;24/05/2000;Brasília;DF;jasmim.amirau@gmail.com;(31) 99569-3480;Prata
HSP-478979;Amilena Burini;665.456.670-09;F;15/11/1987;Curitiba;PR;amilena.burini@gmail.com;16961922099;Bronze
HSP-255797;Marcondes Hansen Hirano;784.371.171-60;M;1975-10-25;Uberlândia;MG;marcondeshirano@uol.com.br;(61) 99496-7610;Bronze
HSP-589505;Enzo Ikeda Amernes;186.239.378-80;M;17/07/1962;Campinas;SP;enzo_amernes83@yahoo.com.br;21983556964;Bronze
HSP-000970;Aurenice Kohlmann Zanini;940.656.859-40;F;1997-12-26;Uberlândia;MG;aurenice.zanini@hotmail.com;(16) 99774-1067;Bronze
HSP-074227;Adriana Löffler Avanzini;837.623.147-21;F;16/02/2000;Recife;PE;adriana.avanzini@hotmail.com;(19) 98807-1294;Diamante
HSP-312199;Amilde Santoro Arcila;342.148.763-42;F;12/05/1971;Rio de Janeiro;RJ;amilde.arcila76@uol.com.br;(19) 96536-9229;Ouro
HSP-353307;Xavier Vieira Arrighi;826.374.788-02;M;01.10.54;Campinas;SP;xavierarrighi@hotmail.com;(51) 97356-3040;Bronze
HSP-141156;Jeanete Battaglini;392.754.138-94;F;18/07/1956;Belo Horizonte;MG;jeanete_battaglini41@outlook.com;(51) 96110-6496;Bronze
HSP-994804;Elinor Greiner Andreis;249.914.107-70;F;17-01-1981;Rio de Janeiro;RJ;elinor.andreis@uol.com.br;16981067892;Bronze
HSP-089734;Lena Ascenção Uchôa;427.537.373-12;F;02/08/2006;Brasília;DF;lena.uchoa@icloud.com;(81) 99579-6657;Prata
HSP-549119;Rolf Bussotti;514.369.200-86;M;06/12/1982;Curitiba;PR;rolfbussotti19@outlook.com;(62) 97530-4862;Prata
HSP-552974;Kelly Aragão;640.137.489-67;F;30/12/2005;Salvador;BA;kelly_aragao@uol.com.br;(31) 97754-4647;Bronze
HSP-075525;Naomi Loureiro Calvi;044.794.050-38;F;19/04/2001;brasília;DF;naomicalvi@outlook.com;21973655476;Bronze
HSP-694030;Siranildo Boschi;500.917.195-34;M;1969-11-05;Porto Alegre;RS;SIRANILDO.BOSCHI@UOL.COM.BR;(21) 97889-8912;bronze
HSP-729742;Aline Archanno Amilis;398.288.367-93;F;26.07.79;Goiânia;GO;aline.amilis59@outlook.com;(21) 99482-9981;Bronze
HSP-740654;Jordana Amezola;230.755.786-57;F;11/06/1963;Ribeirão Preto;SP;jordanaamezola41@uol.com.br;51964104220;Bronze
HSP-021441;Ian Archetti Astori;836.194.102-91;M;14.10.92;Rio de Janeiro;RJ;ianastori@icloud.com;(31) 98444-7607;Bronze
HSP-787870;Javier Rodrigues Ximenes;151.226.581-02;M;08/07/1979;Brasília;DF;javierximenes@yahoo.com.br;(31) 98382-4023;Bronze
HSP-510613;Dinamar Antoniazzi Lorenz;600.118.123-38;F;30/03/1970;Belo Horizonte;MG;dinamar.lorenz@uol.com.br;(62) 99843-2002;Bronze
HSP-677749;Jair Bittencourt;101.074.520-49;M;01.11.83;Rio de Janeiro;RJ;jairbittencourt7@gmail.com;81997622310;Diamante
HSP-086068;Robevaldo Kinoshita Gouveia;504.122.501-01;M;03/04/1962;Porto Alegre;RS;robevaldo.gouveia@uol.com.br;16991846431;Bronze
HSP-104545;Joinville Kiefer;493.719.104-70;M;13/10/2003;Salvador;BA;joinville_kiefer16@outlook.com;(19) 98884-9815;Bronze
HSP-329529;Inocêncio Krueger Assis;127.536.247-80;M;1956-09-23; São Paulo;SP;inocencioassis@icloud.com;(11) 97449-4001;Prata
HSP-078885;Rivaldo Ardon Busch;563.640.585-58;M;22/03/1977;Salvador;BA;rivaldobusch@gmail.com;(62) 97520-6738;Bronze
HSP-834899;Dinelise Shimizu;710.610.420-57;F;23/10/1967;São Paulo;SP;dinelise.shimizu27@icloud.com;61969587398;Bronze
HSP-504883;Jaci Ehmke;169.008.534-71;M;15/08/1965;Recife;PE;jaciehmke@outlook.com;(11) 99057-8188;Prata
HSP-252713;Janilda Cagnotti;639.519.813-00;F;01/02/1980;Curitiba;PR;janildacagnotti@hotmail.com;(41) 97144-5984;Diamante
HSP-149415;Djalma Zerbini Antelmo;961.600.131-06;M;20/02/1952;Londrina;PR;djalma.antelmo87@icloud.com;16980548288;Bronze
HSP-658180;Leodegar Ardissone Arantes;077.258.400-10;M;1966-02-17;Uberlândia;MG;leodegararantes@yahoo.com.br;(31) 98594-6425;Bronze
HSP-088459;Emanuel Kroener Horn;255.288.973-51;M;02/02/1972;Ribeirão Preto;SP;emanuel_horn@outlook.com;(11) 97810-1181;Bronze
HSP-469491;Evangelina Machado Viotti;797.309.053-39;F;07/09/1996;Curitiba;PR;evangelina.viotti@gmail.com;(81) 96656-6401;Prata
HSP-573107;Josemar Cattaneo Tanaka;447.156.503-63;M;30/04/1984;São Paulo;SP;josemar_tanaka95@icloud.com;(11) 96043-8933;Bronze
HSP-580077;Josilene Benini Alcantara;152.620.767-26;F;17/05/1968;Rio de Janeiro;RJ;josilenealcantara@yahoo.com.br;(61) 98782-8576;Bronze
HSP-008449;Jalmir Aragoni Suzuki;879.492.315-99;M;20/07/1974;Rio de Janeiro;RJ;jalmir.suzuki82@uol.com.br;(21) 99303-9085;Bronze
HSP-065174;Giovani Erdmann;176.588.188-95;M;16/05/1966;Niterói;RJ;giovani.erdmann@yahoo.com.br;(11) 97724-2109;Prata
HSP-832116;Aurenilde Gripp;826.408.344-79;F;19/07/2002;Porto Alegre;RS;aurenilde_gripp8@hotmail.com;62981376486;Prata
HSP-448363;Liana Azambuja Duarte;903.818.683-54;F;15.07.66;Goiânia;GO;liana.duarte60@icloud.com;(41) 98267-7435;Bronze
HSP-198554;Anniele Meyer;224.976.193-01;F;15/01/1998;São Paulo;SP;anniele_meyer@yahoo.com.br;16986367251;Bronze
HSP-542199;Edison Dantas;718.265.227-78;M;11/06/1951;São Paulo;SP;edison.dantas@yahoo.com.br;62970647704;Bronze
HSP-017900;Claudiane Lehmann Hartmann;749.736.456-13;F;23/01/1985;Goiânia;GO;claudiane_hartmann@hotmail.com;(21) 98878-3650;Bronze
HSP-038881;Lorenny Michel Manske;319.139.683-75;F;1980-07-09;RIBEIRÃO PRETO;SP;lorennymanske@gmail.com;(31) 99225-9219;Bronze
HSP-108090;Nabor Marchetti Takahashi;503.366.894-38;M;06-09-1991; Londrina;PR;nabortakahashi19@yahoo.com.br;(62) 96842-7985;Bronze
HSP-931999;Elisangela Cinelli Kuroda;549.684.727-30;F;30/04/1992;Belo Horizonte;MG;elisangelakuroda@outlook.com;(21) 99767-3851;Diamante
HSP-958236;Erivaldo Franco Takahashi;839.632.470-02;M;13/12/1972;Campinas;SP;erivaldo.takahashi75@icloud.com;(61) 99967-6279;Bronze
HSP-490553;Dinalva Taveira;824.239.977-87;F;29/03/2004;São Paulo;SP;dinalva_taveira@outlook.com;(41) 96520-9788;Bronze
HSP-605317;Nadim Amevo;482.464.118-70;M;15/12/1976;SALVADOR;BA;nadimamevo30@icloud.com;(51) 97643-8402;Bronze
HSP-522073;Paulo Figueiredo Lisowski;707.218.508-98;M;30/03/1988;Recife;PE;paulo.lisowski9@yahoo.com.br;(41) 97256-1753;Prata
HSP-967498;Anélia Cecchetti Arcanjo;001.755.049-11;F;13/03/1978;Goiânia;GO;aneliaarcanjo58@uol.com.br;(21) 97181-2533;Diamante
HSP-295515;César Moreira Prado;929.123.811-26;M;23/02/1975;Niterói;RJ;CESARPRADO@YAHOO.COM.BR;(51) 99649-1741;Bronze
HSP-572124;Iosvaldo Bertolasi Passos;035.672.944-31;M;30/09/1992;Brasília;DF;iosvaldo.passos62@hotmail.com;31966447943;Bronze
HSP-627137;Eliane Acosta;322.275.617-18;F;24/04/1985;Niterói;RJ;elianeacosta@outlook.com;62968776000;Diamante
HSP-688675;Valeska Yamada;192.424.129-37;F;28/03/2005;Belo Horizonte;MG;valeska_yamada@outlook.com;(81) 98016-7070;Bronze
HSP-724258;Ivan Albergaria Bertoni;929.367.785-73;M;18/09/2004;Rio de Janeiro;RJ;ivan.bertoni45@outlook.com;51991546106;Bronze
HSP-942151;Analícia Brun Novais;334.833.755-03;F;22/08/1953;Uberlândia;MG;analicianovais@icloud.com;41980179869;Prata
HSP-193219;Conceição Aquires;456.967.570-06;F;29/08/2000;belo horizonte;MG;conceicao_aquires@yahoo.com.br;21974812422;Bronze
HSP-167313;Waldir Bianconi;841.034.113-17;M;1972-01-12;Porto Alegre;RS;waldir_bianconi85@hotmail.com;(11) 99828-3098;Bronze
HSP-986707;Bento Saito;868.663.070-74;M;1959-01-22;Belo Horizonte;MG;bentosaito@yahoo.com.br;51982279845;Bronze
HSP-349567;Agripina Arcadio Albino;911.029.849-57;F;13/11/1966;Niterói;RJ;agripinaalbino25@outlook.com;(11) 99340-5011;Prata
HSP-687161;Dieter Ambrosi Macedo;130.653.323-61;M;25/08/1972;Recife;PE;dietermacedo@yahoo.com.br;(81) 96289-2601;Bronze
HSP-072762;Naomi Schaefer Franco;659.239.659-84;F;06/02/1977;Campinas;SP;naomi_franco@yahoo.com.br;(81) 96076-1848;Bronze
HSP-100575;Gabriel Saito Souza;391.349.731-50;M;14-09-1990;Belo Horizonte;MG;gabriel.souza@hotmail.com;(62) 98120-9666;Bronze
HSP-382581;Eugênio Arcieri;616.010.972-39;M;11-10-2006;Londrina;PR;eugenioarcieri@uol.com.br;81985854388;Bronze
HSP-030998;Elias Arcos;978.497.042-23;M;28/12/2003;Campinas;SP;eliasarcos57@icloud.com;16994137641;Bronze
HSP-632589;Valesca Drumond;422.365.327-09;F;26-12-2002;São Paulo;SP;valesca.drumond62@icloud.com;(31) 98636-6670;Bronze
HSP-949069;Floriano Reis Angiolini;483.174.936-28;M;1996-01-30;Belo Horizonte;MG;floriano.angiolini@gmail.com;(19) 96334-8147;Bronze
HSP-418332;Kimiko Ramos;363.917.013-00;F;1989-07-23;Salvador;BA;kimikoramos@uol.com.br;(21) 96024-3352;Prata
HSP-929893;Cléo Almada Loureiro;623.422.342-79;F;15/10/1988;Rio de Janeiro;RJ;cleo.loureiro@gmail.com;(11) 96498-5235;Prata
HSP-877407;Jani Ferreira;125.174.342-04;F;29-04-1973;Porto Alegre;RS;jani.ferreira40@hotmail.com;(81) 98197-9387;Bronze
HSP-443909;Marlon Brunetti;687.485.117-90;M;07/07/1998;Londrina;PR;marlon_brunetti@icloud.com;(19) 96469-3414;Bronze
HSP-753341;Elionira Heller Arcot;659.028.277-36;F;1978-04-06;Goiânia;GO;elioniraarcot79@outlook.com;(62) 96750-6440;Bronze
HSP-869014;Atília Hilbert Bosio;683.528.137-57;F;19/01/1981;Curitiba;PR;atilia.bosio@hotmail.com;(11) 99885-5714;Bronze
HSP-669881;Hermine Drees;779.830.020-17;F;17/07/2001;Rio de Janeiro;RJ;hermine.drees25@hotmail.com;(11) 99770-8959;Bronze
HSP-103125;kamila mendes;099.555.062-02;F;02-04-1999;Ribeirão Preto;SP;kamila_mendes16@gmail.com;(19) 96818-2160;Diamante
HSP-472916;Aneuza Amércio Guimarães;065.165.126-39;F;11.08.72;Brasília;DF;aneuza_guimaraes@outlook.com;(16) 99445-4226;Bronze
HSP-115485;Nathália Sousa Ardene;000.985.450-94;F;17-04-1980;Campinas;SP;nathalia_ardene@hotmail.com;(61) 98562-8779;Ouro
HSP-113261; Alcione Bacci Alegria;360.620.376-47;F;02/10/1948;Niterói;RJ;alcione.alegria5@icloud.com;(16) 96131-8301;Prata
HSP-008644;Shoiti Kirst;904.660.055-63;M;29/04/1959;Brasília;DF;shoitikirst@icloud.com;21983915563;Bronze
HSP-606156;Basílio Archane Arão;826.225.557-76;M;04/12/1948;Campinas;SP;basilio_arao@gmail.com;(81) 99734-5274;Ouro  
HSP-032206;MILENY ALMEIDAL;616.931.333-18;F;26/07/1952;Ribeirão Preto;SP;mileny_almeidal42@hotmail.com;62961275403;Bronze
HSP-235452;Raimundo Huber;152.868.159-28;M;17/08/1982;Curitiba;PR;raimundo.huber@yahoo.com.br;(51) 98668-1298;Bronze
HSP-689007;Genilda Burini Annecy;812.570.602-01;F;20.02.68;Campinas;SP;genildaannecy@icloud.com;31998943423;Bronze
HSP-043339;Joliele Meller Tavares;002.197.976-68;F;22/10/1964;Curitiba;PR;joliele_tavares@yahoo.com.br;(11) 98668-6083;Ouro
HSP-314145;Tainã Assunção;125.162.802-89;F;21/11/1976;Brasília;DF;taina_assuncao@outlook.com;(31) 99761-3492;Prata
HSP-314568;Eloisa Horn Anzolin;804.463.580-70;F;22/09/1960;Salvador;BA;eloisa.anzolin@icloud.com;(31) 99819-8375;Bronze
HSP-119693;Ubirajara Michels;884.193.626-62;M;04/08/1983;Campinas;SP;ubirajaramichels@icloud.com;41963714630;Bronze
HSP-056991;Larissara Lorenz Mendes;938.522.293-75;F;1961-07-25;Salvador;BA;larissara.mendes@outlook.com;(31) 99475-4682;BRONZE
HSP-668087;Humberto Diesel Goto;988.312.060-52;M;18/04/1955;Niterói;RJ;humberto_goto@uol.com.br;(61) 99571-6078;Bronze
HSP-015724;Lúcio Casagrande Glock;884.310.749-65;M;13/09/1949;Niterói;RJ;lucio.glock68@yahoo.com.br;(19) 99412-5605;Bronze
HSP-181548;Werner Rodrigues;698.329.240-57;M;12/01/1955;São Paulo;SP;werner.rodrigues23@uol.com.br;(11) 96359-7807;ouro
HSP-843674;Seiji Viana;218.890.665-91;M;12/02/1998;Goiânia;GO;seijiviana43@yahoo.com.br;(61) 99620-7068;Bronze
HSP-480014;Alexsandro Leite;539.954.316-82;M;17/01/1994;Uberlândia;MG;alexsandro.leite@uol.com.br;(19) 98418-9473;Bronze
HSP-555298;Alencar Vilela Ardenna;492.294.689-67;M;22/02/1997;Niterói;RJ;alencar_ardenna@gmail.com;(19) 99367-7735;Bronze
HSP-005084;Gil Heinrich Hashimoto;786.655.719-57;M;27/01/2003;São Paulo;SP;gil_hashimoto@outlook.com;(16) 96676-1701;Prata
HSP-434999;Armando Ardent;372.725.906-02;M;28/06/1958;Belo Horizonte;MG;armando.ardent89@hotmail.com;(21) 96640-2921;Bronze
HSP-916517;Aparecida Peixoto Ramos;486.131.103-98;F;26/10/1953;Recife;PE;aparecida_ramos@gmail.com;(16) 97905-2401;Bronze
HSP-785566;Yuri Travassos;638.453.546-74;M;1984-09-28;São Paulo;SP;yuritravassos@uol.com.br;19975733834;Bronze
HSP-217684;Théo Andreasi;081.518.077-25;M;14.09.67;Niterói;RJ;theoandreasi99@yahoo.com.br;(62) 96758-7725;Ouro
HSP-948089;Aristides Bergmann Klein;668.974.275-00;M;18/08/1975;Curitiba;PR;aristides_klein@outlook.com;(62) 98438-2028;Bronze
HSP-378522;Nairo Marinho Archetti;158.668.492-24;M;19/02/1971;Campinas;SP;nairo_archetti@outlook.com;(51) 97355-3772;Bronze
HSP-979718;Jonas Freitas Neto;943.971.501-41;M;09/08/2004;Belo Horizonte;MG;jonas.neto86@hotmail.com;(81) 97222-2902;Prata
HSP-083188;Tainã Yoshida;491.928.324-58;F;20/08/1954;Londrina;PR;tainayoshida@gmail.com;(21) 96024-7991;Bronze
HSP-048224;Giovanna Zanini Cinelli;877.629.746-28;F;10/10/2001;Recife;PE;giovanna_cinelli@gmail.com;(16) 96601-2932;Bronze
HSP-794770;Joselma Maia;846.428.734-81;F;11/12/1954;Ribeirão Preto;SP;joselma_maia@yahoo.com.br;(41) 98768-6984;Bronze
HSP-371543;Sueli Bittencourt;443.132.815-76;F;18/03/1988;Campinas;SP;sueli_bittencourt54@uol.com.br;(31) 96898-4859;Bronze
HSP-939424;Nathan Chierichetti Mäder;480.187.999-38;M;02/02/1961;SÃO PAULO;SP;nathan_mader63@uol.com.br;(11) 98214-5162;Bronze
HSP-071306;Djalma Sarmento Konno;361.320.406-17;M;01/01/1998;Salvador;BA;djalma.konno@hotmail.com;41975863816;Bronze
HSP-772493;Naimar Amirate Arcie;967.197.969-68;M;15/05/2000;Niterói;RJ;naimar_arcie@yahoo.com.br;(31) 97643-7220;Prata
HSP-163402;Dirce Assis Marchetti;212.712.151-10;F;22/07/1958;Uberlândia;MG;dircemarchetti@icloud.com;(11) 98485-7604;Ouro
HSP-489652;Takashi Flores;678.617.840-53;M;1969-01-14;Uberlândia;MG;takashi_flores45@icloud.com;(21) 96524-1283;Prata
HSP-841269;Eleonora Hermann;877.158.927-93;F;14/10/1964;Goiânia;GO;eleonorahermann@icloud.com;31988156856;Bronze
HSP-586259;Tomás Amirate Bomfim;421.511.261-37;M;17/08/2000;Recife;PE;tomas.bomfim@gmail.com;(31) 98160-3472;Bronze
HSP-677946;Eliodora Hermann Ardissone;732.642.667-84;F;13/05/1990;Porto Alegre;RS;eliodora_ardissone12@outlook.com;(31) 99359-4311;Bronze
HSP-620907;Soraiane Takahashi;627.664.784-50;F;22-06-1952;Ribeirão Preto;SP;SORAIANETAKAHASHI@ICLOUD.COM;(61) 97572-5111;Prata
HSP-377681;Waldemar Andrade;451.356.099-11;M;17/06/1971;Brasília;DF;WALDEMAR.ANDRADE34@UOL.COM.BR;(11) 97647-2175;Prata
HSP-696861;Romano Frank Aquino;237.505.432-67;M;1974-10-24;Niterói;RJ;romano.aquino@gmail.com;31979735490;Bronze
HSP-362437;Iara Cavalli;458.702.307-80;F;09/07/2002;Niterói;RJ;iaracavalli@gmail.com;(61) 97543-6009;Bronze
HSP-543176;Leandro Watanabe Brandt;741.550.757-68;M;25/01/1974;Campinas;SP;leandro_brandt74@yahoo.com.br;(41) 99545-3992;Bronze
HSP-128874;Boaventura Guerreiro Anjinho;451.916.002-23;M;24/08/1979;Brasília;DF;boaventuraanjinho55@icloud.com;61997227913; Ouro
HSP-389704;Liara Santoro Liebich;814.808.965-51;F;14/06/1995;Brasília;DF;liaraliebich@uol.com.br;(19) 96423-5895;Prata
HSP-682657;Lucinara Ardin;741.228.767-29;F;21-01-1997;Niterói;RJ;lucinara.ardin@outlook.com;(51) 99796-8770;Prata
HSP-262554;Laudivino Amiral Cinelli;835.571.427-01;M;20.10.01;Ribeirão Preto;SP;laudivino.cinelli@gmail.com;(81) 96340-3993;Bronze
HSP-236721;Jorge Ardiles Antonelli;666.206.856-09;M;16/06/1977;Niterói;RJ;jorge_antonelli@gmail.com;(81) 96014-3494;Ouro
HSP-760313;Arselina Silveira;155.427.714-08;F;03/08/2000;Niterói;RJ;arselina.silveira@outlook.com;(61) 96558-9543;Bronze
HSP-880696;Amilde Manske Alarcão;260.518.546-06;F;04/08/2005;Goiânia;GO;amilde_alarcao@hotmail.com;(16) 96595-2758;Bronze
HSP-259451;Hilton Baldini;554.859.975-54;M;1980-05-01;Campinas;SP;hilton.baldini@outlook.com;(16) 96155-1930;Ouro
HSP-298760;Amineh Alvelos;811.609.629-01;F;09/07/1981;Londrina;PR;aminehalvelos93@outlook.com;(19) 96374-4190;Prata
HSP-226517;Dalva Dantas Lima;096.986.007-28;F;11/11/2006;Uberlândia;MG;dalva_lima@outlook.com;(16) 99791-2527;Bronze
HSP-524887;Valeria Hornburg Neto;145.785.909-25;F;09/08/1990;Londrina;PR;valeria_neto93@uol.com.br;(11) 98402-6126;Bronze
HSP-384873;Kaio Vieira Bassetti;103.153.087-88;M;05/01/1996;Niterói;RJ;kaio.bassetti1@hotmail.com;(51) 97680-8930;Bronze
HSP-587420;Amisabel Arcila Liebich;091.072.996-48;F;17/12/1948;Goiânia;GO;amisabel_liebich37@uol.com.br;(61) 97438-2891;Bronze
HSP-970800;Maina Teixeira Artoni;357.058.334-15;F;18/04/1989;Curitiba;PR;mainaartoni@hotmail.com;16971649039;Bronze
HSP-269957;Oriana Baldini Kohlmann;693.411.525-26;F;06/04/1977;Goiânia;GO;oriana_kohlmann13@icloud.com;(19) 97448-1806;Bronze
HSP-307532;Arcelino Bertolucci;268.272.563-59;F;13/03/2005;Niterói;RJ;arcelinobertolucci8@uol.com.br;(31) 99651-3541;Ouro
HSP-374414;Angélica Fujii;421.152.192-60;F;26/11/1996;Salvador;BA;angelica_fujii@hotmail.com;(19) 96029-9114;Prata
HSP-320285;Shoiti Archela;886.359.412-09;M;28/03/1974;Recife;PE;shoiti.archela61@outlook.com;19991078361;Bronze
HSP-039145;Atília Abe;516.031.219-60;F;1963-08-07;Londrina;PR;atilia.abe17@icloud.com;(41) 98216-2291;Prata
HSP-712213;Aumira Rezende Bottaro;227.192.074-46;F;23-09-1964;Rio de Janeiro;RJ;aumira_bottaro14@outlook.com;(62) 97576-3680;Bronze
HSP-835777;Eloris Marinho;660.400.989-02;F;14/04/1962;Ribeirão Preto;SP;eloris.marinho@uol.com.br;(16) 96171-2085;Bronze
HSP-527947;Josiane Hausmann;400.054.312-12;F;21/09/1999;Londrina;PR;josiane.hausmann54@outlook.com;(81) 99966-4043;Diamante
HSP-763095;Juvenal Taveira Cipolla;347.649.952-98;M;11.11.79;Ribeirão Preto;SP;juvenalcipolla@hotmail.com;61968168748;Bronze
HSP-702271;PAMELA ZERBINI SARAIVA;546.260.553-62;F;13/08/1970;Ribeirão Preto;SP;pamelasaraiva@outlook.com;61982179194;Bronze
HSP-709462;Kauana Cavalcante Arconet;995.853.911-04;F;18/09/1956;Goiânia;GO;KAUANA.ARCONET7@UOL.COM.BR;41965932343;Bronze
HSP-197526;Everton Couto Arden;029.833.126-82;M;13/11/1969;Salvador;BA;everton_arden@hotmail.com;(62) 96391-1027;Bronze
HSP-500222;Fritz Arcadio Amernes;380.086.665-01;M;1948-11-19;Goiânia;GO;fritzamernes@gmail.com;(61) 99474-4421;Bronze
HSP-993752;Nemias Pinheiro;465.920.548-75;M;24/11/1985;Belo Horizonte;MG;nemiaspinheiro@gmail.com;(16) 99693-4479;Bronze
HSP-660444;Marivaldo Aragão Bittencourt;252.320.996-98;M;08.12.90;Brasília;DF;marivaldo_bittencourt18@outlook.com;11979941184;Bronze
HSP-249511;Ismael Martins;248.599.317-34;M;08/03/1958;Niterói;RJ;ismaelmartins@uol.com.br;(16) 98068-8920;Bronze
HSP-346496;Baltazar Greff;737.967.280-06;M;21/01/1959;Belo Horizonte;MG;baltazar.greff@gmail.com;(81) 99789-5110;Prata
HSP-941162;HILDA BOAVENTURA;970.834.062-60;F;07.03.90;Rio de Janeiro;RJ;hilda_boaventura48@icloud.com;(41) 97623-6118;Bronze
HSP-463725;Angélica Ameixial Fujii;368.089.880-05;F;20/07/1963;Uberlândia;MG;angelicafujii@hotmail.com;(11) 97797-7389;Ouro
HSP-931376;Aracelis Alzira Medeiros;125.525.003-82;F;19/08/1975;Salvador;BA;ARACELIS.MEDEIROS@ICLOUD.COM;(16) 99778-4283;Bronze
HSP-949928;Amine Ardovino;158.363.039-24;F;23.04.65;Rio de Janeiro;RJ;amine.ardovino@outlook.com;(62) 99009-8031;Prata
HSP-265237;Anaís Arcino;175.060.947-97;F;26-06-2005;Brasília;DF;anais.arcino@uol.com.br;(62) 96052-7386;Bronze
HSP-825420;Amira Azambuja;468.638.646-22;F;01/08/1996;Recife;PE;amira.azambuja96@yahoo.com.br;(62) 98826-2620;Prata
HSP-438985;Alwin Aragão Cafagna;239.162.704-19;M;11/07/1996;Recife;PE;alwincafagna83@gmail.com;(62) 99827-6949;Bronze
HSP-861450;Graziele Bonanomi;724.709.419-20;F;17/10/1959;Belo Horizonte;MG;graziele_bonanomi@hotmail.com;(11) 98000-5874;Prata
HSP-038699;Hermine Aragones;083.922.630-65;F;23/07/1950;São Paulo;SP;hermine.aragones65@hotmail.com;(16) 96271-7708;Bronze
HSP-163865;Katia Aranzales Carta;123.316.030-30;F;19-05-1971;Uberlândia;MG;katiacarta@uol.com.br;(31) 98780-7091;Prata
HSP-873998;Alda Aguiar Bittencourt;402.761.778-94;F;31/07/2005;Curitiba;PR;alda.bittencourt89@uol.com.br;(81) 97023-5020;Bronze
HSP-726765;Valentim Heise Bussolini;621.427.656-88;M;01.06.94;Rio de Janeiro;RJ;valentim_bussolini@gmail.com;(16) 97737-3471;Bronze
HSP-012006;Almir Kroener;141.064.558-46;M;04-06-1979;Belo Horizonte;MG;almir.kroener88@uol.com.br;(51) 99098-2053;Prata
HSP-934246;Aurelio Günter Lemos;387.983.232-37;M;28-10-1998;Brasília;DF;aureliolemos@icloud.com;(19) 99992-8226;Bronze
HSP-221600;Amanda Amevo Anibal;358.812.155-24;F;05/04/1974; Niterói;RJ;amanda_anibal@outlook.com;(62) 98360-5091;Bronze
HSP-485077;Jalmir Leal Ascenção;112.126.109-46;M;07/05/1998;São Paulo;SP;jalmirascencao@gmail.com;(19) 98825-2939;Bronze
HSP-985402;Ivan Annunziata Jost;316.393.483-87;M;07-07-1983;Salvador;BA;ivan_jost@outlook.com;81961209877;Prata
HSP-132532;Claudilma Kaneko Ávila;246.963.181-50;F;23/10/1967;Salvador;BA;claudilma_avila@uol.com.br;(81) 97722-1031;Bronze
HSP-540210;Lazaro Artoni Bui;521.738.101-97;M;04/11/2002;Belo Horizonte;MG;lazarobui@uol.com.br;(16) 96976-4370;Prata
HSP-399596;Antero Cavalcante Friedrich;673.903.169-00;M;09/12/1992;Ribeirão Preto;SP;antero_friedrich@uol.com.br;(21) 99871-9838;Prata
HSP-720096;Nairane Bucci Correia;573.469.867-92;F;25/10/1985;Salvador;BA;nairane_correia@uol.com.br;(16) 96248-2525;Bronze
HSP-960973;Jaciete Cella Rego;772.005.368-06;F;23/07/1995;Ribeirão Preto;SP;jacieterego@uol.com.br;(11) 98269-8080;Prata
HSP-144617;Adora Brambilla Americo;441.153.091-05;F;2004-08-27;Rio de Janeiro;RJ;adora.americo@icloud.com;(11) 99296-8284;Bronze
HSP-884284;Onildo Zara Matos;099.674.507-62;M;04/08/1949;Brasília;DF;onildo.matos@hotmail.com;81966356842;Bronze
HSP-369946;Nerino Glock Falchi;112.005.655-17;M;22/10/1974;Uberlândia;MG;nerino_falchi@gmail.com;51960838899;Bronze
HSP-168496;Vanda Araçatuba Ascenção;335.924.238-60;F;13/05/1966;Goiânia;GO;vanda_ascencao17@hotmail.com;(31) 98231-1206;Bronze
HSP-496955;Álvaro Cavalcanti;938.395.434-52;M;13/06/1989;Brasília;DF;alvarocavalcanti99@yahoo.com.br;(21) 96547-5666;Bronze
HSP-557269;Valério Calvi Barros;193.187.323-25;M;26/06/1974;Niterói;RJ;valeriobarros14@uol.com.br;(61) 96212-7787;Bronze
HSP-697577;Raimundo  Brandt;389.833.337-07;M;10/03/2005;Curitiba;PR;raimundobrandt@hotmail.com;(41) 97337-9591;Bronze
HSP-963709;Elói Sena Archane;805.951.556-00;M;14/12/1954;Ribeirão Preto;SP;eloi_archane39@hotmail.com;31978944258;Bronze
HSP-084219;Alan Boni Jung;048.919.294-72;M;14/12/1965;Curitiba;PR;alanjung55@hotmail.com;(41) 98603-8460;Prata
HSP-771814;Lorena Boni Alcantara;049.191.799-60;F;15-09-1984;São Paulo;SP;lorena_alcantara43@yahoo.com.br;81996668336;Bronze
HSP-402481;Erasmo Afonso;557.841.903-85;M;18/12/1991;São Paulo;SP;erasmo.afonso10@gmail.com;(41) 99377-9304;Bronze
HSP-880707;Luisa Sampaio Amilde;572.416.858-81;F;18-08-1968;Brasília;DF;luisaamilde@outlook.com;(41) 98973-7389;Prata
HSP-242188;Renan Armani Danner;308.107.993-40;M;19/11/1974;São Paulo;SP;renan_danner@outlook.com;(21) 99558-4676;Bronze
HSP-888761;Tadashi Vale Jahn;999.178.027-03;M;20/07/1980;Salvador;BA;tadashi.jahn18@yahoo.com.br;(41) 97973-3642;Bronze
HSP-943075;Walace Amancio;358.178.105-06;M;29/06/1997;Brasília;DF;walace.amancio42@gmail.com;(41) 97286-8432;Bronze
HSP-988664; Manoelito Zara Braga;614.440.057-58;M;22/01/1997;Uberlândia;MG;manoelitobraga@uol.com.br;(62) 97240-4614;Bronze
HSP-004430;Helvécio Serra;530.200.686-30;M;19-09-1951;Salvador;BA;helvecio_serra@hotmail.com;(31) 96206-5968;Prata
HSP-482592;Leandro Cesare Sarmento;501.367.245-74;M;10/07/1982;Rio de Janeiro;RJ;leandro.sarmento@hotmail.com;31989581875;prata
HSP-305162;Jucelino Beserra Amestoy;643.102.912-79;M;17/10/1967;Ribeirão Preto;SP;jucelino.amestoy@yahoo.com.br;(61) 99762-9513;Bronze
HSP-871554;Kalil Gama Ardaillon;979.348.329-66;M;29/04/1965;Londrina;PR;kalil_ardaillon@yahoo.com.br;51965767587;Bronze
HSP-428069;Gilson Greiner Vasconcelos;815.736.640-22;M;1965-09-11;Campinas;SP;gilsonvasconcelos@icloud.com;19982941109;Bronze
HSP-086157;Nildo Barbosa;476.595.440-47;M;17/09/1956;Belo Horizonte;MG;nildobarbosa@uol.com.br;(61) 99619-1176;Bronze
HSP-230752;Hercílio Sampaio;296.046.208-43;M;28/01/1956;Uberlândia;MG;hercilio_sampaio71@outlook.com;(41) 96568-3751;Bronze
HSP-848138;Manoelito Bianchini Cinelli;815.474.329-93;M;27.03.53;Belo Horizonte;MG;manoelitocinelli@outlook.com;16974496126;Ouro
HSP-962150;Jucimar Hammes;744.329.792-08;M;06-06-1968;São Paulo;SP;jucimarhammes@hotmail.com;(31) 99833-4040;Prata
HSP-802661;Jardel Weiss;889.702.600-13;M;19.11.66;Londrina;PR;jardelweiss@gmail.com;19994672878;Bronze
HSP-796463;Jonathan Flores Moreira;238.637.736-91;M;22-11-1972;Uberlândia;MG;jonathanmoreira15@yahoo.com.br;(62) 97370-8721;Prata
HSP-726479;Marcos Arduchin Barbosa;238.086.919-72;M;25/07/1983;NITERÓI;RJ;marcos.barbosa@uol.com.br;(62) 96425-8774;Ouro
HSP-640099;Audirone Marinho Watanabe;233.628.641-63;F;18/10/1978;Uberlândia;MG;audirone.watanabe@uol.com.br;(31) 98010-8724;Bronze
HSP-696965;Adolfo Aquires Bignami;365.716.889-30;M;2001-02-19;Ribeirão Preto;SP;adolfo_bignami84@hotmail.com;21984601492;Prata
HSP-234258;Renan Ameral;381.717.474-85;M;18/11/1975;Porto Alegre;RS;renanameral@gmail.com;16985083991;Diamante
HSP-210341;Jair Heckmann Artoni;072.669.318-94;M;18/02/1964;Belo Horizonte;MG;jairartoni@uol.com.br;61967092659;Prata
HSP-226412;Jaqueline Benvenuti Aragão;490.934.269-90;F;11/07/1972;Porto Alegre;RS;jaqueline.aragao@outlook.com;(51) 97226-4445;Bronze
HSP-938960;Aldo Vieira;937.728.675-10;M;07/04/1974;Niterói;RJ;aldovieira@yahoo.com.br;(62) 96096-9050;Prata
HSP-015438;Décio Beserra Matsumoto;264.722.314-94;M;08/05/1996;Niterói;RJ;decio_matsumoto@hotmail.com;11966211208;Bronze
HSP-730222;Amandine Kaneko Antelmo;477.623.696-60;F;06.02.72;Brasília;DF;amandine_antelmo@yahoo.com.br;(62) 99692-8003;Bronze
HSP-474792;Oswaldo Calori;495.069.251-86;M;12/09/1951;Porto Alegre;RS;oswaldocalori@icloud.com;(21) 96355-6684;Bronze
HSP-456425;Clarina Zanini Archela;467.793.383-97;F;18/11/1994;Niterói;RJ;clarinaarchela94@gmail.com;(31) 98561-8598;Ouro
HSP-882039;Tainara Bevilacqua;397.851.412-50;F;30/05/1989;Brasília;DF;tainara.bevilacqua@gmail.com;(21) 99136-1399;Bronze
HSP-129639;Eliziene Bianchi Lehmann;611.558.497-36;F;12-11-1978;Goiânia;GO;eliziene.lehmann@outlook.com;11960139509;Ouro
HSP-026474;BERNARDO GRUBER;619.866.453-80;M;04-11-1994;Niterói;RJ;bernardo.gruber@yahoo.com.br;41968353012;Bronze
HSP-904462;Klaus Becker Meller;964.144.127-24;M;03/04/2005;Brasília;DF;klaus_meller@uol.com.br;(62) 98261-1226;Bronze
HSP-811319;Yoshio Rezende;875.546.700-85;M;1952-11-03;Recife;PE;yoshio_rezende@icloud.com;(62) 97882-1709;Bronze
HSP-029835;Isac Alifonso Barbosa;101.083.015-59;M;06/05/1966;Goiânia;GO;isac.barbosa87@icloud.com;31995438355;Bronze
HSP-515626;Nícolas Engel Kroener;628.419.447-19;M;11.11.61;são paulo;SP;nicolas_kroener@gmail.com;(61) 98029-3725;Prata
HSP-345816;Maicon Queiroz Ameral;356.241.951-17;M;03/04/1956;Belo Horizonte;MG;maicon_ameral@uol.com.br;(19) 96961-2624;Prata
HSP-644836;Toshio Hofer Archer;379.956.880-83;M;01/05/1957;Uberlândia;MG;toshioarcher@outlook.com;(81) 98697-7685;Bronze
HSP-963493;Cirlene Guedes;480.105.118-97;F;04.12.87;Brasília;DF;cirlene_guedes@hotmail.com;(19) 99780-5987;Bronze
HSP-325967;Mateus Pinheiro;808.352.627-40;M;24.12.02;Uberlândia;MG;mateus.pinheiro@icloud.com;(62) 96738-8239;Diamante
HSP-306846;Mariana Saito Teixeira;261.198.095-03;F;24/06/1994;Brasilia;DF;mariana_teixeira@yahoo.com.br;(81) 98496-4891;Bronze
HSP-626679;Agostinho Angeli;197.311.120-90;M;11/07/1963;Brasília;DF;agostinhoangeli60@hotmail.com;31964657461;Bronze
HSP-052514;Cláudio Cilloni Uehara;340.958.635-01;M;22-04-1951;Ribeirão Preto;SP;claudio_uehara@hotmail.com;(41) 99203-3283;Ouro
HSP-797998;Clarina Cafagna;907.426.633-96;F;06/05/1955;Rio de Janeiro;RJ;clarinacafagna@uol.com.br;21967143426;Diamante
HSP-077746;Rodrigo Benvenuti;314.173.361-96;M;15/02/1965;Ribeirão Preto;SP;rodrigo.benvenuti28@hotmail.com;(62) 96372-9978;Bronze
HSP-930781;Cilene Castellani Nakashima;858.972.506-50;F;13/03/1955;Ribeirão Preto;SP;cilene_nakashima@hotmail.com;(31) 96544-4606;Prata
HSP-133220;Jaci Soares Antipode;153.395.833-50;F;20/02/1986;São Paulo;SP;jaciantipode86@yahoo.com.br;(61) 96160-1213;Ouro
HSP-766268;Natanael Lacerda Agueda;300.679.913-51;M;1949-01-02;Curitiba;PR;natanael_agueda@icloud.com;(11) 97563-1451;Bronze
HSP-849428;Cilinha Medeiros Pessoa;688.772.753-67;F;14-04-1963;Campinas;SP;cilinhapessoa@uol.com.br;(81) 98824-8966;Bronze
HSP-190768;Fritz Cirelli;169.823.799-57;M;13/04/1996;Ribeirão Preto;SP;fritzcirelli@icloud.com;(51) 96547-1478;Ouro
HSP-981493;Amineh Adão Andrade;298.053.036-08;F;1987-05-25;Salvador;BA;amineh.andrade3@outlook.com;19998471331;Ouro
HSP-730854;Elvira Andrade;646.271.675-47;F;01/12/1956;Campinas;SP;elvira.andrade@outlook.com;81970026461;Prata
HSP-417913;Aurenice Aboim Saraiva;919.959.746-25;F;22/07/1955;Belo Horizonte;MG;aurenice_saraiva69@outlook.com;(19) 98790-7133;Bronze
HSP-155525;Adenilde Fontes Kirst;978.941.726-85;F;26/03/1989;São Paulo;SP;adenilde.kirst@outlook.com;(31) 98126-3253;Diamante
HSP-167611;Junio Bartolucci;029.890.426-87;M;08/07/1979;Campinas;SP;juniobartolucci@gmail.com;62979599902;Bronze
HSP-659853;Divaldo Calori;061.613.121-66;M;1963-02-02;Brasília;DF;DIVALDO_CALORI@UOL.COM.BR;(62) 98941-9524;Bronze
HSP-647188;Aníbal Agostini Kaiser;384.446.117-51;M;24.05.71;Brasília;DF;anibalkaiser@outlook.com;(51) 98432-7029;Bronze
HSP-296363;Aldivina Ávila Mergen;361.451.831-01;F;28/07/2006;Uberlândia;MG;aldivina.mergen88@uol.com.br;21988657176;Ouro
HSP-800444;Rafaela Antunes Elias;685.164.064-31;F;27-03-1972;Porto Alegre;RS;RAFAELA.ELIAS@GMAIL.COM;(61) 98257-5716;Prata
HSP-971215;Cilinha Mesquita;811.664.972-83;F;20-02-1992;Goiânia;GO;cilinhamesquita96@hotmail.com;(31) 97292-6269;Bronze
HSP-792457;Ariel Amevo Hartmann;345.823.881-67;F;09-10-1997;Recife;PE;arielhartmann@yahoo.com.br;(81) 97035-7278;Bronze
HSP-761645;Cileide Amiran Archane;725.797.513-27;F;24.04.95;Ribeirão Preto;SP;cileide.archane36@yahoo.com.br;(41) 97733-9170;BRONZE
HSP-846859;Leonor Battistini;727.245.576-46;F;02/08/1968;ribeirão preto;SP;leonorbattistini@uol.com.br;(16) 97280-2103;Prata
HSP-738258;Apolo Apuzzo Bruno;014.471.599-69;M;12/05/1989;Ribeirão Preto;SP;apolobruno@icloud.com;(21) 98356-5236;Bronze
HSP-288480;Auditina Hanauer Archela;841.264.053-56;F;18/06/2000;Brasília;DF;auditina_archela77@hotmail.com;(31) 96552-8578;Bronze
HSP-341439;Leonie Takahashi Andreasi;326.169.174-32;F;20/03/2002;Londrina;PR;leonieandreasi@icloud.com;(81) 97138-6655;Bronze
HSP-378074;Lúcio Aquino Coelho;887.302.962-00;M;17/07/2006;Goiânia;GO;lucio.coelho@icloud.com;(19) 98652-5035;Bronze
HSP-151067;Pompeu Moraes Antipas;882.631.096-39;M;23/11/1970;Salvador;BA;POMPEUANTIPAS@HOTMAIL.COM;(61) 99912-5911;Bronze
HSP-789845;Kurt Burini Ameixial;043.281.277-64;M;19/12/1959;Niterói;RJ;kurt.ameixial59@yahoo.com.br;(51) 98780-3757;Bronze
HSP-551137;Jeiara Arcosi Campigotto;406.505.809-07;F;10-08-1964;Belo Horizonte;MG;jeiaracampigotto@gmail.com;(19) 99624-5878;Ouro
HSP-784124;Diana Arcadio Arcola;328.456.889-11;F;05/03/1958;Curitiba;PR;diana.arcola68@gmail.com;(16) 96356-1579;Ouro
HSP-226496;Jander Guerreiro Amirala;336.783.588-96;M;23/06/2002;Curitiba;PR;jander_amirala75@gmail.com;(62) 97679-8997;Bronze
HSP-617047;Solon Bevilacqua Novais;647.583.356-80;M;30/08/1986;Uberlândia;MG;solon_novais67@icloud.com;(31) 99707-9358;Bronze
HSP-544253;Osmar Gomes Klinger;298.507.702-87;M;26.11.50;Ribeirão Preto;SP;osmar.klinger@gmail.com;(11) 98949-5247;Bronze
HSP-098312;Ailine Nakashima Bottaro;912.286.731-79;F;18/10/2005;Rio de Janeiro;RJ;ailinebottaro@icloud.com;21994245193;Bronze
HSP-139580;Wander Petraglia Ecker;315.218.096-90;M;19/03/1998;Ribeirão Preto;SP;wander.ecker79@hotmail.com;(11) 99902-2838;Bronze
HSP-060318;Ailine Aquires Fujii;801.658.456-00;F;12.05.87;Uberlândia;MG;AILINE.FUJII33@OUTLOOK.COM;(51) 99044-1113;Bronze
HSP-572069;Aglaé Silva Koch;521.772.962-77;F;24/08/1969;Porto Alegre;RS;aglae.koch@hotmail.com;(51) 99059-7752;bronze
HSP-614263;Eloísa Becker Carlini;674.001.847-25;F;06/11/2000;Brasília;DF;eloisacarlini@yahoo.com.br;(19) 98399-6991;Prata
HSP-199096;Ilton Heller Moreira;652.056.224-66;M;30/08/1999;Salvador;BA;ilton_moreira8@hotmail.com;(62) 98162-2152;Prata
HSP-973535;Maina Yamada;007.507.975-50;F;2002-02-10;Campinas;SP;maina.yamada10@yahoo.com.br;(62) 96036-7762;Bronze
HSP-527026;Eliziene Bohm Acioli;684.263.361-32;F;13/08/1961;Campinas;SP;elizieneacioli@gmail.com;(41) 97297-6581;Prata
HSP-456596;Hildegard Serra Abe;476.238.026-15;F;02/03/1958;Rio de Janeiro;RJ;hildegard_abe77@outlook.com;(19) 96285-7976;Bronze
HSP-019086;WANDERLÉIA BITTENCOURT KREBS;912.936.322-52;F;12/07/1982;Uberlândia;MG;wanderleiakrebs95@icloud.com;31984858338;Bronze
HSP-705427;Julio Cipolla;667.519.653-70;M;21/12/1993;Salvador;BA;julio_cipolla@yahoo.com.br;(11) 96992-3835;Prata
HSP-929683;Arleuda Araçatuba Basílio;308.336.014-23;F;21/09/1986;Curitiba;PR;arleuda_basilio@yahoo.com.br;21974352240;Bronze
HSP-801825;Leocádio Amiraldo Alencastro;136.043.745-29;M;01/01/1991;Goiânia;GO;leocadio_alencastro@yahoo.com.br;19991815051;Bronze
HSP-358794;Olivia Basílio Annecy;594.792.270-37;F;10-12-1962;Rio de Janeiro;RJ;olivia.annecy@hotmail.com;51986757150;Bronze
HSP-624990;ELENA DRISSEN HIRANO;351.708.716-51;F;01/04/1952;Niterói;RJ;elena_hirano15@yahoo.com.br;(11) 96834-8199;Bronze
HSP-194838;Alessandra Engelhardt;845.542.724-86;F;1981-09-07;Rio de Janeiro;RJ;alessandra_engelhardt@yahoo.com.br;(61) 99111-4322;Bronze
HSP-608596;Mailane Antonelli Beserra;379.259.968-62;F;02/08/1995;Londrina;PR;mailane_beserra@outlook.com;(11) 97554-7839;Bronze
HSP-593090;Gláuber Kohlmann;555.818.006-42;M;19/04/1977;Porto Alegre;RS;glauber_kohlmann@outlook.com;(19) 99476-8922;Bronze
HSP-905272;Soraiane Arconti;006.399.378-37;F;30/08/1990;Campinas;SP;soraiane.arconti@hotmail.com;(19) 98396-2868;Bronze
HSP-480036;Iarley Archimedes Abrunhosa;916.516.800-35;M;14-03-1960;Ribeirão Preto;SP;iarley_abrunhosa@hotmail.com;(21) 97337-4261;Bronze
HSP-340980;Dinarilza Gonçalves Rocha;555.018.789-25;F;15.11.88;Recife;PE;dinarilza.rocha@gmail.com;(61) 99810-4067;Bronze
HSP-682166;Joselita Marinho;321.243.025-74;F;14/06/1976;Porto Alegre;RS;joselitamarinho@hotmail.com;(41) 98835-1271;Bronze
HSP-987026;Rosalvo Pacheco Bonetti;744.730.981-84;M;24-12-1994;Rio de Janeiro;RJ;rosalvo.bonetti@icloud.com;(16) 99724-1218;Bronze
HSP-292673;Amisabela Ishii Amancio;784.370.118-41;F;1977-01-17;CURITIBA;PR;amisabelaamancio26@icloud.com;(19) 99553-2368;Bronze
HSP-000273;Porfirio Ishii;163.784.573-10;M;31/03/1978;Londrina;PR;porfirio_ishii@hotmail.com;61996364950;Bronze
HSP-704294;Agostinho Ardovino Ardene;992.728.702-08;M;31/08/1968;Rio de Janeiro;RJ;AGOSTINHO.ARDENE@ICLOUD.COM;(11) 96066-9015;Prata
HSP-568207;Benedita Souza;965.678.956-32;F;1990-10-14;Uberlândia;MG;benedita_souza@outlook.com;(81) 99983-9584;Bronze
HSP-157211;Werner Bardini;384.332.133-77;M;29/07/1987;São Paulo;SP;werner.bardini@icloud.com;(11) 97185-3713;Bronze
HSP-565841;Sumiko Ambrosi;207.520.025-46;F;07/12/1995;São Paulo;SP;sumiko_ambrosi@hotmail.com;(21) 98094-8082;Bronze
HSP-725228;Nerino Sena Bertolasi;053.596.276-20;M;16/04/1950;Niterói;RJ;nerino.bertolasi95@uol.com.br;16975644757;Bronze
HSP-694750;Elcio Hayashi;914.203.756-52;M;08/08/1985;Ribeirão Preto;SP;elciohayashi@gmail.com;51970162145;Bronze
HSP-563937;Eduarda Bocchi;371.894.284-45;F;1960-02-18;Recife;PE;eduarda.bocchi@icloud.com;(62) 99126-9297;Bronze
HSP-671108;Amiranda Benvenuti Acosta;164.851.559-29;F;01/02/1991;São Paulo;SP;amiranda_acosta62@gmail.com;(41) 99562-3218;Bronze
HSP-775852;Joevaldo Lopes Bonetti;359.402.169-60;M;29/07/1974;Recife;PE;joevaldobonetti@yahoo.com.br;62962844727;Bronze
HSP-816414;Maíca Ascenção Bomfim;561.577.235-21;F;1973-01-20;Londrina;PR;maicabomfim11@yahoo.com.br;31978895596;Bronze
HSP-852820;Danielle Schaefer Albanesi;353.606.844-88;F;30/08/2003;Salvador;BA;danielle_albanesi@gmail.com;(19) 98963-9016;Prata
HSP-064609;Patrícia Queiroz Trindade;711.064.802-87;F;30.11.72;Rio de Janeiro;RJ;patricia.trindade46@icloud.com;(62) 97625-9354;Bronze
HSP-363682;Wellington Ambrosio Chaves;124.229.606-93;M;26/05/1960;Curitiba;PR;wellingtonchaves72@hotmail.com;(21) 97941-3596;Bronze
HSP-482854;Joselita Batista Amilis;676.594.863-57;F;17-11-1968;Brasília;DF;joselita_amilis@icloud.com;(62) 97431-6473;Bronze
HSP-625170;Elzira Altino;633.787.472-26;F;26/04/1964;Recife;PE;elziraaltino@yahoo.com.br;(41) 96672-7314;Bronze
HSP-234309;Wladimir Brito Fleck;282.074.959-36;M;16/04/1952;Ribeirão Preto;SP;wladimir_fleck36@gmail.com;(41) 99774-3343;Bronze
HSP-262031;Cilene Flores Maciel;451.434.382-09;F;20/12/2000;Belo Horizonte;MG;cilene_maciel68@icloud.com;(19) 99878-3079;Prata
HSP-605767;Ivo Magalhães;283.494.283-84;M;21-12-1984;Belo Horizonte;MG;ivo_magalhaes@hotmail.com;(16) 96248-7869;Bronze
HSP-642291;Hans Ardeal Ardena;032.422.341-20;M;1982-11-01;Campinas;SP;hans_ardena@yahoo.com.br;(81) 99959-3489;Bronze
HSP-283607;Everton Pires Teixeira;172.098.402-65;M;02/12/1992;Porto Alegre;RS;everton_teixeira@icloud.com;(81) 97110-4216;Bronze
HSP-864454;Joseilton Gouveia;256.156.368-58;M;21/12/1952;Campinas;SP;joseiltongouveia@outlook.com;(19) 98603-6539;Bronze
HSP-749529;Antero Heller Antenor;749.281.871-80;M;14/01/2007;Brasília;DF;antero.antenor@hotmail.com;(19) 96956-6746;Diamante
HSP-019747;Simone Bignami;547.839.904-33;F;16-12-1996;Belo Horizonte;MG;simonebignami@icloud.com;(21) 96074-4916;Bronze
HSP-105714;Solon Sasaki;706.440.930-56;M;05/11/1952;Recife;PE;solonsasaki@yahoo.com.br;(16) 97743-2422;Bronze
HSP-025292;Helena Anunciato Sacramento;885.174.444-00;F;09/07/2005;Brasília;DF;helena.sacramento98@uol.com.br;(62) 99435-3126;Bronze
HSP-334279;Jewel Abbate Brambilla;617.799.890-91;F;26/12/1975;Uberlândia;MG;jewel_brambilla@hotmail.com;(62) 98840-2416;Bronze
HSP-968344;Bruno Bassetti Figueira;404.868.716-65;M;29/03/1979;São Paulo;SP;brunofigueira31@hotmail.com;(62) 96598-2748;Bronze
HSP-127613;Deusdedit Castilho;509.894.793-66;M;13/10/1951;São Paulo;SP;deusdeditcastilho@icloud.com;(41) 98751-7307;Bronze
HSP-160851;Amábile Ribeiro Arciniega;238.223.537-36;F;07.08.50;Brasília;DF;amabile_arciniega64@hotmail.com;(16) 98834-1608;PRATA
HSP-698651;Lucilma Arconte;696.577.677-33;F;26/12/2004;Porto Alegre;RS;lucilmaarconte@uol.com.br;(16) 96503-4108;Bronze
HSP-400726;Jeanderson Buscemi Adão;689.865.748-88;M;01/06/1953;Belo Horizonte;MG;jeandersonadao@hotmail.com;19979061299;Bronze
HSP-207202;Aldina Matsuo Grund;880.153.150-85;F;18/04/2007;São Paulo;SP;aldina.grund@icloud.com;62968607076;Bronze
HSP-213099;Bladimir Amende Ehlers;784.376.018-00;M;28.09.57;Ribeirão Preto;SP;bladimirehlers@hotmail.com;(61) 97957-9380;Ouro
HSP-632775;Oldair Gripp Nakashima;604.259.904-60;M;05/10/1986;Uberlândia;MG;OLDAIRNAKASHIMA@ICLOUD.COM;(11) 96282-4961;Bronze
HSP-721837;Juliene Albino Aguiar;743.425.951-50;F;06/11/1961;Londrina;PR;juliene.aguiar@uol.com.br;(19) 99107-6469;Diamante
HSP-101371;Ryan Benvenuti Arcioni;007.359.013-41;M;11/02/1993;Goiânia;GO;ryan.arcioni@icloud.com;(61) 99476-8561;Prata
HSP-177086;Boaventura Azambuja Calamari;888.557.393-28;M;28/08/1994;Goiânia;GO;boaventuracalamari@hotmail.com;(19) 96030-9905;Bronze
HSP-187517;Elena Moura;353.959.569-48;F;23/03/1972;Ribeirão Preto;SP;elena.moura@hotmail.com;11979302008;bronze
HSP-521280;Nerino Takahashi Archer;277.374.811-50;M;30/04/1962;Goiânia;GO;nerinoarcher70@yahoo.com.br;(62) 98374-1276;Bronze
HSP-250933;Leda Couto Ameral;878.257.313-10;F;06/01/1982;Niterói;RJ;leda.ameral4@hotmail.com;16991115028;Bronze
HSP-267094;Arleuda Hartmann;785.060.933-68;F;1986-08-17;Ribeirão Preto;SP;arleuda_hartmann69@yahoo.com.br;61980716235;Bronze
HSP-428572;Fernando Silveira;206.152.501-65;M;04-08-1981;Niterói;RJ;fernandosilveira@yahoo.com.br;(16) 98465-9359;Prata
HSP-709138;Junior Dias Cirelli;017.759.174-95;F;09/02/1950;Salvador;BA;juniorcirelli@gmail.com;81998033914;Bronze
HSP-644764;Marceliano Kroener;057.965.273-47;M;10-11-1979;São Paulo;SP;marcelianokroener@uol.com.br;41999662156;bronze
HSP-185540;Lazaro Emmel Apuzzo;624.445.169-40;M;06/04/1993;Goiânia;GO;lazaro_apuzzo63@gmail.com;(41) 97071-1484;Bronze
HSP-308966;Lorenna Almeidal Ehrlich;393.919.165-54;F;30/07/1996;Belo Horizonte;MG;lorenna_ehrlich36@uol.com.br;(11) 97680-3205;Ouro
HSP-656343;Nadim Ebert Marinho;933.302.068-37;M;17/02/1963;Londrina;PR;nadim.marinho@gmail.com;(61) 96879-9359;Ouro
HSP-243898; Cândida Amiles;326.610.382-30;F;22/12/1988;Campinas;SP;candida.amiles53@hotmail.com;(11) 99130-6235;Bronze
HSP-875312;Honório Ecker Brito;649.770.703-48;M;20.04.03;Belo Horizonte;MG;honorio_brito23@gmail.com;(61) 97471-6415;Prata
HSP-953487;Glenison Reis Fontes;419.045.490-71;M;26.05.56;Brasília;DF;glenison_fontes93@yahoo.com.br;(62) 99042-3400;Bronze
HSP-574968;Azor Ardiles;700.749.890-65;M;29/06/1962;Recife;PE;azor.ardiles@uol.com.br;(11) 96626-1529;Bronze
HSP-831816;Geraldo Heckmann Manske;244.450.765-70;M;27/01/1966;Salvador;BA;geraldo_manske@uol.com.br;(81) 96399-6187;Bronze
HSP-499668;Mabella Arcie;258.074.221-20;F;14/01/1955;Goiânia;GO;mabella.arcie25@yahoo.com.br;(41) 99268-7775;Ouro
HSP-911671;Marcelo Berger;041.793.953-12;M;07.10.90;Porto Alegre;RS;marceloberger2@yahoo.com.br;21988249365;Bronze
HSP-712029;Amineh Ribeiro Aranzales;139.360.572-90;F;23/08/1985;São Paulo;SP;amineharanzales@icloud.com;(16) 96825-2453;Bronze
HSP-695454;Libânio Kunz Konno;016.180.303-29;M;1970-07-01;Niterói;RJ;LIBANIOKONNO@UOL.COM.BR;(51) 96645-7518;Bronze
HSP-308662;Amós Grimm;229.918.128-85;M;10/04/1963;Curitiba;PR;amosgrimm9@uol.com.br;(21) 97918-8697; Diamante
HSP-491545;Ulisses Uchôa Alvisio;876.612.177-91;M;11/10/1963;Rio de Janeiro;RJ;ulissesalvisio@outlook.com;51972722775;Ouro
HSP-839619;Yoshiko Watanabe Cecchetti;132.818.012-34;F;01/05/1964;Belo Horizonte;MG;yoshikocecchetti@outlook.com;62971175500;Diamante
HSP-281736;Corina Eisenhardt;913.104.652-58;F;22/06/1972;RIO DE JANEIRO;RJ;corina_eisenhardt94@outlook.com;(61) 97768-5118;Bronze
HSP-528407;Andersa Tavares;472.992.633-19;F;23/07/1991;Ribeirão Preto;SP;andersa_tavares84@gmail.com;(81) 97428-2986;Bronze
HSP-817905;Valério Aranzales Ávila;251.187.422-93;M;16/12/1990;Ribeirão Preto;SP;valerio.avila43@uol.com.br;(41) 96358-4555;Bronze  
HSP-904195;Gelson Kuroda Marques;485.436.274-00;M;16/05/1981;Belo Horizonte;MG;gelsonmarques@icloud.com;21982988611;Ouro
HSP-428567;Gerson Amil Dreher;851.926.175-29;M;10/05/1954;Rio de Janeiro;RJ;gersondreher@yahoo.com.br;81966088381;Bronze
HSP-061110;Marli Arcanjo Leite;117.040.478-20;F;03/10/1949;Niterói;RJ;marlileite@yahoo.com.br;(41) 97949-5902;Bronze
HSP-714287;Naldo Guerra;016.316.295-65;M;23/12/1965;Londrina;PR;naldoguerra@gmail.com;(16) 97960-2832;Bronze
HSP-049023;Soraia Maske Konno;888.444.245-17;F;11/07/1984;Niterói;RJ;soraia.konno@icloud.com;(81) 99058-9308;Bronze
HSP-973131;Apoline Benvenuti Adão;667.315.525-69;F;1957-05-11;Brasília;DF;apoline_adao60@uol.com.br;(41) 99726-3990;Bronze
HSP-550923;Giovani Hilbert;856.977.104-53;M;15/09/1997;Goiânia;GO;giovani_hilbert@yahoo.com.br;62994284007;Bronze
HSP-131860;Iracelma Berger;052.513.627-49;F;30/03/1980;Rio de Janeiro;RJ;iracelma.berger52@gmail.com;(62) 96753-2614;Bronze
HSP-411631;Altemiro Amerus;216.275.733-80;M;1962-07-09;Curitiba;PR;altemiroamerus5@gmail.com;(19) 96389-2850;Bronze
HSP-677970;Nerino Araxá Gieseler;335.235.845-15;M;1952-06-17;Rio de Janeiro;RJ;nerinogieseler@uol.com.br;(41) 99974-9455;Prata
HSP-939513;amábile yamamoto;613.960.475-30;F;10/03/1955;Curitiba;PR;amabile.yamamoto@gmail.com;(51) 96756-5403;Bronze
HSP-952730;Edmundo Callegari Kaminski;685.384.994-91;M;18/01/1961;Porto Alegre;RS;edmundo.kaminski@outlook.com;(16) 97903-3419;Bronze
HSP-844929;Lucinete Sacramento Alcobia;464.087.981-44;F;1951-10-22;São Paulo;SP;lucinete_alcobia15@uol.com.br;(62) 97380-8373;ouro
HSP-210907;Katiane Hanauer Sena;082.954.852-10;F;1972-06-21;Campinas;SP;katiane.sena@gmail.com;31964606974;bronze
HSP-194551;Amisele Alessi;690.177.069-37;F;31/01/1957;Belo Horizonte;MG;amiselealessi43@hotmail.com;(41) 97914-2006;Bronze
HSP-768679;Cassio Boin Hilbert;436.462.969-33;M;23/05/1953;Belo Horizonte;MG;cassio.hilbert92@outlook.com;(31) 96305-1659;Bronze
HSP-780740;Renoir Lemos Alberti;307.354.600-60;M;30/04/1959;Porto  Alegre;RS;renoiralberti@yahoo.com.br;(51) 96243-8720;Prata
HSP-633525;ivelma holzschuh carboni;869.546.800-36;F;12/03/1954;Curitiba;PR;ivelma.carboni2@icloud.com;(81) 97815-7912;Bronze
HSP-838346;Alyne Arrighi Bastos;742.334.128-28;F;1962-11-10;Londrina;PR;alynebastos31@icloud.com;(16) 96095-4951;Bronze
HSP-854253;Catilene Kaiser;913.946.893-30;F;29.06.52;Niterói;RJ;catilene.kaiser51@yahoo.com.br;(21) 97541-4567;Bronze
HSP-711845;JANIELE GUSMÃO;532.460.639-15;F;26/11/1993;Salvador;BA;janielegusmao68@gmail.com;(62) 97355-6749;Bronze
HSP-676630;Oneide Jung;789.493.506-96;F;28/09/1952;São Paulo;SP;oneide.jung@yahoo.com.br;31998494356;Prata
HSP-273449;Bento Greff Pacheco;103.202.240-07;M;02-01-1986;Campinas;SP;bento.pacheco@icloud.com;(31) 98290-2357;Bronze
HSP-202426;Lucinara Arciniega Ehmke;940.437.814-31;F;08/11/1979;Uberlândia;MG;lucinara.ehmke48@uol.com.br;(16) 98940-4673;Bronze
HSP-990204;Graziela Bianconi Campi;395.327.918-17;F;20.03.74;São Paulo;SP;graziela.campi16@yahoo.com.br;16964867858;BRONZE
HSP-739286;Anacleto Lange Amestoy;335.215.602-60;M;17/07/1965;Campinas;SP;anacleto.amestoy@hotmail.com;(51) 99615-9122;Bronze
HSP-037207;Amarine Tsuda Anibal;979.780.878-59;F;17-03-1963;Rio de Janeiro;RJ;amarineanibal@gmail.com;(16) 98097-7848;Prata
HSP-423756;Luiza Bertolazi Archave;720.203.521-92;F;01/03/1988;Uberlândia;MG;luiza.archave13@gmail.com;(51) 99817-7838;Ouro
HSP-246621;Ademir Aoki Bertolucci;524.937.104-36;M;03/12/2000;Belo Horizonte;MG;ademir.bertolucci@hotmail.com;(62) 99761-6447;Bronze
HSP-487096;Daniel Ardene;621.188.069-30;M;03/03/2001;São Paulo;SP;daniel.ardene65@uol.com.br;(21) 96441-5981;Bronze
HSP-382257;Fábio Antigao Freire;166.415.099-40;M;03/07/2007;Rio de Janeiro;RJ;fabio_freire@icloud.com;61975809632;Bronze
HSP-386822;Adriano Bertozzi Burini;282.235.963-69;M;10/08/2000;Belo Horizonte;MG;adriano_burini@yahoo.com.br;(31) 99164-8031;Bronze
HSP-548169;AURELIO ELIAS AQUIRES;730.872.403-46;M;26/07/1986;Uberlândia;MG;aurelio_aquires97@gmail.com;11996243705;Bronze
HSP-976664;Tainara Gomes Maier;517.277.532-32;F;13/05/1983;Londrina;PR;tainaramaier17@hotmail.com;(19) 97329-6440;Bronze
HSP-008625;Aracelis Flores Callegari;403.092.283-01;F;29/11/1989;Recife;PE;aracelis_callegari35@outlook.com;(61) 97571-7957;Bronze
HSP-559260; Márcio Ardene Araújo;664.465.157-74;M;03/04/1969;Brasília;DF;marcio.araujo@uol.com.br;(31) 98844-4798;Bronze
HSP-929158;Eduardo Alvisio;550.742.982-02;M;30/04/1989;Goiânia;GO;eduardoalvisio92@yahoo.com.br;(81) 98802-5486;Bronze
HSP-835994;Flávia Costa;036.496.442-15;F;07/03/2007; Campinas;SP;flaviacosta15@yahoo.com.br;(81) 97665-9575;Bronze
HSP-958596;Jaci Amirau Ueda;357.223.152-30;M;1966-10-18;Recife;PE;jaciueda@outlook.com;(16) 98431-5681;Bronze
HSP-073402;Deoclécio Ecker Amaro;573.798.480-03;M;20.05.05;Campinas;SP;deoclecioamaro1@icloud.com;41966889495;Bronze
HSP-874777;Naime Merten;250.915.573-34;F;28/08/1955;Goiânia;GO;naime.merten19@hotmail.com;(41) 98878-3210;Bronze
HSP-167572;Mônica Ito;099.124.234-37;F;02/11/1981;Porto Alegre;RS;monicaito80@icloud.com;(11) 98945-7851;Bronze
HSP-154077;Joelson Feldmann Krause;948.477.146-79;M;08-02-1964;Londrina;PR;joelson_krause83@uol.com.br;(11) 98550-3521;Bronze
HSP-212989;Ademir Metz Azevedo;694.743.418-18;M;03/09/1960;Campinas;SP;ademirazevedo98@outlook.com;(16) 98669-8025;Bronze
HSP-423503;Berenice Vasconcelos Paiva;517.638.618-64;F;11/08/1961;Campinas;SP;berenicepaiva@uol.com.br;(61) 97233-1128;Bronze
HSP-336351;Wellington Passos;560.064.209-10;M;07/08/1987;Porto Alegre;RS;WELLINGTON.PASSOS@OUTLOOK.COM;(81) 98014-5043;Ouro
HSP-070077;Denise Michel;032.232.354-18;F;30/09/1999;Uberlândia;MG;denise.michel64@icloud.com;(51) 97305-4403;Bronze
HSP-378803;Iara Klinger Correia;824.596.223-68;F;05-03-1995;Uberlândia;MG;iaracorreia@hotmail.com;(51) 98826-9805;Bronze
HSP-304180;Adlene Ludwig Farias;150.710.816-87;F;17/09/1954;Recife;PE;adlene_farias44@uol.com.br;(62) 97483-2032;Bronze
HSP-065621;Naime Arcillas;495.015.280-73;F;12/08/1993;Niterói;RJ;naime.arcillas@yahoo.com.br;(51) 99426-9637;Bronze
HSP-759627;Gizelia Dreher Michels;649.289.638-65;F;16.07.66;Ribeirão Preto;SP;gizeliamichels@uol.com.br;(19) 98084-1177;Prata
HSP-103429;Ovídio Linke Hermann;249.442.828-93;M;08/07/1952;Recife;PE;ovidio.hermann@hotmail.com;31973816955;Bronze
HSP-614681;Lauro Kiefer Aquires;690.866.022-23;M;21-01-1964;Campinas;SP;lauroaquires@gmail.com;(19) 97456-1786;Bronze
HSP-729040;Orlando Magalhães Cilloni;971.377.793-01;M;15/08/2006;Ribeirão Preto;SP;orlandocilloni@gmail.com;51979071501;Diamante
HSP-874516;Lídia Ardon;430.122.694-01;F;28/06/1969;Goiânia;GO;lidia.ardon85@outlook.com;51993284247;Bronze
HSP-768904;Jairo Carvalho Ardao;259.322.408-81;M;28.05.76;Ribeirão Preto;SP;jairo_ardao@icloud.com;(16) 97206-4260;Ouro
HSP-816143;Armando Krebs;029.133.227-78;M;04-10-1985;Rio de Janeiro;RJ;armando_krebs@hotmail.com;(81) 99920-3953;Bronze
HSP-502263;Marceliano Kruse;512.998.663-60;M;1978-03-09;Uberlândia;MG;marceliano.kruse@gmail.com;(61) 98082-5009;Bronze
HSP-923427;Araci Jung Anunciação;885.937.753-65;M;08/12/1980;São Paulo;SP;araci.anunciacao@icloud.com;51986091729;Bronze
HSP-262983;Sofie Bosio Andreoni;069.844.338-19;F;24/08/1949;Rio de Janeiro;RJ;sofieandreoni42@outlook.com;16990632465;BRONZE
HSP-759987;Célio Rodrigues Kannenberg;689.268.551-04;M;24/12/1984;Brasília;DF;celio.kannenberg@gmail.com;(21) 96422-9641;Bronze
HSP-069334;Ângelo Kiefer;515.414.238-10;M;09/12/1962;Belo Horizonte;MG;angelo_kiefer40@outlook.com;(11) 98489-5995;Bronze
HSP-870700;Vilmar Ardent Amilde;119.050.442-16;M;26/07/1993;Rio de Janeiro;RJ;vilmaramilde@yahoo.com.br;51999056197;Bronze
HSP-793573;Jucelino Monteiro;445.565.824-66;M;25.11.71;Ribeirão Preto;SP;jucelino_monteiro@hotmail.com;(61) 99829-9756;Prata
HSP-310094;Carla Abraão Menezes;496.777.619-19;F;17/03/2003;Rio de Janeiro;RJ;carla.menezes75@yahoo.com.br;19970148201;Bronze
HSP-622658;celmira hack arduchat;671.162.535-80;F;13-10-1967;Uberlândia;MG;celmira.arduchat78@hotmail.com;62976293734;Bronze
HSP-646266;Landrio Arconi Anunciação;751.315.862-24;M;16/12/1949;Belo Horizonte;MG;landrio.anunciacao@hotmail.com;(62) 98342-5127;Bronze
HSP-605922;Tamara Miyazaki Amilaga;112.364.628-74;F;23/08/1980;Porto Alegre;RS;tamara_amilaga74@yahoo.com.br;(16) 98822-3551;Ouro
HSP-304087;Reuben Inoue Brunner;055.704.787-01;M;17/12/1976;São Paulo;SP;REUBENBRUNNER17@HOTMAIL.COM;(16) 98989-3889;Bronze
HSP-854142;Jandira Hamann;999.095.471-20;F;02/08/1971;Salvador;BA;jandira_hamann@outlook.com;(21) 97731-9620;Bronze
HSP-619316;Elionara Beserra Casanova;008.044.358-39;F;23/10/1956;Goiânia;GO;elionara.casanova@icloud.com;21960071773;Bronze
HSP-096730;Valentina Cruz Michels;734.152.742-09;F;13/10/1968;Ribeirão Preto;SP;VALENTINAMICHELS19@UOL.COM.BR;(21) 97006-4290;Prata
HSP-785477;Valter Bordonaro Alvisio;741.260.026-50;M;06/10/1996;São Paulo;SP;valteralvisio@yahoo.com.br;(51) 97402-9404;Prata
HSP-101854;Antonieta Anjinho Arconde;202.825.365-74;F;25-05-1984;Ribeirão Preto;SP;antonieta_arconde3@outlook.com;(41) 99319-9819;Diamante
HSP-914187;Janiele Bizzarro;954.672.390-82;F;23/11/1991;São Paulo;SP;janielebizzarro@outlook.com;(21) 98238-7014;Bronze
HSP-986043;Erich Batista;765.848.854-29;M;1962-05-23;Belo Horizonte;MG;ERICHBATISTA@YAHOO.COM.BR;(31) 96007-7973;Prata
HSP-061531;Anchieta Jost Sakamoto;432.641.722-67;M;20/08/1966;Belo Horizonte;MG;anchieta_sakamoto@outlook.com;(61) 98267-9328;Bronze
HSP-596011;Tatiana Ameral;390.019.907-89;F;01/01/1955;Rio de Janeiro;RJ;tatianaameral35@uol.com.br;(62) 97012-6001;Ouro
HSP-448058;Timóteo Cavalcanti Löffler;297.034.505-63;M;07/06/2007;Ribeirão Preto;SP;timoteoloffler@icloud.com;62990213775;Bronze
HSP-282694;Mário Burini Koch;225.779.830-93;M;16/08/1954;Ribeirão Preto;SP;mario_koch@hotmail.com;(21) 97124-6263;Prata
HSP-070827;Janio Antoniazzi;822.672.356-68;M;22.05.92;Belo Horizonte;MG;janio.antoniazzi37@hotmail.com;19964025633;Bronze
HSP-523999;Auditene Neto Anzolin;444.690.488-44;F;1957-06-23;Salvador;BA;auditene.anzolin26@outlook.com;16964048055;Bronze
HSP-793239;Ezequiel Hayashi Bessa;023.564.140-53;M;11/08/1958;São Paulo;SP;ezequiel_bessa@outlook.com;(31) 96333-1370;Bronze
HSP-112295;Aruca Feiler;799.229.108-53;F;23/10/1999;Londrina;PR;aruca.feiler@uol.com.br;(61) 99645-9309;Bronze
HSP-156184;Luciane Aragones Basílio;960.383.478-52;F;05/03/1952;Ribeirão Preto;SP;luciane_basilio36@yahoo.com.br;21989547491;Bronze
HSP-432988;Eraldo Ardeal Bezerra;907.861.140-53;M;06/10/1959;Campinas;SP;eraldobezerra@yahoo.com.br;11969475934;Bronze
HSP-943421;Sabrina Aguilar;507.476.219-77;F;12-01-1972;Rio de Janeiro;RJ;sabrinaaguilar@icloud.com;(41) 99860-9901;Ouro
HSP-524451;Djalma Bianchi Carvalho;751.171.440-40;M;08/04/1972;Campinas;SP;djalma.carvalho69@yahoo.com.br;(61) 99469-7629;Prata
HSP-130840;Wanda Galvão Falcão;261.540.985-96;F;08/04/2003;Uberlândia;MG;wanda_falcao@gmail.com;(11) 96939-4307;Prata
HSP-162514;Julie Diniz;221.659.811-90;F;1985-10-06;São Paulo;SP;julie_diniz@yahoo.com.br;(81) 99094-2472;Bronze
HSP-528415;Orestes Metzger Arduin;639.682.481-71;M;12.11.48;Goiânia;GO;orestes_arduin@icloud.com;(31) 98511-9073;Bronze
HSP-783572;Valdir Cabral;211.218.288-92;M;17-02-1978;Ribeirão Preto;SP;valdircabral@uol.com.br;(21) 97062-6730;Prata
HSP-922115;Dinamar Ardani;543.244.392-90;F;17/10/1978;Ribeirão Preto;SP;dinamar.ardani60@uol.com.br;(21) 99346-1402;Prata
HSP-770574;Flávia Antunes Amilhoa;723.369.351-04;F;1953-12-12;Londrina;PR;flaviaamilhoa@yahoo.com.br;(41) 98101-7127;Ouro
HSP-347238;Diógenes Cesare;094.617.455-59;M;15-06-1988;Ribeirão Preto;SP;diogenes_cesare63@uol.com.br;11964939524;Bronze
HSP-010491;Doris Emmel Bonfim;992.623.618-90;F;24/09/2006;BELO HORIZONTE;MG;doris.bonfim@uol.com.br;(16) 97813-7661;Bronze
HSP-345063;Iraci Okamoto;552.303.350-25;F;30/06/1962;goiânia;GO;iraci.okamoto22@uol.com.br;(11) 99380-1827;Bronze
HSP-263591;Gil Serra Candido;121.511.088-05;M;10/05/1986;Recife;PE;gil.candido@uol.com.br;(81) 97407-1807;Bronze
HSP-878073;AMILDE ARAGÃO BERTOLINI;528.606.892-81;F;04/01/1972;Porto Alegre;RS;amilde.bertolini@outlook.com;(51) 98015-1268;Prata
HSP-292654;Aleyda Uehara Ferber;391.600.769-68;F;20/01/1995;Rio de Janeiro;RJ;aleyda_ferber54@outlook.com;(62) 97902-1433;Bronze
HSP-747319;Ivens Archimedes;678.530.445-85;M;2002-10-26;Porto Alegre;RS;ivens_archimedes@outlook.com;81981012035;Prata
HSP-939990;Aldenir Arcos;127.481.626-25;F;29/09/1988;Curitiba;PR;aldenirarcos@uol.com.br;(61) 96710-1404;Bronze
HSP-571865;Clarice Kurz Pereira;465.638.256-64;F;1955-11-14;Porto Alegre;RS;claricepereira99@uol.com.br;(16) 98612-7447;Bronze
HSP-598110;Klaus Kurz Ameixa;740.289.936-52;M;30/08/1987;Campinas;SP;klaus_ameixa@gmail.com;11990165081;Bronze
HSP-581581;Wanderson Amazónia;865.207.748-71;M;13/07/1966;Porto Alegre;RS;wanderson_amazonia46@yahoo.com.br;(41) 97945-9329;Bronze
HSP-061415;Damião Ardon Arcioni;577.974.840-31;M;18/09/1954;Brasília;DF;damiaoarcioni@hotmail.com;(62) 97707-2413;Bronze
HSP-345766;Klaus Kroener;672.824.197-36;M;05/12/2006;Uberlândia;MG;klauskroener@yahoo.com.br;62997761708;Bronze
HSP-185866;Nilza Ameixial Konno;195.415.717-78;F;16-01-1954;Goiânia;GO;nilza_konno73@yahoo.com.br;16994333878;Bronze
HSP-929650;Lenivaldo Lüdtke Graf;309.953.218-50;M;11/05/1977;Porto Alegre;RS;lenivaldograf@hotmail.com;(21) 99572-6947;Ouro
HSP-735865;Luca Arduchin Alcobia;671.917.425-85;M;1973-05-14;Londrina;PR;luca.alcobia@icloud.com;(19) 98555-8639;Prata
HSP-876818;Tamara Hesse Uehara;097.586.139-52;F;06-06-1998;Salvador;BA;tamara.uehara61@outlook.com;(81) 97491-1697;Bronze
HSP-607004;Aureliano Assis Ameixoeira;984.363.486-13;M;24/05/1975;Niterói;RJ;aureliano.ameixoeira55@outlook.com;(62) 98091-8759;Ouro
HSP-392709;Arnildo Arciniega;707.870.330-81;M;20/10/1957;Curitiba;PR;arnildo.arciniega15@uol.com.br;(31) 99730-7349;Bronze
HSP-974448;Vito Fonseca Jahn;670.574.205-44;M;07/07/1992;Goiânia;GO;vito.jahn@uol.com.br;(11) 99612-1151;Ouro
HSP-619167;Enzo Arder Rego;887.090.904-28;M;26-02-2007;Brasília;DF;enzo.rego53@icloud.com;(19) 96915-5598;Prata
HSP-204686;Ambrisia Frank Teixeira;922.021.395-83;F;31.05.51;Ribeirão Preto;SP;AMBRISIA.TEIXEIRA53@OUTLOOK.COM;(41) 97407-4542;Bronze
HSP-641384;Malaquias Holanda Ardaillon;416.621.459-42;M;15/05/1989;Goiânia;GO;malaquiasardaillon84@uol.com.br;(51) 97965-2298;Prata
HSP-906396;Naiara Antelo Menezes;681.415.501-01;F;18/09/1969;Belo Horizonte;MG;naiaramenezes59@gmail.com;11971541267;Bronze
HSP-391166;Glenison Arcosi;318.839.557-42;M;08/06/1966;Belo Horizonte;MG;glenison.arcosi4@gmail.com;(19) 96353-7063;Bronze
HSP-820307;Nina Portela Bruno;599.954.408-49;F;14/03/1995;Porto Alegre;RS;nina.bruno@uol.com.br;(61) 98292-3550;Bronze
HSP-767102;Gerson Fischer Brun;772.518.833-92;M;21-07-1955;Niterói;RJ;gersonbrun@uol.com.br;(61) 96998-5945;Bronze
HSP-545326;Ryan Jahn;707.554.538-83;M;01/12/1953;Belo Horizonte;MG;ryanjahn@hotmail.com;41986515448;Bronze
HSP-959489;Marcílio Michel;826.782.827-32;M;10/06/1962;São  Paulo;SP;marcilio_michel@uol.com.br;(16) 97541-9592;Ouro
HSP-123518;Koji Amilaga Bastos;338.634.587-53;M;28/07/1975;São Paulo;SP;koji.bastos32@icloud.com;(19) 96614-9603;Bronze
HSP-516845;Jandira Cervantes Ardao;738.688.050-28;F;17/10/1954;Uberlândia;MG;JANDIRAARDAO@OUTLOOK.COM;(21) 96504-6461;Bronze
HSP-780070;Arno Lobato Alzira;035.275.172-00;M;28/01/1968;Londrina;PR;arnoalzira@hotmail.com;(51) 98557-6011;Bronze
HSP-701576;Wanderleia Boni Lorenz;582.814.617-30;F;26/02/2004;Uberlândia;MG;wanderleialorenz61@gmail.com;(21) 98275-2912;Bronze
HSP-662064;Jeter Matsuo Lisboa;884.487.949-23;M;17/01/1964;Campinas;SP;jeter.lisboa25@hotmail.com;31965321476;Bronze
HSP-823535;Perpétua Amil Ramos;287.434.205-08;F;15/02/1993;Salvador;BA;perpetua.ramos8@uol.com.br;11974451672;Bronze
HSP-836869;Antero Rezende Angiolini;925.261.751-51;M;22/12/1966;Niterói;RJ;antero_angiolini@gmail.com;(62) 99798-9914;Bronze
HSP-184625;Noé Alarcão Nakamura;232.398.744-58;M;27/07/2002;São Paulo;SP;noe_nakamura21@hotmail.com;(16) 97722-1043;Bronze
HSP-261044;Jeanine Lutterbeck Pereira;135.992.331-44;F;1971-04-28;Salvador;BA;JEANINE.PEREIRA@UOL.COM.BR;(62) 97295-2915;Diamante
HSP-319863;Janio Mäder Grimaldi;257.489.466-96;M;06/04/2007;Niterói;RJ;janiogrimaldi@yahoo.com.br;(61) 97401-1394;Prata
HSP-212130;Damiela Ardin Queiroz;851.154.947-10;F;1983-07-30;Recife;PE;damielaqueiroz@outlook.com;(11) 98812-5852;Bronze
HSP-369756;Liselotte Bussolini;260.297.480-33;F;1992-03-04;Niterói;RJ;LISELOTTE_BUSSOLINI@YAHOO.COM.BR;(62) 97841-4238;Ouro
HSP-548065;Ilton Teixeira;630.286.653-79;M;19/11/1960;Campinas;SP;ilton_teixeira@icloud.com;(62) 96313-6803;Bronze
HSP-055127;Luna Ardina;551.510.934-10;F;24/04/1993;Salvador;BA;luna_ardina@hotmail.com;11980739861;Prata
HSP-149864;Anísio Arduchat Rodrigues;011.156.631-27;M;06/04/1999;Goiânia;GO;anisiorodrigues@gmail.com;(62) 97095-9923;Bronze
HSP-682811;Celmira Aranzales Ardeal;014.766.964-20;F;08-06-1953;Belo Horizonte;MG;celmiraardeal12@outlook.com;(81) 96435-1446;Bronze
HSP-742019;Auro Vale Antelmo;138.750.931-43;M;22/08/1948;Salvador;BA;auroantelmo53@icloud.com;(21) 97973-4697;Ouro
HSP-144849;Moema Arduchin Archer;016.259.534-45;F;10/08/1963;Recife;PE;moema_archer79@yahoo.com.br;(31) 98187-1508;Prata
HSP-943595;Inocêncio Ehlers;750.148.102-41;M;20/04/1976;Recife;PE;inocencio_ehlers88@hotmail.com;(19) 99578-5534;Bronze
HSP-731418;Giovana Hayakawa Klement;543.547.780-84;F;16/01/1951;Campinas;SP;giovana.klement56@icloud.com;(11) 98007-5862;Bronze
HSP-914525;Kamille Archimedes Battaglini;665.914.445-56;F;18/05/1961;Porto Alegre;RS;kamille.battaglini@hotmail.com;(31) 98910-4210;Bronze
HSP-978416;Jonas Arcon Alcantara;891.596.545-03;M;13/09/1956;Ribeirão Preto;SP;jonasalcantara@yahoo.com.br;(41) 97879-4022;Bronze
HSP-261189;Amaro Meier;489.006.067-78;M;14/11/1954;Goiânia;GO;amaro.meier@icloud.com;(16) 97633-3068;Bronze
HSP-606125;Giovanna Luz Amilo;289.257.026-30;F;02/03/1988;Belo Horizonte;MG;giovannaamilo@gmail.com;(62) 96687-6776;Bronze
HSP-937247;Araci Kobayashi Kuroda;903.618.439-84;F;22/06/1996;Belo Horizonte;MG;aracikuroda@hotmail.com;31992929440;Diamante
HSP-449201;Silvestre Antunes Maia;564.415.896-99;M;15/05/1977;Recife;PE;silvestremaia@icloud.com;(16) 99464-6017;Ouro
HSP-969058;Lino Ebling Ardaillon;390.215.732-10;M;1988-10-10;Goiânia;GO;lino.ardaillon@hotmail.com;(19) 99757-2634;Prata
HSP-549985;Moema Paiva;204.816.113-80;F;03/06/1965;Goiânia;GO;moema.paiva@hotmail.com;62982497050;Bronze
HSP-767453;Nailha Drumond;630.266.980-40;F;26/09/1958;Porto Alegre;RS;nailha.drumond87@yahoo.com.br;(41) 98305-7657;Bronze  
HSP-042852;Midori Antero;917.567.350-93;F;18-09-1955;São Paulo;SP;midoriantero@hotmail.com;(11) 99450-5494;Bronze
HSP-526825;Soraiara Uchôa Benetton;824.183.356-31;F;22/12/1998;São Paulo;SP;soraiara_benetton61@icloud.com;(21) 99298-1302;Bronze
HSP-711805;Balbino Hirano Bertolasi;580.901.517-44;M;08/09/1982;Londrina;PR;balbino_bertolasi@uol.com.br;62976783171;Bronze
HSP-426503;Roberto Ameal Lenz;359.820.290-33;M;25.07.85;Salvador;BA;roberto.lenz@icloud.com;(19) 97508-2728;Bronze
HSP-229462;Amélia Calvi Makino;984.650.335-01;F;1993-03-16;Salvador;BA;AMELIA.MAKINO65@ICLOUD.COM;(11) 98879-2675;Bronze
HSP-363248;Ivanice Tanaka;856.939.632-50;F;04-02-1971;Uberlândia;MG;IVANICE.TANAKA@GMAIL.COM;(81) 97063-6510;Bronze
HSP-857022;Teruko Ardena;061.937.706-23;F;26-11-1987;Curitiba;PR;teruko.ardena@yahoo.com.br;(62) 98980-1779;Bronze
HSP-699203;Lourival Bevilacqua Brito;567.242.742-14;M;1973-01-02;Brasília;DF;lourival.brito@icloud.com;(16) 99595-9399;Bronze
HSP-904398;Regina Ogawa Guedes;867.143.648-90;F;23/05/1966;Uberlândia;MG;reginaguedes@yahoo.com.br;(21) 97888-6157;Bronze
HSP-011595;Jaci Arcin Mori;602.533.441-23;M;04/05/2006;Londrina;PR;jaci.mori@hotmail.com;31961362204;Diamante
HSP-651986;Marceliano Braga;370.997.263-90;M;12.04.05;Brasília;DF;marceliano.braga26@hotmail.com;11996931199;Prata
HSP-110312;Salomão Ameral;748.600.649-92;M;20.07.78;Londrina;PR;salomaoameral@icloud.com;(31) 97026-8425;Bronze
HSP-581475;Lorenza Arconet;450.820.269-17;F;17/04/1992;Niterói;RJ;lorenza.arconet@hotmail.com;(81) 98011-3641;Bronze
HSP-222015;Adilma Alvisio Amato;908.564.320-16;F;28/07/1963;Londrina;PR;adilma_amato@outlook.com;81999494712;Bronze
HSP-814063;Jerônimo Alheiro Bonetti;457.348.541-40;M;20/10/1959;Uberlândia;MG;jeronimo.bonetti@hotmail.com;(41) 97785-7244;Prata
HSP-068554;Warley Hausmann;349.452.045-35;M;1987-06-22;Rio de Janeiro;RJ;warley.hausmann84@gmail.com;61966817775;Bronze
HSP-677265;Wanda Arden Alcantara;763.954.002-07;F;27/05/2006;Recife;PE;wanda.alcantara21@icloud.com;(19) 99153-8468;Bronze
HSP-847467;larissara drumond santoro;382.000.039-90;F;08/05/2007;Salvador;BA;larissara.santoro@gmail.com;11982901802;Ouro
HSP-791985;Marlon Amilo;815.141.789-74;M;06/06/1997;Rio de Janeiro;RJ;marlon.amilo@outlook.com;(11) 99271-2286;Bronze
HSP-983245;Piedade Cattaneo Nóbrega;915.422.058-08;F;27.08.75;Recife;PE;piedadenobrega18@icloud.com;62969288692;Bronze  
HSP-741899;Neomício Noguchi Erdmann;660.472.948-63;M;05/09/1984;Curitiba;PR;neomicio_erdmann4@uol.com.br;(11) 96059-2745;Bronze
HSP-667740;Aelma Azevedo;302.419.350-24;F;01/08/1968;Campinas;SP;AELMAAZEVEDO@GMAIL.COM;(61) 97092-3866;Prata  
HSP-158879;Valmir Abrunhosa Cavalli;428.815.147-31;M;27/07/1975;Campinas;SP;valmircavalli@uol.com.br;(81) 96038-6338;Bronze
HSP-138817;Seiji Ardent Arconde;684.181.628-56;M;08/06/1956;Recife;PE;SEIJI.ARCONDE@ICLOUD.COM;(41) 99502-7453;Bronze
HSP-549675;Anísio Arcola;932.954.405-30;M;17/11/1996;Curitiba;PR;anisioarcola81@yahoo.com.br;(41) 98809-3295;Bronze
HSP-883888;Magnaldo Metzger;268.610.844-41;M;17/08/2006;São Paulo;SP;magnaldo_metzger@gmail.com;(16) 99970-9075;Prata
HSP-921765;Liz Almeidal;985.258.804-42;F;20/10/1962;Brasília;DF;lizalmeidal@icloud.com;(31) 97458-3731;Ouro
HSP-727807;Audinélia Cardoso Brunelli;135.214.857-90;F;14/05/1997;Londrina;PR;audinelia_brunelli35@hotmail.com;(21) 98484-4037;Bronze
HSP-131633;Idalina Aoki;866.019.461-68;F;04/06/1985;Salvador;BA;idalina.aoki@uol.com.br;(21) 99339-1301;Bronze
HSP-659197;Arcelira Fleck Sarmento  ;508.551.108-56;F;17.03.80;Porto Alegre;RS;arcelira.sarmento@hotmail.com;(11) 97643-2899;Prata
HSP-590617;Arcelinda Caldas Vasconcelos;194.271.003-89;F;23/12/1965;Porto Alegre;RS;arcelinda_vasconcelos@yahoo.com.br;(11) 97778-4437;Bronze
HSP-032839;Maguinaldo Ikeda Archetti;069.559.915-15;M;1957-06-28;Goiânia;GO;maguinaldo.archetti@outlook.com;(31) 97941-6138;Bronze
HSP-116832;Robevaldo Dantas;316.230.030-40;M;12/04/1950;Brasília;DF;robevaldo.dantas45@icloud.com;(31) 99550-1707;Bronze
HSP-576572;Rui Souza Archer;149.638.676-05;M;01/07/1961;Brasília;DF;ruiarcher34@outlook.com;(21) 98695-3463;Bronze
HSP-386493;Genivaldo Goto;603.200.390-64;M;01/12/2002;Uberlândia;MG;genivaldo.goto@gmail.com;(61) 97267-3235;Bronze
HSP-611058;Lorenza Reis Alarcão;124.423.602-09;F;08/01/1955;Belo Horizonte;MG;lorenza_alarcao@hotmail.com;(31) 98856-3763;Bronze
HSP-089988;Alwin Sousa;093.436.886-44;M;1990-10-05;Belo Horizonte;MG;alwinsousa71@gmail.com;41961137426;Bronze
HSP-776263;Akemi Feitosa Antipa;567.613.428-30;F;26/09/2005;Belo Horizonte;MG;akemi.antipa36@outlook.com;(41) 99363-1343;Bronze
HSP-183719;Dinelise Busch;414.916.111-97;F;22/12/1963;Rio de Janeiro;RJ;dinelise.busch@hotmail.com;(61) 99768-7740; Bronze
HSP-674384;Aldemir Viotti Borsari;276.905.559-34;M;09/06/1995;Uberlândia;MG;aldemir.borsari@outlook.com;(62) 96845-2762;Bronze
HSP-292598;Valdemir Decker Krueger;209.768.127-11;M;04/08/1983;Recife;PE;valdemirkrueger@icloud.com;(81) 99422-1005;Bronze
HSP-396846;Noel Krause;442.052.030-20;M;13/10/1956;Recife;PE;noel_krause@yahoo.com.br;(21) 99241-3375;Bronze
HSP-567709;Lucia Baglietto Belotti;049.474.214-36;F;13/08/1981;Ribeirão Preto;SP;lucia.belotti95@icloud.com;62967438432;Bronze
HSP-431518;Malico Amiles Ramos;470.721.769-93;M;06.11.78;Curitiba;PR;malicoramos@uol.com.br;(81) 97489-1923;Bronze
HSP-708483;Aglaé Calvani;959.070.097-72;F;28/07/1987;Curitiba;PR;aglae_calvani32@hotmail.com;(81) 99882-8988;BRONZE
HSP-082204;Elói Nunes;839.859.146-30;M;04/07/1955;Uberlândia;MG;eloinunes51@yahoo.com.br;(19) 96947-2097;Bronze
HSP-821057;Matteo Guerra Acioli;514.197.348-49;M;16/06/2007;Londrina;PR;matteo_acioli88@gmail.com;(16) 99093-8975;Prata
HSP-936524;Anunciada Vieira Sakamoto;900.138.859-01;F;04/12/1974;Ribeirão Preto;SP;anunciada_sakamoto@yahoo.com.br;21983692481;Bronze
HSP-752339;Péricles Guerra;479.793.892-71;M;28/07/2002;Salvador;BA;pericles_guerra@uol.com.br;(21) 96925-5052;Bronze
HSP-660730;Idalina Nakashima Gripp;214.316.651-69;F;04/07/1982;Londrina;PR;idalinagripp@uol.com.br;(81) 97042-1400;Bronze
HSP-505986;Rosenaldo Calori Nogueira;326.210.038-26;M;09/08/1955;Rio de Janeiro;RJ;rosenaldo_nogueira@outlook.com;(16) 96530-2963;Prata
HSP-151627;Liselotte Ehlers;817.260.761-05;F;19/12/1991;Ribeirão Preto;SP;liselotte.ehlers7@outlook.com;(51) 96311-6451;Bronze
HSP-716565;Joanice Muniz Ardena;994.018.989-36;F;19/02/2002;Niterói;RJ;joanice.ardena@hotmail.com;(81) 96935-7246;Prata
HSP-390781;Aleyda Aguilar;570.349.355-21;F;02/04/1970;Ribeirão Preto;SP;aleyda.aguilar61@yahoo.com.br;(11) 97967-9550;Bronze
HSP-771515;Amaline Araçatuba Araujo;846.347.774-79;F;05/12/1969;belo horizonte;MG;amaline.araujo39@yahoo.com.br;41985624570;Bronze
HSP-101025;Wilza Holanda Archane;207.480.155-66;F;18/08/1999;São Paulo;SP;wilzaarchane@gmail.com;(61) 97576-6151;Ouro
HSP-603009;Mário Abreu Aranda;708.338.880-64;M;18/11/1969;Rio de Janeiro;RJ;mario_aranda@yahoo.com.br;(41) 99172-4248;Bronze
HSP-766919;Jandir Albergaria Feitosa;528.815.136-97;M;18.04.50;Recife;PE;jandirfeitosa@hotmail.com;(62) 98043-2606;Bronze
HSP-788202;Renato Bardini;516.388.832-38;M;21/08/1955;Niterói;RJ;renatobardini@uol.com.br;(16) 98780-2882;Bronze
HSP-500560;Moab Ehmke Campigotto;608.989.112-65;M;27/05/1952;Londrina;PR;moabcampigotto62@gmail.com;(51) 96973-5855;Bronze
HSP-299729;Fabrício Franke;969.007.055-02;M;02/11/1950;Niterói;RJ;fabricio.franke55@hotmail.com;(16) 97830-2356;Ouro
HSP-141067;Larissara Kruse Ambrosio;274.537.956-99;F;04/03/2002;Belo Horizonte;MG;larissaraambrosio@uol.com.br;(31) 97622-1955;Bronze
HSP-346569;Loreni Amiraldo;033.500.376-15;F;23/10/2005;Niterói;RJ;loreni_amiraldo24@uol.com.br;(61) 97342-1989;Bronze
HSP-046991;Maguinaldo Weiss Mende;173.672.310-30;M;2000-04-17;Uberlândia;MG;maguinaldomende4@uol.com.br;(51) 99790-6789;BRONZE
HSP-182802;Elena Elias Bruno;481.105.027-41;F;22/09/1997;São Paulo;SP;elena.bruno@outlook.com;(16) 99260-8483;Bronze
HSP-779114;Massimo Aranda;585.824.348-71;M;28-10-1959;Porto Alegre;RS;massimo.aranda1@uol.com.br;61978347237;Bronze
HSP-412771;Tibério Vasconcellos Bonanomi;855.256.870-54;M;12/02/2000;Recife;PE;tiberiobonanomi@yahoo.com.br;41974338856;Bronze
HSP-030488;Nailton Arcini Arago;829.127.164-03;M;23-04-1994;Goiânia;GO;nailton.arago52@uol.com.br;(61) 99790-9987;Bronze
HSP-848687;Tiago Altino Campigotto;122.125.847-84;M;01-09-2000;Campinas;SP;tiago.campigotto59@outlook.com;62995365672;Bronze
HSP-195267;Siranildo Aguilar Lopes;813.742.141-67;M;26.12.95;Londrina;PR;siranildo_lopes@gmail.com;(81) 98475-7136;Bronze
HSP-355416;Helton Candido;476.149.434-49;M;30/01/2007;Brasília;DF;helton.candido11@hotmail.com;19998169198;Bronze
HSP-887323;Iarley Grimaldi Ardone;897.295.505-14;M;27/09/1966;Porto Alegre;RS;iarley_ardone@outlook.com;(21) 96406-1052;Bronze
HSP-761661;Naime Eisenhardt;662.972.548-42;F;29/07/2006;Curitiba;PR;naime.eisenhardt@outlook.com;(81) 98426-6189;Ouro
HSP-886027;Rosmary Baglietto Bauer;972.967.828-62;F;24-11-1973;Goiânia;GO;rosmary_bauer@uol.com.br;62965609388;Bronze
HSP-153871;Mabella Capraro;230.130.113-35;F;05-12-1969;São Paulo;SP;mabella.capraro@hotmail.com;41984489821;Bronze
HSP-549258;Ivelise Apuzzo Kremer;391.221.904-49;F;16.02.70;Brasília;DF;ivelise.kremer@icloud.com;(19) 96132-6188;Prata
HSP-483727;Kathryn Capelli;694.421.106-83;F;12/03/1986;Uberlândia;MG;kathryn_capelli79@icloud.com;(11) 99896-6897;Bronze
HSP-036512;Alan Viana;446.463.898-86;M;15/04/1951;Brasília;DF;alanviana67@outlook.com;(11) 96268-6043;Ouro
HSP-934630;Maila Sakamoto Annunziata;416.318.927-03;F;27/06/1949;São Paulo;SP;maila_annunziata1@yahoo.com.br;(81) 99443-3599;Bronze
HSP-603047;Estevão Arcadio;481.798.903-33;M;14/04/2005;Ribeirão Preto;SP;estevaoarcadio@gmail.com;41996114850;Ouro
HSP-768005;Luana Arduin Alcobia;449.571.813-49;F;1988-03-25;Campinas;SP;luana_alcobia24@uol.com.br;(11) 97785-2920;Bronze
HSP-290443;Karina Amércio;967.025.891-07;F;21/08/1977;Uberlândia;MG;karina.amercio@gmail.com;(16) 97971-4975;Diamante
HSP-470775;Rosenaldo Arder Engel;416.863.185-02;M;16/10/1949;Londrina;PR;rosenaldo_engel41@yahoo.com.br;(16) 97551-8939;Prata
HSP-910695;Luciane Oliveira Ehmke;115.340.524-53;F;11/07/1980;Londrina;PR;luciane.ehmke@uol.com.br;81976858062;Prata
HSP-804181;Amiranda Ludwig Archave;041.379.640-09;F;02/05/1956;Uberlândia;MG;amiranda_archave@yahoo.com.br;11968634849;Bronze
HSP-037805;Dolores Bonetti;078.490.824-94;F;18/06/1998;Campinas;SP;dolores_bonetti@icloud.com;81971864785;Bronze
HSP-771566;Sérgio Antoniazzi;403.571.338-46;M;1993-12-16;São Paulo;SP;sergio_antoniazzi@outlook.com;(16) 96656-8649;Ouro
HSP-736748;Inácio Aracy;154.960.660-34;M;27/03/1949;Brasília;DF;inacio_aracy@yahoo.com.br;19970908944;Bronze
HSP-682524;Joel Barbieri Chiappetta;157.980.058-01;M;1971-03-09;Londrina;PR;joel.chiappetta83@uol.com.br;16986054902;Bronze
HSP-866800;Luciana Bianconi Pires;592.783.328-44;F;14.02.68;Campinas;SP;luciana_pires@icloud.com;(19) 99375-4763;Bronze
HSP-693062;Audira Prado;222.629.365-52;F;01/08/2000;Brasília;DF;audiraprado@outlook.com;(81) 99788-7333;Bronze
HSP-513366;Eraldo Cruz;138.851.586-55;M;12.05.80;Londrina;PR;eraldocruz5@uol.com.br;51994139432;Bronze
HSP-040784;Aurenilde Amavizca Murta;545.806.187-00;F;13/09/1952;Recife;PE;aurenilde.murta11@hotmail.com;(19) 97285-2121;Bronze
HSP-331461;Ovídio Queiroz;598.568.421-07;M;14/05/1989;Brasília;DF;ovidioqueiroz66@uol.com.br;(62) 97298-4408;Ouro
HSP-095184;Aleyda Calori;363.251.531-03;F;12/03/2004;Belo Horizonte;MG;aleyda.calori@outlook.com;41960949882;Bronze
HSP-162374;Armindo Benini Bonfim  ;917.135.951-68;M;24/03/2004;São Paulo;SP;armindobonfim@outlook.com;19993782690;Bronze
HSP-119113;leda becker matsuda;987.833.330-29;F;03/11/1999;Niterói;RJ;leda_matsuda@icloud.com;(81) 99777-8379;Bronze
HSP-709994;Amélia Grüber;617.700.128-93;F;04.10.95;Porto Alegre;RS;amelia.gruber@icloud.com;(61) 98830-2112;Prata
HSP-752605;Rosana Apolonia Carli;683.540.525-24;F;25/05/1958;Goiânia;GO;rosanacarli@outlook.com;(11) 99037-7329;Bronze
HSP-056980;Helvécio Brunner Baldini;727.506.362-05;M;14-01-1953;Rio de Janeiro;RJ;HELVECIO.BALDINI@HOTMAIL.COM;(31) 97346-1199;Bronze
HSP-015529;Aldilene Jung Eckhoff;941.844.462-30;F;31/05/1990;Niterói;RJ;aldilene.eckhoff24@outlook.com;(61) 99006-9184;Bronze
HSP-989806;Rosmary Andreis Bittencourt;082.938.074-40;F;11/10/1985;Uberlândia;MG;rosmary.bittencourt@outlook.com;(16) 99416-3819;Ouro
HSP-399336;Willian Azambuja;733.761.072-62;M;12.12.68;Ribeirão Preto;SP;willian_azambuja@icloud.com;(62) 99581-8941;Prata
HSP-143490;Mailane Arcot Arantes;021.192.505-53;F;04/06/1986;Salvador;BA;mailanearantes@icloud.com;(41) 97623-9543;Prata
HSP-626837;Érico Kimura;526.746.934-36;M;09/03/2003;Uberlândia;MG;erico_kimura97@hotmail.com;31982564145;Bronze
HSP-621032;Norma Antoniazzi;004.534.446-95;F;24/11/1990;São Paulo;SP;norma.antoniazzi@yahoo.com.br;(81) 99455-3184;Prata
HSP-714108;Ilmo Hirano;844.376.282-92;M;29/09/1982;Rio de Janeiro;RJ;ilmo_hirano@uol.com.br;(81) 97258-5722;Bronze
HSP-547877;Iremar Antipa Jäger;941.300.871-00;M;17/06/1974;PORTO ALEGRE;RS;iremar.jager@hotmail.com;(61) 99144-2795;Prata
HSP-628988;Junior Figueira;495.665.660-26;F;07/01/1991;Goiânia;GO;junior.figueira@yahoo.com.br;19986503319;Ouro
HSP-517427;Atília Bonato;579.494.184-78;F;28/02/2002;Londrina;PR;atiliabonato56@outlook.com;(51) 98380-6237;Prata
HSP-223421;Kurt Hausmann;022.295.185-00;M;25.12.75;Salvador;BA;kurthausmann@uol.com.br;(16) 99841-7160;Bronze
HSP-630545;Bernardo Ebert Greiner;574.800.486-02;M;05/09/1960;São Paulo;SP;bernardogreiner85@gmail.com;31975439156;Bronze
HSP-721826;Lênio Antelo Lopes;847.522.815-11;M;17/06/1953;Londrina;PR;lenio_lopes52@hotmail.com;(51) 98515-4835;Bronze
HSP-020014;Janete Aragão Ebert;375.997.298-52;F;05/05/1995;Uberlândia;MG;janete_ebert@uol.com.br;(61) 98083-6598;Prata
HSP-458477;Amineh Heil;291.881.940-94;F;14-08-1978;São Paulo;SP;amineh_heil33@yahoo.com.br;(61) 99765-3826;Bronze
HSP-380356;Lajônio Anghetti Hack;054.260.244-05;M;14/11/2002;Goiânia;GO;lajonio.hack@gmail.com;(16) 98939-4742;Bronze
HSP-765833;Lucinete Sacramento Yamamoto;701.342.235-51;F;22/02/1985;Curitiba;PR;lucineteyamamoto4@outlook.com;(51) 98852-1415;Bronze
HSP-156111;Eloisa Franco Bezerra  ;041.258.860-91;F;18/10/1968;Niterói;RJ;eloisa_bezerra@yahoo.com.br;(11) 96558-3646;Bronze
HSP-153101;Alice Trindade Aragão;270.261.259-82;F;13/05/1996;São Paulo;SP;alice.aragao@uol.com.br;16996397648;Bronze
HSP-562010;Aldo Accioli;495.254.003-01;M;1997-08-31;Salvador;BA;aldo_accioli@gmail.com;(62) 98087-4473;Bronze  
HSP-469637;AUDINEIDE HORN CAVALLI;911.616.466-04;F;07/09/1980;Recife;PE;audineide_cavalli@hotmail.com;31977838050;Bronze
HSP-567361;Ulisses Ameral Moura;584.851.662-64;M;10/01/1968;RECIFE;PE;ulisses_moura57@outlook.com;(51) 98835-9358;Bronze
HSP-974571;Augoura Cirelli;421.472.380-58;F;17/06/1976;São Paulo;SP;augoura.cirelli7@outlook.com;61972245566;Bronze
HSP-210835;Marcos Cilloni Caldas;207.904.266-17;M;17/12/1991;Uberlândia;MG;marcos.caldas@hotmail.com;(19) 98659-8652;Bronze
HSP-839635;Suely Arcillas Altino;312.013.279-97;F;21/08/1995;Porto Alegre;RS;suely_altino@outlook.com;(81) 99325-7625;Prata
HSP-447805;Maina Batista;059.390.306-45;F;19/08/1999;Londrina;PR;MAINA_BATISTA@GMAIL.COM;(19) 98045-1354;Ouro
HSP-704821;Yago Amirala Albanesi;772.502.109-47;M;25.04.51;Uberlândia;MG;yagoalbanesi@uol.com.br;(41) 96231-8047;Bronze
HSP-803158;Javier Antoniazzi Albergaria;118.727.429-12;M;1994-04-04;Ribeirão Preto;SP;javier.albergaria11@yahoo.com.br;61977712148;Bronze
HSP-536333;Luigi Gatto;917.808.855-04;M;06.12.74;Campinas;SP;luigi_gatto@outlook.com;(21) 99068-8095;Bronze
HSP-012229;Naldo Franco;457.412.986-72;M;27.08.83;Brasília;DF;naldo.franco@icloud.com;41979448867;Bronze
HSP-940144;Euclydes Sales Ecker;217.887.287-50;M;09-11-1987;Uberlandia;MG;euclydesecker@yahoo.com.br;61960371778;Bronze
HSP-572436;Giovani Viana Baldini;718.323.953-59;M;02/02/1982;Porto Alegre;RS;giovani.baldini44@outlook.com;81974274048;Prata
HSP-596930;Tito Arcini Bizzarro;507.972.281-95;M;24/02/1977;Campinas;SP;tito.bizzarro@uol.com.br;(21) 98285-9271;Bronze
HSP-005861;Carolina Aragoni Amilo;320.360.960-69;F;25/02/2003;Porto Alegre;RS;carolina.amilo36@uol.com.br;(19) 99528-2172;Ouro
HSP-042228;Sandrinho Santos Yamamoto;969.091.023-04;M;11/06/1962;Rio  de Janeiro;RJ;SANDRINHO.YAMAMOTO@HOTMAIL.COM;(16) 98380-9268;Bronze
HSP-988952;Balbino Kopf Oliveira;920.273.049-08;M;1963-03-15;São Paulo;SP;balbinooliveira@gmail.com;61973231764;Bronze
HSP-864031;Aureliano Benedetti Souza;107.535.354-83;M;22/02/1998;Campinas;SP;aurelianosouza@icloud.com;(41) 97748-7065;Bronze
HSP-061733;Ernani Heinrich Ambiel;148.596.189-04;M;14/01/1953;Curitiba;PR;ernani_ambiel@outlook.com;(62) 97385-5166;Bronze
HSP-091146;Adrielma Amevo Anibal;426.281.150-69;F;23/04/1949;Belo Horizonte;MG;adrielma_anibal69@uol.com.br;31999304386;Bronze
HSP-992097;Gilberto Freire Azambuja;055.701.430-17;M;09/07/1973;Curitiba;PR;gilberto.azambuja@icloud.com;(19) 97853-3047;Ouro
HSP-229030;Basílio Lima Castelli;842.979.676-26;M;1959-10-05;Rio de Janeiro;RJ;basilio_castelli32@icloud.com;(41) 98914-4431;Bronze
HSP-014086;Rui Gruber;055.162.977-02;M;28.03.91;Brasília;DF;rui.gruber@yahoo.com.br;(21) 98756-7893;Bronze
HSP-356814;Alencar Lehmann Bittencourt;952.075.704-04;M;28/10/1979;Salvador;BA;alencarbittencourt@yahoo.com.br;(51) 98180-4309;Prata
HSP-464981;Auristela Bardini Magalhães;674.312.182-73;F;04-11-1963;Belo Horizonte;MG;auristela_magalhaes73@yahoo.com.br;(16) 96912-5862;Bronze
HSP-726086;Audinete Ardani;475.609.157-10;F;12/07/1964;Campinas;SP;audineteardani@outlook.com;(21) 97529-8442;Bronze
HSP-215045;Giselda Calori Rego;223.534.221-36;F;15/01/1991;Goiânia;GO;GISELDA.REGO@HOTMAIL.COM;(62) 97716-9768;Bronze
HSP-396905;Josenilde Ardito Aboim;394.758.598-53;F;1992-10-14;Belo Horizonte;MG;josenildeaboim34@hotmail.com;31990179444;Prata
HSP-204010;Emerson Bussolini Falchi;489.495.053-71;M;13/01/1952;São Paulo;SP;emersonfalchi@yahoo.com.br;(31) 99782-4912;Bronze
HSP-582273;Valesca Merten;596.465.215-84;F;11.02.70;Niterói;RJ;valesca_merten@outlook.com;(62) 98504-6429;Bronze
HSP-559562;Amaline Castelli Lisowski;700.466.605-00;F;27/03/1988;Curitiba;PR;amalinelisowski90@yahoo.com.br;(21) 99405-3238;Bronze
HSP-137999;Elinilda Angiolini;917.066.935-08;F;13/11/1977;São Paulo;SP;elinilda_angiolini@uol.com.br;(21) 98885-1379;Bronze
HSP-803549;Cristiano Campigotto;833.997.049-68;M;14/12/2004;Londrina;PR;cristianocampigotto53@hotmail.com;(31) 97946-8709;Bronze
HSP-586483;Tobias Silveira Anunciação;687.526.437-43;M;01/02/1994;Belo Horizonte;MG;tobiasanunciacao@icloud.com;(81) 98014-6520;Bronze
HSP-769157;Eulalio Marcelino Coelho;598.263.494-88;M;28.05.99;Salvador;BA;eulaliocoelho@uol.com.br;11973344459;Bronze
HSP-626777;Frida Petraglia Ardeal;101.089.872-80;F;04/01/1957;Curitiba;PR;frida_ardeal@gmail.com;61996486037;Bronze
HSP-136457;Doris Masuda;981.837.039-25;F;29/05/1954;Belo Horizonte;MG;doris_masuda@hotmail.com;(21) 99173-4036;Bronze
HSP-057430;Andersa Abade Nogueira;286.741.607-86;F;18.01.76;Salvador;BA;andersa.nogueira@uol.com.br;(62) 97473-1741;Prata
HSP-361861;Dinelma Amiraldo Nonato;408.287.274-49;F;23/02/1977;Niterói;RJ;dinelma.nonato@yahoo.com.br;(11) 98181-9618;Bronze
HSP-407984;Joyce Chiavegato Antelo;587.943.205-00;F;09/08/1949;Campinas;SP;joyce.antelo5@uol.com.br;51987444567;Bronze
HSP-377261;Cândida Lüdtke Santos;360.694.347-49;F;22/08/1963;Niterói;RJ;candida.santos@yahoo.com.br;(81) 98816-4584;bronze
HSP-380869;Evandro Maciel Antelmo;854.818.826-04;M;09/08/1955;Londrina;PR;evandro_antelmo@icloud.com;(11) 99782-5106;Bronze
HSP-427357;Otacílio Brunner Hirano;094.308.943-31;M;07/10/1980;Rio de Janeiro;RJ;otaciliohirano@yahoo.com.br;(19) 98907-5853;Bronze
HSP-095178;Valéska Ferber;069.570.713-24;F;31/01/1965;Curitiba;PR;valeska.ferber@gmail.com;(31) 98699-9330;Bronze
HSP-730438;Jasmim Sarmento Masuda;171.711.882-80;F;17/07/1995;Londrina;PR;jasmim.masuda32@gmail.com;16965954793;Bronze
HSP-758076;Amélia Lisboa;940.874.950-27;F;01-06-1949;Niterói;RJ;amelia.lisboa53@yahoo.com.br;(11) 97506-8515;Ouro
HSP-013381;Wanda Takeda Canellas;094.846.180-22;F;14/02/1982;Campinas;SP;wanda.canellas@hotmail.com;(41) 98306-9221;Bronze
HSP-566568;Sueli Hasegawa Lisboa;753.097.204-99;F;27-11-2000;Campinas;SP;suelilisboa@yahoo.com.br;(62) 96401-9976;Bronze
HSP-710485;Luan  Lacerda Lisboa;321.445.686-50;M;15/01/1954;Uberlândia;MG;luan.lisboa53@uol.com.br;16991401100;Bronze
HSP-753675;Aurenice Hanauer;124.648.807-87;F;27.11.69;Campinas;SP;aurenicehanauer@uol.com.br;(81) 96204-9183;Bronze
HSP-969151;Seiji Bocchi Nascimento;021.523.484-78;M;16/02/1957;Recife;PE;seiji.nascimento@icloud.com;(21) 98319-4866;Bronze
HSP-550354;Leonel Tanaka Brandão;732.036.071-31;M;11/11/1966;salvador;BA;leonel_brandao@uol.com.br;(16) 96154-4332;Bronze  
HSP-698694;JARINA CAMPI CASANOVA;314.131.929-47;F;29/12/1964;Porto Alegre;RS;jarinacasanova@hotmail.com;(31) 98995-4727;Bronze
HSP-007433;Elizete Ambrogio Teixeira;636.856.880-14;F;29/10/2003;Niterói;RJ;elizete.teixeira81@uol.com.br;(81) 98014-4362;Bronze
HSP-384143;Jeanine Albanesi Archetti;056.259.722-06;F;24/08/1982;São Paulo;SP;jeanine.archetti@uol.com.br;(21) 99893-5414;Bronze
HSP-988064;Margarida Ardene Ameal;496.091.330-45;F;02/01/1985;Goiânia;GO;margarida_ameal@yahoo.com.br;(31) 98439-3406;Bronze
HSP-779195;Cirlei Cilloni;485.802.576-46;F;21/08/1986;Porto Alegre;RS;cirleicilloni@uol.com.br;(61) 98099-4150;Bronze
HSP-424593;Luzia Dantas Freitas;518.955.394-98;F;10.11.53;Goiânia;GO;luzia_freitas45@hotmail.com;41993849599;bronze
HSP-070737;Nina Ciaramicoli;942.234.132-95;F;09/05/1996;Brasília;DF;nina_ciaramicoli89@hotmail.com;(62) 98517-9822;Prata
HSP-326403;Nerian Garcia Archave;619.739.964-48;M;06/07/1970;Porto Alegre;RS;NERIAN.ARCHAVE@YAHOO.COM.BR;(61) 97914-1064;Bronze
HSP-013531;Dagmar Campigotto Antonas;021.698.709-11;F;29/01/1992;Campinas;SP;dagmar.antonas@hotmail.com;(19) 97710-8583;Prata
HSP-260809;Cristóvão Amil;271.513.326-02;M;24-03-1988;Rio de Janeiro;RJ;cristovaoamil70@yahoo.com.br;(41) 99203-7886;Bronze
HSP-153011;Irineo Zeferino Noguchi;241.644.796-39;M;24.09.80;Uberlândia;MG;irineonoguchi@outlook.com;(62) 98458-4946;Bronze
HSP-876423;Ronaldo Anjos Tanaka;031.475.488-13;M;22/02/1984;Ribeirão Preto;SP;ronaldo.tanaka@gmail.com;16972469016;BRONZE
HSP-645226;Jeter Kiefer;856.472.553-37;M;1969-06-04;Uberlândia;MG;jeterkiefer@icloud.com;(61) 97286-7403;Bronze
HSP-973471;Gumercindo Zanini Ambrosi;306.831.292-28;M;23.01.61;Belo Horizonte;MG;gumercindoambrosi31@outlook.com;(21) 96789-6381;Prata
HSP-338777;Ivander Nogueira Jung;621.700.878-50;M;28/09/1999;Salvador;BA;ivander.jung23@uol.com.br;(81) 99685-2301;Bronze
HSP-976706;Félix Ambroses;827.345.998-56;M;25/06/1991;Londrina;PR;felix_ambroses@uol.com.br;(62) 98391-9746;Prata
HSP-297901;Ricardo Grüber Alvelos;163.073.359-80;M;17/04/1991;Uberlândia;MG;ricardoalvelos@outlook.com;(16) 99774-6670;Bronze
HSP-468317;Isac Ximenes Grahl;241.042.071-01;M;1989-05-06;Niterói;RJ;isacgrahl96@icloud.com;(61) 97715-4631;Bronze
HSP-647432;Nailzo Alvarengas;932.293.307-06;M;23-10-2003;Londrina;PR;nailzo_alvarengas25@hotmail.com;(62) 98476-5003;Bronze
HSP-420981;Brenno Antelmo Amiraldo;366.159.282-30;M;11/10/2002; Goiânia;GO;brenno.amiraldo56@hotmail.com;(62) 96663-7009;Bronze
HSP-083202;Liliane Campelo Lehmann;815.113.001-67;F;08/03/1953;Recife;PE;liliane.lehmann@outlook.com;(62) 98576-2841;Ouro
HSP-715297;Alisson Benetton Cirelli;135.466.390-06;M;23/01/1950;Uberlândia;MG;alisson_cirelli66@yahoo.com.br;(61) 97783-6138;Bronze
HSP-926520;Gisele Pacheco Caldas;272.419.750-06;F;20/01/1992;Uberlândia;MG;gisele.caldas@icloud.com;(16) 96811-4998;Prata
HSP-931449;Fritz Grahl Bohm;783.218.673-91;M;19/05/1959;Recife;PE;fritz.bohm@hotmail.com;(19) 97294-8076;Prata
HSP-387390;Alwin Guimarães;178.273.350-71;M;03/08/1981;São Paulo;SP;alwin.guimaraes21@gmail.com;(16) 96550-2433;Diamante
HSP-119286;Valmir Metz Murta;071.223.025-47;M;16/07/1984;Rio de Janeiro;RJ;valmir.murta@gmail.com;16999933496;Bronze
HSP-829164;Joel Amernes Arcos;488.705.548-05;M;1983-05-14;curitiba;PR;joel.arcos60@icloud.com;(31) 99547-6391;Prata
HSP-055771;Moreira Burri Brun;215.328.233-04;M;22/11/1986;Recife;PE;moreira.brun@gmail.com;62977012767;Diamante
HSP-054469;Odete Arconti Cella;384.704.022-77;F;29/10/1972;Porto Alegre;RS;ODETE_CELLA80@HOTMAIL.COM;(11) 98801-1867;Bronze
HSP-826097;Jeovani Siqueira Archela;737.038.857-34;M;1974-05-30;Londrina;PR;jeovani_archela54@gmail.com;(41) 96879-4091;Bronze
HSP-667481;Cristina Angeli Gieseler;175.081.053-03;F;17/11/1956;Recife;PE;cristina_gieseler14@yahoo.com.br;31965247683;Bronze
HSP-954741;Irene Elias;341.812.916-18;F;30/08/1997;UBERLÂNDIA;MG;ireneelias@gmail.com;19967416327;Prata
HSP-082473;Watila Braga Bacci;771.109.093-52;M;07/12/1960;Ribeirão Preto;SP;watila.bacci@hotmail.com;(11) 99876-8422;Bronze
HSP-648556;Rita Noguchi Bartoloni;691.582.091-40;F;1972-11-16;Campinas;SP;rita.bartoloni@hotmail.com;(19) 97769-8661;Bronze
HSP-924574;Jeicy Arcon;931.589.365-42;F;13/04/1991;Goiânia;GO;jeicy_arcon67@outlook.com;(62) 97656-9537;Bronze
HSP-482548;Jewel Bertoni Ardila;341.429.399-47;F;25/09/1974;Rio de Janeiro;RJ;jewelardila@gmail.com;(21) 98344-7903;Bronze
HSP-462570;Rosmari Carneiro;797.238.428-23;F;20-02-1986;Niterói;RJ;rosmari.carneiro@yahoo.com.br;(81) 98649-6969;Bronze
HSP-825019;Larice Vasconcelos;924.463.302-74;F;11/12/2004;Campinas;SP;laricevasconcelos@uol.com.br;81973963519;Bronze
HSP-101266;Artemia Arnaldi;068.400.515-87;F;29/01/1953;Belo Horizonte;MG;artemia_arnaldi29@outlook.com;(21) 99348-4875;Ouro
HSP-109176;Willian Aramburu Brun;342.289.951-01;M;24/05/1956;Niterói;RJ;willianbrun@hotmail.com;(51) 96919-3063;Bronze
HSP-262893;Midori Lopes Antenor;699.033.654-46;F;29/03/1958;Curitiba;PR;midori_antenor82@outlook.com;16972575026;Bronze
HSP-612155;Dinamar Tsuda Heil;604.320.611-00;F;11/02/1981;Brasília;DF;dinamar.heil59@icloud.com;(11) 97108-4493;Bronze
HSP-279218;Kendall Grass Marques;490.978.276-12;F;19-03-1982;Goiânia;GO;kendallmarques@yahoo.com.br;21986907853;Prata
HSP-224668;Josiane Ardila;778.425.108-49;F;08/12/1963;Londrina;PR;josiane.ardila@icloud.com;(62) 98238-8915;Prata
HSP-249320;Arlete Annecy;279.706.699-56;F;19/09/1964;Brasília;DF;arleteannecy@outlook.com;21973805681;Bronze
HSP-814244;Alceu Amevo;680.289.461-00;M;23-02-1994;Recife;PE;alceuamevo47@outlook.com;(51) 97520-2206;Prata
HSP-259194;Harley Echer Antonas  ;956.462.956-02;M;10/04/1961;Porto Alegre;RS;harley_antonas1@uol.com.br;(61) 97316-5518;Bronze
HSP-237856;Adora Kühn Cirelli;876.883.849-23;F;11/03/1955;Curitiba;PR;adora.cirelli@yahoo.com.br;(21) 99041-6992;Ouro
HSP-532278;Moema Paula Amiraldo;186.264.778-05;F;20/05/1980;Recife;PE;moemaamiraldo27@icloud.com;(19) 99275-8463;Ouro
HSP-061686;Amiris Hayashi;902.001.450-10;F;25-11-1991;Salvador;BA;amiris.hayashi@yahoo.com.br;(31) 97156-5867;Prata
HSP-483113;Ana Archello;056.960.580-60;F;21/01/1987;São Paulo;SP;anaarchello26@gmail.com;(11) 97632-8624;Diamante
HSP-932139;Jaderson Kaminski Arnaldi;817.597.011-14;M;10/11/1977;Recife;PE;jadersonarnaldi6@outlook.com;16984575899;Bronze
HSP-551387;Juberto Heinrich;202.725.811-60;M;10/03/1982;Goiânia;GO;juberto_heinrich66@uol.com.br;61961527607;Bronze
HSP-503521;Cleusa Figueira;667.719.023-40;F;08/12/1991;Belo Horizonte;MG;cleusa.figueira@icloud.com;(19) 98295-3440;Bronze
HSP-445493;Jasmim Barros Amero;291.775.086-37;F;18/07/1956;Londrina;PR;jasmim.amero@hotmail.com;(16) 97872-7523;Prata
HSP-667857;Ruth Flores;604.366.899-87;F;04/10/1981;Rio de Janeiro;RJ;ruth_flores@outlook.com;(21) 96431-9460;Bronze
HSP-088261;Agnes Löffler Bucci;634.610.875-13;F;08/01/1987;Rio de Janeiro;RJ;agnesbucci@yahoo.com.br;(11) 97824-9799;Prata
HSP-378998;Alcilene Basílio Travassos;824.837.516-10;F;02-05-2004;Curitiba;PR;alcilene.travassos@gmail.com;51961894477;Ouro
HSP-062732;Benedita Nascimento Grass;348.311.450-50;F;11-08-1987;Salvador;BA;benedita_grass30@hotmail.com;51988856370;Prata
HSP-298385;Leonilda Carta;646.848.085-05;F;1998-04-14;São Paulo;SP;leonildacarta20@uol.com.br;(31) 97234-9423;Bronze
HSP-896636;Aracelir Ambrosi Paiva;511.406.840-78;F;10/07/1970;Belo Horizonte;MG;aracelir.paiva@gmail.com;19979415664;Bronze
HSP-918901;Wanderleia Antelo;628.205.564-42;F;10.03.01;Recife;PE;wanderleia.antelo@icloud.com;(81) 98687-1084;Bronze
HSP-794879;Naimar Cassaro Grimaldi;922.105.612-05;M;2006-08-24;Salvador;BA;naimar.grimaldi@icloud.com;(81) 98368-8873;Ouro
HSP-453958;Nair Bucci Sakamoto;472.512.120-72;F;13/01/2002;Ribeirão Preto;SP;nairsakamoto@icloud.com;(61) 98867-6250;Prata
HSP-623930;Narciso Almeida Kubota;344.151.361-41;M;25/02/1998;São Paulo;SP;narcisokubota40@gmail.com;(41) 97742-1427;Bronze
HSP-094096;Péricles Arden Alzira;402.635.688-49;M;1966-05-30;Rio de Janeiro;RJ;pericles_alzira@outlook.com;(61) 96649-2545;Bronze
HSP-648512;Patrick Muniz Arafat;782.508.340-70;M;27/06/1969;Campinas;SP;patrick.arafat61@gmail.com;(51) 97836-7571;Bronze
HSP-533148;Valéria Bruno;443.374.956-73;F;17/02/1949;Niterói;RJ;valeriabruno@uol.com.br;19998299290; Bronze
HSP-482136;FAUSTINO BUSCEMI;798.968.620-10;M;27.08.03;Salvador;BA;faustino_buscemi@outlook.com;(11) 97549-8924;Diamante
HSP-599120;Jario Bianchini;986.277.028-70;M;19-10-2006;Brasília;DF;jario_bianchini71@uol.com.br;(31) 98207-4052;Bronze
HSP-986710;Evandro Aguiar;553.351.749-94;M;12-02-1955;Ribeirão Preto;SP;evandro_aguiar@yahoo.com.br;62972668041;Bronze
HSP-396960; Eleonice Aramburu Cavallini;617.240.539-06;F;17-03-1998;salvador;BA;eleonice_cavallini@hotmail.com;(41) 99438-2031;Prata
HSP-923959;Virgílio Arrighi Heller;711.539.573-02;M;25/01/1982;Campinas;SP;virgilioheller27@hotmail.com;(51) 99668-2058;Bronze
HSP-603071;Gabriela Huber Trindade;552.635.405-90;F;19/12/2002;Recife;PE;GABRIELA_TRINDADE@GMAIL.COM;(41) 97682-5071;Bronze
HSP-784344;Amaro Bertolini Ameixoeira;991.498.250-62;M;09.01.83;Ribeirão Preto;SP;amaro_ameixoeira@yahoo.com.br;(21) 97959-2261;Prata
HSP-153905;Otacílio Galvão Casagrande;066.131.212-74;M;29/05/1963;Uberlândia;MG;otaciliocasagrande@uol.com.br;(16) 99869-5171;Bronze
HSP-707828;Milice Alheiro Bonanomi;119.263.393-80;F;04/05/1998;Porto Alegre;RS;milice.bonanomi@yahoo.com.br;(61) 99979-9527;Diamante
HSP-833559;José Bertozzi Rodrigues;559.616.891-23;M;14/10/1955;São Paulo;SP;jose_rodrigues@uol.com.br;11988399996;BRONZE
HSP-076298;Enzo Machado;365.675.696-11;M;20/03/1951;Belo Horizonte;MG;enzo_machado@hotmail.com;11984266359;Prata
HSP-343730;Leonel Ardenna Echer;629.988.584-06;M;26/09/1949;São Paulo;SP;leonelecher@gmail.com;(19) 99257-6858;Bronze
HSP-383334;Leonora Castelli;499.850.308-18;F;08/05/1997;Curitiba;PR;leonora.castelli@hotmail.com;51971031968;Prata
HSP-105368;Cassio Echer;230.748.745-03;M;12/07/1984;Niterói;RJ;cassio.echer85@icloud.com;(11) 96504-1904;Bronze
HSP-169165;Perla Anísio Arcino;280.466.746-48;F;06-04-2003;Niterói;RJ;perla_arcino@hotmail.com;(31) 97461-2783;Bronze
HSP-160054;Assucena Archane Alcobia;239.858.798-34;F;17/06/1984;Salvador;BA;assucena.alcobia@yahoo.com.br;(19) 97463-6231;Bronze
HSP-248840;Armando Amiran Hack;000.953.656-64;M;20/08/2004;Belo Horizonte;MG;armando_hack24@uol.com.br;31976929265;Bronze
HSP-952336;Noriko Murta;602.869.088-08;F;23/04/1961;Uberlândia;MG;noriko_murta@yahoo.com.br;(62) 97999-4261;PRATA
HSP-916933;Liana Chierichetti Kruse;620.665.273-43;F;21/10/1985;Niterói;RJ;liana_kruse@icloud.com;19973246835;Bronze
HSP-987589;Junio  Albino Peixoto;667.156.307-12;M;12/11/2002;Uberlândia;MG;juniopeixoto@hotmail.com;(61) 99265-8370;Prata
HSP-008881;Dinamar Hopf Hofer;313.726.512-68;F;15/03/1957;Niterói;RJ;dinamar_hofer44@yahoo.com.br;(81) 98369-3279;Prata
HSP-161694;Iracema Campi;369.779.447-73;F;22/03/2003;Ribeirão Preto;SP;iracemacampi@outlook.com;(81) 96665-1719;Bronze
HSP-425691;Priscila Drumond;916.771.086-73;F;10/11/1991;Goiânia;GO;priscila_drumond@outlook.com;(16) 98464-5054;Bronze
HSP-957576;Hilton Antoniazzi Aparo;786.903.004-06;M;30/11/1965;Rio de Janeiro;RJ;hilton_aparo76@yahoo.com.br;81987642670;BRONZE
HSP-491681;Darlane Jahn;073.552.784-95;F;27-05-1985;Campinas;SP;DARLANE_JAHN@HOTMAIL.COM;(16) 98997-2036;bronze
HSP-276465;Moab Belotti Takeda;941.567.978-64;M;1959-06-21;Goiânia;GO;moab.takeda@uol.com.br;51979077672;Prata
HSP-171980;Florisvaldo Antigao Antelmo;789.177.102-20;M;18/02/1967;Brasília;DF;florisvaldo.antelmo69@yahoo.com.br;(51) 96448-3035;ouro
HSP-554245;Damilene Shimizu Batista;382.469.871-43;F;14/12/1956;Salvador;BA;damilenebatista@outlook.com;61962724669;Bronze
HSP-081853;Levi Arcola Vogt;043.612.915-94;M;11/05/1988;Salvador;BA;levivogt50@hotmail.com;81996785698;Bronze
HSP-507585;Carmem Sena Amerino;179.115.987-70;F;1961-01-23;Porto Alegre;RS;CARMEM.AMERINO@UOL.COM.BR;(41) 97184-4847;Bronze
HSP-125697;Vanderlino Cinelli Medeiros;997.968.878-51;M;26/08/1963;Brasília;DF;vanderlinomedeiros@hotmail.com;(51) 96804-9068;Prata
HSP-443277;Décio Arconti Menezes;637.108.973-00;M;08/07/1988;Uberlândia;MG;decio.menezes@icloud.com;(19) 99890-2228;Prata
HSP-032907;Rodrigo Fiedler Novais;772.187.163-85;M;16/11/1962;Curitiba;PR;RODRIGO_NOVAIS83@YAHOO.COM.BR;(62) 97087-9411; Diamante
HSP-317194;Marvaldo Shimizu Chiappetta;929.783.701-81;M;06/03/1988;Campinas;SP;marvaldo.chiappetta63@gmail.com;11994332509;Bronze
HSP-205466;Vidal Borsari Arden;452.769.662-90;M;18/03/1988;Niterói;RJ;vidalarden@hotmail.com;62967214314;Bronze
HSP-700941;Claudiane Benedetti Suzuki;378.689.433-78;F;06/11/1958;Goiânia;GO;claudianesuzuki92@yahoo.com.br;(51) 99419-6835;Bronze
HSP-528640;Iara Quintela Metzger;987.108.296-79;F;21/10/1950;Belo Horizonte;MG;iarametzger@hotmail.com;(81) 96521-6100;Prata
HSP-188731;Liarys Aoki;525.888.582-87;F;22/05/1965;Curitiba;PR;liarys.aoki@icloud.com;(51) 96243-3347;Bronze
HSP-675402;Jaco Bucci;256.809.634-93;M;26/01/1985;São Paulo;SP;jacobucci@yahoo.com.br;(61) 98359-5788;BRONZE
HSP-076153;Maíca Uehara Grahl;987.457.364-30;F;26-04-2007;Salvador;BA;maica.grahl18@uol.com.br;(19) 97153-1072;Prata
HSP-581690;Mairan Fernandes;963.669.020-03;M;08/09/1992;Campinas;SP;mairan_fernandes77@icloud.com;(41) 96756-9659;Prata
HSP-318915;Evandro Gripp;813.528.338-59;M;1957-03-29;Rio de Janeiro;RJ;evandrogripp95@outlook.com;(61) 98765-8952;Bronze
HSP-128596;Dinete Jäger Arnaldi;600.000.468-09;F;17/08/2002;Londrina;PR;dinete.arnaldi@hotmail.com;(51) 99553-2553;Ouro
HSP-730113;úrsula lenz günter;929.806.515-91;F;14/06/1988;Rio de Janeiro;RJ;ursula.gunter@gmail.com;(21) 98685-3493;Prata
HSP-947941;Anarete Garcia;954.767.192-88;F;26/02/1954;Rio de Janeiro;RJ;anarete.garcia@yahoo.com.br;(62) 99150-3474;Bronze
HSP-350401;Gilmar Furukawa Bocchi;270.653.661-62;M;29/12/1994;Ribeirão Preto;SP;gilmar.bocchi@gmail.com;(21) 99237-3242;Bronze
HSP-280195;Nobuo Reis Adão;587.474.412-67;M;08-06-1999;Niterói;RJ;nobuo_adao32@uol.com.br;(51) 96765-9645;Prata
HSP-574028;Adalberto Arduin Batista;528.592.344-11;M;26/11/1975;Campinas;SP;adalberto_batista@icloud.com;(41) 96702-2491;Bronze
HSP-808625;Bernardo Burri Ishii;319.010.762-96;M;14.06.01;São Paulo;SP;bernardo.ishii@uol.com.br;(61) 97416-7983;Bronze
HSP-049999;Elzira Battistini;212.066.326-23;F;08/08/1950;Ribeirão Preto;SP;elzira_battistini@uol.com.br;(61) 99913-9530;Bronze
HSP-292140;Elsiete Sacramento;968.328.233-47;F;24/10/1973;Goiânia;GO;elsiete.sacramento@yahoo.com.br;41977695833;Prata
HSP-478846;Teobaldo Callegari Kiefer;878.066.866-65;M;20.09.99;Goiânia;GO;teobaldo.kiefer@yahoo.com.br;(62) 98983-6799;Bronze
HSP-311508;Genar Jakob Lenz;017.958.049-39;M;24/06/1959;Belo Horizonte;MG;genar_lenz@yahoo.com.br;(11) 96893-6179;Ouro
HSP-033454;Iara Andreoni;463.295.146-31;F;09/02/1958;Ribeirão Preto;SP;iara_andreoni8@icloud.com;(31) 96834-8640;Bronze
HSP-126477;Amelie Figueira Archetti;167.497.489-29;F;1985-01-19;São Paulo;SP;ameliearchetti@uol.com.br;(41) 98312-7308;Bronze
HSP-988515;Armando Arrighi Freire;506.187.996-13;M;10-03-1995;Goiânia;GO;armando.freire36@gmail.com;(19) 98890-1609;Bronze
HSP-618520;Décio Arduno Apolonia;991.792.293-87;M;29/08/1995;Uberlândia;MG;decioapolonia@icloud.com;(81) 98213-2020;Bronze
HSP-643608;Cilinha Sena;371.819.624-77;F;19/12/1962;Salvador;BA;cilinhasena@yahoo.com.br;(61) 98897-1127;Ouro
HSP-923063;Vilma Araçatuba Ardeni;845.554.562-38;F;11-08-1975;Salvador;BA;VILMA.ARDENI9@YAHOO.COM.BR;81964015504;Bronze
HSP-770001;Evandro  Ardeal Hornburg;727.202.945-51;M;1990-06-23;Curitiba;PR;evandro_hornburg@yahoo.com.br;81990698693;Ouro
HSP-326048;Vito Campi;230.896.126-07;M;1983-05-26;Rio de Janeiro;RJ;vitocampi50@outlook.com;(61) 96379-8617;Bronze
HSP-691514;César Bruno;846.637.682-88;M;26.06.95;Curitiba;PR;cesarbruno@icloud.com;(31) 98622-6157;BRONZE
HSP-180950;Vanda Brambilla Heckmann;849.947.662-74;F;10/05/1950;Recife;PE;vanda_heckmann60@hotmail.com;(51) 98255-9886;Bronze
HSP-198592;Simone Nakashima Aparo;536.143.269-50;F;24/03/1991;Rio de Janeiro;RJ;simoneaparo@hotmail.com;(16) 99505-7916;Ouro
HSP-696111;Armindo Arcadio;547.034.899-70;M;18/07/1999;Londrina;PR;armindoarcadio12@uol.com.br;(31) 97639-6056;Bronze
HSP-222658;Maciel Afonso Seabra;739.211.219-81;M;19/09/1966;Campinas;SP;maciel_seabra60@hotmail.com;(11) 96244-2184;Bronze
HSP-196072;Ivan Agostinho Okamoto;750.750.461-18;M;19/03/1959;Campinas;SP;ivanokamoto87@hotmail.com;(51) 98017-2781;Prata
HSP-867430;Benedita Koerich;761.461.177-22;F;19/02/1989;Salvador;BA;benedita_koerich@uol.com.br;(19) 98390-4452;Bronze
HSP-769168;Franklin Arcadio;395.273.674-09;M;08/05/1950;Goiânia;GO;franklin.arcadio92@outlook.com;(61) 96003-5285;Bronze
HSP-124858;Alicia Carpinetti Murta;071.365.910-66;F;06/10/1983;Niterói;RJ;alicia_murta27@outlook.com;(61) 97063-8146;Bronze
HSP-661276;Andersa Galvão Souza;510.725.457-80;F;22.04.49;Salvador;BA;andersa.souza87@uol.com.br;(81) 96752-3377;Bronze
HSP-659125;Dagoberto Hofer Maciel;310.846.175-36;M;18/01/1961;Rio de Janeiro;RJ;dagobertomaciel@yahoo.com.br;61983314554;Prata
HSP-567555;Naiara Ambroses Altino;672.718.508-56;F;03/04/1957;Porto Alegre;RS;naiaraaltino55@hotmail.com;(61) 99088-9838;Prata
HSP-542516;Lisandro Hanauer;829.811.862-64;M;29.08.64;Ribeirão Preto;SP;lisandro_hanauer@uol.com.br;(11) 98858-2560;Prata
HSP-763206;Jalmir Bomfim;665.575.184-53;M;08/01/1990;Londrina;PR;jalmirbomfim@hotmail.com;(62) 99140-2392;Bronze
HSP-827131;Luisa Almeida;602.237.799-46;F;23/03/1971;Brasília;DF;luisa_almeida@gmail.com;(61) 99306-5188;Ouro
HSP-975699;Nair Reis Marinho;422.058.592-34;F;28/12/1950;Curitiba;PR;nair_marinho@outlook.com;(21) 96950-1099;Bronze
HSP-495090;Glenison Rego;226.808.146-06;M;19/10/1956;Niterói;RJ;glenisonrego@hotmail.com;(61) 97351-1282;Bronze
HSP-308526;Pilar Luca Arcillas;705.711.327-74;F;18/05/1950;Niterói;RJ;pilararcillas@hotmail.com;(41) 97305-7944;Bronze
HSP-109323;Mirtes Emmel Inoue;655.201.332-98;F;22.06.88;Goiânia;GO;mirtes.inoue@icloud.com;(41) 99992-8671;Diamante
HSP-814841;Nabor Melo Viotti;101.646.082-14;M;21/08/2004; Londrina;PR;naborviotti@hotmail.com;(21) 98764-3756;Bronze
HSP-373668;Jandira Gressler Ardon;767.330.229-23;F;03.03.66;Niterói;RJ;JANDIRA.ARDON@UOL.COM.BR;51998429860;Bronze
HSP-973871;Célia Bonfim Alencar;494.202.781-07;F;27/11/2004;Brasília;DF;celiaalencar@hotmail.com;61967186115;Bronze
HSP-418068;Jeicy Ascenção Dantas;567.192.012-47;F;1991-05-23;Salvador;BA;jeicy_dantas@outlook.com;(51) 96466-8248;Bronze
HSP-350713;Josevaldo Berger Alessi;349.937.269-02;M;1954-12-10;Niterói;RJ;josevaldoalessi@uol.com.br;(21) 99639-4168;Bronze
HSP-295521;Henrique Alvarengas Eichler;764.233.693-48;M;08/06/1963;Belo Horizonte;MG;henriqueeichler77@gmail.com;(51) 98963-8619;Prata
HSP-614451;Renato Amira;567.338.066-65;M;25/08/2003;Niterói;RJ;renato_amira53@icloud.com;(16) 96074-6617;Diamante
HSP-307437;Zélia Angeli Dreher;557.404.499-44;F;26/12/1974;Belo Horizonte;MG;zelia.dreher@gmail.com;11987039397;Bronze
HSP-695207;Floriano Barros Amaro;656.738.564-23;M;1955-11-30;Salvador;BA;FLORIANOAMARO@UOL.COM.BR;(11) 98980-1398;Bronze
HSP-828987;JAIME BORSARI ARCANJO;963.604.024-91;M;28/10/1976;São Paulo;SP;jaime_arcanjo@gmail.com;(16) 99695-2390;Bronze
HSP-702250;Kassia Echer Marinho;052.822.753-09;F;01.05.86;Goiânia;GO;kassia_marinho@icloud.com;(61) 99374-9487;Bronze
HSP-642913;Lena Fujita Danner;032.467.781-24;F;01/11/1979;Londrina;PR;lena_danner@icloud.com;41988943061;Prata
HSP-048769;Rosenaldo Mori Anjos;784.265.979-63;M;23/12/1980;Campinas;SP;rosenaldoanjos@outlook.com;(41) 97552-3886;Bronze
HSP-810702;Elias Cavalcante Petraglia;726.034.631-01;M;24/10/2000;Campinas;SP;elias_petraglia@gmail.com;(31) 97014-7619;Bronze
HSP-456757;Aldenira Appolonio Lorenz;017.453.883-97;F;1987-08-06;Uberlândia;MG;aldenira.lorenz12@uol.com.br;(16) 99514-6061;Bronze
HSP-922950;Juarez Pinheiro Bosio;181.021.050-03;M;11/05/1971;Campinas;SP;juarez.bosio32@uol.com.br;21966761146;Bronze
HSP-383236;Angelines Arcillas Anjinho  ;545.521.808-51;F;18/06/1953;Salvador;BA;angelinesanjinho@uol.com.br;(61) 97210-5348;Prata
HSP-259069;Alaide Ameral Hirano;109.984.527-00;F;09-07-1961;Campinas;SP;alaide_hirano95@icloud.com;(62) 98899-9785;PRATA
HSP-278129;Natan Salles Goto;048.148.539-20;M;1988-04-29;Curitiba;PR;natangoto@uol.com.br;41963369995;Bronze
HSP-249439;Leonora Castellani;730.638.556-93;F;29/05/1950;Recife;PE;leonora.castellani@gmail.com;(62) 96233-7336;OURO
HSP-841164;Crispim Friedrich;229.782.489-04;M;01.01.65;Goiânia;GO;crispim.friedrich@outlook.com;(61) 99863-6938;Prata
HSP-001659;Erich Castelli;952.807.077-91;M;11/09/1993;Uberlândia;MG;erich.castelli@gmail.com;(61) 98170-6163;Ouro
HSP-135491;Jonatan Aoki Avanzini;967.097.389-90;M;14/10/1971;Porto Alegre;RS;jonatan.avanzini@gmail.com;(21) 99127-3464;Bronze
HSP-829563;Evandro Fontes;206.357.243-75;M;18/08/2004;Goiânia;GO;evandro_fontes33@icloud.com;(62) 98304-1490;Bronze
HSP-221694;Damião Meyer Ximenes;439.117.228-34;M;28.06.66;São Paulo;SP;damiao.ximenes@yahoo.com.br;(61) 96490-9754;Bronze
HSP-565491;Jario Lima Buscemi;619.697.168-94;M;04/02/1978;Goiânia;GO;jario_buscemi@outlook.com;(51) 99892-2940;Bronze
HSP-428670;Joatan Abraão Kirst;171.027.630-42;M;09.05.54;Rio de Janeiro;RJ;joatankirst@gmail.com;(61) 97997-4697;Diamante
HSP-122488;Astolfo Primo Alessi;467.665.420-04;M;31-08-1954;Campinas;SP;astolfoalessi@yahoo.com.br;(19) 99296-5670;Prata
HSP-993710;Abigail Cavalcanti Matsuo;090.167.443-55;F;05/05/1997;Belo Horizonte;MG;abigail_matsuo@uol.com.br;(41) 97331-4253;Bronze
HSP-555669;Elsie Cilloni;135.246.247-82;F;09/11/1968;SÃO PAULO;SP;elsie.cilloni87@yahoo.com.br;16962373104;Bronze
HSP-440959;Zélia Boni Zimmer;208.969.582-05;F;01/06/1955;Brasília;DF;zeliazimmer@yahoo.com.br;(51) 98546-2715;Ouro
HSP-743790;Hilda Annecy Vargas;952.361.377-48;F;1990-05-09;Porto Alegre;RS;hilda_vargas24@outlook.com;(61) 99415-2354;bronze
HSP-596811;Kadmo  Hilbert;459.392.077-90;M;17/08/1976;Goiânia;GO;kadmo.hilbert@hotmail.com;(81) 97492-5522;Ouro
HSP-053089;Luigi Ehrlich;483.038.606-15;M;1973-11-05;Campinas;SP;luigi_ehrlich@gmail.com;(31) 98194-2920;Bronze
HSP-429050;Elias Carlini Diniz;824.336.160-00;M;02/09/1972;Salvador;BA;eliasdiniz@icloud.com;(41) 96255-3862;Ouro
HSP-791237;Jordania Jahn;383.466.117-14;F;17.03.73;Niterói;RJ;jordania_jahn@outlook.com;(41) 98151-8238;Prata
HSP-422734;Darlley Alvarengas Aquires;560.800.793-05;F;10/12/1950;Salvador;BA;darlleyaquires@hotmail.com;(31) 97162-3012;Bronze
HSP-771077;Maiara Archello;373.350.206-03;F;28-01-1998;Goiânia;GO;maiara_archello@icloud.com;(31) 99414-4296;Bronze
HSP-344255;Lothar Esteves Buscemi;488.788.738-88;M;11/12/1953;Brasília;DF;lothar.buscemi@uol.com.br;(51) 97538-7025;Bronze
HSP-201350;Amiriane Monteiro Ardani;596.816.640-19;F;04.05.95;Niterói;RJ;amiriane.ardani@uol.com.br;(81) 96235-1673;Bronze
HSP-489910;Valentim Nascimento;671.467.031-18;M;29-04-1957;Rio de Janeiro;RJ;valentim.nascimento@uol.com.br;(21) 98812-5074;Bronze
HSP-915874;Helton Matsuo Friedrich;222.170.507-61;M;20/08/1992;Niterói;RJ;helton_friedrich@uol.com.br;(11) 97093-8911;Bronze
HSP-555072;Aldaci Hermann;686.679.016-60;F;18/01/1996;Curitiba;PR;aldacihermann@yahoo.com.br;(21) 98227-2632;Bronze
HSP-284075;dinamar neto moura;266.533.067-98;F;28-09-1999;Rio de Janeiro;RJ;DINAMAR_MOURA@UOL.COM.BR;(61) 99698-5658;Bronze
HSP-688248;Dinelma Ferber Gripp;185.516.877-43;F;06/03/1961;Brasília;DF;dinelma.gripp72@outlook.com;(62) 97149-6859;Bronze
HSP-344048;Aracelir Alencastro Portela;587.342.225-70;F;09/06/1987;São Paulo;SP;aracelir.portela@yahoo.com.br;(21) 98743-9684;Bronze
HSP-089704;Fritz Henrique;183.691.248-01;M;19/02/1987;Curitiba;PR;fritzhenrique@gmail.com;(41) 99126-9076;Bronze
HSP-677722;Maneco Konno Espírito Santo;405.049.113-33;M;20/01/1985;Rio de Janeiro;RJ;manecosanto70@gmail.com;(62) 96324-4803;Bronze
HSP-996882;Kauana Schaefer Arcot;265.488.510-05;F;30/01/1994;Niterói;RJ;kauana.arcot17@gmail.com;21992544612;Bronze
HSP-216929;Augusto Yamamoto;593.487.553-15;M;04-11-2001;Goiânia;GO;augusto_yamamoto@uol.com.br;16982098330;Bronze
HSP-435486;Aldenira Bocchi;244.175.396-77;F;12/04/1968;Goiânia;GO;aldenira_bocchi@hotmail.com;19999023268;Bronze
HSP-504602;André Sakamoto;567.077.021-81;M;1977-06-03;Belo  Horizonte;MG;andre_sakamoto@outlook.com;(61) 99482-6175;Bronze
HSP-224625;Ulisses Carnevali Amil;575.431.706-98;M;06/12/1994;Ribeirão Preto;SP;ulisses_amil@hotmail.com;(19) 97987-7970;Diamante
HSP-577737;Porfirio Lutterbeck Almada;825.390.054-62;M;06/09/1966;Londrina;PR;porfirio.almada84@yahoo.com.br;11971031820;Bronze
HSP-286849;Junia Travassos;606.406.462-55;F;09/10/1992;Niterói;RJ;junia_travassos@icloud.com;19976674297;Bronze
HSP-873654;Mateus Angiolini;677.583.131-59;M;13/03/1990;Campinas;SP;mateus.angiolini@uol.com.br;(61) 99904-6502;Bronze
HSP-655664;Nadim Campi Alvinhos;113.955.434-45;M;19.03.52;Ribeirão Preto;SP;nadim.alvinhos85@icloud.com;(21) 97647-4025;Bronze
HSP-807855;Stefania Amil Duarte;728.873.605-90;F;07/08/1961;Uberlândia;MG;stefania.duarte@gmail.com;(41) 97448-4470;Bronze
HSP-150984;Juliette Archanjo;180.098.633-51;F;16/02/1978;Recife;PE;juliettearchanjo52@yahoo.com.br;(61) 98537-4686;Bronze
HSP-500556;Adlene Leite Bueno;301.924.418-84;F;17/09/1988;São Paulo;SP;adlenebueno36@uol.com.br;(31) 96622-3832;Ouro
HSP-733698;Darlley Graf;489.598.711-68;F;07/04/1978;Ribeirão Preto;SP;darlleygraf@yahoo.com.br;(81) 99314-1506;Diamante
HSP-396697;Gilberto Altino;839.497.527-57;M;27/10/1958;Brasília;DF;gilbertoaltino75@icloud.com;(11) 97149-3589;Bronze
HSP-154326;Natália Xavier Aboim;309.009.062-78;F;22.03.73;Curitiba;PR;nataliaaboim@icloud.com;(21) 99527-4707;Bronze
HSP-993228;Amílton Carvalho;730.091.646-53;M;15/04/1982;Ribeirão Preto;SP;amilton.carvalho@icloud.com;(21) 97283-6825;Bronze
HSP-228727;Renan Arcie Lemke;362.190.361-58;M;26/09/1965;Niterói;RJ;renanlemke@outlook.com;(51) 96919-9327;Bronze
HSP-266149;Alicia Ardeal;634.596.263-56;F;1968-06-10;Rio de Janeiro;RJ;alicia_ardeal@icloud.com;41973623052;Bronze
HSP-843970;Yoshio Kimura Calvani;965.459.254-15;M;08/04/1960;Niterói;RJ;yoshio_calvani@icloud.com;21978558062;Bronze
HSP-228540;Nair Aparicio Bordonaro;059.482.706-02;F;01/06/1964;Rio de Janeiro;RJ;nairbordonaro@uol.com.br;(16) 98674-2831;Diamante
HSP-391850;Damião Archanno Kinoshita;646.028.836-48;M;03/10/1961;Rio de Janeiro;RJ;damiaokinoshita@uol.com.br;(19) 96154-2464;prata
HSP-269960;Janara Bussolini;869.675.044-60;F;20/10/1951;Belo Horizonte;MG;janara_bussolini@icloud.com;(41) 98905-1840;Bronze
HSP-075142;Elmir Borges;809.988.953-34;F;15/07/1961;Salvador;BA;elmir_borges@yahoo.com.br;(19) 98556-4394;Prata
HSP-574868;Argemiro Franke Braga;600.542.518-85;M;28/12/1974;São Paulo;SP;argemirobraga@uol.com.br;(81) 96207-6735;Prata
HSP-258669;Natália Shimizu Alcantara;918.149.835-70;F;21.12.83;Goiânia;GO;natalia.alcantara@hotmail.com;(19) 99149-6790;Bronze
HSP-406674;Junio Annunziata Teixeira;810.881.305-00;M;1952-07-08;Porto Alegre;RS;junio_teixeira35@gmail.com;(11) 96038-4303;Bronze
HSP-982151;Volmar Arantes Jost;514.243.294-00;M;09/08/2000;Rio de Janeiro;RJ;volmar.jost@hotmail.com;62988296025;Bronze
HSP-339497;Ettore Feiler Avanzini;419.735.718-46;M;18/07/1958;Belo Horizonte;MG;ettoreavanzini@hotmail.com;62975194368;Prata
HSP-106289;Jacinto Dantas;878.970.874-17;M;22/04/1976;Recife;PE;jacinto_dantas@outlook.com;(11) 99459-1153;Bronze
HSP-620952;Elvira Battaglini Ebling;111.508.248-59;F;12/06/1973;niterói;RJ;elvira_ebling@icloud.com;(21) 97216-2285;Bronze
HSP-592877;Adjanira Fischmann Gasser;747.355.878-10;F;25/04/1962;Salvador;BA;ADJANIRAGASSER@YAHOO.COM.BR;19979632278;Bronze
HSP-520758;Afrânea Canellas Abrunhosa;753.045.370-09;F;05/01/1957;Salvador;BA;afranea_abrunhosa86@yahoo.com.br;(21) 96870-2243;Bronze
HSP-065796;Adjanira Kühn Anibal;793.075.047-76;F;13/09/1970;Rio de Janeiro;RJ;adjanira_anibal@gmail.com;(81) 98617-8185;Bronze
HSP-480667;Liz Calvani;159.593.185-63;F;10-05-1996;Niterói;RJ;liz_calvani@icloud.com;(21) 98440-8269;Diamante
HSP-585321;Carmelita Canellas Burini;762.108.974-10;F;26/05/1967;Uberlândia;MG;carmelitaburini@outlook.com;(51) 99609-3740;Bronze
HSP-287671;Jaci Cipollone Amiraldo;904.771.867-42;M;1996-10-26;Ribeirão Preto;SP;jaci.amiraldo46@icloud.com;19967187201;Bronze
HSP-908602;Vilmar Arconti Zerbini;713.641.254-47;M;03/10/1999;CURITIBA;PR;vilmar.zerbini@outlook.com;(11) 98140-2854;Ouro
HSP-256734;Anairdes Tsuda Menezes;385.252.747-39;F;12/01/1965;Uberlândia;MG;anairdes.menezes@outlook.com;19973478397;Diamante
HSP-663454;Yoshio Arconi;930.608.981-38;M;11/06/1966;Salvador;BA;yoshioarconi77@hotmail.com;(62) 96692-7914;Bronze
HSP-599907;Neomício Bianconi Vasconcellos;212.446.416-77;M;19/08/1977;Uberlandia;MG;neomicio.vasconcellos@yahoo.com.br;(81) 98686-5387;Bronze
HSP-405866;Karla Aguilar Baldini;422.897.434-10;F;2004-11-15;Uberlândia;MG;karla_baldini@hotmail.com;81977402592;Prata
HSP-058504;Kurt Bonato;224.165.673-90;M;15.06.72;Recife;PE;kurtbonato@icloud.com;19982651195;Bronze
HSP-163161;Claudiane Lima;383.312.467-99;F;18/09/1992;Brasília;DF;claudiane_lima@yahoo.com.br;(41) 99333-8177;Bronze
HSP-295163;Lucas Adorno Bohm;813.221.249-57;M;1949-08-02;Londrina;PR;lucas_bohm87@hotmail.com;(81) 98324-1403;Bronze
HSP-286399;Josias Bartoloni Liebich;952.778.340-28;M;1979-07-18;Campinas;SP;josias_liebich@yahoo.com.br;19974401923;Bronze
HSP-114032;Clarita Brambilla Aldrovandi;152.717.767-00;F;13/12/1959;Rio de Janeiro;RJ;clarita_aldrovandi@yahoo.com.br;(31) 99314-1629;Prata
HSP-286533;Eulalio Chagas Hilbert;047.962.625-12;M;10/11/1956;São Paulo;SP;eulalio_hilbert@uol.com.br;(16) 97666-2982;Bronze
HSP-687798;Naires Pinheiro Anísio;281.087.176-04;F;13/03/1957;Brasília;DF;nairesanisio@gmail.com;(61) 97620-6263;Bronze  
HSP-241967;Joliele Santoro;363.177.626-86;F;08/06/1969;Rio de Janeiro;RJ;joliele.santoro67@hotmail.com;(61) 99247-8797;Diamante
HSP-038839;Gloria Soares Ameixial;469.575.552-16;F;11/12/2001;Salvador;BA;gloria_ameixial@yahoo.com.br;19970422117;Bronze
HSP-684673;Lia Lopes Aquires;174.388.180-04;F;2001-04-03;Recife;PE;lia_aquires@gmail.com;(81) 97352-7545; Bronze
HSP-689858;Marceliano Calvani Feldmann;516.617.596-45;M;10/01/1994;Belo Horizonte;MG;marceliano.feldmann@gmail.com;(41) 97676-5500;Diamante
HSP-930697;Nailton Agostinho Falcão;327.275.142-47;M;13.02.53;Ribeirão Preto;SP;nailton.falcao@outlook.com;(51) 97802-9541;Bronze
HSP-303035;Ettore Apuzzo Kohlmann;421.700.018-91;M;1975-07-31;Ribeirão Preto;SP;ettorekohlmann@outlook.com;(16) 98880-6662;Bronze
HSP-016231;Julieth Serra Queiroz;962.868.604-60;F;29-08-1948;Goiânia;GO;julieth_queiroz78@icloud.com;(81) 99859-9138;Bronze
HSP-335813;Damiane Marchetti;788.158.141-75;F;05.04.57;Campinas;SP;DAMIANE.MARCHETTI@UOL.COM.BR;(31) 99895-7365;Prata
HSP-546172;Jaqueline Hamann Michel;804.873.405-23;F;15/07/1969;Porto Alegre;RS;jaqueline_michel@yahoo.com.br;81989029578;Bronze
HSP-113051;Damira Ascenção Aparo;802.982.516-12;F;31/05/1971;Curitiba;PR;damiraaparo@hotmail.com;(62) 96339-7463;Bronze
HSP-977288;Poliana Takeda;012.834.492-00;F;04.12.51;Salvador;BA;poliana.takeda@icloud.com;(41) 99485-2091;Bronze
HSP-958324;Jarbas Sakamoto;985.196.528-67;M;16/09/2005;Niterói;RJ;jarbas_sakamoto37@gmail.com;19971229005;Bronze
HSP-827955;Claudiane Araujo Yamaguchi;950.001.596-08;F;01/05/1956;Recife;PE;claudianeyamaguchi@icloud.com;(61) 97096-2360;Bronze
HSP-543313;Nildo Aragoni;264.377.157-58;M;20/09/1955;GOIÂNIA;GO;nildoaragoni@uol.com.br;(81) 96944-9136;Bronze
HSP-909398;Rodolfo Mori Nonato;947.693.257-03;M;10/06/1972;NITERÓI;RJ;rodolfo.nonato@outlook.com;(51) 99184-1500;Bronze
HSP-057559;Josevaldo Queirós Ardena;253.523.484-07;M;23.02.60;Rio de Janeiro;RJ;josevaldo_ardena@icloud.com;(21) 96600-5271;BRONZE
HSP-715493;Lariene Goto Ameixoeira;052.843.044-03;F;05/03/1951;Salvador;BA;lariene.ameixoeira@outlook.com;(31) 97127-7858;Prata
HSP-659927;Stefania Saraiva;185.437.826-00;F;27/01/1987;São Paulo;SP;STEFANIASARAIVA84@UOL.COM.BR;(51) 99215-6612;Bronze
HSP-064664;Laudivino Ardao Fiedler;676.024.401-02;M;04/11/1990;Niterói;RJ;laudivino.fiedler@outlook.com;(41) 96733-1790;Ouro
HSP-194585;Anaís Aldrovandi Rodrigues;415.056.828-60;F;15-09-1964;Belo Horizonte;MG;anais_rodrigues@gmail.com;(16) 97029-9749;Bronze
HSP-316253;Rosmary Alcantara Heller;208.172.755-25;F;30/07/1974;Salvador;BA;rosmary.heller@uol.com.br;(41) 98420-6085;Prata
HSP-928019;Iêdo Huber Accorsi;139.511.673-35;M;09/12/1986;Uberlândia;MG;iedo_accorsi86@uol.com.br;(16) 97765-3889;Bronze
HSP-732626;Rayan Campelo;758.437.402-69;M;26/05/1983;Porto Alegre;RS;rayancampelo@uol.com.br;(11) 97555-3074;Ouro
HSP-153981;Deusdedit Sousa;304.514.246-03;M;19.04.77;Salvador;BA;deusdeditsousa@yahoo.com.br;21961527563;Bronze
HSP-356081;Célia Bussolini;291.974.269-89;F;01/10/1974;Recife;PE;celia_bussolini10@gmail.com;(16) 98815-3233;Bronze
HSP-551845;Alisson Löffler Jung;718.036.313-84;M;02/08/1986;São Paulo;SP;alissonjung78@hotmail.com;(21) 99153-1704;Diamante
HSP-180309;Jefferson Alfonsin Zimmer;714.898.153-09;M;20/10/1950;Salvador;BA;jefferson.zimmer14@gmail.com;16987814757;Prata
HSP-481851;Carla Angiolini Amaral;940.496.365-81;F;01-05-2005;Niterói;RJ;carlaamaral90@uol.com.br;(31) 98541-1107;Prata
HSP-865133;Edvaldo Amevo;508.562.455-69;M;10/09/2006;Brasília;DF;edvaldo_amevo12@icloud.com;11985231593;Bronze
HSP-502496;Lourdes Alarcão Hammes;275.458.143-04;F;15/03/1979;Brasília;DF;lourdes.hammes@hotmail.com;(41) 99140-5697;Bronze
HSP-748464;Lorenza Anísio Sales;785.557.605-34;F;22/01/1983;Salvador;BA;lorenzasales@uol.com.br;(21) 97855-7357;Bronze
HSP-291593;Marconi Reis;806.459.963-60;M;20/06/1972;Recife;PE;marconi.reis@uol.com.br;(16) 98616-2877;Bronze
HSP-814773;Liara Alcobia Ardeal;605.055.814-00;F;25/05/1990;Rio de Janeiro;RJ;liaraardeal@icloud.com;(21) 96636-4013;Bronze
HSP-059362;Evangelina Mori Franzen;028.910.411-43;F;07-08-1961;Belo Horizonte;MG;evangelina.franzen@uol.com.br;(31) 98406-4237;Bronze
HSP-707224;Malvina Amira Cirelli;260.808.287-40;F;18/08/2004;Uberlândia;MG;malvina.cirelli@uol.com.br;(62) 97510-7592;Ouro
HSP-411938;Amiele Hausmann Cinelli;695.800.048-03;F;04.12.59;Ribeirão Preto;SP;amielecinelli@gmail.com;(19) 98285-6834;Prata
HSP-489172;Adriana Glock Ardenna;973.308.689-49;F;13-02-2000;Campinas;SP;adriana.ardenna@yahoo.com.br;(16) 98836-1837;Bronze
HSP-352463;Rosmary Arder Henrique;945.974.145-25;F;1954-10-03;Recife;PE;rosmary.henrique@hotmail.com;(19) 97491-2757;Bronze
HSP-509828;Elsiete Cavalli Bonetti;202.463.383-85;F;21/04/1977;Curitiba;PR;elsiete.bonetti@hotmail.com;62985788656;Bronze
HSP-147843;Edmar  Ardiles;875.862.857-64;M;17.07.84;Recife;PE;edmar_ardiles13@gmail.com;(19) 97145-8347;Bronze
HSP-884795;Alessandra Fischer;998.090.750-90;F;1969-04-13;Belo Horizonte;MG;alessandra_fischer@icloud.com;(41) 96396-6997;Bronze
HSP-322857;Aline Krause Luz;301.160.641-29;F;09-07-2001;Goiânia;GO;aline_luz@uol.com.br;(21) 98716-5033;Bronze
HSP-954579;Elionarda Lüdtke Bonetti;831.608.874-64;F;01/02/2001;Uberlândia;MG;elionarda_bonetti@outlook.com;(21) 98141-8378;Bronze
HSP-418458;Adilza Frank Ambrosio;355.889.053-18;F;29/08/1966;Curitiba;PR;adilza.ambrosio43@yahoo.com.br;(61) 98495-8862;Bronze
HSP-683103;Joice Americo Takahashi;589.023.702-08;F;16/04/1972;Niterói;RJ;joice_takahashi34@icloud.com;(21) 99515-9323;Bronze
HSP-918976;Kendall Hirano Agueda;867.149.169-22;F;26-08-1954;PORTO ALEGRE;RS;kendall_agueda@icloud.com;(11) 96363-6967;Bronze
HSP-579164;Edite Lacerda;051.795.892-90;F;10/05/1998;Ribeirão Preto;SP;EDITE.LACERDA@ICLOUD.COM;16975006868;Diamante
HSP-689717;Fausto Kaiser Quintela;776.640.072-32;M;23/11/2002;Niterói;RJ;fausto.quintela22@icloud.com;31974029829;Prata
HSP-361143;Cordelia Amazónia;048.680.498-44;F;17/05/1961;Rio de Janeiro;RJ;cordelia_amazonia@icloud.com;(61) 96098-5763;Bronze
HSP-494649;Fausto Menezes Antipas;593.006.177-70;M;06/02/2001;Rio de Janeiro;RJ;faustoantipas@outlook.com;(51) 97045-7042;Bronze
HSP-374925;Floriano Benedetti;158.430.131-70;M;1989-05-04;São Paulo;SP;floriano.benedetti71@yahoo.com.br;51967393140;Bronze
HSP-312521;Analice  Arão Bassetti;488.074.488-31;F;01/07/1994;Porto Alegre;RS;analice.bassetti23@yahoo.com.br;19969518365;Ouro
HSP-669822;Oneide Santoro Ebling;145.299.991-06;F;1950-07-08;SÃO PAULO;SP;oneide_ebling1@gmail.com;(51) 98679-1506;Diamante
HSP-579945;Ruth Amernes Langer;186.561.403-37;F;14/11/1948;Londrina;PR;ruth_langer34@gmail.com;(19) 99546-1448;Bronze
HSP-785989;Eulalio Agostini;697.121.069-77;M;29/06/1957;Porto Alegre;RS;eulalioagostini@hotmail.com;(61) 97905-8418;Prata
HSP-084523;Benjamin Amilde Bardini;307.110.252-66;M;28/03/1984;RIBEIRÃO PRETO;SP;benjaminbardini@outlook.com;16987474585;Bronze
HSP-767732;Airan Angiolini Cipolla;657.846.662-23;F;22/03/1967;Campinas;SP;AIRAN_CIPOLLA9@HOTMAIL.COM;51961942772;Bronze
HSP-925432;Otacílio Gasser Brambilla;752.335.549-84;M;16/05/1986;Salvador;BA;otaciliobrambilla@gmail.com;(62) 97556-8597;Bronze
HSP-683635;Karen Aranzales;153.276.395-68;F;14/12/1989;Belo Horizonte;MG;karen_aranzales@outlook.com;(21) 97116-3201;Bronze
HSP-311725;Gelson Carta;436.611.358-99;M;20/05/1962;Londrina;PR;gelsoncarta@icloud.com;62982585480;Bronze
HSP-964376;Eliziene Ardissone Yoshida;890.011.181-78;F;10/04/2005;Porto Alegre;RS;ELIZIENEYOSHIDA4@OUTLOOK.COM;(31) 98217-6497;Bronze
HSP-565485;Erick Sales Couto;808.745.634-37;M;29.03.68;São Paulo;SP;erick_couto@hotmail.com;16966854925;Bronze
HSP-236411;Ian Bardini Correia;421.782.771-79;M;25/03/1988;Brasília;DF;ian.correia@icloud.com;(11) 99438-2300;Bronze
HSP-262026;Marcos Ebert Brandao;334.622.642-57;M;18/03/2000;Rio de Janeiro;RJ;marcos_brandao5@icloud.com;(21) 99362-8920;Bronze
HSP-922283;Nina Archela Coelho;076.280.995-72;F;04/01/1984;Curitiba;PR;nina_coelho18@outlook.com;51960405834;Bronze
HSP-475545;Cleusa Flores Vieira;781.164.902-06;F;22.08.94;São Paulo;SP;cleusa_vieira@uol.com.br;41990419351;Bronze
HSP-498247;Sachiko Andreis Ardaillon;727.573.182-76;F;05/11/1948;Brasília;DF;sachikoardaillon@gmail.com;(41) 96304-4668;Bronze
HSP-849989;Mainardo Magalhães Suzuki;222.544.639-34;M;24/05/1993;Recife;PE;mainardo_suzuki@hotmail.com;(81) 98850-3227;Prata
HSP-839089;Amiranda Drumond Aragão;598.449.679-88;F;1972-10-15;Salvador;BA;AMIRANDA_ARAGAO@OUTLOOK.COM;16964367584;Bronze
HSP-734657;Yumi Jäger Antelo;098.890.815-80;F;09.10.81;Ribeirão Preto;SP;yumi_antelo49@icloud.com;(51) 96241-4297;Prata
HSP-976038; Juberto Hopf Schaefer;551.495.722-50;M;22/02/1969;Rio de Janeiro;RJ;jubertoschaefer5@icloud.com;(61) 98542-7872;Ouro
HSP-854795;Egídio Horn;673.148.124-62;M;16/05/2000;Salvador;BA;egidio_horn@uol.com.br;(61) 99633-7979;Bronze
HSP-333881;Egídio Vieira Espírito Santo;190.536.263-36;M;10/05/2003;Rio de Janeiro;RJ;egidiosanto@hotmail.com;(62) 97333-8049;BRONZE
HSP-432959;Linério Barreto Hermann;011.707.821-24;M;02/07/1976;Rio de Janeiro;RJ;linerio.hermann@yahoo.com.br;(51) 96984-8107;Bronze
HSP-634614;Renoir Gruber Nóbrega;258.871.322-05;M;05-11-1965;Curitiba;PR;renoirnobrega@outlook.com;31986699457;Bronze
HSP-896223;Márcio Kiefer Nakajima;448.391.730-79;M;11/05/2001;Curitiba;PR;marcio.nakajima@icloud.com;61987758919;Bronze
HSP-496220;Kézzia  Castilho Castellani;966.829.273-12;F;01/03/1979;Campinas;SP;kezzia.castellani@yahoo.com.br;(41) 99014-4925;Bronze
HSP-794596;Heloísa Bardini Cattaneo;900.974.993-23;F;28-06-1978;Goiânia;GO;heloisa_cattaneo73@hotmail.com;16996161938;Ouro
HSP-732222;Greta Prado;466.117.716-97;F;1972-02-27;Brasília;DF;greta.prado24@outlook.com;(62) 99998-3542;Prata
HSP-177414;Tibério Accorsi Araújo;255.483.152-18;M;20/03/1963;Rio de Janeiro;RJ;tiberioaraujo28@gmail.com;(21) 96392-9005;Bronze
HSP-752618;Jeiara Carneiro Cirelli;866.800.156-69;F;11/02/2002;Porto Alegre;RS;jeiara.cirelli28@yahoo.com.br;(16) 96075-2683;Bronze
HSP-784330;Adiná Apuzzo Sardinha;101.799.207-07;F;20/03/2006;Londrina;PR;adina_sardinha63@yahoo.com.br;31985458688;Bronze
HSP-331130;Sônia Bassetti;288.452.969-11;F;03.01.50;Uberlândia;MG;soniabassetti65@uol.com.br;(51) 98042-3948;Bronze
HSP-740429;Leonarda Kubota Farias;381.697.507-09;F;18/03/1991;Salvador;BA;leonardafarias66@uol.com.br;(19) 99501-6655;Bronze
HSP-827691;Juliene Arcidiacono Garcia;975.339.688-08;F;09/02/1989;RIBEIRÃO PRETO;SP;juliene_garcia7@hotmail.com;61976309620;Bronze
HSP-640485;Benjamin Mende Menezes;632.775.405-88;M;30/03/1956;Brasília;DF;benjamin_menezes@gmail.com;62985954175;Bronze
HSP-563325;Joliane Oliveira Baglietto;289.709.268-87;F;13/02/1996;Brasília;DF;jolianebaglietto@gmail.com;(31) 98711-2479;Diamante
HSP-869978;Leocádio Amira Ambroses;578.650.952-44;M;16/11/1987;Porto Alegre;RS;leocadio_ambroses@hotmail.com;(11) 99491-9665;Prata
HSP-908214;Lorenzo Cavalcanti;009.103.128-18;M;12/06/1958;Belo Horizonte;MG;lorenzo.cavalcanti@icloud.com;(31) 98434-5973;Bronze
HSP-962425;damiela holzschuh sena;318.634.555-31;F;12-02-1971;Rio de Janeiro;RJ;damiela_sena@gmail.com;19996761573;Bronze
HSP-495559;Eloise Hartmann;901.176.215-01;F;05/02/2007;Curitiba;PR;eloisehartmann@hotmail.com;21971306248;bronze
HSP-236371;Wesley Brunetti Flores;812.749.939-03;M;04/06/1995;Porto Alegre;RS;wesley.flores@gmail.com;11990212585;Prata
HSP-848273;Inácio Capraro Guimarães;779.526.890-02;M;06/09/1998;Uberlândia;MG;inacioguimaraes@hotmail.com;(19) 99390-9380;Bronze
HSP-556502;Duílio Rego Bonato;198.170.015-39;M;20/05/1991;Goiânia;GO;duiliobonato74@icloud.com;(16) 97834-1141;Bronze
HSP-965809;Ardósia Carli Bertolazi;738.914.550-11;F;27/03/1984;Ribeirão Preto;SP;ardosia_bertolazi@icloud.com;(51) 98626-3621;Bronze
HSP-595371;Isaías Capelli Linke;924.209.042-57;M;27/08/1993;Curitiba;PR;isaiaslinke@uol.com.br;(51) 96954-3885;Bronze
HSP-412923;Plínio Ota Amilde;332.788.459-51;M;23/06/1964;São Paulo;SP;plinio.amilde2@yahoo.com.br;(81) 98708-8987;Bronze
HSP-925755;Jarina Ebert Quintela;640.069.646-68;F;1963-09-13;Porto Alegre;RS;jarinaquintela53@outlook.com;(51) 98724-3241;Bronze
HSP-239003;Uwe Aguiar;177.578.612-92;M;12/05/1949;Uberlândia;MG;uwe.aguiar@icloud.com;(62) 99907-8408;Bronze
HSP-808821;Fumiko Kannenberg;625.378.630-03;F;08.01.03;Recife;PE;fumiko_kannenberg81@icloud.com;41991963031;Bronze
HSP-827103;Josimara Aranzales Michel;586.491.705-28;F;15/12/2002;Goiânia;GO;josimaramichel@hotmail.com;11979782543;Bronze
HSP-651276;Amisabel Galvão;397.303.105-30;F;09/12/1951;São Paulo;SP;amisabel.galvao@yahoo.com.br;62963436091;Ouro
HSP-288742;larisa gama gomes;424.382.244-10;F;1973-02-17;Salvador;BA;larisa.gomes@outlook.com;(21) 99970-7139;Bronze
HSP-363936;Lino Campelo Cunha;654.311.309-00;M;03/09/1991;Uberlândia;MG;LINO_CUNHA@YAHOO.COM.BR;16972062023;Ouro
HSP-107200;Robevaldo Vilela Seabra;230.504.782-76;M;19/05/1975;Goiânia;GO;robevaldo_seabra@outlook.com;61978974289;Bronze
HSP-463559;Brenda Ebert Pinheiro;519.917.737-06;F;08/09/1968;Londrina;PR;brenda_pinheiro@yahoo.com.br;(31) 97511-4357;Bronze
HSP-821823;Elionira Cella;608.604.899-14;F;02/03/1967;Porto Alegre;RS;elionira_cella10@uol.com.br;(61) 96360-5814;Bronze
HSP-235687;Joice Anghetti Kaminski;349.316.755-57;F;08/02/1953;Goiânia;GO;joicekaminski27@icloud.com;(21) 99798-1013;Bronze
HSP-349277;junio aldrovandi accorsi;789.880.196-28;M;18/11/1974;Recife;PE;junio.accorsi13@outlook.com;(31) 99939-2686;Bronze
HSP-822887;Nilson Borsari Carli;112.596.679-36;M;12-12-1982;São Paulo;SP;nilsoncarli@gmail.com;(21) 96866-4131;Ouro
HSP-792559;Alcione Lacerda;577.897.761-18;F;1988-01-26;Recife;PE;alcione.lacerda@yahoo.com.br;(61) 96462-5205;Bronze
HSP-408097;Deivid Figueira Pereira;366.206.661-08;M;17/11/1955;São Paulo;SP;deivid.pereira@gmail.com;(21) 96376-8389;Bronze
HSP-697242;Gertrude Petraglia;011.060.030-47;F;18/03/1962;Uberlândia;MG;gertrudepetraglia@outlook.com;(81) 97939-4667;Bronze
HSP-335927;Viviane Garcia Xavier;222.665.098-96;F;14/07/1982;Niterói;RJ;viviane.xavier82@icloud.com;(11) 99337-6814;Bronze
HSP-245542;Karla Cilloni Aragones;351.200.451-20;F;08-03-2004;Londrina;PR;karla_aragones@icloud.com;62972664627;Ouro
HSP-734622;Augoura Aguilar Heckmann  ;278.911.745-47;F;22/04/1958;Londrina;PR;augoura_heckmann67@outlook.com;(21) 96674-1375;Bronze
HSP-737495;Amadja Capelli;541.321.460-06;F;1989-10-06;Goiânia;GO;amadja_capelli@gmail.com;(62) 99444-5666;Bronze
HSP-845848;Iarley Bertolini Archave;054.767.445-76;M;10/06/1974;Niterói;RJ;iarley.archave65@yahoo.com.br;(16) 98131-3066;Bronze
HSP-579686;Gino Schaefer;051.717.573-80;M;14/08/1949;SALVADOR;BA;gino.schaefer25@yahoo.com.br;21968089531;Diamante
HSP-149679;Dagoberto Soares;627.562.952-56;M;11/09/2002;Ribeirão Preto;SP;dagoberto.soares@icloud.com;51965184633;Bronze
HSP-801603;Romano Cagnotti Feiler;817.311.601-60;M;23/10/1993;Uberlândia;MG;romanofeiler@outlook.com;11991154105;Bronze
HSP-153776;Núbia Lenz;498.755.281-70;F;26-01-1959;São Paulo;SP;nubia.lenz@icloud.com;81968602776;Ouro
HSP-102954;Jeanderson Kohlmann Bertolini;685.038.504-60;M;24/02/1974;Porto Alegre;RS;jeanderson_bertolini@uol.com.br;(19) 98675-1801;Diamante
HSP-100616;Théo Krause;893.960.733-34;M;27.01.89;Ribeirão Preto;SP;theo.krause54@icloud.com;(19) 96294-5333;Bronze
HSP-156858;Erick Loureiro Galvão;421.711.522-90;M;14/04/2004;Curitiba;PR;erick.galvao69@icloud.com;(51) 96369-6989;BRONZE
HSP-889378;Kazuo Heller Gruber;425.475.957-61;M;1975-04-15;Londrina;PR;kazuo_gruber75@hotmail.com;(81) 99146-9907;Diamante
HSP-158110;Soraiane Altino;624.585.224-24;F;02.02.78; Salvador;BA;soraianealtino56@yahoo.com.br;31962139994;Ouro
HSP-900484;Magnaldo Alheiro Cirelli;591.940.669-06;M;21.07.48;Londrina;PR;magnaldo_cirelli5@outlook.com;61975563493;Prata
HSP-254163;Carmelinda Aparicio Bertoni;155.388.469-89;F;30/09/1957;Belo Horizonte;MG;carmelindabertoni@icloud.com;41981395804;Bronze
HSP-449161;Adlene Freyer Anjinho;761.586.504-20;F;20/02/1992;Niterói;RJ;adleneanjinho@yahoo.com.br;11997198320;Bronze
HSP-947263;Jonalvo Cecchetti Campos;405.602.018-34;M;2006-06-15;Campinas;SP;JONALVO_CAMPOS69@OUTLOOK.COM;(19) 97339-2020;Bronze
HSP-623991;Jânio Bonanomi Aldeia;030.703.088-13;M;16/04/1976;São Paulo;SP;janioaldeia36@icloud.com;(31) 96954-6077;Bronze
HSP-345796;Álvaro Kunz Bonanomi;365.477.460-11;M;22/09/1954;Goiânia;GO;alvaro.bonanomi@icloud.com;(11) 98291-5376;Ouro
HSP-634139;Narciso Azambuja;253.009.584-17;M;28/04/1951;Brasília;DF;narciso.azambuja93@outlook.com;51985372117;Prata
HSP-260926;Alvanete Gatto;253.058.135-57;F;26-02-1966;Salvador;BA;alvanete_gatto24@icloud.com;(19) 99221-5518;Bronze
HSP-936763;Thiago Arafat Arrighi;806.664.306-32;M;19.07.48;Goiânia;GO;thiago_arrighi63@outlook.com;(11) 96609-8808;Ouro
HSP-554923;Naila Jakob;848.911.661-00;F;23/12/1998;Rio  de Janeiro;RJ;naila_jakob36@icloud.com;(16) 97193-3919;Bronze
HSP-080509;Adriano Aralho Silveira;102.023.492-09;M;11.11.89;Curitiba;PR;adriano_silveira89@yahoo.com.br;(21) 98248-4733;Prata
HSP-585762;Wanderlei Lang Viotti;840.078.269-00;M;04/05/1955;Goiânia;GO;wanderlei.viotti@icloud.com;41966985231;Ouro
HSP-618502;Cauê Pires;453.421.055-87;M;13/11/2002;Ribeirão Preto;SP;cauepires@uol.com.br;(21) 96290-9718;Bronze
HSP-142206;HELTON BERTOLUCCI;404.380.755-44;M;1975-06-30;São Paulo;SP;helton_bertolucci@gmail.com;(61) 99124-6930;Bronze
HSP-430170;Josimara Bohm Campigotto;341.916.288-01;F;10/08/1994;Porto Alegre;RS;josimara_campigotto29@outlook.com;(16) 99095-6504;Bronze
HSP-014262;Caio Amil Rodrigues;961.930.020-30;M;17.09.98;Goiânia;GO;caio_rodrigues@yahoo.com.br;(51) 97825-4394;Bronze
HSP-767820;Jara Andrade;170.723.089-70;F;09/09/1958;Londrina;PR;jara_andrade@yahoo.com.br;(31) 98540-9411;Bronze
HSP-362204;Vicente Kinoshita Alcobia;503.602.919-45;M;21/07/1990;Goiânia;GO;vicente.alcobia87@gmail.com;(31) 97907-2058;Diamante
HSP-747385;Tiago Alegria Calvani;652.343.040-51;M;10.10.83;Uberlândia;MG;tiago_calvani@hotmail.com;(61) 99005-3372;Bronze
HSP-176124;Midori Basílio Almeida;958.185.012-05;F;05/06/1974;Belo Horizonte;MG;midori.almeida@uol.com.br;81998543803;Bronze
HSP-887825;Davi Anghetti Canellas;842.936.317-39;M;12/02/2006;Salvador;BA;davicanellas@icloud.com;(21) 98326-8794;Prata
HSP-098965;Bruno Brandt;990.567.985-53;M;16/03/2001;Ribeirão Preto;SP;brunobrandt@outlook.com;(81) 96242-9161;Bronze
HSP-684220;Georgina  Danner Bezerra;663.313.933-07;F;29/10/1990;Curitiba;PR;georgina_bezerra10@yahoo.com.br;(81) 98237-5797;Bronze
HSP-393231;Naiara Antolini Aramis;241.759.164-23;F;26/04/1989;Goiânia;GO;naiaraaramis@icloud.com;(81) 99441-8589;Bronze
HSP-179514;Anchieta Bohm Vieira;947.262.163-50;M;05/09/2002;Niterói;RJ;anchieta.vieira60@yahoo.com.br;(21) 97442-8570;Bronze
HSP-372018;Adrieli Engelhardt Arcot;945.296.724-25;F;12/05/1987;Campinas;SP;adrieliarcot84@yahoo.com.br;11963336071;Bronze
HSP-768788;Ingo Chaves Leite;890.669.046-07;M;26/11/1992;Uberlândia;MG;ingo.leite@yahoo.com.br;(51) 96850-2005;Bronze
HSP-464969;Analícia Archave Okamoto;576.067.001-84;F;07/12/1952;Uberlândia;MG;analicia.okamoto@uol.com.br;11960893349;Ouro
HSP-905166;Tereza Amiles;334.365.947-92;F;04/01/2000;Niterói;RJ;tereza.amiles16@icloud.com;(19) 96753-4834;Prata
HSP-542696;Aumira Fiedler Luca;685.749.452-50;F;29/06/1951;Salvador;BA;aumiraluca@icloud.com;(31) 97308-1777;Bronze
HSP-691413;Salomão Klein Abe;797.729.898-83;M;2003-10-05;Goiânia;GO;salomao_abe53@uol.com.br;(41) 99306-8877;Bronze
HSP-872034;Amireh Ardon Hermann;858.393.134-83;F;27/06/1955;Belo Horizonte;MG;amireh.hermann51@gmail.com;(16) 98728-4268;Prata
HSP-060395;Darlley Friedrich;028.807.338-04;F;06.08.72;São Paulo;SP;darlley.friedrich@icloud.com;11971521793;Bronze
HSP-141671;Elizete Bohm Boaventura;575.744.582-35;F;23/07/1997;Brasília;DF;ELIZETE_BOAVENTURA@YAHOO.COM.BR;(51) 96702-4658;Prata
HSP-523063;Damiela Ramos;946.878.713-30;F;18/06/1986;Curitiba;PR;damielaramos@gmail.com;41987779552;Bronze
HSP-389762;Anadir Angiolini;096.672.162-41;F;25.03.72;Brasília;DF;anadir_angiolini@uol.com.br;(61) 97830-9801;Ouro
HSP-095406;Adenir Hayashi Engler;265.284.615-97;F;21/10/1975;Goiânia;GO;adenirengler@outlook.com;(41) 98353-2966;Bronze
HSP-465994;Josivaldo Oliveira;822.655.999-56;M;29/09/1974;Brasília;DF;josivaldo.oliveira14@hotmail.com;(81) 98650-5032;Bronze
HSP-630761;Juaci Bottaro;343.194.657-76;M;16/09/2006;Uberlândia;MG;juaci_bottaro@uol.com.br;(62) 96277-7872;Bronze
HSP-728214;Cecilia Bohm Kiefer;341.146.259-09;F;16.05.83;Rio de Janeiro;RJ;cecilia_kiefer@gmail.com;(31) 99226-9210;Bronze
HSP-632003;Iarley Arcanjo Antoniazzi;748.041.145-64;M;08/01/1977;São Paulo;SP;iarley_antoniazzi@hotmail.com;(41) 98426-6407;bronze
HSP-084581;Kadmo Kato Carboni;246.530.722-30;M;16/02/1969;Uberlândia;MG;KADMOCARBONI@OUTLOOK.COM;(61) 96598-2126;Bronze
HSP-554393;Cora Bignami;684.138.928-05;F;22-04-1984;Campinas;SP;corabignami@outlook.com;(19) 99692-1241;Bronze
HSP-973748;Amabilis Luz Leite;756.673.158-07;F;30/09/1959;Rio de Janeiro;RJ;amabilisleite60@gmail.com;51992678613;Bronze
HSP-033380;Josimara Alencar Arago;350.836.860-23;F;19-01-1954;Londrina;PR;josimara_arago@uol.com.br;(51) 97270-7819;Diamante
HSP-681940;Carmem Bonato;698.219.290-36;F;13/11/1959;Porto Alegre;RS;carmem.bonato@outlook.com;61961248203;Ouro
HSP-569136;Rita Amazónia Kossmann;517.743.402-83;F;29-11-1983;Curitiba;PR;rita.kossmann@gmail.com;(31) 96073-7797;Diamante
HSP-851939;Ary Ascenção Vargas;213.867.417-79;M;29/01/1980;Belo Horizonte;MG;ARY.VARGAS66@OUTLOOK.COM;(81) 96032-8623;Bronze
HSP-533489;Agostinho Bucci Fiedler;843.889.330-90;M;19/03/1972;Uberlândia;MG;agostinhofiedler@outlook.com;(51) 98313-9945;Bronze
HSP-182668;Jonailton Archane Ecker;673.979.600-90;M;26/02/1961;Niterói;RJ;jonailtonecker@gmail.com;(16) 98147-1541;Bronze  
HSP-769317;Kayla Teixeira Belotti;517.769.836-02;F;25/11/1992;Belo Horizonte;MG;kayla_belotti@hotmail.com;81960776904;Bronze
HSP-115402;Joimar Cafagna Reis;125.887.065-76;M;02/09/2003;Curitiba;PR;joimar_reis@hotmail.com;(51) 97092-7002;Bronze
HSP-183566;Otávio Amancio Leal;098.516.850-11;M;17/03/1961;Curitiba;PR;otavio_leal74@hotmail.com;(61) 97045-3044;Ouro
HSP-081329;Lothar Michels;448.063.446-05;M;27/01/1994;Uberlândia;MG;lotharmichels31@outlook.com;(11) 98001-1372;Bronze
HSP-418502;Varino Meller Moura;145.909.707-67;M;09/08/1948;Uberlândia;MG;varinomoura@outlook.com;(62) 98833-2334;Prata
HSP-375465;Kathryn Cavalheiro Camargo;489.709.649-91;F;29/11/1996;Campinas;SP;kathryn_camargo48@uol.com.br;(11) 96225-1345;Prata
HSP-382256;Helvio Hausmann;814.897.839-54;M;1999-03-30; São Paulo;SP;helvio.hausmann@uol.com.br;(11) 97895-2870;Diamante
HSP-758188;Joyce Aragão;780.911.914-13;F;12/08/1991;São Paulo;SP;joycearagao@yahoo.com.br;(16) 99417-4343;Bronze
HSP-669417;Brenda Aboim Lacerda;069.088.403-60;F;1981-01-22;Recife;PE;brendalacerda@outlook.com;41987746945;Ouro
HSP-937732;Yoshiko Angiolini;837.792.957-09;F;15.03.79;Ribeirão Preto;SP;yoshiko_angiolini42@yahoo.com.br;(81) 96781-8500;Prata
HSP-317850;Camila Amilo;461.412.258-29;F;23/12/1973;Goiânia;GO;camila.amilo86@uol.com.br;(51) 99428-6889;Bronze
HSP-347155;GERALDO HAMANN;185.678.863-68;M;21/03/1955;Porto Alegre;RS;geraldo.hamann@yahoo.com.br;31968733232;Prata
HSP-926548;Lucia Kuroda Agostinho;421.495.047-07;F;09/11/1984;Uberlândia;MG;luciaagostinho91@icloud.com;(16) 98745-7701;Bronze
HSP-646951;Ascelina Cavalcante Gieseler;662.528.716-48;F;07/09/2002;Niterói;RJ;ascelinagieseler@outlook.com;(51) 96678-5220;Bronze
HSP-207128;Kendall Bonanomi Feldmann;302.999.030-36;F;14/02/1961;Salvador;BA;kendall.feldmann@icloud.com;16965491429;Bronze
HSP-843124;Amirele Glock;421.066.467-71;F;11/11/2004;Uberlândia;MG;amirele_glock51@gmail.com;(16) 97596-1271;Bronze
HSP-181875;Iara Chierotti Menezes;238.416.497-00;F;27/07/1995;São Paulo;SP;iaramenezes@outlook.com;16985985202;Diamante
HSP-990798;Geraldo Vasconcelos Hirano;035.614.949-86;M;19/10/1960;Brasília;DF;geraldo.hirano52@gmail.com;21996717971;Bronze
HSP-227048;Elinor Tanaka Okamoto;272.935.597-98;F;12/03/2001;Belo Horizonte;MG;elinor.okamoto88@uol.com.br;(19) 98248-8925;Prata
HSP-195510;César Abraão Drees;615.598.928-11;M;18/05/2002;Uberlândia;MG;cesar.drees@yahoo.com.br;(61) 96741-3450;Bronze
HSP-911672;Ivens Gruber Glock;067.585.883-60;M;27/02/1979;Campinas;SP;ivens_glock@outlook.com;62962095791;Bronze
HSP-551515;Nardo Bastos;425.043.442-79;M;27/06/1971;Campinas;SP;nardo_bastos@gmail.com;(51) 98023-2486;Prata
HSP-834328;Jeniffer Santana Albergaria;066.660.452-54;F;05/07/1984;São Paulo;SP;jeniffer.albergaria@icloud.com;(81) 96551-4578;bronze
HSP-370972;Lindomar Heimann;830.537.894-26;M;15/02/1991;São Paulo;SP;lindomar.heimann@yahoo.com.br;19980672919;Bronze
HSP-645112;Anari Alvarengas Ludwig;571.212.270-70;F;22/06/1982;Uberlândia;MG;anari.ludwig@uol.com.br;31986474690;Bronze
HSP-593608;Consuelo Sakamoto;227.196.703-16;F;08/08/1988;Ribeirão Preto;SP;consuelo.sakamoto26@icloud.com;16964829669;bronze
HSP-996988;Josué Portela Dias;531.284.794-10;M;28/04/1979;Niterói;RJ;josue.dias47@icloud.com;(31) 96329-7628;Bronze
HSP-766105;Alvanete Burri Cecchetti;830.057.525-18;F;28-02-1977;Niterói;RJ;alvanete_cecchetti@icloud.com;(62) 96783-7226;bronze
HSP-988708;Lorenita Mesquita Amilde;300.721.826-87;F;20/03/1953;Londrina;PR;lorenitaamilde93@outlook.com;(41) 98222-3642;Prata
HSP-489628;Joelson Mendes;214.749.354-60;M;20/01/1957;Goiânia;GO;JOELSONMENDES1@UOL.COM.BR;(16) 99041-7083;Prata
HSP-543040;Elionara Espírito Santo Mayer;993.542.762-53;F;22/07/1954;Ribeirão Preto;SP;elionaramayer60@icloud.com;(16) 96146-9028;Bronze
HSP-784241;Iracema Ardon;315.915.731-81;F;06/10/1951;Sao Paulo;SP;iracema_ardon@hotmail.com;(11) 97456-7495; Bronze
HSP-620589;Onório Hammes;604.008.198-80;M;02-02-1975;São Paulo;SP;onorio.hammes19@uol.com.br;41965941248;Ouro
HSP-278048;Sidnei Greff Hornburg;961.242.226-55;M;1992-07-06;Curitiba;PR;sidnei.hornburg@hotmail.com;41976257733;prata
HSP-239266;Marcelino Almeidal;413.237.153-04;M;10.01.55;Uberlândia;MG;marcelino_almeidal@yahoo.com.br;(81) 97388-4771;Bronze
HSP-513671;Carmelinda Hansen Aramis;547.365.319-75;F;06/03/1996;Uberlândia;MG;carmelinda.aramis49@outlook.com;(31) 98743-1021;Bronze
HSP-068518;Djalma Krause Bittencourt;225.560.010-20;M;28-04-1961;Rio de Janeiro;RJ;djalma.bittencourt44@outlook.com;(16) 98286-4898;Bronze
HSP-714115;Anaraí Kinoshita;861.889.186-00;F;21/11/1961;Curitiba;PR;anarai.kinoshita@uol.com.br;(21) 96583-5316;Bronze
HSP-291005;CAMILA ANDREIS CASTRO;492.141.710-50;F;1994-06-20;Ribeirão Preto;SP;camilacastro12@outlook.com;(51) 96222-3695;Diamante
HSP-089542;Baldomiro Vasconcelos Lang;200.268.397-25;M;06/12/1991;Curitiba;PR;baldomiro.lang25@outlook.com;81973634142;Bronze
HSP-098730;Rodrigo Bosio;647.566.139-26;M;30/05/1969;Niterói;RJ;rodrigo_bosio7@yahoo.com.br;(19) 99122-5307;Bronze
HSP-195007;Aglaé Gonçalves Arciniega;854.600.811-65;F;30/12/1968;Belo Horizonte;MG;aglaearciniega41@gmail.com;(41) 99798-3127;Prata
HSP-382226;Alwin Zeferino Krause;768.463.883-11;M;13-05-1999;Uberlândia;MG;alwin_krause@yahoo.com.br;(41) 98802-1460;Bronze
HSP-631217;Jonathan Cinelli Diehl;954.313.035-38;M;06/05/2007;PORTO ALEGRE;RS;jonathan.diehl@outlook.com;(16) 96704-4257;Bronze
HSP-912828;Bruno Michel Agostinho;331.132.773-02;M;28/04/1993;Goiânia;GO;bruno_agostinho57@yahoo.com.br;81978648816;PRATA
HSP-381377;Iarley Takeda Amiles;884.554.273-45;M;24/07/1983;Ribeirão Preto;SP;iarley.amiles15@yahoo.com.br;(41) 98949-1146;Bronze
HSP-575840;Joinville Zara;912.797.288-76;M;12/12/1996;Goiânia;GO;joinville.zara55@hotmail.com;(61) 98276-6655;Bronze
HSP-333451;Jefferson Pires;829.268.898-60;M;06/08/1957;Recife;PE;jefferson_pires45@icloud.com;(21) 98406-7427;Prata
HSP-678812;Claudilene Amilis Amaral;041.535.481-11;F;1949-07-22;Brasília;DF;claudilene.amaral@hotmail.com;19997249422;Bronze
HSP-023299;Otávio Franke;814.695.071-02;M;27/07/1992;Goiânia;GO;otaviofranke48@uol.com.br;(11) 99370-5186;Bronze
HSP-495728;Cirlette Marinho Batista;979.035.651-09;F;23/12/1957;Campinas;SP;cirlette.batista@uol.com.br;(81) 98052-7919;Bronze
HSP-701907;Ibraim Ardani Almeidal;532.508.580-80;M;31/08/1980;Niterói;RJ;ibraim_almeidal@yahoo.com.br;(16) 96577-8069;Bronze
HSP-899263;Allyne Moura Cipollone;769.246.584-31;F;24/05/1954;Uberlândia;MG;allyne.cipollone43@hotmail.com;(19) 96574-2190;Bronze
HSP-240808;PATRICK MARTINS MATSUDA;391.204.080-05;M;04/01/1980;Goiânia;GO;patrick_matsuda58@yahoo.com.br;(41) 96289-6518;Bronze
HSP-261081;Liarys Brun;348.308.637-49;F;22/02/2000;Porto Alegre;RS;liarys.brun@gmail.com;(31) 99601-8048;Bronze
HSP-078152;Maiara Vieira Mergen;446.820.401-03;F;22/06/1983;Recife;PE;maiaramergen63@uol.com.br;(51) 99843-9351;Bronze
HSP-224863;Henrique Kurz Grass;513.960.131-13;M;03/12/1973;Recife;PE;henrique.grass4@yahoo.com.br;(11) 99027-4688;Bronze
HSP-769372;Amós Menezes Kato;948.418.498-74;M;28/01/1997;Londrina;PR;amos_kato@hotmail.com;(61) 96020-3385;Bronze
HSP-642249;Patrícia Calori;866.696.170-89;F;24/05/1960;Brasília;DF;patricia.calori@yahoo.com.br;61990412265;Bronze
HSP-721774;Diego Uchôa Travassos;010.377.565-09;M;24/06/1984;Uberlândia;MG;diegotravassos@icloud.com;(81) 98914-6243;Bronze
HSP-737144;Ambrisia Barbieri Amiles;458.071.906-96;F;13/08/1949;Niterói;RJ;ambrisia_amiles92@gmail.com;11997513544;Bronze
HSP-383085;AMARIS ANTUNES;725.948.776-38;F;06/04/1973;Porto Alegre;RS;amaris.antunes@yahoo.com.br;(62) 97398-4679;Bronze
HSP-024844;Amós Souza Portela;517.136.445-17;M;31/03/2007;Uberlândia;MG;amosportela@icloud.com;(31) 96996-7959;Prata
HSP-020973;Kamille Kaneko Aparo;956.923.183-18;F;13.03.75;Goiânia;GO;kamille.aparo@icloud.com;(51) 99306-3864;Bronze
HSP-727265;Kimiko Andreis;486.061.504-28;F;18/10/1998;Porto Alegre;RS;kimikoandreis@uol.com.br;(16) 97278-4414;Bronze
HSP-105231;Heitor Sena Pires;941.827.543-01;M;06/04/1953;Goiânia;GO;heitor.pires@icloud.com;21972332350;Prata
HSP-457832;Artemia Arcon Falcão;236.611.761-29;F;20/09/1974;Uberlândia;MG;artemia_falcao@hotmail.com;(16) 98496-5254;Bronze
HSP-011767;Almir Alvinhos Arduchat;891.465.346-36;M;09/09/1972;Uberlândia;MG;almir.arduchat@icloud.com;(31) 97025-1566;Bronze
HSP-563359;Denis Nonato Farias;726.731.293-40;M;08-08-1955;Rio de Janeiro;RJ;denis_farias59@hotmail.com;(21) 96297-8685;Bronze
HSP-144001;Liselotte Ardiles Lorenz;963.178.648-02;F;10/02/2002;Uberlândia;MG;LISELOTTELORENZ@GMAIL.COM;(51) 97023-8133;Bronze
HSP-983560;Maila Arconi Pinto;133.034.902-44;F;2007-04-18;Londrina;PR;maila_pinto@gmail.com;(11) 98912-2312;Bronze
HSP-309815;Robevaldo Leal;595.197.539-58;M;09/07/1976;Ribeirão Preto;SP;robevaldoleal@outlook.com;51997428372;Bronze
HSP-332580;Liliane Gomes Antipa;579.062.248-84;F;15.03.99;Curitiba;PR;liliane.antipa74@icloud.com;(31) 98400-5257;bronze
HSP-061319;Joilson Luz Makino;073.106.526-30;M;01/09/1978;Brasília;DF;joilson_makino@yahoo.com.br;(19) 96981-2892;Diamante
HSP-280313;Angélica Chiappetta;479.231.761-40;F;23/05/1985;Ribeirão Preto;SP;angelicachiappetta@gmail.com;(51) 97804-9492;Bronze
HSP-741216;Creomar Amende Couto;945.915.116-77;M;09-03-1978;Niterói;RJ;creomar.couto38@icloud.com;62991648206;Bronze
HSP-197176;Moacir Fiedler Freire;371.893.276-81;M;15/04/1973;Curitiba;PR;moacir_freire@hotmail.com;(19) 98061-6888;Bronze
HSP-674687;Henrique Cilloni Busch;690.246.664-57;M;15/12/1998;São Paulo;SP;henriquebusch@hotmail.com;(81) 98306-8504;Bronze
HSP-287239;Jamilton Bertolucci Bruno;488.071.963-36;M;31/07/1953;Campinas;SP;JAMILTON.BRUNO73@GMAIL.COM;(62) 97368-2228;Ouro
HSP-356164;Elsie Salles Freire;324.831.915-17;F;07/02/1994;Niterói;RJ;elsiefreire@outlook.com;(31) 98345-7429;Bronze
HSP-717014;Carla Luz Aoki;097.528.513-04;F;17/07/1961;Recife;PE;carla.aoki@uol.com.br;11983068604;Prata
HSP-299188;Acácio Arconti Barreto;358.497.277-95;M;01/09/1958;Goiânia;GO;acaciobarreto40@outlook.com;11983675626;Prata
HSP-248763;Jardel Amaral Kiefer;685.767.863-46;M;07/07/1973;Salvador;BA;JARDEL_KIEFER69@HOTMAIL.COM;81997721577;Bronze
HSP-212752;Fabiana Becker Arconte;145.534.010-37;F;31/10/1960;Brasília;DF;fabianaarconte@icloud.com;19989277809;Bronze
HSP-941077;Cleuza Aranzales Takeda;434.875.002-56;F;2006-05-22;Ribeirão Preto;SP;cleuzatakeda@gmail.com;81976866374;Prata
HSP-685071;Karla Cella;772.089.791-97;F;11/09/2001;Rio de Janeiro;RJ;KARLACELLA@UOL.COM.BR;(41) 97676-2310;Prata
HSP-857009;Arnélia Takeda Kaiser;995.882.427-20;F;12/05/1987;Recife;PE;arneliakaiser@uol.com.br;(21) 99460-1559;Bronze
HSP-298981;Nelson Cardoso;769.036.264-84;M;08/04/1975;Salvador;BA;nelson_cardoso17@yahoo.com.br;(62) 99244-9550;Prata
HSP-137444;Carla Bussotti Cassaro;023.603.165-16;F;10/11/1954;Uberlândia;MG;CARLA.CASSARO@YAHOO.COM.BR;(61) 97413-2260;Bronze
HSP-738694;Adnéia Aranda Menezes;888.749.442-84;F;10/04/2004;Ribeirão Preto;SP;adneia.menezes67@gmail.com;(21) 97145-1923;Bronze
HSP-793945;Aldenira Arcie;267.045.698-71;F;06-08-1954;Campinas;SP;aldenira_arcie@hotmail.com;51981197473;Bronze
HSP-173659;aleyda marinho meireles;705.676.802-40;F;13.09.02;Belo Horizonte;MG;aleyda.meireles57@icloud.com;31992874989;Bronze
HSP-080594;Dalton Serra;034.448.077-16;M;12/04/1958;Salvador;BA;dalton.serra@icloud.com;(41) 99406-5752;Prata
HSP-477665;Sebastiana Eisenhardt Benvenuti;905.052.686-12;F;30/05/1954;Porto Alegre;RS;sebastiana_benvenuti@yahoo.com.br;(61) 97679-5413;Bronze
HSP-048770;Rosendo Ribeiro;639.249.484-70;M;18/08/1988;Recife;PE;rosendo.ribeiro13@hotmail.com;(41) 98133-4095;Bronze
HSP-153443;Tainara Carlini Travassos;565.884.691-95;F;29/06/1983;Goiânia;GO;tainaratravassos43@outlook.com;(19) 96963-7178;Bronze
HSP-780065;Kadmo Bussolini;276.165.532-06;M;06/02/1967;Porto Alegre;RS;kadmobussolini@hotmail.com;(19) 97788-5157;Bronze
HSP-409979;Ettore Feldmann Lacerda;635.057.059-69;M;20/06/1965;Recife;PE;ettore.lacerda@yahoo.com.br;(62) 98594-8992;Ouro
HSP-822762;Amiles Bartoloni Cirelli;627.371.191-70;F;20/05/1958;Rio de Janeiro;RJ;amilescirelli@gmail.com;(19) 96011-5861;Prata
HSP-812707;Ardósia Aramis;348.265.512-07;F;10/02/1951;Brasília;DF;ardosiaaramis@icloud.com;(16) 98267-4156;Bronze
HSP-437246;Eloris Lacerda Arcot;355.297.096-72;F;26/02/1977;Recife;PE;eloris_arcot60@yahoo.com.br;(31) 97990-4916;Diamante
HSP-687992;Jucelino Astori Vargas;883.365.894-57;M;06/11/1964;Recife;PE;jucelino.vargas@uol.com.br;(41) 98284-2283;Bronze
HSP-118094;Arneide Bertolucci Hasegawa;258.711.671-60;F;22/06/1968;Brasília;DF;arneide_hasegawa@hotmail.com;(16) 97501-5905;Ouro
HSP-437144;Luiz Echer Archela;124.944.348-23;M;26-05-1979;Salvador;BA;luiz_archela@hotmail.com;11989317974;Bronze
HSP-155616;Moacir Afonso Cafagna;811.236.293-90;M;28/11/1961;Londrina;PR;moacircafagna@hotmail.com;(62) 98173-8427;Prata
HSP-303429;Elionara Abilio Arrighi;503.978.863-06;F;13/04/1987;Campinas;SP;elionara.arrighi@gmail.com;(16) 97189-2713;Prata
HSP-244266;Amiga  Couto;349.467.027-76;F;11/02/1960;Niterói;RJ;amiga_couto@icloud.com;(19) 97921-1562;Ouro
HSP-277069;Julie  Angiolini;355.641.672-79;F;20/11/1988;Goiânia;GO;julie.angiolini@yahoo.com.br;(81) 96487-3421;Prata
HSP-640082;Evaldo Archanjo Alvinhos;880.862.966-01;M;27/05/1988;São Paulo;SP;evaldo.alvinhos@hotmail.com;(21) 98339-2715;Prata
HSP-391673;Noé Liebich Merten;998.734.689-86;M;22.12.73;Porto Alegre;RS;noe.merten@uol.com.br;(61) 99656-3258;Bronze
HSP-142267;Altair Amirala Dreher;854.728.959-36;M;31/08/1955;Recife;PE;altairdreher@hotmail.com;(21) 96508-5430;BRONZE
HSP-858288;Ivana Hermann Guerreiro;189.029.018-15;F;15/01/1964;Recife;PE;ivana.guerreiro@outlook.com;(11) 97878-3232;Bronze
HSP-084073;Jordánia Astori Brito;737.733.987-00;F;17.09.01;Goiânia;GO;jordania.brito6@uol.com.br;19962949621;Prata
HSP-199251;Aldilene Zerbini Xavier;727.763.115-32;F;04/12/2004;Niterói;RJ;aldilene.xavier@hotmail.com;19993017450;Bronze
HSP-502597;Elenira Bonanomi Andrade;631.847.612-15;F;02.02.65;Brasília;DF;elenira_andrade88@hotmail.com;(81) 98749-4334;Prata
HSP-848942;Elonilda Erdmann Aragão;208.284.188-02;F;28.10.02;Curitiba;PR;elonildaaragao53@uol.com.br;(61) 98241-5391;Ouro
HSP-481510;Gizelia Kossmann;173.105.215-44;F;09/02/1961;Ribeirão Preto;SP;gizelia_kossmann72@icloud.com;(41) 96289-3057;Bronze
HSP-638363;Adilson Archanjo;030.185.077-11;M;27.05.50;Ribeirão Preto;SP;ADILSON.ARCHANJO48@OUTLOOK.COM;(81) 98993-9069;Bronze
HSP-979479;Maíca Campi;159.120.464-00;F;11/02/1951;Belo Horizonte;MG;maica_campi17@yahoo.com.br;51962774477;Bronze
HSP-343034;Arselina Krause Archanjo;207.248.631-92;F;24/10/1986;Recife;PE;arselinaarchanjo@hotmail.com;(51) 96827-4631;Bronze
HSP-441348;raimundo ribeiro;036.840.697-01;M;15/12/1997;Ribeirão Preto;SP;raimundo.ribeiro87@yahoo.com.br;(31) 97005-2109;Bronze
HSP-781910;Fausto Yamamoto;096.477.165-91;M;08/08/1973;Rio de Janeiro;RJ;fausto.yamamoto31@outlook.com;19984396025;Ouro
HSP-498404;Elcio Queiroz Aldrovandi;329.237.323-91;M;29-05-1957;Campinas;SP;elcio_aldrovandi37@hotmail.com;41990606259;Bronze
HSP-531247;Arcelina Bottaro Accorsi;688.270.865-79;F;09-07-2006;Curitiba;PR;arcelina.accorsi@gmail.com;(41) 97728-1794;Bronze
HSP-072682;Osvaldir Amiran;899.881.688-10;M;24/07/1950;Belo Horizonte;MG;osvaldir.amiran@uol.com.br;51966917831;Bronze
HSP-538334;Nairo Rocha Chierotti;082.883.469-52;M;02-05-1996;Campinas;SP;nairo.chierotti@yahoo.com.br;(81) 97413-6344;Bronze
HSP-331057;Lena Horn Armani;681.056.250-83;F;08/02/1990;Niterói;RJ;lena_armani@gmail.com;(41) 98584-7332;Bronze
HSP-264618;Maicon Ebling Lemos;290.004.766-82;M;22/03/1973;Londrina;PR;MAICONLEMOS@OUTLOOK.COM;81992523567;Bronze
HSP-880706;Elona Amércio;233.631.454-11;F;02/11/1965;Uberlândia;MG;elonaamercio@gmail.com;61967393979;Prata
HSP-444477;Harumi Dantas Antonas;804.210.006-00;F;08/05/1972;Ribeirão Preto;SP;harumi.antonas71@hotmail.com;(41) 99174-7042;Bronze
HSP-502580;Zenaide Bonetti Americo;495.266.645-07;F;10/12/1957;Salvador;BA;zenaide_americo20@icloud.com;(19) 99639-2955;Diamante
HSP-212237;Elorisa Costa Cafagna;563.538.476-53;F;21-02-1974;São Paulo;SP;ELORISA.CAFAGNA19@HOTMAIL.COM;62981003481;Diamante
HSP-346367;Poliani  Nishimura;435.695.139-55;F;28/10/1986;Campinas;SP;poliani_nishimura@outlook.com;(81) 97251-4771;Bronze
HSP-420394;Lucilma Nakamura Matsumoto;300.627.727-91;F;16/02/1957;Uberlândia;MG;lucilma.matsumoto32@outlook.com;(19) 98428-5539;Bronze
HSP-234226;Jandaia Tavares Vale;074.900.683-80;F;22/12/1963;Brasília;DF;JANDAIAVALE19@GMAIL.COM;31987152775;Prata
HSP-415323;Vanderlei Antonelli;563.353.685-10;M;21-01-1960;São Paulo;SP;vanderleiantonelli83@hotmail.com;(51) 96314-9826;Ouro
HSP-817336;Audiete Nóbrega Benedetti;919.755.549-57;F;17/03/1981;Brasília;DF;audiete.benedetti50@icloud.com;(19) 96896-1714;Bronze
HSP-811529;Elisangela Grahl Nonato;207.577.661-02;F;20.08.77;Recife;PE;elisangela.nonato3@yahoo.com.br;(11) 96434-6214;Bronze
HSP-511450;Claudilma  Angeli Cabral;929.055.438-09;F;13-09-1959;Uberlândia;MG;claudilma.cabral94@outlook.com;(62) 96758-5416;Bronze
HSP-019828;Leocádio Almeida;425.859.580-27;M;18/09/1979;Rio de Janeiro;RJ;leocadio.almeida50@outlook.com;51979874532;Prata
HSP-279638;Elisangela Arcila;128.552.799-25;F;05-10-1948;Salvador;BA;elisangela.arcila@hotmail.com;(61) 97238-9255;Bronze
HSP-969542;Gerson Uchôa Miranda;877.863.078-93;M;10/12/1999;Belo Horizonte;MG;gerson.miranda@yahoo.com.br;(61) 99895-8468;Prata
HSP-399526;Valério Amaro Bueno;351.155.241-98;M;28/01/1986;Curitiba;PR;valerio_bueno@yahoo.com.br;(81) 96691-6384;Bronze
HSP-193957;Adiná Antelmo;381.449.328-11;F;03/10/1994;Niterói;RJ;adinaantelmo@outlook.com;(16) 98467-2865;Bronze
HSP-769817;Érico Astori;593.564.600-51;M;01/03/1957;Salvador;BA;erico_astori@gmail.com;(51) 96363-1765;Prata
HSP-302826;julie hofer aguilar;289.630.812-14;F;31/08/1971;Recife;PE;julieaguilar@gmail.com;(81) 97773-8377;Bronze
HSP-346128;Nivaldo Holanda Pessoa;140.850.708-00;M;19/02/1951;Uberlândia;MG;nivaldo_pessoa@yahoo.com.br;(19) 99893-8270;Bronze
HSP-091648;Jandaia Ardin;853.396.193-62;F;04.09.71;Ribeirão Preto;SP;jandaiaardin@gmail.com;(11) 97968-3341;Bronze
HSP-877655;Volmar Aranda Lehmann;093.214.181-13;M;1997-06-25;Londrina;PR;volmarlehmann@hotmail.com;(81) 97926-1834;Prata
HSP-899721;Ilmo Cavalli Nascimento;154.380.072-68;M;16/07/1951;Belo Horizonte;MG;ilmonascimento@uol.com.br;(31) 96858-7903;Bronze
HSP-254291;Rosivalda Aralho Alvisio;042.172.540-08;F;16/03/1998;Recife;PE;rosivalda.alvisio72@yahoo.com.br;(21) 99911-3427;Bronze
HSP-110976;Dirce Araçatuba;538.990.969-08;F;29.09.77;São Paulo;SP;dirce_aracatuba@icloud.com;19984507387;Bronze
HSP-589489;Marvaldo Becker;561.187.407-04;M;16-06-1978;São Paulo;SP;marvaldobecker76@icloud.com;(21) 99116-2950;Bronze
HSP-368188;Lia Arcie;507.019.295-70;F;08.05.96;Sao Paulo;SP;LIA.ARCIE@GMAIL.COM;(62) 97725-7390;Bronze
HSP-068165;André Figueiredo Chagas;504.421.851-03;M;07-02-1975;Brasília;DF;andre.chagas83@yahoo.com.br;31977426490;Bronze
HSP-421932;Silvano Ferber Löffler;552.349.324-43;M;11/09/1985;Curitiba;PR;silvano.loffler51@uol.com.br;(62) 99902-1655;Bronze
HSP-456361;Joselita Fiedler Marchetti;805.105.119-02;F;16/12/2004;são paulo;SP;joselita.marchetti91@outlook.com;(61) 96060-6102;Bronze
HSP-115440;Domingos Hartmann Agueda;980.719.560-82;M;24-01-1996;Londrina;PR;domingos_agueda@hotmail.com;(62) 99443-6912;Bronze
HSP-697940;Julieta Emmel Arcot;880.097.245-48;F;2000-07-09;Goiânia;GO;julietaarcot@outlook.com;(31) 96386-3253;Bronze
HSP-122034;Everton Heckmann Kramer;477.562.691-44;M;18/04/1990;Ribeirão Preto;SP;everton_kramer21@icloud.com;(81) 96595-8479;Bronze  
HSP-386200;Mateus Aquino Noguchi;123.489.323-18;M;10/06/1967;Brasília;DF;mateus_noguchi43@gmail.com;(21) 98233-8084;Bronze
HSP-956428;Lucinara Arcon Bessa;613.030.356-42;F;04/11/1968;Salvador;BA;lucinara.bessa@hotmail.com;(21) 96776-6558;Bronze
HSP-693400;Rosalvo Yamaguchi Menezes;213.305.715-33;M;24.04.05;Ribeirão Preto;SP;rosalvo.menezes@outlook.com;81969104283;Ouro
HSP-592634;Janete Alencar Baldini;238.573.125-80;F;22/03/1987;Niterói;RJ;janete_baldini35@gmail.com;(61) 96787-5084;Bronze
HSP-938982;Mariano Franke Aranzales;001.638.817-82;M;01-07-1968;Rio de Janeiro;RJ;mariano_aranzales20@gmail.com;(21) 96043-4088;Bronze
HSP-986449;Joaldo Basílio;956.469.471-03;M;23/07/2001;Campinas;SP;JOALDO.BASILIO@YAHOO.COM.BR;(31) 99758-1311;Bronze
HSP-240481;Eleonora Abbate  ;483.123.068-54;F;01-11-1985;Goiânia;GO;eleonora.abbate41@icloud.com;(62) 99655-8766;Ouro
HSP-488613;Caetano Vasconcelos Marcelino;061.424.586-90;M;20/08/1991; Porto Alegre;RS;caetano_marcelino44@icloud.com;(62) 96750-4710;Bronze
HSP-981249;Rubens Ameixa Becker;753.474.746-53;M;06/04/1957;Rio de Janeiro;RJ;rubens_becker25@gmail.com;(61) 99382-6812;Bronze
HSP-319366;Josenilde Macedo;610.601.403-57;F;11/06/1993;Campinas;SP;josenilde.macedo@yahoo.com.br;81989132833;Bronze
HSP-801087;Vasco Bevilacqua Michels;590.620.709-06;M;1998-01-25;Recife;PE;vascomichels@yahoo.com.br;(81) 97360-2406;Bronze
HSP-377888;Wanda Queiroz Kohlmann;754.481.607-94;F;14/05/1962;Porto Alegre;RS;wanda.kohlmann@hotmail.com;(21) 97452-7683;Diamante
HSP-926126;Sueli Lüdtke Zeferino;487.102.704-00;F;21/02/1954;Salvador;BA;suelizeferino96@uol.com.br;(19) 99390-5471;Bronze
HSP-608340;Erasmo Hayakawa Ardeni;599.110.001-25;M;22/06/1981;Curitiba;PR;erasmo.ardeni@uol.com.br;(41) 98659-8205;Bronze
HSP-952316;Jordan Kremer Xavier;438.950.054-60;M;17/09/1994;São Paulo;SP;jordan.xavier9@yahoo.com.br;61981558603;Bronze
HSP-168471;Jorge Grimm;904.661.296-10;M;1997-09-01;São Paulo;SP;jorge.grimm10@outlook.com;19983568779;Bronze
HSP-459803;Álvaro Lacerda Lange;674.750.261-24;M;13/01/1970;Rio de Janeiro;RJ;alvarolange@yahoo.com.br;21982637184;Bronze
HSP-668955;Acácio Suzuki Bastos;674.495.973-57;M;21/06/1971;Salvador;BA;ACACIO_BASTOS@ICLOUD.COM;(31) 97660-6767;Prata
HSP-505625;HELTON ARAMIS ARCHIMEDES;834.025.862-15;M;05/01/1990;Brasília;DF;helton_archimedes4@uol.com.br;(19) 98493-3690;Bronze
HSP-447163;Alcilene  Gama;356.480.789-60;F;05/05/1960;São Paulo;SP;alcilene_gama17@yahoo.com.br;(81) 96898-1735;Bronze
HSP-572712;Denizia Jost Danner;644.287.223-89;F;28/03/1958;Belo Horizonte;MG;denizia.danner@icloud.com;(41) 99664-1127;Bronze
HSP-169463;Maria Arconte;049.536.403-73;F;09/09/2001;Porto Alegre;RS;maria_arconte5@hotmail.com;(31) 96024-4274;Ouro
HSP-352929;Mailane Amaral Bertoldi;248.120.089-64;F;07/12/1994;Brasília;DF;mailane_bertoldi12@hotmail.com;(61) 99574-3305;Prata
HSP-050909;Gorette Albino;919.765.794-81;F;06/09/1961;Recife;PE;gorette.albino47@gmail.com;(41) 96414-9086;Bronze
HSP-545185;Xavier Yamada;547.684.767-75;M;02/12/2006;Ribeirão Preto;SP;xavier_yamada@gmail.com;19997694254;Prata
HSP-240422;Alfonsina Lima Anunciação;061.920.841-49;F;09-09-1981;Curitiba;PR;ALFONSINAANUNCIACAO19@GMAIL.COM;41990029857;Bronze
HSP-717587;Cecília Nakamura Baglietto;223.918.245-80;F;20/07/1959;Ribeirão Preto;SP;ceciliabaglietto@gmail.com;(51) 99017-1554;Bronze
HSP-618461;Greta Cilloni;785.043.744-67;F;29/08/1992;São Paulo;SP;greta.cilloni77@yahoo.com.br;(61) 97060-3224;Bronze
HSP-774875;Nailzo Sales Aldeia;531.158.707-52;M;22/01/1998;São Paulo;SP;nailzoaldeia87@outlook.com;62988712728;Bronze
HSP-675029;Iarley Siqueira Antolini;593.850.981-52;M;24/10/2000;Goiânia;GO;IARLEYANTOLINI75@YAHOO.COM.BR;81977005436;Bronze
HSP-942922;Adenilde Saito;411.825.148-55;F;06/01/1979;Campinas;SP;ADENILDE_SAITO@OUTLOOK.COM;(11) 99246-3337;Bronze
HSP-616034;Miguel Arcoverde Acosta;874.394.358-69;M;14/03/2002;Belo Horizonte;MG;miguel_acosta@hotmail.com;(21) 96977-2988;Bronze
HSP-145558;Áurea Amira Azevedo;985.417.323-20;F;20/08/1964;Londrina;PR;AUREA_AZEVEDO@OUTLOOK.COM;(21) 99660-4237;Bronze
HSP-346699;Geralda Ecker Arcoverde;620.619.434-54;F;30.12.69;PORTO ALEGRE;RS;geraldaarcoverde@hotmail.com;11991576843;Bronze
HSP-527617;Danielle Portela Arconti;788.430.050-81;F;01/07/2007;Niterói;RJ;danielle_arconti@hotmail.com;(61) 96786-6373;Bronze
HSP-573484;Noel Danner Bui;612.860.034-40;M;06/01/1994;Recife;PE;noel.bui@icloud.com;(31) 97510-7323;Bronze
HSP-379220;Benedito Matsuo Fujii;211.624.421-82;M;02/07/2000;Porto Alegre;RS;benedito_fujii@uol.com.br;(19) 96274-8256;Bronze
HSP-057781;Sandra Pereira;666.626.089-98;F;05/09/1980;Ribeirão Preto;SP;sandra_pereira@uol.com.br;(62) 99462-4260;Bronze
HSP-322464;Georgina Baglietto;341.740.471-11;F;01/02/1951;Porto Alegre;RS;GEORGINA_BAGLIETTO@HOTMAIL.COM;(81) 96460-3286;Bronze
HSP-902188;Alceu Glaser Adorno;046.899.009-73;M;19/04/1963;Goiânia;GO;alceuadorno@icloud.com;(19) 97333-8067;bronze
HSP-560717;Therezinha Carli;524.769.389-20;F;25/03/1974;Ribeirão Preto;SP;therezinha_carli1@gmail.com;(61) 96757-6577;Bronze
HSP-265123;Anari Jung;540.012.880-79;F;1993-02-17;Ribeirão Preto;SP;anari.jung39@gmail.com;62987833840;Bronze
HSP-488125;Luana Amil;695.422.310-75;F;08.06.07;Goiânia;GO;luana.amil96@outlook.com;(21) 96513-4598;Bronze
HSP-001684;Edilberto Mentz;316.632.418-64;M;11.03.02;Recife;PE;edilberto.mentz@gmail.com;51998428910;Ouro
HSP-570689;Agda Neto Bocchi;124.387.017-65;F;18/01/1962;Porto Alegre;RS;agda_bocchi@gmail.com;51961273444;Prata
HSP-521743;Jeicy Araujo Alencar;935.506.294-00;F;10/05/1994;Recife;PE;jeicy.alencar@gmail.com;(51) 98568-9038;Bronze
HSP-710129;Adalgisa Lima;984.277.885-17;F;04/07/1999;Niterói;RJ;adalgisa_lima16@hotmail.com;(16) 99117-4536;Bronze
HSP-495736;Jeanete Calvi Erdmann;809.701.315-00;F;27/08/1996;Niterói;RJ;jeanete.erdmann@icloud.com;(11) 97742-3654;Bronze
HSP-461119;Norma Fujii Bauer;322.309.701-51;F;12/02/1993;Campinas;SP;normabauer71@hotmail.com;(21) 96962-4289;Bronze
HSP-748819;Idalina Nakamura;827.006.629-03;F;08/06/1987;Curitiba;PR;idalina_nakamura74@yahoo.com.br;(31) 99603-5349;Bronze
HSP-164814;Otacílio Annecy Amato;588.871.436-41;M;25/04/1969;Curitiba;PR;otacilio_amato75@hotmail.com;51978968692;Bronze
HSP-722845;rubens altino;483.679.208-80;M;26.01.81;Goiânia;GO;rubensaltino@outlook.com;(19) 96437-3491;Bronze
HSP-051410;Leandro Fischer Kubota;363.530.046-21;M;06/04/1956;Uberlândia;MG;leandro_kubota@hotmail.com;(81) 97824-9478;Bronze
HSP-387621;Mainardo Kinoshita;716.821.338-50;M;16/10/1986;Porto Alegre;RS;mainardo_kinoshita49@yahoo.com.br;(41) 99228-2818;Bronze
HSP-284851;Kézzia Bianchi Cecchetti;775.343.374-10;F;25/02/1990;Campinas;SP;kezzia_cecchetti@uol.com.br;(81) 99556-5567;Bronze
HSP-141200;Ilse Machado;563.474.382-67;F;03/05/1974;Recife;PE;ilsemachado@hotmail.com;(61) 98330-8736;Bronze
HSP-997546;Arselina Glaser Ebling;048.060.679-03;F;13/09/1979;São Paulo;SP;arselinaebling36@icloud.com;(51) 98475-4713;Bronze
HSP-380957;Rivaldo Amilde;089.409.434-30;M;11/11/2006;Rio de Janeiro;RJ;rivaldo_amilde@yahoo.com.br;(81) 99153-8946;Bronze
HSP-138160;IVELMA LIEBICH;171.472.703-39;F;1969-05-20;Goiânia;GO;ivelmaliebich47@outlook.com;(81) 98989-4977;Bronze
HSP-643478;Wanda Kroener;932.554.904-21;F;22/02/1994;Rio de Janeiro;RJ;wanda.kroener@icloud.com;(62) 97259-6897;Bronze
HSP-643281;Margarida Andriolo;467.170.164-26;F;09/11/1989;Campinas;SP;margarida_andriolo96@yahoo.com.br;(41) 97430-3324;Bronze
HSP-758252;Cláudio Baglietto;004.017.767-00;M;23/02/1987;Curitiba;PR;claudio_baglietto5@gmail.com;41972595337;Bronze
HSP-435207;Flávio Luz Arão;672.403.054-49;M;18-02-1993;Recife;PE;flavio_arao@uol.com.br;(16) 99599-9612;Prata
HSP-958159;Arcelina Merten Manske;327.311.298-08;F;20/06/1979;Goiânia;GO;arcelina.manske@uol.com.br;(62) 96961-9341;Prata
HSP-297452;Benedito Krebs;956.758.493-19;M;26-06-1951;Recife;PE;benedito.krebs@yahoo.com.br;(51) 97014-7284;Bronze
HSP-661992;Isnaldo Cafagna;486.782.885-82;M;1996-08-26;Uberlândia;MG;isnaldo.cafagna@uol.com.br;(41) 98165-2741;Bronze
HSP-266702;Lariene Koerich Ximenes;667.193.429-08;F;16/05/1951;Belo Horizonte;MG;larieneximenes@outlook.com;(62) 96541-3960;Bronze
HSP-790827;Marvaldo Bertolini Meireles;781.481.802-88;M;10-02-1966;Rio de Janeiro;RJ;marvaldo.meireles@outlook.com;(11) 97374-9440;Bronze
HSP-215453;Inocêncio Archave Tavares;380.400.455-50;M;21/04/2006;Curitiba;PR;inocencio.tavares@hotmail.com;(19) 97282-5558;Bronze
HSP-552239;Haline Konno Aramis;969.630.956-20;F;20/11/1970;Rio de Janeiro;RJ;haline_aramis@gmail.com;(41) 97813-7570;Bronze
HSP-603155;Elinilda Antolini Gama;105.068.358-71;F;19/08/1986;Belo Horizonte;MG;elinildagama@yahoo.com.br;(19) 96792-2738;Bronze
HSP-863944;Antonieta Araujo Amezola;041.510.612-58;F;06/04/1968;Londrina;PR;antonietaamezola@hotmail.com;(11) 97654-2009;Bronze
HSP-990829;Dagmar Aragoni Bertolasi;851.457.956-88;F;01/05/1996;Curitiba;PR;dagmar.bertolasi99@gmail.com;(16) 96989-8647;Bronze
HSP-689881;Berenice Aguilar;532.206.194-01;F;26/04/1991;Goiânia;GO;bereniceaguilar@yahoo.com.br;(41) 97950-2710;Bronze
HSP-815001;Poliane Uchôa Agostinho;834.863.557-24;F;11/08/1981;Campinas;SP;polianeagostinho@icloud.com;(16) 99053-6148;Bronze
HSP-906977;Ruth Ito Zeferino;111.697.366-96;F;03/12/1978;Recife;PE;ruth_zeferino96@icloud.com;(62) 96136-1702;Bronze
HSP-825799;Therezinha Kiefer Feiler;539.009.058-60;F;16-12-1970;Rio de Janeiro;RJ;therezinha_feiler@gmail.com;(41) 97688-6661;Bronze
HSP-209092;Audinete Fuchs Krueger;731.676.987-48;F;06/01/1972;Brasília;DF;audinete_krueger@icloud.com;(51) 98979-7514;Bronze
HSP-790597;Amarine Kiefer;017.454.696-30;F;23.03.79;Rio de Janeiro;RJ;amarine_kiefer38@uol.com.br;(81) 98605-8858;bronze
HSP-867383;Rafael Agostinho;697.955.360-79;M;19/10/2001;Belo Horizonte;MG;rafael_agostinho51@icloud.com;(31) 99676-2960;Prata
HSP-718186; Claris Afonso Alvisio;133.989.772-51;F;13/02/2005;Brasília;DF;claris_alvisio@gmail.com;(81) 99625-5348;Bronze
HSP-841430;Norton Busch Barros;906.283.600-37;M;06/03/2001;Brasília;DF;norton_barros@gmail.com;(21) 97752-9264;Bronze
HSP-647549;Vanderlei Calamari;264.040.798-87;M;1986-05-06;Campinas;SP;vanderlei.calamari@gmail.com;(19) 96785-5034;PRATA
HSP-648041;Epitácio Pires Kruse;138.712.708-06;M;16/03/1964;Ribeirão Preto;SP;epitacio.kruse@icloud.com;(21) 98942-6445;Bronze
HSP-966759;Bibiano Nakamura Campelo;713.495.522-24;M;12/11/1979;Belo Horizonte;MG;bibiano_campelo@yahoo.com.br;(61) 96021-1671;Bronze
HSP-822985;Anatilde Araujo Cavalcante;057.417.932-15;F;28/05/1993;Curitiba;PR;ANATILDE.CAVALCANTE@OUTLOOK.COM;(51) 96170-8835;Bronze
HSP-659395;Eunice Neto Kremer;814.887.106-00;F;07/01/1953;Campinas;SP;eunicekremer50@hotmail.com;61994342256;Prata
HSP-686304;Amandine Amaro Antunes;181.306.121-19;F;19/11/1990;Londrina;PR;amandine.antunes@hotmail.com;(51) 96657-4526;Bronze
HSP-364695;Mórion Luca Zimmer;945.311.029-91;M;12/05/2003;São Paulo;SP;morion.zimmer51@uol.com.br;(51) 96024-8874;Bronze
HSP-944715;Gizelia Ardovino Amiraldo;987.811.132-69;F;17/09/1961;Belo Horizonte;MG;gizelia_amiraldo@icloud.com;(61) 98571-4042;Bronze
HSP-325613;Cauã Sarmento Kremer;026.249.872-31;M;08/01/1996;Campinas;SP;caua_kremer@uol.com.br;11977616920;OURO
HSP-263285;Marcelo Borges;037.970.354-89;M;20/02/1988;Ribeirão Preto;SP;marceloborges@outlook.com;(16) 97319-2846;Bronze
HSP-640698;Isabela Buscemi Bergmann;773.306.655-76;F;24/07/1977;Uberlândia;MG;isabela_bergmann@hotmail.com;(21) 96577-7233;Bronze
HSP-287566;plínio ávila kiefer;570.007.116-98;M;05/11/2005;Curitiba;PR;pliniokiefer@gmail.com;(16) 99678-5566;Bronze
HSP-972422;Maneco Albino Löffler;601.047.575-90;M;1999-04-19;Uberlândia;MG;maneco.loffler40@icloud.com;(41) 99975-1177;Bronze
HSP-313196;Tadashi Flores;828.975.855-36;M;27/04/1972;São Paulo;SP;tadashi.flores@icloud.com;(31) 98947-5366;Bronze
HSP-095292;Lorenza Alvarengas Uchôa;484.690.936-06;F;29/06/1963;Goiânia;GO;lorenzauchoa52@hotmail.com;11974908377;Prata
HSP-877145;Artur Nakamura;613.168.881-85;M;19/12/1966;Goiânia;GO;ARTUR.NAKAMURA@UOL.COM.BR;11992762886;Bronze
HSP-404087;Elorisete Eisenhardt Löffler;081.332.412-27;F;23/10/1977;Brasília;DF;elorisete_loffler55@gmail.com;21989634386;Ouro
HSP-558544;Dagoberto Hartmann Bevilacqua;674.967.194-20;M;1972-06-17;Belo Horizonte;MG;dagoberto_bevilacqua@hotmail.com;(61) 99486-1683;Prata
HSP-043749;César Pinto;462.840.616-25;M;20/12/1997;Recife;PE;cesarpinto24@icloud.com;(62) 99616-4381;PRATA
HSP-169806;Elionilde Hausmann Aragão;499.189.162-06;F;12-12-1962;Niterói;RJ;elionilde.aragao@hotmail.com;(81) 99211-4872;Bronze
HSP-234874;Vilmar Coelho Diehl;220.667.155-73;M;21/02/2007;Campinas;SP;VILMARDIEHL@OUTLOOK.COM;(11) 97067-7275;Bronze
HSP-071324;Kimiko Franke Cavalcanti;830.929.076-47;F;17/04/1968;Porto Alegre;RS;kimiko_cavalcanti39@icloud.com;(19) 96647-4271;Bronze
HSP-161857;Eleonora Arcosi;819.527.711-02;F;12.07.61;Uberlândia;MG;eleonora.arcosi16@icloud.com;16977778902;Bronze
HSP-145206;Abraão Haas Batista;403.809.787-09;M;07/08/1975;Belo Horizonte;MG;abraaobatista85@outlook.com;(61) 97011-9211;Bronze
HSP-246544;Reni Bassetti Amanta;794.339.595-66;F;02/07/1973;Brasília;DF;reniamanta@hotmail.com;(31) 96933-2217;Ouro
HSP-183015;Aracelis Cunha Ambiel;727.819.623-09;F;13-12-1965;Campinas;SP;aracelisambiel@outlook.com;81973807366;Bronze
HSP-079104;Makoto Hirano Afonso;336.066.027-74;M;04/05/2004;Curitiba;PR;makoto_afonso@outlook.com;(61) 97084-3305; Bronze
HSP-557729;Ainaline Bravi Arconti;816.957.872-85;F;26/09/1962;Niterói;RJ;ainaline.arconti37@outlook.com;(61) 98688-9223;Bronze
HSP-149445;Théo Greff Castro;592.181.697-34;M;26.04.95;Ribeirão Preto;SP;theo_castro98@icloud.com;61985858296;Bronze
HSP-950314;Amayra  Basílio Günter;489.593.536-12;F;05.11.84;Salvador;BA;amayra.gunter@gmail.com;(41) 98179-8244;Prata
HSP-336880;Joliele Chaves Jost;533.164.007-96;F;1980-09-27;Curitiba;PR;jolielejost@yahoo.com.br;(61) 98104-2074;Bronze
HSP-574562;Junior Kaiser Hanauer;837.978.570-39;F;06/05/2000;Ribeirão Preto;SP;juniorhanauer8@yahoo.com.br;(81) 97824-8372;Bronze
HSP-433672;Sérgio Pessoa Greiner;410.744.303-52;M;01/08/1993;Ribeirão Preto;SP;sergiogreiner3@uol.com.br;(21) 98977-5272;Bronze
HSP-731954;Caetano Castellani Fontes;539.624.897-11;M;1971-06-21;Goiânia;GO;caetano_fontes66@hotmail.com;(81) 97184-9487;bronze
HSP-991442;Eunice Lange;714.082.866-02;F;18-11-1985;Uberlândia;MG;eunice.lange@uol.com.br;81998163644;Bronze
HSP-021173;Everton Bucci Cinelli;030.064.641-09;M;28-10-2004;Niterói;RJ;everton_cinelli@gmail.com;41974039851;Bronze
HSP-419306;Anacleto Cella Chagas;041.451.749-09;M;12/09/1972;Porto Alegre;RS;anacleto.chagas@icloud.com;19968216776;Bronze
HSP-088929;Breno Portela Costa;138.955.717-09;M;18/09/1953;Campinas;SP;brenocosta@outlook.com;(41) 97686-6542;Bronze
HSP-915593;Adriele Bottaro;022.665.282-38;F;10.09.67;Rio de Janeiro;RJ;adriele_bottaro70@gmail.com;41986972940;Bronze
HSP-273392;jonatan battistini lopes;413.220.710-20;M;12/12/1950;Uberlândia;MG;jonatanlopes@hotmail.com;(61) 97556-6857;Ouro
HSP-830401;Leudimar Adão Alifonso;221.426.484-10;M;16/02/1997;Londrina;PR;leudimaralifonso@yahoo.com.br;(51) 96273-8628;Bronze
HSP-565940;Humberto Castro Magalhães;845.243.452-99;M;06/06/1951;GOIÂNIA;GO;humberto_magalhaes@yahoo.com.br;(62) 96020-2314;Prata
HSP-407653;Úrsula Avanzini Ameixoeira;217.575.146-51;F;10/07/1955;Salvador;BA;ursulaameixoeira@yahoo.com.br;(11) 98031-7612;Bronze
HSP-411193;Romário Arconi;446.484.132-53;M;14/08/1974;Curitiba;PR;romario_arconi@icloud.com;(21) 97981-4847;Bronze
HSP-403881;Laudivino Aldeia Krause;394.366.511-98;M;16/05/1991;Curitiba;PR;LAUDIVINO.KRAUSE@YAHOO.COM.BR;(51) 97836-4368;Bronze
HSP-136987;Jamerson Goto Cervantes;818.556.954-13;M;24/08/1971;São Paulo;SP;jamerson_cervantes@gmail.com;(16) 97475-3781;Bronze
HSP-588424;Dalva Santoro Accioli;220.705.342-35;F;22.01.68;São Paulo;SP;dalva.accioli@hotmail.com;(19) 99262-4734;Bronze
HSP-856096;Milena Hesse Cunha;210.315.538-60;F;28/06/2005;Salvador;BA;milena.cunha16@outlook.com;(41) 99145-1666;Prata
HSP-966372;Théo Seabra;120.923.717-20;M;04-01-1968;Belo Horizonte;MG;theo.seabra37@uol.com.br;(11) 97976-2166;Prata
HSP-306037;Glauco Klein Bussolini;385.286.914-54;M;14/07/1964;São Paulo;SP;glauco.bussolini@hotmail.com;(16) 96103-5981;Bronze
HSP-801281;Anacleto Meller;938.788.129-65;M;22/10/1957;Recife;PE;anacleto_meller@outlook.com;(19) 96831-6982;Bronze
HSP-914586;Lídia Bartolini Trindade;569.886.471-39;F;28.01.91;Campinas;SP;lidiatrindade77@outlook.com;(81) 97792-5590;Bronze
HSP-737906;Karla Sousa Bruno;434.337.804-71;F;05/06/1966;Niterói;RJ;karlabruno@yahoo.com.br;(31) 98437-4424;Bronze
HSP-537868;Joel Acosta;256.344.312-12;M;31/01/1973;Uberlândia;MG;joel.acosta@yahoo.com.br;(81) 96108-1985;Bronze
HSP-998036;Larise Antolini;287.007.625-80;F;01/07/1972;Ribeirão Preto;SP;lariseantolini@yahoo.com.br;(31) 99691-2771;Bronze
HSP-102563;Liliane Hornburg;683.633.319-02;F;24/01/1982;Campinas;SP;lilianehornburg@hotmail.com;(41) 99255-9864;Bronze
HSP-429851;Auro Hornburg Mendes;015.506.752-49;M;03/04/1990;Recife;PE;auro.mendes@icloud.com;(62) 97707-1637;Bronze
HSP-326585;Jardel Brandt;652.272.043-49;M;01/07/1971;Curitiba;PR;jardelbrandt@gmail.com;51963643476;Prata
HSP-274405;Aldair Fischer Liebich;050.804.589-41;M;13/06/1981;Brasília;DF;aldair_liebich65@outlook.com;(31) 96873-2519;Bronze
HSP-185523;Jennifer Arão Almeidal;616.010.794-19;F;07/08/1995;Belo Horizonte;MG;jenniferalmeidal@gmail.com;(81) 98650-9929;Bronze
HSP-637058;Alves Anzolin Bonfim;721.789.402-69;F;1965-03-12;Porto Alegre;RS;alvesbonfim@yahoo.com.br;16988037624;Bronze
HSP-153821;Anatilde Alvelos;588.276.881-02;F;15/02/1978;Goiânia;GO;anatilde_alvelos81@uol.com.br;(62) 97455-1824;Prata
HSP-435904;Lúcio Archimedes Archer;273.586.742-00;M;24/12/1963;São Paulo;SP;lucioarcher@icloud.com;(61) 99441-9559;Prata
HSP-076471;Karina Ferber;379.000.273-94;F;29/03/1990;São Paulo;SP;karinaferber@hotmail.com;(16) 98602-4643;Prata
HSP-243557;Yolanda Antipode Cavallini;192.289.285-81;F;03/05/1999;Curitiba;PR;yolandacavallini@hotmail.com;16997805511;Bronze
HSP-280673;Kelly Gonçalves Kaiser;876.712.237-00;F;29/07/1960;Salvador;BA;kelly.kaiser@hotmail.com;11968561905;BRONZE
HSP-088085;Akemi Arcot;298.078.121-51;F;08/10/1964;Porto Alegre;RS;AKEMI_ARCOT40@ICLOUD.COM;(81) 96158-3036;Bronze
HSP-503882;Weverson Bezerra Cavalcanti;711.351.395-63;M;20/06/1951;Belo Horizonte;MG;weversoncavalcanti@uol.com.br;(31) 99395-9067;Prata
HSP-158974;Kimiko Castro Lisowski;157.140.692-18;F;10/02/2007;Rio de Janeiro;RJ;kimiko_lisowski@gmail.com;(21) 96586-5054; Ouro
HSP-417926;Doris Bertozzi Frank;376.313.108-66;F;16/12/1977;Recife;PE;doris_frank@yahoo.com.br;(11) 97275-2394;Prata
HSP-344524;Amarine Cinelli Ardon;864.702.601-28;F;30/09/1951;Ribeirão Preto;SP;amarine_ardon@outlook.com;(16) 99270-5357;Bronze
HSP-902633;Vladmir Arcot Cervantes;415.305.386-45;M;02.04.73;Niterói;RJ;vladmir.cervantes@yahoo.com.br;(31) 97534-4553;Bronze
HSP-843144;Marcílio Takeda;908.694.383-79;M;1968-06-27;Curitiba;PR;marcilio_takeda92@hotmail.com;(61) 98818-6369;Bronze
HSP-939224;Laionê Gonçalves Arduchat;883.351.660-13;M;25/08/1987;São Paulo;SP;laione_arduchat@uol.com.br;19976088446;Bronze
HSP-731979;Seiji Ambrogio Krueger;320.923.267-91;M;1958-08-30;Londrina;PR;seiji_krueger@hotmail.com;(31) 97966-7585;Ouro
HSP-888464;Katia Sarmento;188.195.577-03;F;26/06/1992;Belo Horizonte;MG;katia_sarmento@yahoo.com.br;19988567769;Bronze
HSP-806290;Alan Langer;245.004.968-15;M;29/11/1991;Recife;PE;alan_langer@icloud.com;(11) 98138-4754;Ouro
HSP-146010;Marisa Kannenberg;695.343.295-09;F;07.04.96;Uberlândia;MG;marisa.kannenberg@icloud.com;(51) 97606-1388;Bronze
HSP-019683;Denis Grimm Guerra;830.983.664-35;M;26/05/1968;Brasília  ;DF;denisguerra54@outlook.com;(11) 99304-8750;OURO
HSP-404931;Gertrude Ishii Bonetti;149.109.053-75;F;1976-01-07;Goiânia;GO;gertrudebonetti@outlook.com;(11) 96231-5397;Bronze
HSP-453524;Alzinete Amilaga;006.586.892-74;F;27/01/1966;Campinas;SP;ALZINETE.AMILAGA@HOTMAIL.COM;(16) 98471-3324;Prata
HSP-856458;Sidney Ameixa;643.842.823-03;M;24/09/1964;São Paulo;SP;sidneyameixa@hotmail.com;(81) 96510-7616;Bronze
HSP-013192;Leodegar Afonso Arconti;548.669.142-46;M;28/10/1967;Goiânia;GO;leodegar_arconti@outlook.com;(51) 96583-6315;Bronze
HSP-989285;Cileudo Aragones Anunciato;765.758.240-56;F;22/10/1960;Rio de Janeiro;RJ;cileudoanunciato13@outlook.com;(62) 98837-6611;Bronze
HSP-336459;Emanuel Jost;915.950.716-01;M;27/01/2003;Brasília;DF;emanuel.jost@outlook.com;(51) 97994-5422;Prata
HSP-569981;Moacir Heimann;952.496.726-04;M;11/06/1960;Salvador;BA;moacirheimann@uol.com.br;(21) 99392-3886;Bronze
HSP-797201;Liduino Ferber;853.868.351-90;M;30/01/1961;São Paulo;SP;liduino.ferber@icloud.com;(41) 99465-6797;Bronze
HSP-595368;Hans Hamann Kohlmann;935.564.292-09;M;25/06/1961;Belo Horizonte;MG;hans_kohlmann@icloud.com;(16) 98187-3931;Bronze
HSP-230137;Sabino Silveira Bonetti;397.684.849-26;M;06.06.00;Uberlândia;MG;sabino.bonetti2@yahoo.com.br;11985874181;Bronze
HSP-287698;Ovídio Hesse Antolini;456.625.282-50;M;10/05/1952;Goiânia;GO;ovidioantolini@outlook.com;(21) 98590-7249;Prata
HSP-095229;Keiko Feldmann Bertolazi;477.515.256-49;F;17-06-2007;Ribeirão Preto;SP;keiko_bertolazi67@outlook.com;(31) 97470-4597;Prata
HSP-983447;Nilson Kremer;839.018.384-65;M;14/01/1990;Salvador;BA;nilsonkremer30@icloud.com;(81) 96227-2575;Bronze
HSP-193048;Rubem Cinelli Archanno;872.235.303-83;M;15-09-1990;São Paulo;SP;rubem.archanno@uol.com.br;(62) 97000-3811;Diamante
HSP-516565;Osvaldir Anjos Marcelino;328.325.574-14;M;14.05.49;Brasília;DF;OSVALDIR_MARCELINO81@YAHOO.COM.BR;(81) 96972-7077;Bronze
HSP-145885;Naldo Batista Magalhães;611.301.444-45;M;08/10/1989;Londrina;PR;naldo_magalhaes7@outlook.com;(62) 99600-7830;Bronze
HSP-372965;Franco Hayashi;065.937.930-94;M;07/12/1971;Niterói;RJ;franco.hayashi88@icloud.com;(21) 96246-6469;Bronze
HSP-505787;Elvira Anibal Arantes;867.484.758-72;F;24-04-1987;Curitiba;PR;ELVIRA_ARANTES@GMAIL.COM;(62) 98012-6415;Bronze
HSP-478251;Antonella Arcos;713.059.761-50;F;11/02/1979;Brasília;DF;antonellaarcos@gmail.com;(21) 97500-7113;Bronze
HSP-170082;Solon Ciaramicoli;774.746.738-94;M;15/04/1992;Campinas;SP;solonciaramicoli@gmail.com;(11) 96196-4189;Prata
HSP-878411;Bento Kirst Bianchi;280.442.416-20;M;31-01-1951;Campinas;SP;bento_bianchi@gmail.com;(16) 96701-9432;Bronze
HSP-357256; Castorina Cecchetti;778.934.843-49;F;02/09/1963;Porto Alegre;RS;castorina.cecchetti@hotmail.com;19965955380;Bronze
HSP-524666;Mateus Chaves;473.322.063-40;M;02/12/2004;Recife;PE;mateuschaves74@uol.com.br;(61) 98702-4707;Bronze
HSP-733690;Eleonice Boin;453.073.002-63;F;16/04/1984;Uberlândia;MG;eleonice.boin@uol.com.br;(11) 96223-8220;Prata
HSP-378783;Aldenira Ardito Marchetti;220.369.995-73;F;1974-01-09;Porto Alegre;RS;aldenira_marchetti@hotmail.com;(62) 96180-3931;Ouro
HSP-126207;Paulino Nascimento Marcelino;662.892.793-86;M;16/11/2002;Goiânia;GO;paulinomarcelino70@gmail.com;61998536372;Prata
HSP-655736;Heloísa Amilde Luca;176.920.990-57;F;17/03/1985;Campinas;SP;heloisa_luca97@yahoo.com.br;(62) 99775-1031;Prata
HSP-217893;Janio Paiva Freyer;962.434.134-62;M;04/11/1956;NITERÓI;RJ;janiofreyer@uol.com.br;(31) 99888-6503;Bronze
HSP-561441;Aracelis Gripp Annecy;340.287.957-37;F;1991-09-21;Porto Alegre;RS;aracelis.annecy@hotmail.com;16972826319;Bronze
HSP-746020;Isaías Holzschuh Horn;369.654.035-86;M;1954-08-21;Goiânia;GO;isaias_horn@uol.com.br;(16) 99074-5899;Ouro
HSP-010609; Tupã Nóbrega;215.500.179-77;M;04.07.89;Recife;PE;tupa.nobrega95@yahoo.com.br;19986695442;Bronze
HSP-779750;Josemar Campigotto Rego;406.858.069-36;M;01/12/1982;Recife;PE;josemarrego@outlook.com;(41) 99733-5911;Bronze
HSP-628409;Lorena Aracy Gripp;627.720.807-14;F;15.07.92;Goiânia;GO;lorenagripp@outlook.com;(62) 99267-4227;Bronze
HSP-390513;Hilda Amernes;132.096.358-70;F;12/03/2006;Campinas;SP;hildaamernes@uol.com.br;(31) 99410-2203;Bronze
HSP-885986;Piraí Archanno Bittencourt;905.215.257-80;M;03-04-2006;Brasília;DF;pirai_bittencourt24@hotmail.com;(81) 96334-6140;Ouro
HSP-554495;Artur Maske Azambuja;735.623.261-81;M;06/09/1999;Recife;PE;artur.azambuja61@gmail.com;(41) 96497-5999;Bronze
HSP-608778;Maíra Fontes Rezende;370.986.172-10;F;08/09/1997;Londrina;PR;mairarezende@uol.com.br;62968763259;Bronze
HSP-014406;Nailton Bruno Kawamoto;175.762.837-18;M;21/10/1969;Curitiba;PR;nailtonkawamoto@yahoo.com.br;(61) 99777-7247;Bronze
HSP-118324;Adora Kato Kiefer;401.891.599-36;F;18/01/1967;Belo Horizonte;MG;ADORA.KIEFER72@ICLOUD.COM;(61) 97702-9759;Prata
HSP-309371;Eunice Heil Heckmann;076.679.889-51;F;03/03/1990;Uberlândia;MG;euniceheckmann@uol.com.br;(51) 96544-9096;Prata
HSP-612389;Juliara Bevilacqua Arcipreste;787.618.705-60;F;1972-04-15;Brasília;DF;juliara_arcipreste16@gmail.com;(81) 96307-4400;Bronze
HSP-301635;Vanda Passos Anunciação;164.200.090-65;F;04/11/1969;Brasília;DF;vandaanunciacao@icloud.com;(62) 97558-8226;Bronze
HSP-451790;Laudemir Araxá;035.304.847-09;M;16/06/1974;Recife;PE;laudemir_araxa@icloud.com;(41) 98459-8897;Bronze
HSP-041723;Sidnei Sakamoto Archimedes;291.393.023-93;M;21/04/1952;UBERLÂNDIA;MG;sidneiarchimedes73@gmail.com;(51) 98325-8019;Bronze
HSP-087305;Aisa Bittencourt;480.586.919-41;F;22/05/1971;São Paulo;SP;aisa_bittencourt@uol.com.br;(41) 99326-9228;Bronze
HSP-854710;Celmira Jung;582.821.135-81;F;22/06/1984;São Paulo;SP;celmirajung51@gmail.com;41976596668;Diamante
HSP-171541;Larissa Antunes Chiappetta;016.939.336-40;F;23/04/1958;Londrina;PR;larissa.chiappetta6@yahoo.com.br;(31) 97791-7932;Prata
HSP-334398;Amélia Muniz Takeda;657.458.028-55;F;07.04.79;Niterói;RJ;AMELIATAKEDA36@GMAIL.COM;31988152663;Bronze
HSP-089515;Yago Zimmer Xavier;157.265.213-66;M;1965-09-30;Belo Horizonte;MG;yago_xavier90@hotmail.com;51968555877;Bronze
HSP-794793;Ervino Ardani Amende;861.584.358-99;M;10/10/1984;Ribeirão Preto;SP;ervinoamende@outlook.com;(81) 99468-2026;Bronze
HSP-395031;Astolfo Meier;771.210.207-42;M;10-01-1964;Uberlândia;MG;astolfo_meier17@gmail.com;(11) 97400-8097;Bronze
HSP-320173;Gilmar Esteves Klinger;738.417.502-06;M;03/08/1983;Niterói;RJ;gilmar.klinger@uol.com.br;(41) 98723-2696;Prata
HSP-767560;Palmério Freyer Pinheiro;032.400.721-30;M;01-10-1974;Belo Horizonte;MG;palmerio.pinheiro58@uol.com.br;(61) 97195-3848;Bronze
HSP-346168;Maria Nascimento;433.168.207-28;F;1980-08-17;Recife;PE;maria_nascimento@hotmail.com;(16) 97360-5074;Bronze
HSP-217141;Alan Arcot Chaves;974.502.145-80;M;11/01/1990;Niterói;RJ;alan.chaves48@uol.com.br;(16) 97217-8714;Diamante
HSP-114235;YOLANDA LANGE CAVALHEIRO;540.834.512-20;F;13.08.52;Belo Horizonte;MG;yolandacavalheiro80@outlook.com;(62) 98618-8737;Bronze
HSP-712152;Nivaldo Vilela Maier;635.029.983-37;M;03/08/1973;Belo Horizonte;MG;nivaldomaier@outlook.com;(61) 97965-1032;Prata
HSP-325212;Amairla Kühn Engel;611.434.383-29;F;19.05.60;Rio de Janeiro;RJ;amairla.engel@yahoo.com.br;(62) 98327-8862;Bronze
HSP-644669;Arcelinda Burini Lorenz;529.807.179-16;F;05/04/1957;Niterói;RJ;arcelinda_lorenz@hotmail.com;(31) 96263-8180;BRONZE
HSP-657669;Cauê Figueira;646.588.949-80;M;02/02/1965;Salvador;BA;caue.figueira40@yahoo.com.br;(61) 98206-6254;Bronze
HSP-697368;Oriana Bui Freitas;902.585.525-30;F;18/02/1954;Recife;PE;oriana.freitas@gmail.com;(31) 99357-6249;Bronze
HSP-358752;Débora Nakamura;370.241.052-08;F;14/05/1974;Recife;PE;deboranakamura@outlook.com;(81) 97694-4971;Diamante
HSP-911880;Samuel Bianchi;778.096.020-04;M;15/12/1967;Niterói;RJ;samuel.bianchi@gmail.com;(31) 98587-9450;Ouro
HSP-168716;Luciana Michel Antipa;363.261.847-03;F;14/05/1990;Londrina;PR;LUCIANA_ANTIPA@GMAIL.COM;(19) 98439-4921;Bronze
HSP-237751;Elaine Arduno Vargas;731.063.815-82;F;25/05/1958;Campinas;SP;elaine.vargas@gmail.com;(51) 98411-8063;Bronze
HSP-901706;Célio Cunha Arduno;580.998.262-05;M;27/11/1962;Rio de Janeiro;RJ;celio_arduno@outlook.com;(19) 99453-1576;Bronze
HSP-537489;Josiane Grund Martins;765.347.383-09;F;06/09/1959;Belo Horizonte;MG;josiane_martins14@outlook.com;21994599620;Bronze
HSP-292600;Amílton Ogawa Falcão;274.705.409-89;M;27/12/1958;Goiânia;GO;amiltonfalcao94@yahoo.com.br;(16) 96161-7225;Bronze
HSP-894747;caetano burri bui;185.743.866-34;M;14/03/1981;Brasília;DF;caetano.bui@hotmail.com;(62) 97146-6289;Bronze
HSP-562590;Lino Assunção Afonso;141.009.578-90;M;27/12/1985;Porto Alegre;RS;lino.afonso@outlook.com;(21) 98833-8680;bronze
HSP-516037;Audira Bocchi Bezerra;968.011.682-40;F;01/02/1984;Ribeirão Preto;SP;audira.bezerra@yahoo.com.br;(51) 96148-7372;Ouro
HSP-236311;Karla Vale;294.945.131-42;F;05/01/1967;São Paulo;SP;karlavale@uol.com.br;(51) 98722-9614;Prata
HSP-047604;Elisangela Grimaldi Arduno;013.994.765-56;F;20/04/1965;São Paulo;SP;elisangelaarduno@outlook.com;(16) 97641-3629; Bronze
HSP-589754;Erick Drissen Sardinha;387.343.571-30;M;31-08-1968;São Paulo;SP;ericksardinha3@icloud.com;(31) 99067-4745;Ouro
HSP-760179;Claudieli Uchôa Leite;139.372.998-31;F;08.05.65;Curitiba;PR;claudieli.leite@yahoo.com.br;41966813441;Ouro
HSP-888475;Luiz Bittencourt Casiraghi;482.721.484-04;M;27/06/2003;Curitiba;PR;luiz_casiraghi51@hotmail.com;(16) 99211-8790;Diamante
HSP-682016;Almir Greff;125.696.614-22;M;02/11/1972;Curitiba;PR;almir_greff@uol.com.br;(61) 97600-2812;Bronze
HSP-692710;Mirtes Kaiser Lang;300.989.893-24;F;17.09.50;Ribeirão Preto;SP;mirteslang@gmail.com;(61) 97989-6089;Bronze
HSP-088133;Adrielma Calvi Loureiro;298.201.072-02;F;14/02/1960;Goiânia;GO;adrielma.loureiro@yahoo.com.br;(21) 99069-2305;Bronze
HSP-568247;Angelines Alencastro Ardila;202.535.396-09;F;17/11/1963;Uberlândia;MG;angelines_ardila@outlook.com;(11) 96711-8652;Prata
HSP-055622;Augoura Langer Cunha;698.419.855-00;F;27/09/1982;Salvador;BA;augoura.cunha@hotmail.com;(21) 99986-9007;Bronze
HSP-368559;Milice Arcioni;193.943.493-91;F;05/06/1955;São Paulo;SP;milicearcioni@yahoo.com.br;(21) 96956-5131;Diamante
HSP-284269;Aldenice Gouveia Freyer;457.526.213-72;F;13/02/1954;Ribeirão Preto;SP;aldenice.freyer@uol.com.br;(16) 99072-7618;Bronze
HSP-357160;Jardel Busch;646.312.128-29;M;12/07/1978;Campinas;SP;jardel.busch@hotmail.com;(21) 99963-1019;Bronze
HSP-166656;Rangel Primo Anzolin;189.000.913-01;M;29/01/1997;Porto Alegre;RS;rangel.anzolin@hotmail.com;21992832694;Bronze
HSP-817706;Benjamin Farias Portela;185.132.505-03;M;17-12-1965;Curitiba;PR;benjamin.portela@hotmail.com;(51) 97652-6508;Bronze
HSP-243104;Frida Moreira Zeferino;408.600.451-88;F;08/03/1982;Niterói;RJ;frida.zeferino@icloud.com;(19) 97096-8871;Prata
HSP-807352;Arselina Benini Goto;287.914.881-25;F;26.01.73;Londrina;PR;arselinagoto@icloud.com;(41) 97220-2538;Bronze
HSP-515416;Eliodora Aquino Couto;110.079.851-00;F;1994-12-18;Recife;PE;eliodoracouto83@gmail.com;62962405403;Bronze
HSP-414128; Nailzo Meier Antonelli;523.035.260-43;M;31/10/1950;Rio de Janeiro;RJ;nailzo.antonelli@outlook.com;(62) 97764-7252;Bronze
HSP-742787;Alcinéa Glock Abilio;682.419.753-09;F;1979-07-25;Belo Horizonte;MG;alcinea.abilio@uol.com.br;(51) 96134-4625;Bronze
HSP-213825;Josefa Hanauer;162.309.270-12;F;14/11/2004;Niterói;RJ;josefa_hanauer@icloud.com;19981762331;Ouro
HSP-215788;Bruno Nishimura Sarmento;396.773.923-60;M;19.05.91;Recife;PE;brunosarmento@hotmail.com;(61) 96480-3024;Bronze
