Chamado_ID;Quarto_ID;Funcionario_ID;Tipo_Chamado;Prioridade;Data_Abertura;Data_Fechamento;Avaliacao_Atendimento
CHM-6292521;QRT-57763;FUN-01568;Hidráulica;Baixa;2026-01-01 17:11:00;2026-01-03 08:55:42;1
CHM-5069900;QRT-49389;FUN-08828;Frigobar com Defeito;Baixa;2024-07-05 15:39:00;2024-07-06 03:53:38;4
CHM-1743893;QRT-19734;FUN-09324;Ar-condicionado;Média;2025-05-31 22:10:00;2025-06-01 00:13:51;4
CHM-2892948;QRT-26237;FUN-67282;Hidráulica;Baixa;2025-06-28 17:44:00;2025-06-29 15:14:15;4
CHM-3024486;QRT-95618;FUN-08234;Frigobar com Defeito;Baixa;2025-05-26 07:13:00;2025-05-27 01:54:47;5
CHM-7009920;QRT-55454;FUN-03036;Wi-Fi;Baixa;2024-12-04 16:07:00;2024-12-05 08:51:23;5
CHM-7752792;QRT-95201;FUN-15867;TV / Controle;Alta;2024-07-14 07:04:00;2024-07-14 10:32:44;2
CHM-6370741;QRT-03596;FUN-22607;Wi-Fi;Alta;2024-07-28 15:45:00;2024-07-28 16:08:15;5
CHM-6020312;QRT-87466;FUN-71493;Wi-Fi;Baixa;2025-09-08 08:10:00;2025-09-09 07:56:32;5
CHM-0937995;QRT-85739;FUN-37715;Fechadura Eletrônica;Média;2025-02-09 14:16:00;2025-02-09 19:07:22;5
CHM-2119329;QRT-76454;FUN-92045;Wi-Fi;Média;2024-07-11 10:24:00;2024-07-11 12:34:33;4
CHM-3691843;QRT-92558;FUN-64047;Hidráulica;Média;2024-08-29 14:36:00;2024-08-30 12:17:20;2
CHM-0510961;QRT-81819;FUN-21094;Wi-Fi;Média;2024-07-01 17:22:00;2024-07-01 21:08:17;5
CHM-7602365;QRT-76575;FUN-92045;Wi-Fi;Média;2024-11-07 23:38:00;2024-11-08 01:43:03;5
CHM-7174743;QRT-91810;FUN-82886;Fechadura Eletrônica;Baixa;2025-01-20 19:29:00;2025-01-21 15:16:32;5
CHM-9074507;QRT-67879;FUN-04670;TV / Controle;Média;2026-01-03 19:41:00;2026-01-03 23:20:53;3
CHM-8730139;QRT-75780;FUN-48683;Hidráulica;Baixa;2025-08-11 17:53:00;2025-08-11 20:17:02;5
CHM-2626140;QRT-09674;FUN-09324;Limpeza Extra;Média;2025-10-16 23:49:00;2025-10-17 03:24:59;5
CHM-0001490;QRT-42908;FUN-66580;Hidráulica;Média;2026-05-26 16:19:00;2026-05-27 20:14:40;2
CHM-6844089;QRT-95712;FUN-78820;Ar-condicionado;Alta;2025-09-13 14:48:00;2025-09-13 15:38:26;5
CHM-0142963;QRT-38689;FUN-96354;Wi-Fi;Baixa;2025-09-01 21:16:00;2025-09-02 04:46:15;4
CHM-9749101;QRT-45185;FUN-34873;Ar-condicionado;Média;2025-11-25 09:42:00;2025-11-25 18:18:47;2
CHM-2788962;QRT-13758;FUN-02909;Fechadura Eletrônica;Alta;2024-08-18 09:59:00;2024-08-18 11:28:29;4
CHM-4132957;QRT-15710;FUN-96106;Limpeza Extra;Média;2024-07-07 23:13:00;2024-07-08 02:57:48;4
CHM-8920421;QRT-29393;FUN-52300;TV / Controle;Baixa;2025-12-30 06:29:00;2025-12-30 09:40:57;4
CHM-2513105;QRT-83689;FUN-49170;Elétrica;Média;2026-04-07 10:18:00;2026-04-07 11:28:37;4
CHM-1445060;QRT-07031;FUN-81524;Elétrica;Baixa;2026-04-14 06:43:00;2026-04-14 14:27:08;5
CHM-9243828;QRT-37672;FUN-05739;TV / Controle;Alta;2025-07-12 17:23:00;2025-07-12 19:19:46;5
CHM-8955105;QRT-02862;FUN-01568;Wi-Fi;Média;2026-03-22 16:00:00;2026-03-22 22:10:39;4
CHM-0390130;QRT-40043;FUN-49170;Fechadura Eletrônica;Média;2026-02-15 16:10:00;2026-02-15 19:18:11;5
CHM-1632846;QRT-86712;FUN-69727;Hidráulica;Média;2026-04-14 06:10:00;2026-04-14 22:14:42;3
CHM-0211831;QRT-78217;FUN-22607;Limpeza Extra;Média;2026-05-05 23:42:00;2026-05-06 00:57:26;4
CHM-3764160;QRT-41316;FUN-45111;Limpeza Extra;Alta;2024-09-26 19:08:00;2024-09-26 20:13:01;4
CHM-9395952;QRT-42819;FUN-57664;Wi-Fi;Média;2025-05-16 15:36:00;2025-05-16 18:00:52;4
CHM-9378133;QRT-54048;FUN-21094;Elétrica;Média;2024-12-13 10:31:00;2024-12-13 14:26:43;5
CHM-4022038;QRT-15355;FUN-64755;Limpeza Extra;Média;2025-05-05 08:07:00;2025-05-05 09:05:11;3
CHM-1245166;QRT-99264;FUN-52300;Limpeza Extra;Baixa;2025-10-16 22:43:00;2025-10-17 04:34:29;4
CHM-2144450;QRT-60540;FUN-43763;Hidráulica;Média;2024-12-20 14:45:00;2024-12-20 21:16:09;4
CHM-9361867;QRT-15710;FUN-57664;Fechadura Eletrônica;Alta;2025-09-25 17:18:00;2025-09-25 20:07:21;3
CHM-1912504;QRT-26080;FUN-39946;Elétrica;Alta;2024-10-06 10:56:00;2024-10-06 11:55:31;5
CHM-0834423;QRT-12236;FUN-19473;Limpeza Extra;Média;2025-08-20 17:30:00;2025-08-20 19:47:07;4
CHM-1570759;QRT-57208;FUN-52793;Ar-condicionado;Baixa;2025-12-12 10:52:00;2025-12-12 20:28:51;4
CHM-9534010;QRT-13534;FUN-34873;Hidráulica;Média;2026-06-04 13:14:00;2026-06-04 15:41:03;5
CHM-4861853;QRT-91492;FUN-15867;Elétrica;Média;2025-05-31 07:53:00;2025-05-31 12:09:58;4
CHM-4695576;QRT-14624;FUN-15867;Ar-condicionado;Média;2024-08-26 07:35:00;2024-08-26 11:08:56;4
CHM-0935198;QRT-68507;FUN-49170;Ar-condicionado;Média;2025-09-03 20:13:00;2025-09-03 23:37:55;5
CHM-4922103;QRT-69520;FUN-34079;Ar-condicionado;Média;2026-06-09 09:05:00;2026-06-09 14:26:36;4
CHM-8386662;QRT-11654;FUN-25313;TV / Controle;Alta;2024-09-28 19:56:00;2024-09-28 21:43:30;4
CHM-4957241;QRT-03930;FUN-08849;Ar-condicionado;Alta;2026-01-22 14:36:00;2026-01-22 15:32:55;5
CHM-2000804;QRT-98042;FUN-19473;Elétrica;Média;2025-06-10 07:03:00;2025-06-10 10:24:35;3
CHM-3516310;QRT-68507;FUN-57664;Frigobar com Defeito;Média;2025-08-06 23:40:00;2025-08-07 03:15:24;5
CHM-2491761;QRT-74690;FUN-50800;Hidráulica;Média;2025-09-07 06:40:00;2025-09-08 00:01:02;3
CHM-9665371;QRT-69411;FUN-15867;Wi-Fi;Média;2024-12-03 13:53:00;2024-12-03 16:34:17;5
CHM-7664923;QRT-29802;FUN-73856;Hidráulica;Baixa;2025-01-14 16:21:00;2025-01-14 23:40:32;5
CHM-9415413;QRT-71975;FUN-49013;Fechadura Eletrônica;Alta;2025-11-12 18:22:00;2025-11-12 18:38:36;3
CHM-5464574;QRT-22585;FUN-90839;TV / Controle;Média;2025-08-03 16:19:00;2025-08-03 19:23:45;4
CHM-4276640;QRT-95923;FUN-29826;Wi-Fi;Baixa;2026-04-21 21:52:00;2026-04-22 08:45:53;3
CHM-7943004;QRT-76736;FUN-16922;TV / Controle;Média;2026-01-03 17:36:00;2026-01-04 03:16:30;3
CHM-4029193;QRT-42908;FUN-66580;Hidráulica;Média;2025-10-04 18:01:00;2025-10-05 12:16:39;2
CHM-0391586;QRT-93908;FUN-29826;Limpeza Extra;Alta;2025-11-16 07:19:00;2025-11-16 08:17:35;4
CHM-4464544;QRT-56980;FUN-57664;Frigobar com Defeito;Alta;2025-09-01 22:05:00;2025-09-01 22:22:53;5
CHM-8302200;QRT-96237;FUN-65780;Elétrica;Baixa;2025-08-30 23:23:00;2025-08-31 07:36:05;5
CHM-2362369;QRT-03446;FUN-12040;Ar-condicionado;Média;2024-08-23 19:36:00;2024-08-24 04:19:49;2
CHM-2490105;QRT-47628;FUN-89330;Limpeza Extra;Alta;2025-07-27 12:16:00;2025-07-27 13:06:50;4
CHM-8872219;QRT-56455;FUN-16922;Wi-Fi;Alta;2026-06-10 14:50:00;2026-06-10 16:53:05;2
CHM-9301899;QRT-31930;FUN-73856;TV / Controle;Média;2025-06-03 21:30:00;2025-06-04 01:00:58;3
CHM-0950354;QRT-88654;FUN-28577;Wi-Fi;Média;2024-07-23 19:23:00;2024-07-24 02:59:19;5
CHM-6373384;QRT-04414;FUN-71181;Elétrica;Média;2026-05-27 06:49:00;2026-05-28 00:35:49;3
CHM-0079939;QRT-72363;FUN-22027;Wi-Fi;Alta;2025-04-02 08:06:00;2025-04-02 09:08:00;5
CHM-4107871;QRT-02007;FUN-37715;Limpeza Extra;Média;2025-02-07 22:24:00;2025-02-08 01:58:43;5
CHM-4356306;QRT-60979;FUN-81524;Wi-Fi;Média;2025-05-26 22:51:00;2025-05-27 02:58:04;3
CHM-9518280;QRT-78524;FUN-78820;Wi-Fi;Baixa;2025-07-14 12:29:00;2025-07-14 21:40:44;5
CHM-4286539;QRT-53914;FUN-16922;Hidráulica;Média;2025-06-04 13:44:00;2025-06-04 17:12:52;5
CHM-8662166;QRT-73232;FUN-64047;Fechadura Eletrônica;Baixa;2026-02-08 18:19:00;2026-02-09 04:56:28;4
CHM-9873828;QRT-92964;FUN-49170;Limpeza Extra;Média;2025-08-20 12:42:00;2025-08-20 15:32:23;5
CHM-0024014;QRT-94556;FUN-08828;Wi-Fi;Baixa;2025-12-16 08:53:00;2025-12-17 13:24:42;3
CHM-4060030;QRT-22178;FUN-16922;Hidráulica;Alta;2024-09-30 22:23:00;2024-10-01 00:05:42;4
CHM-7564391;QRT-98370;FUN-22027;Ar-condicionado;Alta;2026-06-07 14:46:00;2026-06-07 15:46:59;5
CHM-2913888;QRT-65918;FUN-86194;TV / Controle;Baixa;2025-04-09 09:39:00;2025-04-10 00:44:45;4
CHM-0868557;QRT-94225;FUN-19473;Hidráulica;Alta;2026-01-26 12:54:00;2026-01-26 13:18:08;3
CHM-5280057;QRT-25571;FUN-67282;Elétrica;Média;2025-11-14 17:37:00;2025-11-15 00:49:27;5
CHM-8646639;QRT-96687;FUN-76103;Elétrica;Média;2025-03-15 06:53:00;2025-03-15 09:45:32;5
CHM-9991551;QRT-80765;FUN-83865;Fechadura Eletrônica;Média;2025-07-30 13:07:00;2025-07-30 14:44:34;4
CHM-7127038;QRT-92177;FUN-49013;Hidráulica;Média;2026-03-17 11:11:00;2026-03-17 23:38:54;3
CHM-5737222;QRT-04283;FUN-39946;Wi-Fi;Alta;2024-10-27 08:27:00;2024-10-27 09:15:00;5
CHM-1271138;QRT-46149;FUN-64755;Wi-Fi;Média;2025-10-05 17:39:00;2025-10-05 19:45:53;5
CHM-1185084;QRT-94556;FUN-70436;Hidráulica;Média;2024-12-22 22:33:00;2024-12-22 23:43:44;4
CHM-2166997;QRT-18531;FUN-25313;Fechadura Eletrônica;Baixa;2025-12-13 14:29:00;2025-12-14 16:23:56;1
CHM-2419211;QRT-14624;FUN-48683;Ar-condicionado;Média;2024-08-06 21:52:00;2024-08-07 01:43:16;4
CHM-9942397;QRT-64260;FUN-41540;Fechadura Eletrônica;Baixa;2024-10-02 10:38:00;2024-10-04 05:18:06;2
CHM-6645052;QRT-87654;FUN-71493;Elétrica;Baixa;2025-12-09 20:31:00;2025-12-10 14:02:23;3
CHM-6171830;QRT-41748;FUN-12040;Ar-condicionado;Baixa;2026-03-14 14:33:00;2026-03-15 01:31:04;5
CHM-2051874;QRT-41356;FUN-52300;Limpeza Extra;Média;2025-11-29 14:59:00;2025-11-29 18:22:06;4
CHM-4124489;QRT-56455;FUN-16922;Fechadura Eletrônica;Baixa;2025-08-03 17:50:00;2025-08-04 10:03:19;5
CHM-2115749;QRT-53917;FUN-22027;Wi-Fi;Baixa;2025-04-07 10:38:00;2025-04-09 09:06:30;3
CHM-7033725;QRT-42819;FUN-05739;Elétrica;Alta;2024-07-11 09:29:00;2024-07-11 10:00:02;5
CHM-3517292;QRT-87613;FUN-76103;Ar-condicionado;Baixa;2025-11-09 22:15:00;2025-11-10 13:31:04;5
CHM-7297785;QRT-83689;FUN-49170;Hidráulica;Média;2025-11-22 17:06:00;2025-11-22 22:09:03;5
CHM-8618974;QRT-87183;FUN-12576;Ar-condicionado;Média;2024-07-24 23:03:00;2024-07-25 02:09:12;4
CHM-5430160;QRT-29854;FUN-64755;Ar-condicionado;Alta;2024-09-02 16:13:00;2024-09-02 17:08:32;4
CHM-5461563;QRT-53432;FUN-41540;Wi-Fi;Baixa;2025-09-11 11:45:00;2025-09-12 03:17:48;4
CHM-2422652;QRT-17820;FUN-13975;Wi-Fi;Média;2026-01-31 09:06:00;2026-01-31 14:07:29;5
CHM-3905011;QRT-28319;FUN-05739;Hidráulica;Alta;2025-01-29 20:05:00;2025-01-29 22:05:24;3
CHM-7313778;QRT-27391;FUN-07814;Ar-condicionado;Baixa;2025-05-10 13:27:00;2025-05-10 16:53:10;5
CHM-5622475;QRT-37204;FUN-50800;TV / Controle;Alta;2026-03-03 07:49:00;2026-03-03 09:45:11;5
CHM-3007038;QRT-07215;FUN-05739;Wi-Fi;Média;2025-05-29 17:08:00;2025-05-30 01:04:59;4
CHM-9664612;QRT-74465;FUN-08486;Hidráulica;Baixa;2025-06-11 10:18:00;2025-06-11 21:25:50;5
CHM-3424312;QRT-17482;FUN-22607;Fechadura Eletrônica;Média;2026-02-19 09:27:00;2026-02-19 11:12:50;5
CHM-8591095;QRT-98042;FUN-65780;Wi-Fi;Média;2024-09-11 09:57:00;2024-09-11 14:29:44;5
CHM-4473936;QRT-47168;FUN-96354;Ar-condicionado;Baixa;2024-12-31 11:20:00;2024-12-31 22:36:17;4
CHM-2753569;QRT-49389;FUN-08828;Wi-Fi;Baixa;2024-10-31 12:51:00;2024-10-31 23:44:53;3
CHM-3530912;QRT-78055;FUN-25313;Ar-condicionado;Média;2024-07-27 08:01:00;2024-07-27 09:09:42;4
CHM-1464287;QRT-04283;FUN-08486;Hidráulica;Alta;2024-07-24 12:10:00;2024-07-24 13:20:47;5
CHM-4167354;QRT-22585;FUN-90839;Ar-condicionado;Média;2024-08-17 14:54:00;2024-08-17 16:08:29;5
CHM-7024014;QRT-90947;FUN-71181;Hidráulica;Baixa;2024-10-03 10:31:00;2024-10-04 15:57:45;3
CHM-8553093;QRT-78524;FUN-73856;Elétrica;Média;2024-08-14 17:30:00;2024-08-14 18:51:40;3
CHM-7749995;QRT-44476;FUN-16922;Elétrica;Média;2026-01-23 19:47:00;2026-01-24 00:35:43;5
CHM-7178174;QRT-53432;FUN-86199;Elétrica;Média;2025-03-06 15:14:00;2025-03-06 20:09:03;3
CHM-7456429;QRT-59498;FUN-92045;TV / Controle;Média;2025-06-17 16:28:00;2025-06-17 18:34:11;4
CHM-4778286;QRT-70680;FUN-07814;Ar-condicionado;Baixa;2025-10-10 19:02:00;2025-10-11 04:31:16;5
CHM-6572351;QRT-59474;FUN-81524;Fechadura Eletrônica;Baixa;2025-06-05 14:22:00;2025-06-05 22:39:24;5
CHM-7230163;QRT-29439;FUN-15784;Frigobar com Defeito;Baixa;2025-04-07 22:08:00;2025-04-08 12:29:41;5
CHM-3510831;QRT-49331;FUN-22607;Elétrica;Média;2026-04-22 20:26:00;2026-04-22 22:43:51;5
CHM-7729611;QRT-13595;FUN-09102;Elétrica;Baixa;2025-11-14 13:16:00;2025-11-17 17:50:15;2
CHM-0982012;QRT-03596;FUN-71493;Limpeza Extra;Média;2025-06-27 10:35:00;2025-06-27 12:34:59;4
CHM-4221286;QRT-45866;FUN-29826;Hidráulica;Média;2026-02-12 17:33:00;2026-02-12 20:45:40;5
CHM-3746326;QRT-31908;FUN-12040;Ar-condicionado;Média;2026-03-26 14:12:00;2026-03-26 17:26:39;5
CHM-0319852;QRT-83689;FUN-64755;TV / Controle;Alta;2025-07-13 10:30:00;2025-07-13 10:59:19;3
CHM-2710767;QRT-92171;FUN-78820;Hidráulica;Alta;2024-11-22 13:58:00;2024-11-22 14:40:41;4
CHM-6382054;QRT-60845;FUN-15867;Hidráulica;Média;2026-03-01 15:06:00;2026-03-01 18:26:50;3
CHM-0111446;QRT-09785;FUN-07814;Ar-condicionado;Alta;2024-11-26 14:29:00;2024-11-26 14:55:22;4
CHM-3912592;QRT-74691;FUN-96106;TV / Controle;Média;2025-11-17 10:27:00;2025-11-18 03:02:26;3
CHM-1624846;QRT-13534;FUN-50800;Ar-condicionado;Média;2024-12-04 23:04:00;2024-12-05 02:50:22;3
CHM-2920443;QRT-61962;FUN-05739;Wi-Fi;Baixa;2025-07-13 17:01:00;2025-07-14 12:27:11;5
CHM-3928169;QRT-06780;FUN-52793;Hidráulica;Baixa;2025-07-16 20:38:00;2025-07-18 15:54:10;3
CHM-4738924;QRT-28212;FUN-57664;Wi-Fi;Média;2025-10-06 19:20:00;2025-10-06 23:15:29;4
CHM-8845778;QRT-77112;FUN-22027;Elétrica;Alta;2025-11-01 18:48:00;2025-11-01 19:37:03;5
CHM-1147583;QRT-53432;FUN-90839;Ar-condicionado;Média;2024-08-09 10:11:00;2024-08-09 13:56:54;5
CHM-1666379;QRT-02862;FUN-86199;Limpeza Extra;Média;2024-12-08 13:16:00;2024-12-10 14:38:53;3
CHM-8330839;QRT-65099;FUN-47371;Hidráulica;Baixa;2025-01-16 12:39:00;2025-01-17 13:40:09;3
CHM-3853255;QRT-84941;FUN-69104;Ar-condicionado;Média;2026-04-18 11:51:00;2026-04-18 18:24:50;5
CHM-7473332;QRT-23155;FUN-05739;Ar-condicionado;Média;2024-07-31 21:55:00;2024-08-01 12:43:53;2
CHM-0721357;QRT-62407;FUN-08109;Limpeza Extra;Média;2026-01-13 21:28:00;2026-01-14 02:57:07;5
CHM-7585237;QRT-04542;FUN-09102;Ar-condicionado;Baixa;2025-05-03 18:04:00;2025-05-04 09:19:50;4
CHM-4836643;QRT-95712;FUN-67710;Limpeza Extra;Média;2024-09-07 16:41:00;2024-09-08 00:47:50;1
CHM-1544453;QRT-86467;FUN-81524;Frigobar com Defeito;Média;2025-09-12 18:21:00;2025-09-13 01:17:59;5
CHM-4729067;QRT-55333;FUN-36473;Wi-Fi;Alta;2025-06-17 20:01:00;2025-06-17 20:46:39;5
CHM-5548194;QRT-87183;FUN-37715;Fechadura Eletrônica;Média;2026-03-23 19:30:00;2026-03-23 22:35:09;5
CHM-7454371;QRT-16068;FUN-02909;Wi-Fi;Média;2026-05-16 20:19:00;2026-05-16 22:27:57;5
CHM-0668476;QRT-11826;FUN-08849;TV / Controle;Média;2024-09-23 13:01:00;2024-09-23 16:34:46;4
CHM-0671113;QRT-84972;FUN-07814;Ar-condicionado;Alta;2026-04-16 14:27:00;2026-04-16 21:12:07;3
CHM-8736379;QRT-03659;FUN-49170;TV / Controle;Baixa;2025-10-06 20:26:00;2025-10-07 18:50:04;4
CHM-6343941;QRT-39368;FUN-89330;Elétrica;Baixa;2025-03-17 10:49:00;2025-03-18 08:56:43;3
CHM-1453185;QRT-69835;FUN-12040;Ar-condicionado;Baixa;2025-09-11 12:08:00;2025-09-12 11:11:04;4
CHM-0061809;QRT-55333;FUN-48159;Wi-Fi;Baixa;2026-03-10 09:42:00;2026-03-10 14:54:54;5
CHM-6652903;QRT-25078;FUN-86194;Frigobar com Defeito;Baixa;2025-09-07 21:54:00;2025-09-08 19:27:09;5
CHM-0887681;QRT-56455;FUN-73856;Hidráulica;Alta;2025-02-12 18:05:00;2025-02-12 18:51:00;4
CHM-2038848;QRT-65173;FUN-28577;Ar-condicionado;Baixa;2024-07-26 16:54:00;2024-07-27 02:29:12;4
CHM-2336395;QRT-86876;FUN-48159;Wi-Fi;Média;2025-08-30 18:20:00;2025-08-30 21:07:45;5
CHM-0608090;QRT-80227;FUN-64755;Hidráulica;Média;2025-01-30 12:15:00;2025-01-30 23:06:15;2
CHM-8059554;QRT-87466;FUN-08849;Ar-condicionado;Média;2026-04-25 23:01:00;2026-04-26 03:59:33;5
CHM-2049362;QRT-23438;FUN-86199;Ar-condicionado;Baixa;2024-09-27 06:00:00;2024-09-27 18:05:41;5
CHM-4172857;QRT-00087;FUN-08109;Wi-Fi;Baixa;2026-01-11 17:02:00;2026-01-12 01:33:18;4
CHM-0941452;QRT-41338;FUN-49013;Ar-condicionado;Baixa;2024-07-27 21:26:00;2024-07-28 01:14:34;5
CHM-3677946;QRT-26080;FUN-10947;Fechadura Eletrônica;Média;2025-12-03 18:06:00;2025-12-03 21:57:32;5
CHM-8997322;QRT-29980;FUN-64755;Elétrica;Média;2025-10-07 23:52:00;2025-10-08 01:19:18;5
CHM-5487405;QRT-06780;FUN-08486;Ar-condicionado;Baixa;2025-02-07 18:32:00;2025-02-09 04:42:23;2
CHM-1540185;QRT-86201;FUN-50800;Ar-condicionado;Média;2025-03-01 10:02:00;2025-03-02 21:24:55;1
CHM-2235352;QRT-37131;FUN-48159;Limpeza Extra;Baixa;2026-04-05 08:38:00;2026-04-06 16:59:18;1
CHM-2919451;QRT-11607;FUN-23383;Ar-condicionado;Alta;2026-04-15 19:43:00;2026-04-15 20:47:30;3
CHM-2662365;QRT-61719;FUN-02909;Ar-condicionado;Média;2025-05-22 11:55:00;2025-05-22 17:29:42;5
CHM-9535343;QRT-83424;FUN-71493;Elétrica;Média;2024-08-29 13:11:00;2024-08-29 19:13:04;5
CHM-1571588;QRT-37477;FUN-88121;Hidráulica;Baixa;2026-03-15 23:27:00;2026-03-16 06:12:07;3
CHM-2546260;QRT-22178;FUN-67710;Elétrica;Alta;2024-08-20 19:51:00;2024-08-20 22:03:34;3
CHM-3855184;QRT-78524;FUN-67710;Hidráulica;Média;2026-04-10 23:24:00;2026-04-11 03:04:18;4
CHM-3951853;QRT-21496;FUN-86199;Fechadura Eletrônica;Média;2026-01-09 11:19:00;2026-01-09 14:35:39;5
CHM-3969072;QRT-80765;FUN-86194;Wi-Fi;Média;2026-03-21 15:53:00;2026-03-21 19:34:28;3
CHM-8678805;QRT-39575;FUN-69727;Limpeza Extra;Baixa;2026-01-04 11:34:00;2026-01-05 07:21:16;5
CHM-9038974;QRT-03369;FUN-12576;Ar-condicionado;Média;2025-01-25 16:59:00;2025-01-26 03:19:15;3
CHM-2784807;QRT-75123;FUN-50800;Wi-Fi;Média;2025-10-03 11:48:00;2025-10-04 12:28:24;2
CHM-1837277;QRT-49331;FUN-08109;Fechadura Eletrônica;Média;2026-06-21 17:27:00;2026-06-21 20:36:07;5
CHM-2213981;QRT-21077;FUN-86194;Limpeza Extra;Baixa;2024-11-30 23:44:00;2024-12-01 11:39:47;5
CHM-2761454;QRT-13595;FUN-09102;Wi-Fi;Média;2024-11-28 21:51:00;2024-11-29 01:19:30;5
CHM-8351365;QRT-24274;FUN-48683;Ar-condicionado;Média;2024-11-27 09:34:00;2024-11-27 11:05:27;4
CHM-7648298;QRT-47964;FUN-29826;Wi-Fi;Média;2024-08-13 13:23:00;2024-08-13 16:36:45;4
CHM-9219357;QRT-37131;FUN-36473;Ar-condicionado;Média;2025-10-16 06:12:00;2025-10-16 15:25:44;2
CHM-5329100;QRT-94556;FUN-70436;Hidráulica;Média;2024-07-25 08:03:00;2024-07-25 14:04:47;5
CHM-8955454;QRT-58898;FUN-36473;Wi-Fi;Média;2025-12-01 11:12:00;2025-12-02 12:40:39;1
CHM-2342845;QRT-42444;FUN-76103;Elétrica;Média;2025-05-13 23:59:00;2025-05-14 02:23:15;5
CHM-7799772;QRT-22585;FUN-01568;Fechadura Eletrônica;Baixa;2026-03-02 22:42:00;2026-03-03 09:14:10;4
CHM-5885727;QRT-16535;FUN-19473;Elétrica;Média;2024-08-17 08:10:00;2024-08-17 12:35:00;4
CHM-2365109;QRT-13758;FUN-71493;Elétrica;Média;2025-07-15 19:17:00;2025-07-16 01:02:08;4
CHM-4536889;QRT-47759;FUN-18700;Ar-condicionado;Baixa;2024-08-12 21:36:00;2024-08-13 06:56:47;4
CHM-0081853;QRT-67879;FUN-36473;Wi-Fi;Média;2025-06-04 16:24:00;2025-06-04 20:02:08;5
CHM-3359739;QRT-89410;FUN-74014;Wi-Fi;Alta;2025-07-02 11:09:00;2025-07-02 14:30:53;2
CHM-1711292;QRT-72363;FUN-22027;Wi-Fi;Média;2024-11-03 13:24:00;2024-11-03 23:40:34;2
CHM-4966009;QRT-53290;FUN-92311;Hidráulica;Baixa;2025-11-09 09:40:00;2025-11-10 04:38:12;5
CHM-2273268;QRT-69411;FUN-50800;Hidráulica;Média;2025-09-06 06:42:00;2025-09-06 15:43:05;2
CHM-3667951;QRT-35519;FUN-34873;Ar-condicionado;Baixa;2026-05-27 12:34:00;2026-05-28 08:52:57;5
CHM-6096997;QRT-62109;FUN-71493;TV / Controle;Baixa;2025-04-02 10:36:00;2025-04-02 19:39:24;5
CHM-7470777;QRT-98042;FUN-65780;TV / Controle;Média;2025-02-15 11:37:00;2025-02-15 19:09:48;5
CHM-6529414;QRT-43677;FUN-94946;Hidráulica;Alta;2025-11-01 13:48:00;2025-11-01 16:50:25;2
CHM-7859986;QRT-75030;FUN-19473;Ar-condicionado;Média;2026-05-15 18:41:00;2026-05-15 23:08:57;4
CHM-1658818;QRT-11218;FUN-45111;Limpeza Extra;Alta;2025-02-08 18:04:00;2025-02-08 19:14:28;5
CHM-2421125;QRT-80306;FUN-66580;TV / Controle;Baixa;2025-06-07 13:09:00;2025-06-09 09:32:44;3
CHM-2508437;QRT-26080;FUN-39946;Hidráulica;Média;2026-06-03 09:30:00;2026-06-03 22:08:43;2
CHM-9845380;QRT-74690;FUN-50800;Limpeza Extra;Média;2026-01-06 16:05:00;2026-01-06 22:55:47;5
CHM-9703899;QRT-98370;FUN-22027;TV / Controle;Média;2024-11-24 06:05:00;2024-11-24 10:40:44;5
CHM-8946063;QRT-65055;FUN-86194;Frigobar com Defeito;Média;2026-05-31 07:23:00;2026-05-31 12:53:19;5
CHM-6216270;QRT-70944;FUN-07814;Limpeza Extra;Média;2025-10-07 14:09:00;2025-10-07 20:48:04;3
CHM-2525889;QRT-11649;FUN-07814;Ar-condicionado;Média;2025-11-22 23:55:00;2025-11-23 03:17:44;4
CHM-9956862;QRT-02711;FUN-49170;Elétrica;Média;2024-07-20 18:01:00;2024-07-21 04:37:26;2
CHM-6322762;QRT-41338;FUN-64706;Limpeza Extra;Média;2025-02-22 21:38:00;2025-02-23 01:59:35;5
CHM-7104424;QRT-27801;FUN-66580;Ar-condicionado;Baixa;2026-02-17 16:39:00;2026-02-18 14:07:36;5
CHM-8684404;QRT-27342;FUN-55799;Ar-condicionado;Média;2025-11-28 23:35:00;2025-11-29 04:27:25;4
CHM-9935244;QRT-04542;FUN-08234;Limpeza Extra;Baixa;2025-02-20 09:33:00;2025-02-22 15:48:55;1
CHM-4335112;QRT-56047;FUN-13975;Ar-condicionado;Média;2025-05-14 23:52:00;2025-05-15 02:38:00;5
CHM-6020865;QRT-54048;FUN-70436;Hidráulica;Baixa;2025-12-31 15:02:00;2026-01-01 18:40:24;2
CHM-7684585;QRT-07031;FUN-45111;Fechadura Eletrônica;Média;2025-03-16 12:15:00;2025-03-16 17:51:32;5
CHM-1258476;QRT-78524;FUN-83865;Fechadura Eletrônica;Média;2026-04-23 11:07:00;2026-04-23 20:00:27;3
CHM-4819643;QRT-44476;FUN-16922;Limpeza Extra;Alta;2026-05-25 16:17:00;2026-05-25 17:52:08;5
CHM-2711000;QRT-24118;FUN-70436;Hidráulica;Baixa;2026-06-04 13:52:00;2026-06-05 15:57:53;3
CHM-0395434;QRT-72078;FUN-32345;Frigobar com Defeito;Média;2025-03-08 16:03:00;2025-03-08 20:17:37;5
CHM-2223416;QRT-04542;FUN-94946;Frigobar com Defeito;Alta;2025-11-25 12:17:00;2025-11-25 14:53:13;3
CHM-7572087;QRT-85920;FUN-64755;Limpeza Extra;Média;2025-07-23 10:24:00;2025-07-23 13:57:03;4
CHM-0011600;QRT-34396;FUN-08109;Elétrica;Alta;2024-10-12 08:17:00;2024-10-12 09:24:36;5
CHM-0151174;QRT-22585;FUN-69104;TV / Controle;Média;2025-07-28 14:50:00;2025-07-28 18:08:57;4
CHM-1452140;QRT-26280;FUN-64706;Ar-condicionado;Alta;2025-04-08 14:40:00;2025-04-08 16:00:29;4
CHM-8550993;QRT-90947;FUN-12576;Hidráulica;Baixa;2026-02-11 07:22:00;2026-02-11 13:27:42;4
CHM-9454233;QRT-03596;FUN-47371;TV / Controle;Baixa;2024-11-23 22:18:00;2024-11-26 14:47:40;3
CHM-1241015;QRT-92558;FUN-64047;Ar-condicionado;Média;2025-03-20 06:08:00;2025-03-20 10:21:29;4
CHM-7414694;QRT-83424;FUN-02909;Hidráulica;Média;2026-05-06 12:38:00;2026-05-06 17:35:23;5
CHM-7290559;QRT-24118;FUN-21094;Wi-Fi;Média;2026-04-21 23:05:00;2026-04-22 07:42:58;3
CHM-0124759;QRT-87183;FUN-37715;Ar-condicionado;Média;2026-01-07 06:44:00;2026-01-07 14:12:59;4
CHM-4703630;QRT-75780;FUN-48683;Hidráulica;Média;2025-05-23 10:08:00;2025-05-23 12:57:13;4
CHM-5297054;QRT-66932;FUN-08828;Ar-condicionado;Média;2025-12-02 07:33:00;2025-12-02 18:38:18;1
CHM-9861379;QRT-74691;FUN-64755;Limpeza Extra;Baixa;2026-03-06 10:08:00;2026-03-07 11:07:03;2
CHM-7033769;QRT-90111;FUN-34873;Ar-condicionado;Média;2024-09-23 10:29:00;2024-09-23 11:16:55;5
CHM-2176090;QRT-39368;FUN-76103;Ar-condicionado;Baixa;2026-02-12 08:56:00;2026-02-13 06:42:02;4
CHM-3993303;QRT-90762;FUN-05739;Elétrica;Alta;2026-04-24 07:17:00;2026-04-24 07:28:24;5
CHM-0430444;QRT-72107;FUN-71181;Elétrica;Média;2025-11-07 23:39:00;2025-11-08 01:46:12;4
CHM-4510966;QRT-22560;FUN-69727;Ar-condicionado;Média;2025-07-22 07:21:00;2025-07-22 11:39:26;4
CHM-7287878;QRT-14624;FUN-50800;Limpeza Extra;Média;2025-11-25 06:05:00;2025-11-25 16:10:46;2
CHM-5041765;QRT-78115;FUN-83865;Wi-Fi;Alta;2026-06-02 23:52:00;2026-06-03 02:14:05;2
CHM-0646314;QRT-63998;FUN-64706;Frigobar com Defeito;Alta;2024-10-26 14:43:00;2024-10-26 15:13:38;4
CHM-0638181;QRT-23373;FUN-71493;Ar-condicionado;Média;2025-12-07 22:47:00;2025-12-08 01:43:20;4
CHM-7531193;QRT-58898;FUN-04670;Ar-condicionado;Alta;2024-12-31 22:44:00;2024-12-31 23:17:36;5
CHM-8112392;QRT-16398;FUN-21094;Ar-condicionado;Alta;2026-04-21 22:49:00;2026-04-22 00:25:49;4
CHM-2521098;QRT-69375;FUN-34873;Elétrica;Média;2025-11-26 11:40:00;2025-11-26 16:26:20;5
CHM-5871366;QRT-27801;FUN-76103;Ar-condicionado;Baixa;2025-09-13 06:39:00;2025-09-14 21:25:20;3
CHM-7338821;QRT-78055;FUN-22607;Wi-Fi;Alta;2026-05-23 23:33:00;2026-05-24 00:34:24;4
CHM-9273679;QRT-85687;FUN-10947;TV / Controle;Média;2024-11-05 11:38:00;2024-11-05 15:08:15;5
CHM-4395849;QRT-19577;FUN-52793;Frigobar com Defeito;Média;2025-09-05 17:57:00;2025-09-05 23:07:08;5
CHM-6055809;QRT-62407;FUN-71493;Wi-Fi;Média;2024-10-06 06:40:00;2024-10-06 13:51:22;5
CHM-3653700;QRT-11218;FUN-76103;Wi-Fi;Média;2024-08-14 23:38:00;2024-08-15 05:34:41;5
CHM-1802554;QRT-86467;FUN-18700;Limpeza Extra;Alta;2025-02-07 13:24:00;2025-02-07 15:06:41;5
CHM-5991382;QRT-74766;FUN-01568;Frigobar com Defeito;Baixa;2025-05-04 08:08:00;2025-05-04 18:23:17;3
CHM-3377204;QRT-73232;FUN-67282;TV / Controle;Média;2024-10-21 21:08:00;2024-10-22 02:03:42;4
CHM-7895739;QRT-92171;FUN-83865;TV / Controle;Média;2025-04-14 19:36:00;2025-04-14 20:24:02;5
CHM-7423345;QRT-43330;FUN-34873;Limpeza Extra;Baixa;2025-04-14 08:56:00;2025-04-15 06:14:08;5
CHM-1960020;QRT-76575;FUN-08828;TV / Controle;Baixa;2025-09-30 13:08:00;2025-09-30 15:54:50;5
CHM-9122056;QRT-42908;FUN-66580;Ar-condicionado;Baixa;2025-09-21 06:49:00;2025-09-22 02:07:00;3
CHM-6362735;QRT-41338;FUN-49013;Ar-condicionado;Baixa;2025-09-02 09:17:00;2025-09-02 20:01:01;4
CHM-5644500;QRT-28645;FUN-90839;Hidráulica;Média;2025-11-01 15:53:00;2025-11-01 21:40:38;4
CHM-9881757;QRT-70536;FUN-43763;Hidráulica;Média;2024-11-10 16:18:00;2024-11-11 00:20:05;3
CHM-7410728;QRT-39888;FUN-67710;Wi-Fi;Alta;2025-05-21 13:41:00;2025-05-21 15:13:51;3
CHM-3233813;QRT-25217;FUN-55799;Fechadura Eletrônica;Média;2026-03-04 10:14:00;2026-03-04 21:56:03;1
CHM-7786128;QRT-75780;FUN-69727;Ar-condicionado;Média;2024-12-20 20:09:00;2024-12-21 02:35:29;5
CHM-7132159;QRT-16068;FUN-47371;Ar-condicionado;Alta;2025-06-08 08:10:00;2025-06-08 08:36:24;5
CHM-8619781;QRT-81933;FUN-23286;Hidráulica;Média;2024-11-16 18:08:00;2024-11-18 09:27:18;2
CHM-7172186;QRT-01345;FUN-87234;Elétrica;Média;2026-01-21 21:57:00;2026-01-21 23:46:38;5
CHM-2013219;QRT-58898;FUN-28577;Limpeza Extra;Baixa;2024-08-17 21:45:00;2024-08-19 01:27:14;2
CHM-9146798;QRT-75123;FUN-48683;TV / Controle;Média;2025-12-07 16:01:00;2025-12-07 19:29:14;5
CHM-1171352;QRT-02819;FUN-08486;Hidráulica;Baixa;2025-10-22 16:01:00;2025-10-23 14:14:37;4
CHM-2983423;QRT-00699;FUN-49170;Limpeza Extra;Baixa;2025-08-19 12:43:00;2025-08-20 03:22:54;4
CHM-6070605;QRT-23373;FUN-22607;Elétrica;Baixa;2024-11-25 12:19:00;2024-11-25 22:49:38;5
CHM-3876986;QRT-66170;FUN-28577;Wi-Fi;Média;2025-03-30 21:21:00;2025-03-31 01:05:30;5
CHM-7257299;QRT-53040;FUN-92311;Wi-Fi;Baixa;2024-10-05 15:28:00;2024-10-06 14:05:38;5
CHM-3396592;QRT-54489;FUN-05739;Elétrica;Alta;2025-03-27 15:36:00;2025-03-27 16:32:25;5
CHM-9862656;QRT-93180;FUN-64755;Fechadura Eletrônica;Alta;2025-09-26 23:25:00;2025-09-26 23:45:09;5
CHM-5784413;QRT-47928;FUN-94946;Elétrica;Média;2024-08-30 10:05:00;2024-08-30 15:39:45;4
CHM-0332921;QRT-02055;FUN-39946;Hidráulica;Média;2026-05-01 18:06:00;2026-05-02 03:38:09;3
CHM-0793937;QRT-94991;FUN-74014;TV / Controle;Média;2024-08-02 08:36:00;2024-08-02 15:32:28;3
CHM-0548699;QRT-29485;FUN-73856;TV / Controle;Baixa;2026-06-24 16:54:00;2026-06-25 06:38:59;5
CHM-0907724;QRT-81775;FUN-64706;Hidráulica;Média;2024-11-05 14:57:00;2024-11-05 16:23:46;5
CHM-3487654;QRT-42819;FUN-05739;Wi-Fi;Média;2025-06-27 20:40:00;2025-06-28 00:55:11;5
CHM-2343304;QRT-57190;FUN-37715;Limpeza Extra;Baixa;2025-11-10 15:25:00;2025-11-11 03:20:15;5
CHM-5076949;QRT-75780;FUN-69727;Limpeza Extra;Média;2024-11-19 16:52:00;2024-11-19 17:56:08;4
CHM-3714123;QRT-25409;FUN-49013;Wi-Fi;Alta;2025-03-05 13:19:00;2025-03-05 13:39:10;5
CHM-6861887;QRT-64556;FUN-48159;Hidráulica;Média;2025-12-09 18:29:00;2025-12-09 19:36:37;4
CHM-1983585;QRT-78115;FUN-73856;Limpeza Extra;Baixa;2024-12-08 21:02:00;2024-12-09 16:02:35;4
CHM-3812214;QRT-02047;FUN-08828;Ar-condicionado;Baixa;2026-03-16 08:17:00;2026-03-16 20:08:03;5
CHM-2968086;QRT-86467;FUN-89330;Wi-Fi;Alta;2025-07-10 10:11:00;2025-07-10 11:36:13;4
CHM-1058191;QRT-15710;FUN-49170;TV / Controle;Alta;2025-08-01 22:27:00;2025-08-02 01:59:17;3
CHM-8331024;QRT-63998;FUN-64047;Wi-Fi;Média;2025-12-26 13:29:00;2025-12-26 16:42:48;5
CHM-8256352;QRT-16851;FUN-78820;Elétrica;Média;2025-01-03 13:49:00;2025-01-03 15:53:32;5
CHM-2210855;QRT-84072;FUN-96106;Ar-condicionado;Média;2024-07-10 17:08:00;2024-07-11 01:01:22;4
CHM-7494390;QRT-10817;FUN-36473;Frigobar com Defeito;Baixa;2025-03-16 08:27:00;2025-03-16 19:37:13;4
CHM-1178243;QRT-74691;FUN-05739;Limpeza Extra;Média;2025-03-29 12:57:00;2025-03-29 20:48:14;5
CHM-2255759;QRT-91628;FUN-52793;Limpeza Extra;Média;2025-07-07 07:47:00;2025-07-07 14:11:11;5
CHM-3496983;QRT-37672;FUN-05739;Wi-Fi;Alta;2025-06-08 15:23:00;2025-06-08 15:55:14;5
CHM-7731379;QRT-59512;FUN-67282;Fechadura Eletrônica;Baixa;2024-12-15 16:50:00;2024-12-16 01:28:18;4
CHM-5510120;QRT-70661;FUN-94946;Hidráulica;Alta;2026-02-08 13:44:00;2026-02-08 14:18:23;5
CHM-6446544;QRT-75289;FUN-32345;Ar-condicionado;Média;2026-03-01 10:15:00;2026-03-01 15:09:02;4
CHM-6529689;QRT-34396;FUN-47371;Wi-Fi;Alta;2026-04-24 22:42:00;2026-04-25 02:09:54;3
CHM-8627964;QRT-15355;FUN-49170;Ar-condicionado;Média;2024-10-09 19:09:00;2024-10-10 00:43:04;4
CHM-8560343;QRT-53040;FUN-12040;Wi-Fi;Média;2024-11-08 15:21:00;2024-11-08 22:41:43;5
CHM-6842497;QRT-74690;FUN-29826;Fechadura Eletrônica;Baixa;2026-04-20 17:16:00;2026-04-22 23:54:55;3
CHM-4243699;QRT-78524;FUN-83865;TV / Controle;Alta;2024-12-26 21:12:00;2024-12-26 22:59:46;5
CHM-2261272;QRT-34521;FUN-49013;Wi-Fi;Alta;2025-11-16 17:52:00;2025-11-16 18:22:02;5
CHM-7011603;QRT-34521;FUN-67282;Ar-condicionado;Baixa;2025-09-17 15:24:00;2025-09-17 21:33:56;4
CHM-2001237;QRT-73451;FUN-34873;Elétrica;Baixa;2024-10-24 13:52:00;2024-10-24 20:58:15;3
CHM-2899059;QRT-37672;FUN-05739;Limpeza Extra;Alta;2025-07-28 21:45:00;2025-07-28 22:22:22;3
CHM-5892712;QRT-02862;FUN-90839;Elétrica;Média;2024-12-14 07:02:00;2024-12-14 08:31:27;5
CHM-4655243;QRT-62109;FUN-02909;Limpeza Extra;Alta;2026-02-01 14:13:00;2026-02-01 15:13:58;4
CHM-5016810;QRT-42819;FUN-05739;TV / Controle;Média;2025-09-05 10:06:00;2025-09-05 12:40:10;5
CHM-8210963;QRT-00452;FUN-96106;Elétrica;Alta;2025-05-28 06:51:00;2025-05-28 09:43:24;3
CHM-5870038;QRT-73232;FUN-88121;Wi-Fi;Média;2025-08-17 16:22:00;2025-08-18 06:18:26;3
CHM-8938666;QRT-58511;FUN-86194;Wi-Fi;Média;2025-03-12 22:22:00;2025-03-13 02:12:12;5
CHM-0490472;QRT-03369;FUN-71181;Wi-Fi;Média;2025-06-23 14:22:00;2025-06-23 17:15:00;3
CHM-4108848;QRT-84941;FUN-09102;Wi-Fi;Baixa;2024-07-17 16:33:00;2024-07-17 22:44:24;4
CHM-4806747;QRT-71975;FUN-15784;Wi-Fi;Baixa;2024-08-31 22:46:00;2024-09-01 11:02:26;5
CHM-7877331;QRT-38783;FUN-29826;Limpeza Extra;Baixa;2025-03-03 14:24:00;2025-03-05 03:54:58;3
CHM-3028825;QRT-38773;FUN-37715;Limpeza Extra;Média;2025-08-22 11:05:00;2025-08-22 18:47:31;5
CHM-3223992;QRT-13595;FUN-41540;Wi-Fi;Alta;2025-11-28 06:17:00;2025-11-28 08:41:05;3
CHM-0566641;QRT-66083;FUN-71493;TV / Controle;Alta;2026-06-09 18:19:00;2026-06-09 19:57:23;4
CHM-2606515;QRT-94225;FUN-83865;Fechadura Eletrônica;Baixa;2025-01-04 15:19:00;2025-01-05 04:26:50;4
CHM-3198796;QRT-78524;FUN-78820;Ar-condicionado;Alta;2025-01-14 21:33:00;2025-01-14 23:59:35;1
CHM-7981310;QRT-76736;FUN-65780;Limpeza Extra;Média;2026-02-03 15:41:00;2026-02-03 17:16:05;5
CHM-5263181;QRT-62284;FUN-71493;Wi-Fi;Baixa;2025-09-28 17:00:00;2025-09-28 22:10:02;4
CHM-0307963;QRT-56980;FUN-32345;TV / Controle;Baixa;2026-06-05 06:10:00;2026-06-05 18:12:57;4
CHM-3480991;QRT-54116;FUN-50800;Wi-Fi;Alta;2024-07-29 06:51:00;2024-07-29 07:47:15;4
CHM-9437491;QRT-40957;FUN-65780;Limpeza Extra;Média;2025-01-29 11:25:00;2025-01-29 17:59:18;5
CHM-3934793;QRT-66092;FUN-90839;Frigobar com Defeito;Média;2025-10-09 09:44:00;2025-10-09 11:31:13;5
CHM-9601483;QRT-74690;FUN-34873;Limpeza Extra;Média;2026-04-12 15:48:00;2026-04-12 22:19:00;5
CHM-6448783;QRT-62109;FUN-47371;Wi-Fi;Alta;2024-11-05 07:21:00;2024-11-05 07:55:22;5
CHM-4115938;QRT-80800;FUN-64706;Hidráulica;Média;2025-10-30 23:51:00;2025-10-31 03:18:09;5
CHM-5391911;QRT-04542;FUN-69104;Wi-Fi;Alta;2025-04-10 15:30:00;2025-04-10 20:59:33;3
CHM-6686797;QRT-68160;FUN-87234;Ar-condicionado;Média;2025-02-06 09:33:00;2025-02-06 13:55:11;4
CHM-5045540;QRT-89443;FUN-64755;Fechadura Eletrônica;Baixa;2025-12-10 20:40:00;2025-12-11 09:31:09;3
CHM-1655977;QRT-40957;FUN-19473;Hidráulica;Alta;2025-05-10 14:59:00;2025-05-10 16:15:26;5
CHM-3167857;QRT-13758;FUN-47371;Fechadura Eletrônica;Alta;2025-03-20 21:30:00;2025-03-20 22:24:51;4
CHM-7982767;QRT-96428;FUN-10947;Elétrica;Média;2024-09-21 18:33:00;2024-09-22 10:00:54;3
CHM-2534950;QRT-73974;FUN-76103;Limpeza Extra;Alta;2025-10-21 07:52:00;2025-10-21 08:50:55;3
CHM-3290467;QRT-54375;FUN-45111;Wi-Fi;Média;2025-04-30 11:08:00;2025-04-30 17:02:30;5
CHM-8304557;QRT-00593;FUN-09102;Frigobar com Defeito;Média;2025-09-22 18:01:00;2025-09-22 19:04:17;4
CHM-2980368;QRT-03500;FUN-88121;Ar-condicionado;Alta;2026-06-14 20:51:00;2026-06-14 21:43:10;4
CHM-1008670;QRT-60845;FUN-69727;Hidráulica;Média;2026-04-27 07:05:00;2026-04-27 18:01:11;2
CHM-0298524;QRT-45132;FUN-48159;Frigobar com Defeito;Alta;2024-12-22 19:10:00;2024-12-22 19:29:29;5
CHM-9904719;QRT-92964;FUN-57664;Hidráulica;Baixa;2025-09-28 20:40:00;2025-09-29 02:05:03;5
CHM-3387733;QRT-49331;FUN-08849;Ar-condicionado;Média;2025-12-05 23:16:00;2025-12-06 09:39:37;1
CHM-0751929;QRT-92321;FUN-74014;Ar-condicionado;Alta;2026-01-12 15:56:00;2026-01-12 17:24:10;4
CHM-1393631;QRT-81775;FUN-15784;Frigobar com Defeito;Baixa;2024-12-10 06:19:00;2024-12-10 20:25:39;5
CHM-6477249;QRT-41338;FUN-15784;TV / Controle;Baixa;2026-03-27 13:37:00;2026-03-28 06:13:06;4
CHM-8887397;QRT-94862;FUN-48683;Frigobar com Defeito;Baixa;2025-08-26 11:10:00;2025-08-26 18:33:58;5
CHM-3492268;QRT-28319;FUN-49170;Ar-condicionado;Alta;2025-01-27 14:50:00;2025-01-27 15:05:19;5
CHM-0392883;QRT-61719;FUN-22607;Hidráulica;Média;2024-11-21 17:26:00;2024-11-21 19:38:14;5
CHM-7283585;QRT-95712;FUN-16922;Hidráulica;Média;2025-10-24 22:49:00;2025-10-24 23:48:55;3
CHM-4888209;QRT-22585;FUN-86199;Ar-condicionado;Baixa;2025-12-10 17:28:00;2025-12-11 07:41:56;5
CHM-6266429;QRT-92384;FUN-64755;Frigobar com Defeito;Alta;2024-06-30 14:18:00;2024-06-30 15:34:12;3
CHM-4945902;QRT-64840;FUN-10947;Limpeza Extra;Média;2024-09-22 22:08:00;2024-09-23 03:15:07;3
CHM-3592829;QRT-37131;FUN-04670;Frigobar com Defeito;Baixa;2025-10-22 19:06:00;2025-10-22 21:48:20;5
CHM-7973121;QRT-94556;FUN-21094;TV / Controle;Média;2024-12-12 17:56:00;2024-12-13 04:56:03;2
CHM-4185451;QRT-76575;FUN-13975;Ar-condicionado;Baixa;2025-08-18 20:26:00;2025-08-19 09:08:20;5
CHM-7131941;QRT-66125;FUN-92045;Limpeza Extra;Média;2024-10-17 07:25:00;2024-10-17 10:19:56;4
CHM-5123225;QRT-29393;FUN-07814;TV / Controle;Baixa;2025-11-17 23:32:00;2025-11-18 06:01:54;5
CHM-3889859;QRT-59117;FUN-25313;Ar-condicionado;Baixa;2024-08-27 08:22:00;2024-08-28 13:12:30;1
CHM-4433788;QRT-18824;FUN-71493;Hidráulica;Média;2024-11-11 15:08:00;2024-11-11 21:48:48;4
CHM-6446920;QRT-37102;FUN-45111;Wi-Fi;Baixa;2025-12-04 15:22:00;2025-12-04 22:00:06;5
CHM-4520775;QRT-80800;FUN-88121;TV / Controle;Baixa;2024-12-29 20:15:00;2024-12-30 23:34:47;1
CHM-4104574;QRT-72107;FUN-52793;Hidráulica;Baixa;2025-10-17 10:05:00;2025-10-17 13:04:45;3
CHM-1090512;QRT-17482;FUN-25313;Limpeza Extra;Baixa;2024-11-01 16:34:00;2024-11-02 07:59:27;5
CHM-3708751;QRT-10607;FUN-57664;Ar-condicionado;Baixa;2025-10-24 20:31:00;2025-10-27 21:02:58;2
CHM-6612835;QRT-66932;FUN-34079;Ar-condicionado;Baixa;2026-03-18 13:55:00;2026-03-18 21:28:21;4
CHM-2200466;QRT-70123;FUN-13975;Limpeza Extra;Média;2025-08-13 19:59:00;2025-08-13 20:52:59;5
CHM-7394129;QRT-40957;FUN-19473;Elétrica;Média;2025-08-13 12:11:00;2025-08-14 04:38:07;3
CHM-7692561;QRT-70944;FUN-45111;Elétrica;Média;2025-10-30 23:10:00;2025-10-31 10:29:46;1
CHM-9975770;QRT-26539;FUN-48159;Hidráulica;Média;2025-05-23 22:24:00;2025-05-24 02:31:37;3
CHM-8145409;QRT-81775;FUN-49013;Wi-Fi;Média;2025-11-13 09:47:00;2025-11-13 17:30:29;5
CHM-1518466;QRT-95618;FUN-08234;TV / Controle;Baixa;2025-03-11 13:11:00;2025-03-11 19:10:15;4
CHM-6234879;QRT-17820;FUN-55799;Elétrica;Média;2025-07-13 23:12:00;2025-07-14 13:08:59;2
CHM-1838043;QRT-98233;FUN-09102;TV / Controle;Baixa;2024-11-08 23:38:00;2024-11-09 16:32:25;4
CHM-6969219;QRT-90762;FUN-96106;Elétrica;Alta;2025-01-25 08:17:00;2025-01-25 09:41:46;5
CHM-2058397;QRT-83424;FUN-22607;TV / Controle;Alta;2025-01-06 20:10:00;2025-01-06 21:00:09;4
CHM-4143502;QRT-71194;FUN-34873;Wi-Fi;Alta;2025-07-28 11:03:00;2025-07-28 13:44:02;3
CHM-4574524;QRT-75221;FUN-48683;Limpeza Extra;Média;2025-03-20 08:41:00;2025-03-20 15:48:21;5
CHM-8063945;QRT-94862;FUN-29826;Ar-condicionado;Baixa;2025-07-15 14:32:00;2025-07-17 01:27:43;3
CHM-9800224;QRT-81700;FUN-48159;TV / Controle;Alta;2025-02-02 23:49:00;2025-02-03 00:52:45;4
CHM-7849535;QRT-54953;FUN-39946;TV / Controle;Baixa;2026-04-23 21:10:00;2026-04-24 05:42:07;5
CHM-3784446;QRT-85188;FUN-15867;Wi-Fi;Média;2025-05-17 19:53:00;2025-05-18 02:13:54;4
CHM-6795044;QRT-87593;FUN-83865;Hidráulica;Baixa;2024-12-19 11:24:00;2024-12-20 10:21:06;5
CHM-6815400;QRT-13238;FUN-71181;Wi-Fi;Baixa;2026-05-31 14:08:00;2026-06-02 01:18:22;3
CHM-6803242;QRT-47168;FUN-92311;TV / Controle;Média;2024-07-14 12:14:00;2024-07-14 16:52:27;5
CHM-0253323;QRT-87593;FUN-73856;Fechadura Eletrônica;Média;2025-06-25 15:24:00;2025-06-25 20:57:04;4
CHM-1686314;QRT-31340;FUN-18700;Limpeza Extra;Média;2025-07-25 20:28:00;2025-07-25 23:51:36;5
CHM-6841501;QRT-57190;FUN-71181;Ar-condicionado;Média;2025-05-16 19:32:00;2025-05-17 00:25:55;5
CHM-0977194;QRT-61287;FUN-08849;Ar-condicionado;Baixa;2024-07-14 09:45:00;2024-07-15 15:59:00;3
CHM-8591822;QRT-01345;FUN-92045;Elétrica;Alta;2024-12-18 09:18:00;2024-12-18 09:40:09;5
CHM-1433268;QRT-61962;FUN-57664;Ar-condicionado;Alta;2026-04-06 06:00:00;2026-04-06 06:41:33;5
CHM-4897546;QRT-77112;FUN-05739;Wi-Fi;Média;2025-11-20 09:26:00;2025-11-20 10:37:18;5
CHM-8962268;QRT-02047;FUN-70436;Ar-condicionado;Baixa;2024-08-20 21:32:00;2024-08-21 10:46:11;5
CHM-6972125;QRT-66932;FUN-21094;Ar-condicionado;Baixa;2026-06-07 08:32:00;2026-06-08 02:18:44;5
CHM-1176621;QRT-04025;FUN-78820;Wi-Fi;Baixa;2025-06-17 06:00:00;2025-06-17 08:12:51;4
CHM-3410245;QRT-63645;FUN-64755;Elétrica;Média;2025-07-29 20:30:00;2025-07-29 22:06:07;5
CHM-9090598;QRT-31095;FUN-36473;Hidráulica;Alta;2025-04-30 20:16:00;2025-04-30 21:30:34;3
CHM-0060558;QRT-64840;FUN-39946;Limpeza Extra;Média;2025-07-19 20:46:00;2025-07-19 21:41:46;3
CHM-3128777;QRT-75123;FUN-69727;Hidráulica;Média;2024-08-20 21:57:00;2024-08-21 03:23:13;3
CHM-2842447;QRT-90947;FUN-71181;Ar-condicionado;Baixa;2025-04-23 16:06:00;2025-04-24 12:02:46;5
CHM-6858204;QRT-71975;FUN-64047;Wi-Fi;Baixa;2026-06-14 22:43:00;2026-06-15 16:20:46;5
CHM-5806511;QRT-62407;FUN-22607;Hidráulica;Alta;2025-06-04 17:23:00;2025-06-04 18:00:42;3
CHM-0018680;QRT-26354;FUN-69104;TV / Controle;Média;2025-08-25 14:03:00;2025-08-26 02:06:26;2
CHM-3920937;QRT-57190;FUN-37715;TV / Controle;Baixa;2025-09-10 13:55:00;2025-09-11 08:22:47;5
CHM-6270450;QRT-63506;FUN-39946;Limpeza Extra;Média;2025-03-18 10:25:00;2025-03-18 14:38:44;5
CHM-6051606;QRT-75221;FUN-50800;TV / Controle;Média;2026-01-12 20:43:00;2026-01-12 23:16:46;4
CHM-5228821;QRT-75030;FUN-83865;Limpeza Extra;Baixa;2024-12-03 21:55:00;2024-12-05 04:16:04;1
CHM-1398376;QRT-42908;FUN-52300;Elétrica;Alta;2024-09-04 06:36:00;2024-09-04 08:50:46;3
CHM-4276231;QRT-29439;FUN-64706;Fechadura Eletrônica;Média;2025-05-03 11:44:00;2025-05-03 19:43:30;5
CHM-2917952;QRT-69375;FUN-34873;TV / Controle;Média;2025-03-11 22:12:00;2025-03-11 23:49:33;5
CHM-6571812;QRT-41934;FUN-64755;TV / Controle;Média;2026-04-26 19:00:00;2026-04-26 22:55:47;4
CHM-0488077;QRT-75780;FUN-69727;Ar-condicionado;Média;2026-02-12 07:18:00;2026-02-12 10:28:25;5
CHM-7151987;QRT-24594;FUN-25313;Elétrica;Alta;2024-11-06 15:07:00;2024-11-06 16:09:34;3
CHM-3514245;QRT-61962;FUN-64755;Wi-Fi;Baixa;2026-06-03 18:41:00;2026-06-04 17:38:54;5
CHM-3241468;QRT-51602;FUN-71181;Ar-condicionado;Baixa;2025-06-02 19:16:00;2025-06-05 17:10:22;2
CHM-2759667;QRT-11592;FUN-23361;Wi-Fi;Média;2025-08-15 07:39:00;2025-08-15 09:54:17;4
CHM-2738622;QRT-75030;FUN-16922;Ar-condicionado;Baixa;2026-03-28 13:20:00;2026-03-28 16:45:45;4
CHM-9339225;QRT-40043;FUN-32345;Elétrica;Alta;2025-08-11 16:27:00;2025-08-11 17:36:46;4
CHM-5447348;QRT-47628;FUN-81524;Limpeza Extra;Média;2026-01-27 09:37:00;2026-01-27 18:29:44;3
CHM-1447922;QRT-55013;FUN-70436;Elétrica;Média;2024-10-01 11:32:00;2024-10-01 17:39:31;5
CHM-6742547;QRT-51483;FUN-48159;Ar-condicionado;Média;2025-05-05 20:47:00;2025-05-05 23:44:06;4
CHM-8986638;QRT-66092;FUN-08234;Hidráulica;Média;2025-07-31 15:16:00;2025-07-31 16:17:40;5
CHM-3605264;QRT-60661;FUN-52793;Limpeza Extra;Baixa;2025-01-13 23:40:00;2025-01-16 04:12:21;2
CHM-2794566;QRT-29485;FUN-83865;Limpeza Extra;Média;2025-12-02 18:55:00;2025-12-02 19:57:35;3
CHM-0819333;QRT-72144;FUN-36473;Elétrica;Alta;2024-12-01 19:22:00;2024-12-02 01:31:16;3
CHM-4494118;QRT-83424;FUN-08109;Hidráulica;Alta;2026-01-06 12:14:00;2026-01-06 13:33:47;5
CHM-8611034;QRT-86201;FUN-69727;TV / Controle;Baixa;2026-01-02 09:57:00;2026-01-02 12:50:05;4
CHM-5811468;QRT-41748;FUN-48159;Elétrica;Média;2026-03-26 22:36:00;2026-03-27 01:09:33;5
CHM-7516132;QRT-26756;FUN-01568;Limpeza Extra;Alta;2025-03-08 12:41:00;2025-03-08 15:52:56;1
CHM-3049855;QRT-81775;FUN-64706;TV / Controle;Baixa;2026-05-13 20:29:00;2026-05-14 00:50:32;5
CHM-5506370;QRT-77305;FUN-69727;Frigobar com Defeito;Alta;2025-04-28 17:10:00;2025-04-28 17:25:42;5
CHM-9961542;QRT-16068;FUN-25313;Ar-condicionado;Média;2024-07-04 21:17:00;2024-07-04 22:34:55;5
CHM-7979897;QRT-86536;FUN-76103;Frigobar com Defeito;Alta;2026-03-15 19:23:00;2026-03-15 21:39:18;3
CHM-3267926;QRT-70123;FUN-87234;TV / Controle;Média;2025-12-24 09:38:00;2025-12-24 12:36:11;4
CHM-3220504;QRT-66092;FUN-41540;TV / Controle;Média;2025-08-08 06:45:00;2025-08-08 12:28:29;5
CHM-5731288;QRT-25571;FUN-64706;Limpeza Extra;Média;2026-04-02 23:30:00;2026-04-03 01:23:26;3
CHM-1911576;QRT-27540;FUN-73856;Wi-Fi;Alta;2024-12-08 09:57:00;2024-12-08 13:41:41;1
CHM-3036804;QRT-00087;FUN-71493;Limpeza Extra;Baixa;2025-12-29 21:50:00;2025-12-30 06:07:12;5
CHM-3702676;QRT-72144;FUN-23383;Ar-condicionado;Média;2026-01-20 22:36:00;2026-01-21 02:22:32;5
CHM-5800150;QRT-34396;FUN-02909;Hidráulica;Média;2025-09-18 06:08:00;2025-09-18 10:26:21;5
CHM-9037585;QRT-63645;FUN-57664;Elétrica;Média;2026-03-25 09:35:00;2026-03-25 19:06:38;3
CHM-9568281;QRT-54953;FUN-08486;Ar-condicionado;Média;2024-07-20 15:57:00;2024-07-21 01:09:56;3
CHM-3440898;QRT-80306;FUN-45111;Hidráulica;Média;2025-10-01 14:00:00;2025-10-01 18:36:39;4
CHM-3329158;QRT-47964;FUN-48683;Ar-condicionado;Média;2024-11-19 12:10:00;2024-11-20 03:14:39;3
CHM-4405457;QRT-78380;FUN-89330;TV / Controle;Média;2025-05-18 07:25:00;2025-05-18 16:46:49;3
CHM-9577017;QRT-34396;FUN-25313;Ar-condicionado;Média;2025-11-20 09:21:00;2025-11-20 11:56:25;5
CHM-4419062;QRT-64556;FUN-04670;Elétrica;Alta;2026-04-28 16:44:00;2026-04-28 17:19:21;4
CHM-3676939;QRT-29439;FUN-88121;TV / Controle;Média;2024-07-20 06:42:00;2024-07-20 09:24:10;5
CHM-2035176;QRT-77305;FUN-50800;Frigobar com Defeito;Média;2025-01-03 21:34:00;2025-01-03 23:47:41;4
CHM-9915448;QRT-66170;FUN-36473;Elétrica;Média;2025-10-11 12:23:00;2025-10-11 14:41:36;5
CHM-3740065;QRT-09785;FUN-76103;Elétrica;Alta;2025-04-18 11:28:00;2025-04-18 12:27:02;5
CHM-8519830;QRT-04414;FUN-37715;Wi-Fi;Média;2025-06-16 23:10:00;2025-06-17 01:19:22;5
CHM-3182360;QRT-16068;FUN-08109;Fechadura Eletrônica;Média;2025-12-26 21:53:00;2025-12-26 23:20:48;5
CHM-8326503;QRT-16851;FUN-16922;Ar-condicionado;Baixa;2025-09-27 07:43:00;2025-09-27 18:20:10;4
CHM-2880457;QRT-76454;FUN-34079;Limpeza Extra;Alta;2025-11-18 15:34:00;2025-11-18 17:27:26;3
CHM-3770803;QRT-81819;FUN-87234;Ar-condicionado;Baixa;2026-05-23 14:57:00;2026-05-24 14:50:43;4
CHM-6388257;QRT-50555;FUN-70436;Limpeza Extra;Média;2025-08-15 06:56:00;2025-08-16 11:09:03;1
CHM-6840832;QRT-40043;FUN-22027;Limpeza Extra;Média;2024-08-29 19:31:00;2024-08-29 21:31:53;5
CHM-4489342;QRT-82654;FUN-25313;Ar-condicionado;Baixa;2024-11-05 22:40:00;2024-11-06 01:11:31;4
CHM-9328048;QRT-26280;FUN-49013;Wi-Fi;Baixa;2025-02-17 17:53:00;2025-02-18 14:10:03;4
CHM-0691374;QRT-64840;FUN-39946;Wi-Fi;Média;2026-02-09 16:31:00;2026-02-09 20:00:52;5
CHM-7422062;QRT-53917;FUN-22027;Wi-Fi;Alta;2025-05-03 13:11:00;2025-05-03 14:47:02;5
CHM-3303245;QRT-69925;FUN-74014;Fechadura Eletrônica;Média;2024-09-19 12:50:00;2024-09-19 18:38:55;4
CHM-6182984;QRT-02862;FUN-01568;Wi-Fi;Média;2025-06-27 08:31:00;2025-06-27 23:03:41;1
CHM-4307335;QRT-66932;FUN-92045;Ar-condicionado;Baixa;2025-05-10 23:00:00;2025-05-11 04:20:27;4
CHM-9863457;QRT-18531;FUN-08849;Ar-condicionado;Alta;2024-09-08 18:22:00;2024-09-08 19:42:22;5
CHM-4356672;QRT-26716;FUN-94946;Fechadura Eletrônica;Média;2024-10-01 21:45:00;2024-10-02 00:48:42;5
CHM-7996885;QRT-22076;FUN-21094;Wi-Fi;Média;2024-09-22 14:50:00;2024-09-22 15:16:41;5
CHM-9896322;QRT-02047;FUN-55799;TV / Controle;Baixa;2024-12-23 19:51:00;2024-12-24 21:26:23;3
CHM-8440308;QRT-68160;FUN-34079;TV / Controle;Alta;2025-03-18 11:19:00;2025-03-18 15:01:59;2
CHM-5302730;QRT-06043;FUN-71181;TV / Controle;Média;2024-10-06 19:16:00;2024-10-07 01:03:06;4
CHM-2201821;QRT-75780;FUN-29826;Ar-condicionado;Baixa;2025-05-26 22:07:00;2025-05-28 03:36:24;2
CHM-3313306;QRT-62109;FUN-25313;Elétrica;Alta;2026-01-01 11:34:00;2026-01-01 11:58:44;5
CHM-3389839;QRT-62109;FUN-08109;Wi-Fi;Alta;2025-12-13 23:44:00;2025-12-14 01:03:20;5
CHM-6559541;QRT-86201;FUN-48683;Elétrica;Alta;2025-06-29 18:42:00;2025-06-29 19:52:10;3
CHM-4093070;QRT-56321;FUN-45111;Hidráulica;Média;2025-04-04 21:50:00;2025-04-05 02:53:42;3
CHM-1404899;QRT-51351;FUN-71493;Frigobar com Defeito;Alta;2025-05-06 22:42:00;2025-05-06 23:09:36;5
CHM-0366419;QRT-84941;FUN-09102;Ar-condicionado;Média;2024-12-30 09:40:00;2024-12-30 22:58:44;3
CHM-6950939;QRT-53432;FUN-69104;Fechadura Eletrônica;Baixa;2026-02-17 15:47:00;2026-02-19 12:00:18;2
CHM-1401536;QRT-86536;FUN-45111;Hidráulica;Baixa;2026-02-25 13:08:00;2026-02-26 02:22:19;4
CHM-6241314;QRT-41356;FUN-52300;Elétrica;Baixa;2024-09-17 21:32:00;2024-09-18 16:33:54;4
CHM-5278249;QRT-09785;FUN-52300;Ar-condicionado;Média;2025-02-14 11:35:00;2025-02-14 15:30:30;3
CHM-1090359;QRT-86876;FUN-04670;Ar-condicionado;Baixa;2025-12-22 20:01:00;2025-12-23 00:11:16;5
CHM-2303508;QRT-02819;FUN-12576;Ar-condicionado;Alta;2025-01-22 14:32:00;2025-01-22 14:57:09;3
CHM-3323283;QRT-17820;FUN-13975;Wi-Fi;Baixa;2024-09-14 20:25:00;2024-09-18 06:15:55;1
CHM-5675228;QRT-31042;FUN-22607;Elétrica;Média;2025-09-04 10:11:00;2025-09-04 12:12:25;4
CHM-4186154;QRT-03446;FUN-04670;Wi-Fi;Alta;2024-11-22 13:12:00;2024-11-22 13:39:36;5
CHM-8092703;QRT-85329;FUN-08234;Elétrica;Média;2024-08-01 10:13:00;2024-08-01 13:42:49;5
CHM-5454741;QRT-86959;FUN-09102;Hidráulica;Média;2026-03-16 08:23:00;2026-03-17 01:55:09;1
CHM-6822768;QRT-15355;FUN-49170;Wi-Fi;Alta;2025-04-28 10:49:00;2025-04-28 11:15:45;4
CHM-8706687;QRT-00593;FUN-09102;TV / Controle;Média;2024-09-07 13:23:00;2024-09-08 19:41:35;1
CHM-3532117;QRT-87183;FUN-39946;TV / Controle;Média;2024-08-25 17:44:00;2024-08-26 06:22:25;3
CHM-2259365;QRT-29802;FUN-19473;Ar-condicionado;Alta;2024-12-25 09:45:00;2024-12-25 10:10:51;3
CHM-1187029;QRT-65918;FUN-65780;Elétrica;Média;2025-07-13 09:05:00;2025-07-13 19:52:55;3
CHM-2517483;QRT-66170;FUN-12040;Wi-Fi;Alta;2025-04-29 08:52:00;2025-04-29 09:21:25;4
CHM-5645109;QRT-76454;FUN-13975;Ar-condicionado;Média;2024-11-30 22:28:00;2024-12-01 00:52:20;4
CHM-2981086;QRT-94756;FUN-41540;Elétrica;Alta;2025-12-20 17:01:00;2025-12-20 18:24:57;5
CHM-9454296;QRT-11649;FUN-89330;TV / Controle;Média;2026-02-20 18:34:00;2026-02-21 04:20:04;3
CHM-2201831;QRT-53914;FUN-86194;Fechadura Eletrônica;Alta;2026-05-08 10:06:00;2026-05-08 11:09:11;5
CHM-5169659;QRT-74691;FUN-49170;TV / Controle;Baixa;2024-09-07 06:26:00;2024-09-07 18:09:58;5
CHM-3644495;QRT-88400;FUN-49013;Ar-condicionado;Baixa;2025-10-01 06:01:00;2025-10-01 14:12:58;5
CHM-1857143;QRT-43330;FUN-50800;TV / Controle;Alta;2025-07-23 21:31:00;2025-07-23 22:45:49;4
CHM-7253685;QRT-83424;FUN-71493;Ar-condicionado;Média;2025-08-21 19:30:00;2025-08-22 00:24:28;5
CHM-0942393;QRT-56047;FUN-23286;Limpeza Extra;Baixa;2026-05-27 14:46:00;2026-05-28 07:07:29;5
CHM-8735663;QRT-86959;FUN-90839;Limpeza Extra;Baixa;2026-04-03 11:08:00;2026-04-04 14:35:05;3
CHM-8523327;QRT-39888;FUN-19473;Wi-Fi;Média;2025-11-22 14:04:00;2025-11-22 16:25:14;3
CHM-2382586;QRT-22178;FUN-16922;Limpeza Extra;Média;2024-08-16 19:17:00;2024-08-17 02:04:41;5
CHM-0480715;QRT-87466;FUN-47371;Ar-condicionado;Média;2025-05-07 07:27:00;2025-05-07 12:19:09;4
CHM-6979999;QRT-49389;FUN-92045;Hidráulica;Média;2024-09-02 06:08:00;2024-09-02 11:47:18;4
CHM-6495400;QRT-43330;FUN-50800;Limpeza Extra;Média;2025-10-23 21:49:00;2025-10-24 14:12:58;1
CHM-0178290;QRT-64260;FUN-09324;TV / Controle;Baixa;2025-06-14 23:21:00;2025-06-15 11:26:35;4
CHM-9969010;QRT-01345;FUN-87234;Frigobar com Defeito;Média;2024-10-30 21:38:00;2024-10-31 01:00:44;3
CHM-3675773;QRT-51602;FUN-08486;Ar-condicionado;Média;2024-11-14 10:26:00;2024-11-14 13:05:59;3
CHM-2689627;QRT-98065;FUN-05739;Fechadura Eletrônica;Média;2025-02-19 20:36:00;2025-02-19 23:30:23;4
CHM-3972012;QRT-81819;FUN-87234;Hidráulica;Baixa;2026-06-20 13:00:00;2026-06-21 05:14:18;4
CHM-3649183;QRT-22076;FUN-21094;Hidráulica;Alta;2025-04-22 07:48:00;2025-04-22 07:57:20;5
CHM-5034642;QRT-66195;FUN-09102;Fechadura Eletrônica;Baixa;2025-03-30 23:42:00;2025-03-31 03:35:22;4
CHM-2102242;QRT-27833;FUN-50800;Fechadura Eletrônica;Alta;2024-09-18 09:23:00;2024-09-18 10:06:14;3
CHM-0519500;QRT-18801;FUN-08486;Elétrica;Baixa;2025-02-16 15:42:00;2025-02-16 21:33:50;5
CHM-0117966;QRT-31340;FUN-89330;Elétrica;Média;2026-01-15 09:24:00;2026-01-15 19:13:59;3
CHM-3349653;QRT-42497;FUN-09102;Fechadura Eletrônica;Baixa;2024-10-15 11:34:00;2024-10-16 22:37:23;3
CHM-9276604;QRT-20026;FUN-34079;Fechadura Eletrônica;Média;2026-04-11 18:36:00;2026-04-11 23:10:53;5
CHM-8356655;QRT-72078;FUN-64755;Hidráulica;Média;2025-12-25 07:50:00;2025-12-25 12:44:49;5
CHM-1881814;QRT-11607;FUN-12040;Frigobar com Defeito;Média;2025-01-27 22:05:00;2025-01-28 02:23:14;4
CHM-8242820;QRT-03446;FUN-92311;Elétrica;Baixa;2025-08-19 07:34:00;2025-08-19 11:36:07;4
CHM-2215286;QRT-80765;FUN-16922;Wi-Fi;Baixa;2026-03-17 11:42:00;2026-03-17 17:02:01;5
CHM-2593713;QRT-11142;FUN-23286;Ar-condicionado;Média;2025-11-15 14:34:00;2025-11-15 15:34:34;4
CHM-2182915;QRT-74691;FUN-05739;TV / Controle;Baixa;2026-05-28 23:45:00;2026-05-29 07:07:56;5
CHM-5622285;QRT-49331;FUN-08109;Frigobar com Defeito;Média;2025-07-29 17:40:00;2025-07-30 04:10:53;2
CHM-6935289;QRT-23801;FUN-09324;Wi-Fi;Média;2026-01-16 08:21:00;2026-01-16 15:52:23;4
CHM-8096259;QRT-28645;FUN-69104;Elétrica;Média;2024-10-31 23:39:00;2024-11-01 02:19:11;4
CHM-3887676;QRT-84220;FUN-39946;Wi-Fi;Baixa;2025-04-08 11:31:00;2025-04-08 21:16:17;5
CHM-9643249;QRT-95618;FUN-86199;Ar-condicionado;Alta;2025-03-23 17:54:00;2025-03-23 18:22:02;5
CHM-4360315;QRT-81819;FUN-87234;Hidráulica;Alta;2024-09-14 06:33:00;2024-09-14 08:17:18;5
CHM-2963852;QRT-24810;FUN-08486;Elétrica;Média;2024-11-05 23:19:00;2024-11-06 15:04:04;3
CHM-0811030;QRT-88284;FUN-67710;Wi-Fi;Média;2025-05-01 23:05:00;2025-05-02 15:39:21;3
CHM-9790437;QRT-03540;FUN-08849;Hidráulica;Média;2025-01-13 11:51:00;2025-01-13 22:01:28;3
CHM-7045188;QRT-44476;FUN-83865;Wi-Fi;Média;2026-01-20 22:00:00;2026-01-20 23:45:42;5
CHM-9777355;QRT-41263;FUN-29826;Wi-Fi;Baixa;2025-04-25 21:21:00;2025-04-26 09:17:28;5
CHM-4199728;QRT-56455;FUN-86194;Elétrica;Baixa;2024-09-10 17:07:00;2024-09-11 06:19:30;5
CHM-8384681;QRT-57124;FUN-90839;Hidráulica;Média;2024-12-30 20:12:00;2024-12-30 21:37:10;5
CHM-7956420;QRT-29015;FUN-69727;Wi-Fi;Alta;2024-08-24 06:30:00;2024-08-24 08:51:17;2
CHM-6788244;QRT-74766;FUN-09102;Hidráulica;Média;2024-07-30 18:17:00;2024-07-30 20:44:37;5
CHM-7666135;QRT-75121;FUN-48683;Ar-condicionado;Alta;2024-09-15 21:23:00;2024-09-16 04:41:14;3
CHM-9743861;QRT-04025;FUN-83865;Elétrica;Alta;2024-08-13 11:28:00;2024-08-13 12:05:16;4
CHM-1975535;QRT-78380;FUN-45111;Frigobar com Defeito;Média;2025-03-17 17:39:00;2025-03-17 23:53:27;3
CHM-6978886;QRT-39746;FUN-10947;Ar-condicionado;Média;2026-03-22 22:12:00;2026-03-22 23:26:28;5
CHM-5031794;QRT-64556;FUN-96354;TV / Controle;Média;2024-09-27 23:09:00;2024-09-28 00:56:12;5
CHM-9327370;QRT-83481;FUN-16922;Hidráulica;Baixa;2025-05-31 10:51:00;2025-05-31 15:43:55;4
CHM-7420750;QRT-90762;FUN-49170;Hidráulica;Baixa;2024-12-23 08:12:00;2024-12-24 20:21:19;3
CHM-1051323;QRT-26080;FUN-37715;Fechadura Eletrônica;Alta;2025-05-14 08:11:00;2025-05-14 09:05:19;5
CHM-3561068;QRT-44318;FUN-15867;Ar-condicionado;Média;2025-04-22 07:17:00;2025-04-22 10:13:08;4
CHM-0524111;QRT-88284;FUN-83865;Elétrica;Média;2024-10-22 23:55:00;2024-10-23 17:26:40;1
CHM-0867806;QRT-61962;FUN-22027;Wi-Fi;Média;2024-07-20 12:16:00;2024-07-20 13:35:13;5
CHM-9086038;QRT-92377;FUN-25313;Ar-condicionado;Alta;2025-01-23 22:08:00;2025-01-24 02:02:02;1
CHM-2507966;QRT-84941;FUN-01568;Frigobar com Defeito;Média;2026-03-21 22:19:00;2026-03-22 02:05:04;5
CHM-0591123;QRT-26280;FUN-64706;Ar-condicionado;Média;2026-04-27 18:23:00;2026-04-28 05:16:30;3
CHM-3153431;QRT-13534;FUN-29826;TV / Controle;Alta;2026-06-18 20:51:00;2026-06-18 21:21:56;4
CHM-3530962;QRT-45866;FUN-48683;Ar-condicionado;Média;2024-08-09 09:44:00;2024-08-09 18:48:29;2
CHM-9200017;QRT-04542;FUN-09324;Limpeza Extra;Alta;2024-09-10 09:38:00;2024-09-10 10:56:36;5
CHM-3273588;QRT-40957;FUN-19473;Ar-condicionado;Baixa;2024-09-23 21:52:00;2024-09-24 00:36:35;4
CHM-0655558;QRT-16535;FUN-16922;Wi-Fi;Baixa;2026-04-04 10:32:00;2026-04-04 12:45:48;4
CHM-5536975;QRT-27723;FUN-52793;Ar-condicionado;Média;2024-11-08 22:37:00;2024-11-09 13:21:18;3
CHM-1302928;QRT-37102;FUN-81524;Ar-condicionado;Baixa;2025-11-07 10:23:00;2025-11-07 12:35:52;4
CHM-8407753;QRT-09785;FUN-45111;Wi-Fi;Média;2025-05-12 20:16:00;2025-05-13 01:58:42;5
CHM-4049549;QRT-29485;FUN-78820;Elétrica;Média;2026-03-01 15:23:00;2026-03-01 17:26:06;5
CHM-2913612;QRT-67879;FUN-36473;TV / Controle;Alta;2025-06-17 20:29:00;2025-06-17 20:57:21;5
CHM-9909280;QRT-90762;FUN-05739;Elétrica;Alta;2024-12-10 10:40:00;2024-12-10 14:04:01;2
CHM-9125428;QRT-14528;FUN-86194;Elétrica;Média;2024-09-16 12:07:00;2024-09-16 15:59:59;5
CHM-8897040;QRT-87466;FUN-22607;Fechadura Eletrônica;Média;2025-08-20 13:43:00;2025-08-20 16:07:28;4
CHM-1477217;QRT-29485;FUN-67710;Wi-Fi;Média;2024-09-13 07:33:00;2024-09-13 11:39:14;5
CHM-1599858;QRT-51351;FUN-22607;Wi-Fi;Baixa;2025-11-11 12:05:00;2025-11-14 07:36:04;2
CHM-2413270;QRT-03049;FUN-73856;Wi-Fi;Baixa;2025-09-26 20:58:00;2025-09-27 11:44:36;5
CHM-7259188;QRT-96972;FUN-74014;Frigobar com Defeito;Média;2025-11-05 13:50:00;2025-11-05 16:32:09;4
CHM-1797453;QRT-42497;FUN-09102;Ar-condicionado;Média;2024-09-28 13:47:00;2024-09-28 19:44:57;4
CHM-2696463;QRT-25409;FUN-43763;Wi-Fi;Baixa;2024-07-09 23:02:00;2024-07-10 04:12:36;5
CHM-4681018;QRT-86959;FUN-82886;Limpeza Extra;Média;2024-10-28 08:57:00;2024-10-28 16:06:02;4
CHM-0528021;QRT-16398;FUN-21094;Limpeza Extra;Baixa;2026-01-27 08:07:00;2026-01-28 11:03:02;2
CHM-5611080;QRT-56321;FUN-23361;TV / Controle;Alta;2026-03-02 23:52:00;2026-03-03 00:39:19;5
CHM-5593971;QRT-78115;FUN-86194;TV / Controle;Alta;2026-03-01 17:41:00;2026-03-01 18:45:57;4
CHM-9984526;QRT-75030;FUN-19473;Hidráulica;Média;2026-02-22 14:57:00;2026-02-22 20:20:09;5
CHM-6463020;QRT-77112;FUN-49170;Hidráulica;Média;2026-03-19 08:04:00;2026-03-19 12:46:15;5
CHM-0688190;QRT-77305;FUN-34873;TV / Controle;Baixa;2026-03-23 10:10:00;2026-03-24 12:57:01;2
CHM-7555789;QRT-22585;FUN-08234;Limpeza Extra;Alta;2026-05-01 06:50:00;2026-05-01 08:59:47;3
CHM-1493253;QRT-27391;FUN-66580;Ar-condicionado;Média;2025-03-19 23:58:00;2025-03-20 03:33:34;5
CHM-3154018;QRT-43330;FUN-15867;Ar-condicionado;Baixa;2025-11-06 21:22:00;2025-11-07 05:10:24;4
CHM-4899188;QRT-07215;FUN-49170;Ar-condicionado;Média;2026-02-14 23:21:00;2026-02-15 01:19:57;5
CHM-3901534;QRT-85367;FUN-52793;Frigobar com Defeito;Alta;2025-07-22 09:25:00;2025-07-22 10:02:45;5
CHM-3234277;QRT-96617;FUN-86194;Hidráulica;Baixa;2025-09-01 06:53:00;2025-09-01 12:20:50;5
CHM-5371320;QRT-42819;FUN-32345;Hidráulica;Média;2025-02-14 10:52:00;2025-02-14 22:11:55;3
CHM-0397371;QRT-56455;FUN-83865;Elétrica;Média;2024-09-17 21:51:00;2024-09-18 03:46:04;4
CHM-8482076;QRT-86959;FUN-08234;Hidráulica;Baixa;2026-06-29 06:54:00;2026-06-29 13:43:55;4
CHM-7576569;QRT-65173;FUN-48159;Ar-condicionado;Média;2024-07-27 12:13:00;2024-07-27 17:00:55;5
CHM-7059029;QRT-02007;FUN-74014;Wi-Fi;Média;2025-06-20 23:03:00;2025-06-21 03:07:37;5
CHM-5923927;QRT-83665;FUN-52793;TV / Controle;Baixa;2024-11-09 17:47:00;2024-11-10 15:53:08;5
CHM-2674202;QRT-41338;FUN-88121;Frigobar com Defeito;Alta;2026-04-12 14:12:00;2026-04-12 16:20:06;2
CHM-6569667;QRT-41934;FUN-32345;Hidráulica;Baixa;2026-06-28 13:00:00;2026-06-29 23:33:57;2
CHM-9313382;QRT-19577;FUN-12576;Wi-Fi;Média;2025-05-19 20:41:00;2025-05-19 22:39:13;5
CHM-6060331;QRT-31908;FUN-28577;Wi-Fi;Alta;2025-01-30 13:30:00;2025-01-30 13:53:04;4
CHM-0783820;QRT-31908;FUN-28577;Elétrica;Baixa;2025-01-29 08:01:00;2025-01-30 10:34:16;2
CHM-0700235;QRT-94862;FUN-48683;Limpeza Extra;Baixa;2025-05-20 12:31:00;2025-05-20 20:14:20;3
CHM-7699941;QRT-37220;FUN-15784;Elétrica;Baixa;2026-05-07 10:22:00;2026-05-07 20:18:05;4
CHM-3825813;QRT-44318;FUN-29826;Elétrica;Média;2026-01-23 11:40:00;2026-01-23 16:24:18;4
CHM-0460165;QRT-96972;FUN-08486;Frigobar com Defeito;Média;2025-08-16 09:22:00;2025-08-16 15:02:24;5
CHM-3558469;QRT-95923;FUN-34873;Ar-condicionado;Alta;2025-07-21 13:10:00;2025-07-21 13:49:15;5
CHM-2985228;QRT-06113;FUN-34079;Wi-Fi;Alta;2024-07-21 20:13:00;2024-07-21 23:06:28;3
CHM-3533321;QRT-42444;FUN-66580;Wi-Fi;Alta;2025-02-17 12:47:00;2025-02-17 14:26:19;5
CHM-5474595;QRT-31908;FUN-04670;Frigobar com Defeito;Alta;2025-07-25 22:09:00;2025-07-26 01:42:46;3
CHM-4928272;QRT-61719;FUN-02909;Ar-condicionado;Baixa;2025-12-02 15:48:00;2025-12-03 14:50:07;4
CHM-1763341;QRT-54489;FUN-57664;Frigobar com Defeito;Baixa;2026-05-30 06:11:00;2026-05-31 05:47:56;5
CHM-0394639;QRT-64840;FUN-08486;Frigobar com Defeito;Alta;2025-01-26 10:23:00;2025-01-26 13:17:12;3
CHM-9855294;QRT-70944;FUN-45111;Fechadura Eletrônica;Baixa;2025-08-16 19:16:00;2025-08-17 23:24:54;2
CHM-7455651;QRT-48327;FUN-69104;Fechadura Eletrônica;Média;2026-04-30 10:45:00;2026-05-01 01:17:54;3
CHM-1476518;QRT-42908;FUN-76103;Ar-condicionado;Média;2024-12-15 09:27:00;2024-12-15 10:19:38;5
CHM-4325578;QRT-45185;FUN-69727;Wi-Fi;Baixa;2026-05-29 15:31:00;2026-05-30 00:07:02;5
CHM-3247570;QRT-81933;FUN-21094;Wi-Fi;Média;2024-07-25 13:27:00;2024-07-25 15:25:06;4
CHM-8695315;QRT-10817;FUN-12040;Fechadura Eletrônica;Média;2024-08-22 10:08:00;2024-08-22 11:22:45;4
CHM-3611634;QRT-08689;FUN-43763;Ar-condicionado;Alta;2024-10-08 13:21:00;2024-10-08 15:12:19;5
CHM-3194959;QRT-90947;FUN-12576;Frigobar com Defeito;Baixa;2026-02-16 10:35:00;2026-02-18 21:16:04;1
CHM-4990212;QRT-26080;FUN-52793;Limpeza Extra;Média;2025-12-05 08:56:00;2025-12-05 12:17:09;4
CHM-7446595;QRT-21167;FUN-96354;Ar-condicionado;Baixa;2024-08-12 08:13:00;2024-08-12 21:54:27;5
CHM-7306947;QRT-46308;FUN-41540;Wi-Fi;Alta;2025-01-01 08:04:00;2025-01-01 09:32:00;5
CHM-0662730;QRT-85687;FUN-08486;Elétrica;Baixa;2024-12-25 19:29:00;2024-12-26 03:29:30;5
CHM-6702868;QRT-50555;FUN-35080;TV / Controle;Média;2024-11-19 09:00:00;2024-11-19 14:04:35;5
CHM-8304064;QRT-81700;FUN-12040;TV / Controle;Média;2024-08-05 15:10:00;2024-08-06 08:51:50;2
CHM-1715082;QRT-65099;FUN-47371;Fechadura Eletrônica;Média;2025-11-30 15:03:00;2025-11-30 17:49:48;5
CHM-7651614;QRT-84220;FUN-10947;Fechadura Eletrônica;Média;2025-12-03 21:55:00;2025-12-04 00:48:18;5
CHM-7549707;QRT-86201;FUN-29826;Wi-Fi;Baixa;2025-01-06 18:11:00;2025-01-07 03:08:36;4
CHM-9120983;QRT-75289;FUN-49170;Frigobar com Defeito;Baixa;2024-10-27 21:05:00;2024-10-28 07:03:25;4
CHM-2159154;QRT-45866;FUN-50800;TV / Controle;Alta;2024-10-06 07:09:00;2024-10-06 08:24:43;4
CHM-4038628;QRT-09849;FUN-50800;TV / Controle;Média;2025-07-02 23:56:00;2025-07-03 01:54:15;4
CHM-1109442;QRT-04443;FUN-90839;Frigobar com Defeito;Média;2024-09-20 19:12:00;2024-09-20 23:38:31;5
CHM-1769601;QRT-25409;FUN-64706;Ar-condicionado;Baixa;2025-01-12 13:45:00;2025-01-12 23:11:13;4
CHM-9005297;QRT-89410;FUN-10947;Wi-Fi;Média;2025-09-17 06:10:00;2025-09-17 11:48:06;5
CHM-9529286;QRT-83665;FUN-74014;TV / Controle;Média;2025-12-29 11:38:00;2025-12-29 18:32:57;4
CHM-9848988;QRT-22560;FUN-69727;Ar-condicionado;Baixa;2024-07-08 13:40:00;2024-07-09 04:16:40;4
CHM-3103222;QRT-69375;FUN-48683;Elétrica;Baixa;2024-08-30 15:24:00;2024-08-31 11:23:01;4
CHM-5236131;QRT-83481;FUN-67710;Elétrica;Alta;2026-03-27 06:10:00;2026-03-27 06:40:50;4
CHM-0217561;QRT-77305;FUN-48683;TV / Controle;Baixa;2026-03-02 22:52:00;2026-03-03 11:50:29;5
CHM-3497100;QRT-60979;FUN-89330;Elétrica;Média;2025-07-14 13:53:00;2025-07-14 18:40:45;5
CHM-9273362;QRT-72144;FUN-36473;Hidráulica;Baixa;2025-11-19 18:16:00;2025-11-20 05:57:14;5
CHM-1930562;QRT-64840;FUN-10947;Fechadura Eletrônica;Média;2025-02-05 15:41:00;2025-02-05 18:47:29;5
CHM-6460368;QRT-60845;FUN-15867;Wi-Fi;Baixa;2024-12-04 15:31:00;2024-12-05 03:24:14;4
CHM-6973174;QRT-86467;FUN-89330;Wi-Fi;Média;2025-04-27 18:41:00;2025-04-28 01:49:39;5
CHM-3597549;QRT-31042;FUN-47371;Hidráulica;Baixa;2025-03-13 12:23:00;2025-03-13 20:22:16;5
CHM-7393316;QRT-78115;FUN-19473;Elétrica;Média;2025-08-11 17:06:00;2025-08-11 21:54:59;4
CHM-6385225;QRT-68160;FUN-55799;Elétrica;Média;2026-04-06 20:30:00;2026-04-07 04:24:35;5
CHM-9077979;QRT-77305;FUN-34873;Elétrica;Baixa;2025-09-27 08:34:00;2025-09-28 08:17:26;3
CHM-3846389;QRT-74691;FUN-64755;Frigobar com Defeito;Alta;2026-01-20 15:55:00;2026-01-20 16:28:41;5
CHM-3617548;QRT-27723;FUN-74014;Fechadura Eletrônica;Alta;2024-08-22 08:08:00;2024-08-22 09:24:17;5
CHM-5731464;QRT-62109;FUN-71493;Limpeza Extra;Média;2026-01-02 21:10:00;2026-01-03 01:48:20;5
CHM-7180731;QRT-15710;FUN-57664;Ar-condicionado;Alta;2025-11-23 14:58:00;2025-11-23 16:17:55;5
CHM-5566387;QRT-01345;FUN-35080;TV / Controle;Média;2024-12-23 19:49:00;2024-12-24 03:23:03;5
CHM-5460335;QRT-25905;FUN-09102;Hidráulica;Média;2024-08-31 12:33:00;2024-08-31 15:15:22;5
CHM-1441611;QRT-21077;FUN-83865;Hidráulica;Alta;2025-10-04 20:51:00;2025-10-04 23:09:40;2
CHM-9572574;QRT-41748;FUN-23383;TV / Controle;Baixa;2025-04-19 22:09:00;2025-04-20 07:22:50;5
CHM-9571317;QRT-89068;FUN-52793;Limpeza Extra;Baixa;2026-05-31 18:17:00;2026-06-01 10:01:53;4
CHM-1479776;QRT-39368;FUN-18700;TV / Controle;Alta;2025-02-05 11:02:00;2025-02-05 11:58:51;5
CHM-6980198;QRT-58511;FUN-73856;Ar-condicionado;Baixa;2025-06-14 19:45:00;2025-06-16 08:44:27;1
CHM-9135503;QRT-93180;FUN-05739;Hidráulica;Média;2025-10-22 08:22:00;2025-10-22 13:12:06;5
CHM-9792091;QRT-53290;FUN-28577;Elétrica;Baixa;2025-11-16 09:33:00;2025-11-17 08:13:26;4
CHM-8968814;QRT-29854;FUN-22027;Ar-condicionado;Média;2025-09-13 13:51:00;2025-09-13 16:15:20;5
CHM-9920217;QRT-41934;FUN-22027;TV / Controle;Média;2026-02-01 11:12:00;2026-02-01 15:08:59;3
CHM-9684664;QRT-29439;FUN-15784;Ar-condicionado;Alta;2026-06-23 23:06:00;2026-06-24 00:44:27;5
CHM-7627851;QRT-06043;FUN-74014;Ar-condicionado;Média;2026-04-26 16:29:00;2026-04-26 17:49:01;5
CHM-3789315;QRT-71975;FUN-67282;Hidráulica;Baixa;2025-12-31 15:12:00;2026-01-01 01:02:11;3
CHM-5548124;QRT-26716;FUN-86199;Ar-condicionado;Média;2026-03-12 08:54:00;2026-03-12 11:29:57;4
CHM-0969079;QRT-17114;FUN-12576;Hidráulica;Média;2025-04-23 14:11:00;2025-04-23 15:44:24;5
CHM-8670516;QRT-45185;FUN-50800;Hidráulica;Baixa;2024-07-27 17:19:00;2024-07-27 20:20:51;5
CHM-2294916;QRT-54375;FUN-81524;Hidráulica;Baixa;2025-05-16 18:18:00;2025-05-17 10:57:55;4
CHM-8864202;QRT-13238;FUN-10947;Frigobar com Defeito;Baixa;2026-04-01 13:00:00;2026-04-01 20:25:23;5
CHM-6696942;QRT-98065;FUN-64755;Limpeza Extra;Média;2025-09-03 15:15:00;2025-09-03 16:10:52;4
CHM-7987069;QRT-14528;FUN-73856;Ar-condicionado;Baixa;2024-12-06 16:00:00;2024-12-07 14:31:04;5
CHM-0541889;QRT-17495;FUN-67282;Ar-condicionado;Baixa;2025-10-31 14:59:00;2025-10-31 23:19:12;3
CHM-9598430;QRT-57208;FUN-10947;Ar-condicionado;Alta;2025-05-24 19:31:00;2025-05-24 20:12:39;5
CHM-5463541;QRT-58511;FUN-67710;Ar-condicionado;Alta;2026-05-13 17:16:00;2026-05-13 19:58:51;2
CHM-0908897;QRT-96617;FUN-73856;Hidráulica;Alta;2025-07-11 18:33:00;2025-07-11 19:02:46;5
CHM-1259266;QRT-66602;FUN-96354;Ar-condicionado;Alta;2025-09-14 21:38:00;2025-09-14 22:56:26;4
CHM-0673858;QRT-74691;FUN-57664;Hidráulica;Média;2024-08-18 07:33:00;2024-08-18 14:06:27;4
CHM-9509930;QRT-76445;FUN-55799;Hidráulica;Baixa;2024-07-02 14:52:00;2024-07-03 12:45:16;3
CHM-4011800;QRT-06043;FUN-08486;Ar-condicionado;Média;2024-10-22 23:03:00;2024-10-22 23:58:07;5
CHM-7537136;QRT-03446;FUN-48159;Wi-Fi;Baixa;2024-09-22 18:17:00;2024-09-23 20:06:41;2
CHM-9627392;QRT-01562;FUN-67710;Ar-condicionado;Média;2025-11-03 18:59:00;2025-11-03 22:09:05;5
CHM-2639160;QRT-17114;FUN-12576;Hidráulica;Baixa;2024-09-29 14:42:00;2024-09-30 02:28:35;4
CHM-5626116;QRT-28645;FUN-09102;Ar-condicionado;Baixa;2024-07-16 13:29:00;2024-07-17 14:44:10;1
CHM-3826987;QRT-44318;FUN-29826;Elétrica;Baixa;2025-09-19 13:00:00;2025-09-20 06:02:05;5
CHM-2332449;QRT-39312;FUN-74014;Wi-Fi;Média;2026-02-21 15:56:00;2026-02-21 17:45:10;4
CHM-8981757;QRT-95776;FUN-87234;Hidráulica;Baixa;2024-08-31 23:23:00;2024-09-02 13:35:30;3
CHM-2349454;QRT-66083;FUN-71493;TV / Controle;Média;2025-03-15 18:55:00;2025-03-15 23:30:16;5
CHM-6475199;QRT-66307;FUN-18700;Elétrica;Alta;2026-04-20 22:24:00;2026-04-21 00:06:21;5
CHM-8342359;QRT-40957;FUN-86194;TV / Controle;Baixa;2025-05-08 15:22:00;2025-05-08 20:58:57;4
CHM-4051476;QRT-02055;FUN-71181;Elétrica;Baixa;2026-02-08 17:08:00;2026-02-09 05:51:56;5
CHM-9513352;QRT-92558;FUN-15784;Ar-condicionado;Baixa;2024-07-07 14:01:00;2024-07-08 00:14:59;4
CHM-1435603;QRT-56455;FUN-83865;Elétrica;Média;2024-10-25 18:43:00;2024-10-25 20:47:22;5
CHM-7065639;QRT-47802;FUN-03036;Frigobar com Defeito;Baixa;2026-02-22 23:09:00;2026-02-23 04:27:55;4
CHM-3611712;QRT-41338;FUN-43763;Wi-Fi;Média;2025-03-23 23:06:00;2025-03-24 05:06:18;5
CHM-7324230;QRT-55454;FUN-21094;Ar-condicionado;Média;2025-09-22 16:02:00;2025-09-22 20:05:15;5
CHM-4682489;QRT-23155;FUN-96106;TV / Controle;Média;2024-10-20 19:53:00;2024-10-21 02:14:49;5
CHM-7166478;QRT-23438;FUN-08234;Limpeza Extra;Média;2024-11-29 15:40:00;2024-11-29 18:13:59;5
CHM-1099076;QRT-02141;FUN-96106;Ar-condicionado;Baixa;2025-03-24 07:30:00;2025-03-24 15:56:32;5
CHM-3112789;QRT-84941;FUN-86199;Ar-condicionado;Média;2025-04-09 21:10:00;2025-04-10 01:55:51;3
CHM-7487136;QRT-24810;FUN-39946;Limpeza Extra;Média;2026-06-03 17:21:00;2026-06-04 00:44:01;5
CHM-4638084;QRT-52853;FUN-08486;Limpeza Extra;Alta;2025-09-29 14:26:00;2025-09-29 15:34:45;5
CHM-6571194;QRT-06113;FUN-92045;Limpeza Extra;Alta;2025-01-08 23:40:00;2025-01-09 00:27:13;5
CHM-1846078;QRT-95939;FUN-10947;Wi-Fi;Alta;2025-01-06 12:49:00;2025-01-06 15:50:42;1
CHM-4842773;QRT-16851;FUN-65780;TV / Controle;Alta;2025-11-23 12:34:00;2025-11-23 13:10:29;4
CHM-4667312;QRT-62109;FUN-08109;TV / Controle;Alta;2026-05-09 10:53:00;2026-05-09 11:23:48;4
CHM-7650670;QRT-25571;FUN-49013;Ar-condicionado;Média;2024-10-29 12:27:00;2024-10-29 21:23:03;3
CHM-1565003;QRT-63207;FUN-67710;Hidráulica;Alta;2026-03-31 17:10:00;2026-03-31 21:36:17;2
CHM-4588257;QRT-80306;FUN-45111;TV / Controle;Média;2024-09-13 23:44:00;2024-09-14 08:26:46;2
CHM-6707083;QRT-63506;FUN-37715;Ar-condicionado;Média;2025-04-04 17:36:00;2025-04-04 20:28:57;4
CHM-9220314;QRT-47802;FUN-35080;Limpeza Extra;Média;2024-11-03 10:54:00;2024-11-03 19:28:18;1
CHM-2137923;QRT-10817;FUN-23383;TV / Controle;Baixa;2024-10-04 20:06:00;2024-10-05 00:33:51;5
CHM-4865450;QRT-80765;FUN-16922;Frigobar com Defeito;Média;2025-05-01 23:12:00;2025-05-02 00:48:43;5
CHM-4789347;QRT-93180;FUN-96106;Wi-Fi;Baixa;2025-08-04 11:14:00;2025-08-05 12:40:26;3
CHM-0369342;QRT-25409;FUN-64047;Limpeza Extra;Baixa;2024-09-06 16:09:00;2024-09-07 03:00:35;5
CHM-5188941;QRT-47628;FUN-23361;Hidráulica;Média;2024-07-07 19:37:00;2024-07-08 03:45:48;3
CHM-6586232;QRT-74465;FUN-71181;Wi-Fi;Média;2025-10-06 18:07:00;2025-10-07 00:18:58;3
CHM-4571476;QRT-37102;FUN-89330;Ar-condicionado;Média;2025-05-29 11:21:00;2025-05-29 15:32:09;5
CHM-8307028;QRT-85739;FUN-74014;Limpeza Extra;Baixa;2025-07-20 07:59:00;2025-07-20 18:10:09;5
CHM-2820647;QRT-09785;FUN-18700;Ar-condicionado;Baixa;2026-06-21 16:02:00;2026-06-22 03:05:14;5
CHM-0019802;QRT-86959;FUN-41540;Ar-condicionado;Média;2025-01-22 21:12:00;2025-01-23 02:03:44;3
CHM-4951143;QRT-45185;FUN-50800;Limpeza Extra;Média;2026-06-23 06:44:00;2026-06-23 08:25:44;5
CHM-1823075;QRT-41263;FUN-29826;Limpeza Extra;Média;2025-08-10 19:45:00;2025-08-11 02:49:27;5
CHM-4846703;QRT-85329;FUN-08234;Wi-Fi;Média;2025-12-02 12:48:00;2025-12-02 14:13:52;5
CHM-2283486;QRT-25571;FUN-64047;Elétrica;Média;2026-06-16 14:06:00;2026-06-17 15:55:33;3
CHM-5288658;QRT-63645;FUN-64755;Limpeza Extra;Média;2024-08-27 22:55:00;2024-08-28 08:58:11;1
CHM-5231635;QRT-58898;FUN-92311;Hidráulica;Baixa;2025-05-29 15:37:00;2025-05-29 23:09:19;4
CHM-5070747;QRT-73451;FUN-50800;Wi-Fi;Média;2025-12-04 16:40:00;2025-12-05 06:17:23;2
CHM-9061062;QRT-63506;FUN-52793;Ar-condicionado;Média;2024-09-06 08:19:00;2024-09-06 10:39:44;5
CHM-1001477;QRT-89068;FUN-37715;Limpeza Extra;Média;2026-03-22 20:50:00;2026-03-23 08:23:23;1
CHM-1676707;QRT-69835;FUN-23383;Elétrica;Média;2025-05-16 09:48:00;2025-05-16 15:31:36;4
CHM-6655856;QRT-72363;FUN-57664;Hidráulica;Baixa;2025-08-07 20:19:00;2025-08-09 10:13:54;1
CHM-7525835;QRT-03596;FUN-71493;Ar-condicionado;Alta;2024-10-01 23:53:00;2024-10-02 00:18:29;5
CHM-4635182;QRT-96237;FUN-67710;Hidráulica;Média;2025-11-02 13:37:00;2025-11-02 23:20:07;2
CHM-0279857;QRT-66170;FUN-96354;Frigobar com Defeito;Média;2025-03-04 20:13:00;2025-03-04 21:17:22;5
CHM-9649438;QRT-94431;FUN-05739;Frigobar com Defeito;Alta;2026-02-13 06:25:00;2026-02-13 07:26:38;5
CHM-0150815;QRT-23801;FUN-90839;Ar-condicionado;Baixa;2025-11-24 16:38:00;2025-11-24 19:23:17;4
CHM-7542427;QRT-63207;FUN-19473;Hidráulica;Baixa;2025-03-20 16:18:00;2025-03-21 01:41:26;5
CHM-1459954;QRT-06780;FUN-08486;Elétrica;Baixa;2024-10-09 14:22:00;2024-10-10 03:24:57;5
CHM-1173992;QRT-39368;FUN-18700;Ar-condicionado;Baixa;2024-09-12 10:14:00;2024-09-13 18:27:31;3
CHM-0852473;QRT-89443;FUN-57664;Limpeza Extra;Média;2026-05-28 16:57:00;2026-05-28 19:49:17;5
CHM-6107073;QRT-73974;FUN-45111;Elétrica;Alta;2025-03-21 09:23:00;2025-03-21 12:26:47;2
CHM-7558652;QRT-42714;FUN-96354;Elétrica;Média;2025-08-07 10:38:00;2025-08-08 00:07:32;3
CHM-2179385;QRT-92955;FUN-34079;Elétrica;Alta;2026-05-24 19:43:00;2026-05-24 20:17:55;4
CHM-8034258;QRT-91628;FUN-37715;Ar-condicionado;Baixa;2024-10-27 17:40:00;2024-10-29 12:24:46;3
CHM-8278681;QRT-42908;FUN-66580;Wi-Fi;Baixa;2026-05-07 11:13:00;2026-05-07 17:00:31;5
CHM-2021614;QRT-75043;FUN-39946;Elétrica;Alta;2025-01-10 19:47:00;2025-01-10 20:01:37;5
CHM-4079360;QRT-80765;FUN-16922;Limpeza Extra;Alta;2026-02-10 09:37:00;2026-02-10 10:37:40;5
CHM-8641217;QRT-88400;FUN-64047;Fechadura Eletrônica;Baixa;2024-07-02 16:37:00;2024-07-03 03:43:29;4
CHM-1861163;QRT-03369;FUN-12576;Ar-condicionado;Média;2026-01-01 22:49:00;2026-01-02 01:35:02;5
CHM-9266799;QRT-45185;FUN-34873;Wi-Fi;Baixa;2024-08-17 20:01:00;2024-08-18 03:15:00;4
CHM-8739258;QRT-54953;FUN-10947;Fechadura Eletrônica;Média;2025-03-08 17:14:00;2025-03-08 23:27:56;5
CHM-8586691;QRT-67879;FUN-36473;TV / Controle;Baixa;2026-02-08 09:35:00;2026-02-08 13:25:34;3
CHM-6668077;QRT-40043;FUN-49170;Ar-condicionado;Baixa;2026-01-01 17:09:00;2026-01-02 11:50:32;4
CHM-8910568;QRT-21677;FUN-25313;Ar-condicionado;Baixa;2026-02-25 07:58:00;2026-02-25 19:23:03;4
CHM-0642683;QRT-72144;FUN-96354;Ar-condicionado;Média;2025-05-20 16:39:00;2025-05-20 18:23:54;5
CHM-8794246;QRT-43677;FUN-90839;Ar-condicionado;Média;2024-08-22 19:14:00;2024-08-22 21:47:39;5
CHM-0075951;QRT-86712;FUN-15867;TV / Controle;Alta;2024-12-20 19:28:00;2024-12-20 19:54:11;5
CHM-5409115;QRT-16535;FUN-73856;Limpeza Extra;Média;2026-06-20 23:30:00;2026-06-21 07:19:43;4
CHM-3269850;QRT-83424;FUN-08109;Fechadura Eletrônica;Alta;2026-01-07 11:17:00;2026-01-07 12:05:16;4
CHM-3590364;QRT-39312;FUN-74014;Hidráulica;Média;2025-01-02 11:42:00;2025-01-02 13:16:23;5
CHM-2136705;QRT-84972;FUN-23361;TV / Controle;Média;2025-08-15 17:54:00;2025-08-16 00:50:04;5
CHM-3972393;QRT-46748;FUN-70436;Ar-condicionado;Baixa;2025-03-01 14:32:00;2025-03-02 09:34:39;5
CHM-8929213;QRT-94431;FUN-22027;Ar-condicionado;Alta;2025-12-07 09:39:00;2025-12-07 10:20:41;4
CHM-5534616;QRT-72107;FUN-52793;Limpeza Extra;Média;2025-09-25 23:53:00;2025-09-26 07:12:32;5
CHM-5068682;QRT-42444;FUN-07814;Ar-condicionado;Alta;2025-08-02 22:51:00;2025-08-02 23:47:29;4
CHM-5031307;QRT-90111;FUN-69727;Limpeza Extra;Alta;2026-01-28 07:45:00;2026-01-28 09:46:13;3
CHM-4535050;QRT-16398;FUN-23286;Frigobar com Defeito;Média;2026-05-20 13:32:00;2026-05-20 15:02:27;4
CHM-6693184;QRT-56047;FUN-92045;Ar-condicionado;Média;2025-05-14 15:15:00;2025-05-14 22:59:47;4
CHM-0983375;QRT-66101;FUN-22607;Hidráulica;Alta;2025-11-03 18:30:00;2025-11-03 20:13:13;5
CHM-2189696;QRT-57181;FUN-22027;Wi-Fi;Média;2024-10-14 15:23:00;2024-10-15 08:11:42;1
CHM-8258370;QRT-98233;FUN-69104;Wi-Fi;Alta;2025-12-14 18:08:00;2025-12-14 19:06:04;5
CHM-5888658;QRT-03049;FUN-78820;Wi-Fi;Alta;2024-12-31 14:21:00;2024-12-31 15:19:08;5
CHM-5545577;QRT-06280;FUN-34873;Wi-Fi;Média;2024-09-14 12:55:00;2024-09-14 17:36:49;5
CHM-4269607;QRT-49331;FUN-71493;Elétrica;Média;2024-09-04 11:22:00;2024-09-04 17:05:21;4
CHM-1043482;QRT-96617;FUN-19473;Elétrica;Média;2026-04-17 21:49:00;2026-04-18 02:08:33;4
CHM-4167448;QRT-29015;FUN-48683;Wi-Fi;Média;2025-05-17 08:06:00;2025-05-17 15:02:13;4
CHM-4266992;QRT-53917;FUN-32345;Limpeza Extra;Baixa;2026-03-10 19:13:00;2026-03-11 04:03:47;5
CHM-0126043;QRT-98233;FUN-69104;Wi-Fi;Média;2024-11-03 23:05:00;2024-11-04 05:46:52;5
CHM-4120254;QRT-12128;FUN-37715;Wi-Fi;Baixa;2025-03-05 08:21:00;2025-03-06 09:08:03;1
CHM-3496000;QRT-15064;FUN-10947;Wi-Fi;Alta;2025-01-12 11:20:00;2025-01-12 13:38:36;3
CHM-6172337;QRT-57181;FUN-57664;TV / Controle;Média;2025-05-07 14:19:00;2025-05-07 19:42:21;5
CHM-8184602;QRT-52853;FUN-37715;Hidráulica;Média;2024-07-23 09:22:00;2024-07-23 15:06:51;4
CHM-4803100;QRT-57124;FUN-69104;Ar-condicionado;Alta;2026-05-10 16:51:00;2026-05-10 17:47:05;5
CHM-8231508;QRT-62284;FUN-08849;Limpeza Extra;Média;2025-05-21 20:40:00;2025-05-22 00:26:42;3
CHM-5818278;QRT-95939;FUN-74014;Elétrica;Média;2024-08-19 18:02:00;2024-08-20 05:39:58;1
CHM-0822674;QRT-88284;FUN-83865;Wi-Fi;Baixa;2025-03-18 18:32:00;2025-03-19 01:13:32;5
CHM-3298064;QRT-84837;FUN-92311;Limpeza Extra;Alta;2025-06-29 20:27:00;2025-06-29 20:58:39;5
CHM-1931196;QRT-37477;FUN-64047;Elétrica;Média;2026-05-22 20:13:00;2026-05-23 02:14:44;4
CHM-4058237;QRT-95923;FUN-69727;Elétrica;Média;2024-08-16 06:42:00;2024-08-16 08:02:52;5
CHM-5160708;QRT-94556;FUN-92045;Ar-condicionado;Média;2025-04-16 13:10:00;2025-04-16 18:29:31;4
CHM-6372400;QRT-10817;FUN-48159;Limpeza Extra;Média;2025-01-26 06:27:00;2025-01-26 09:45:01;5
CHM-2317825;QRT-86536;FUN-23361;Limpeza Extra;Média;2026-03-20 09:17:00;2026-03-20 11:53:26;5
CHM-9562643;QRT-62109;FUN-25313;Limpeza Extra;Alta;2024-11-21 15:25:00;2024-11-21 18:27:44;2
CHM-6339518;QRT-74766;FUN-69104;Limpeza Extra;Baixa;2026-06-04 06:49:00;2026-06-04 20:36:52;5
CHM-0310733;QRT-72107;FUN-08486;Elétrica;Baixa;2024-11-30 06:34:00;2024-11-30 09:37:28;4
CHM-9236493;QRT-61962;FUN-64755;Wi-Fi;Média;2025-01-11 17:35:00;2025-01-11 19:12:44;4
CHM-0492427;QRT-48634;FUN-04670;Ar-condicionado;Baixa;2025-12-03 12:13:00;2025-12-04 16:01:18;3
CHM-1730759;QRT-63506;FUN-39946;Hidráulica;Baixa;2025-09-06 15:57:00;2025-09-07 02:29:03;4
CHM-8704237;QRT-66170;FUN-48159;Elétrica;Média;2024-08-08 09:54:00;2024-08-09 03:35:26;3
CHM-7413318;QRT-61287;FUN-47371;TV / Controle;Baixa;2025-03-21 06:58:00;2025-03-21 13:04:07;4
CHM-2087748;QRT-08549;FUN-41540;Hidráulica;Baixa;2025-11-24 14:42:00;2025-11-25 19:55:59;2
CHM-4454754;QRT-74428;FUN-19473;Frigobar com Defeito;Média;2024-12-12 15:39:00;2024-12-13 01:02:39;1
CHM-5174053;QRT-75030;FUN-16922;Wi-Fi;Média;2024-07-07 10:43:00;2024-07-07 12:04:29;5
CHM-0696363;QRT-92171;FUN-86194;Hidráulica;Alta;2025-06-21 11:41:00;2025-06-21 12:23:41;5
CHM-1496694;QRT-89443;FUN-32345;Elétrica;Baixa;2025-03-29 08:44:00;2025-03-30 20:03:57;2
CHM-9088520;QRT-47759;FUN-66580;Elétrica;Média;2026-03-21 12:46:00;2026-03-22 00:26:50;3
CHM-3795731;QRT-02862;FUN-08234;Limpeza Extra;Baixa;2024-08-19 06:18:00;2024-08-19 18:28:38;5
CHM-3606994;QRT-35519;FUN-50800;Limpeza Extra;Alta;2025-07-22 21:18:00;2025-07-22 22:22:19;4
CHM-1746559;QRT-71194;FUN-69727;Wi-Fi;Média;2025-01-24 07:49:00;2025-01-24 09:41:36;5
CHM-1166762;QRT-67310;FUN-49013;TV / Controle;Alta;2025-04-27 08:42:00;2025-04-27 11:37:27;2
CHM-1798853;QRT-03500;FUN-64706;Fechadura Eletrônica;Baixa;2024-12-12 15:35:00;2024-12-13 12:31:26;5
CHM-9798356;QRT-69835;FUN-12040;Wi-Fi;Baixa;2025-10-26 08:40:00;2025-10-26 13:09:03;3
CHM-0233523;QRT-95939;FUN-74014;TV / Controle;Média;2025-01-17 23:35:00;2025-01-18 03:48:52;5
CHM-2249853;QRT-27342;FUN-35080;Limpeza Extra;Alta;2025-06-10 22:54:00;2025-06-11 01:17:19;2
CHM-3869112;QRT-13595;FUN-90839;Elétrica;Baixa;2024-11-09 08:33:00;2024-11-09 20:21:18;4
CHM-8988660;QRT-06280;FUN-15867;Elétrica;Baixa;2026-06-16 14:13:00;2026-06-17 10:55:17;5
CHM-8698848;QRT-09674;FUN-08234;TV / Controle;Média;2024-12-05 07:17:00;2024-12-05 10:35:04;5
CHM-3421583;QRT-92177;FUN-64706;Ar-condicionado;Baixa;2025-01-21 22:05:00;2025-01-22 11:44:12;4
CHM-2312469;QRT-01798;FUN-29826;Fechadura Eletrônica;Baixa;2024-07-03 13:23:00;2024-07-04 07:41:28;4
CHM-5986865;QRT-07215;FUN-57664;Elétrica;Baixa;2026-05-09 09:21:00;2026-05-10 01:42:09;4
CHM-5179909;QRT-37477;FUN-49013;Elétrica;Média;2024-09-15 09:44:00;2024-09-15 13:25:22;5
CHM-1286041;QRT-86467;FUN-81524;Hidráulica;Média;2025-08-23 06:29:00;2025-08-23 09:35:37;5
CHM-7972569;QRT-77112;FUN-49170;Elétrica;Alta;2024-07-17 23:36:00;2024-07-18 01:30:28;5
CHM-3781778;QRT-24929;FUN-29826;Limpeza Extra;Alta;2025-05-18 16:51:00;2025-05-18 20:32:28;1
CHM-9607497;QRT-95712;FUN-78820;Limpeza Extra;Baixa;2026-02-12 20:44:00;2026-02-13 16:28:40;5
CHM-2687696;QRT-43251;FUN-76103;Limpeza Extra;Média;2025-12-05 20:10:00;2025-12-05 21:25:49;4
CHM-5765798;QRT-00699;FUN-57664;Wi-Fi;Média;2025-07-11 22:42:00;2025-07-12 00:44:21;5
CHM-4326791;QRT-66195;FUN-86199;Hidráulica;Baixa;2024-11-12 15:24:00;2024-11-12 23:11:16;5
CHM-4567171;QRT-66083;FUN-02909;Elétrica;Alta;2025-02-26 22:22:00;2025-02-26 22:33:13;5
CHM-8977836;QRT-56980;FUN-05739;Hidráulica;Média;2024-12-08 16:07:00;2024-12-09 03:25:25;1
CHM-8647078;QRT-73232;FUN-49013;Wi-Fi;Baixa;2026-06-09 15:53:00;2026-06-09 21:27:40;5
CHM-6349468;QRT-47802;FUN-35080;Frigobar com Defeito;Baixa;2026-05-17 22:40:00;2026-05-18 15:10:45;5
CHM-0004896;QRT-54375;FUN-52300;Ar-condicionado;Baixa;2026-04-29 19:06:00;2026-04-30 06:00:59;3
CHM-5417987;QRT-75221;FUN-50800;Wi-Fi;Média;2025-01-23 20:00:00;2025-01-24 00:19:39;5
CHM-4721003;QRT-26756;FUN-69104;Limpeza Extra;Baixa;2025-04-19 13:09:00;2025-04-19 22:57:34;3
CHM-6697479;QRT-62284;FUN-22607;TV / Controle;Alta;2025-04-16 13:47:00;2025-04-16 14:12:09;5
CHM-5579041;QRT-39312;FUN-10947;Limpeza Extra;Baixa;2024-09-13 12:46:00;2024-09-15 14:32:33;3
CHM-7722518;QRT-95939;FUN-71181;Frigobar com Defeito;Média;2025-06-12 23:03:00;2025-06-13 00:51:23;5
CHM-1202743;QRT-29439;FUN-88121;Hidráulica;Média;2025-08-14 13:54:00;2025-08-14 16:28:45;5
CHM-6222489;QRT-88906;FUN-23383;Ar-condicionado;Alta;2024-07-27 14:58:00;2024-07-27 18:03:54;3
CHM-8542552;QRT-88906;FUN-28577;Fechadura Eletrônica;Média;2026-05-01 08:30:00;2026-05-01 12:23:25;5
CHM-9554566;QRT-11592;FUN-45111;Ar-condicionado;Média;2026-01-25 07:59:00;2026-01-25 13:09:51;4
CHM-6838461;QRT-76454;FUN-70436;Wi-Fi;Média;2024-07-09 23:32:00;2024-07-10 06:24:27;4
CHM-5928971;QRT-75289;FUN-22027;Fechadura Eletrônica;Baixa;2024-09-26 12:14:00;2024-09-28 02:15:07;3
CHM-8165406;QRT-08549;FUN-90839;Limpeza Extra;Baixa;2025-01-03 12:00:00;2025-01-04 03:20:46;5
CHM-8011110;QRT-74465;FUN-10947;Ar-condicionado;Alta;2025-05-09 19:44:00;2025-05-09 20:17:01;5
CHM-8016238;QRT-84837;FUN-48159;Limpeza Extra;Média;2026-05-09 11:41:00;2026-05-09 12:59:20;5
CHM-2925645;QRT-95201;FUN-69727;Fechadura Eletrônica;Baixa;2024-07-21 14:13:00;2024-07-22 07:48:38;5
CHM-0494176;QRT-88654;FUN-04670;Hidráulica;Alta;2024-12-18 17:40:00;2024-12-18 19:42:10;3
CHM-4001677;QRT-21677;FUN-02909;Elétrica;Média;2025-10-26 14:17:00;2025-10-26 15:50:38;4
CHM-9869224;QRT-51351;FUN-02909;TV / Controle;Média;2025-03-12 20:42:00;2025-03-13 00:06:15;5
CHM-3165222;QRT-12236;FUN-73856;TV / Controle;Média;2024-07-13 18:49:00;2024-07-13 22:05:00;5
CHM-5626138;QRT-16535;FUN-19473;Hidráulica;Média;2026-04-20 18:16:00;2026-04-20 19:53:27;4
CHM-7650540;QRT-47628;FUN-18700;Hidráulica;Média;2026-02-03 16:37:00;2026-02-04 20:21:12;2
CHM-1306806;QRT-74690;FUN-34873;Fechadura Eletrônica;Média;2025-12-24 16:17:00;2025-12-24 17:15:54;4
CHM-3077281;QRT-68507;FUN-57664;Frigobar com Defeito;Média;2024-08-26 15:20:00;2024-08-26 20:15:04;5
CHM-3293367;QRT-18801;FUN-52793;Ar-condicionado;Baixa;2024-12-12 18:04:00;2024-12-13 03:25:52;4
CHM-1667194;QRT-87654;FUN-71493;Frigobar com Defeito;Baixa;2026-01-13 14:17:00;2026-01-13 21:05:55;5
CHM-0327309;QRT-86536;FUN-23361;TV / Controle;Média;2025-08-21 20:47:00;2025-08-22 01:13:17;4
CHM-7870334;QRT-31930;FUN-83865;Limpeza Extra;Baixa;2025-07-25 08:39:00;2025-07-26 14:52:59;2
CHM-2231292;QRT-87613;FUN-76103;Ar-condicionado;Alta;2025-07-07 19:00:00;2025-07-08 00:12:24;2
CHM-7731551;QRT-88400;FUN-64047;TV / Controle;Baixa;2024-10-01 12:13:00;2024-10-02 04:11:32;5
CHM-2737938;QRT-70944;FUN-23361;Wi-Fi;Baixa;2025-09-14 20:28:00;2025-09-15 06:46:31;5
CHM-8400841;QRT-96428;FUN-10947;Fechadura Eletrônica;Baixa;2025-08-07 20:13:00;2025-08-08 04:37:46;4
CHM-5001795;QRT-11649;FUN-18700;Limpeza Extra;Alta;2025-05-27 07:36:00;2025-05-27 08:03:49;5
CHM-1881736;QRT-04025;FUN-78820;Ar-condicionado;Média;2024-10-10 16:00:00;2024-10-11 05:43:16;1
CHM-9233438;QRT-64840;FUN-08486;Hidráulica;Baixa;2025-08-25 21:58:00;2025-08-27 00:06:15;2
CHM-0142445;QRT-24594;FUN-08109;Hidráulica;Baixa;2025-07-30 15:50:00;2025-07-31 01:35:34;4
CHM-3790351;QRT-02007;FUN-39946;Limpeza Extra;Baixa;2024-11-05 18:53:00;2024-11-06 12:23:20;5
CHM-1795384;QRT-83481;FUN-78820;Wi-Fi;Baixa;2026-02-27 16:54:00;2026-02-28 01:43:30;5
CHM-8823080;QRT-53917;FUN-64755;Hidráulica;Média;2025-09-23 13:22:00;2025-09-24 02:15:02;2
CHM-0038659;QRT-13595;FUN-09102;TV / Controle;Média;2025-09-07 14:12:00;2025-09-07 20:56:48;3
CHM-5312641;QRT-53914;FUN-78820;TV / Controle;Baixa;2026-05-08 20:37:00;2026-05-10 01:19:36;3
CHM-2743541;QRT-48327;FUN-41540;Hidráulica;Média;2025-11-30 14:35:00;2025-11-30 20:20:10;5
CHM-9574501;QRT-83689;FUN-64755;Fechadura Eletrônica;Alta;2025-06-24 16:56:00;2025-06-24 18:03:26;4
CHM-1405048;QRT-60540;FUN-49013;Hidráulica;Média;2025-08-03 09:47:00;2025-08-03 15:33:23;4
CHM-2731755;QRT-91810;FUN-86199;Wi-Fi;Baixa;2024-08-18 17:49:00;2024-08-19 11:26:47;4
CHM-4548597;QRT-47928;FUN-08234;Hidráulica;Baixa;2025-11-05 18:45:00;2025-11-06 14:35:30;5
CHM-9323389;QRT-55333;FUN-23383;Frigobar com Defeito;Média;2025-11-26 16:45:00;2025-11-26 21:41:41;5
CHM-7145532;QRT-13238;FUN-39946;Limpeza Extra;Média;2025-08-17 23:54:00;2025-08-18 05:02:15;4
CHM-6527032;QRT-04283;FUN-10947;TV / Controle;Média;2025-12-26 13:13:00;2025-12-26 17:15:51;4
CHM-0280524;QRT-76575;FUN-35080;Limpeza Extra;Baixa;2025-09-07 14:13:00;2025-09-08 03:53:33;5
CHM-0002027;QRT-16851;FUN-73856;Ar-condicionado;Alta;2025-05-28 15:21:00;2025-05-28 16:15:29;4
CHM-9371767;QRT-38773;FUN-39946;Fechadura Eletrônica;Baixa;2024-08-06 21:17:00;2024-08-07 06:14:17;4
CHM-1724578;QRT-64556;FUN-92311;Ar-condicionado;Média;2024-12-13 13:10:00;2024-12-13 15:38:07;4
CHM-9080317;QRT-55333;FUN-96354;Frigobar com Defeito;Média;2026-05-15 11:49:00;2026-05-15 17:51:42;4
CHM-0183204;QRT-13238;FUN-71181;Ar-condicionado;Média;2024-07-26 08:01:00;2024-07-26 12:54:15;5
CHM-2802828;QRT-69375;FUN-29826;Ar-condicionado;Baixa;2026-01-31 14:26:00;2026-01-31 21:32:35;5
CHM-1481918;QRT-89443;FUN-49170;Limpeza Extra;Média;2026-06-02 10:02:00;2026-06-02 20:56:06;1
CHM-0550398;QRT-85702;FUN-67710;TV / Controle;Baixa;2026-06-23 17:14:00;2026-06-24 05:15:21;3
CHM-2895698;QRT-37102;FUN-45111;TV / Controle;Alta;2025-01-01 08:27:00;2025-01-01 11:48:38;1
CHM-6958346;QRT-10817;FUN-28577;Elétrica;Baixa;2025-10-24 09:35:00;2025-10-25 03:52:40;5
CHM-7102940;QRT-54048;FUN-21094;Hidráulica;Baixa;2025-06-03 13:16:00;2025-06-03 15:55:08;5
CHM-9331022;QRT-59560;FUN-86199;Ar-condicionado;Média;2026-03-06 10:28:00;2026-03-06 14:26:42;5
CHM-8872657;QRT-04025;FUN-65780;Limpeza Extra;Média;2024-10-21 11:57:00;2024-10-21 13:26:01;5
CHM-6007484;QRT-01287;FUN-71493;TV / Controle;Média;2025-12-02 11:22:00;2025-12-02 14:29:09;5
CHM-6291897;QRT-12128;FUN-10947;Limpeza Extra;Baixa;2025-04-17 10:00:00;2025-04-17 21:01:39;5
CHM-6500734;QRT-02711;FUN-64755;Elétrica;Alta;2025-08-19 15:05:00;2025-08-19 17:32:06;3
CHM-0012139;QRT-09419;FUN-12576;Elétrica;Baixa;2025-12-20 20:25:00;2025-12-21 14:38:37;5
CHM-4429867;QRT-84837;FUN-12040;Elétrica;Alta;2025-10-26 19:32:00;2025-10-26 20:31:16;5
CHM-1058159;QRT-49389;FUN-08828;Elétrica;Baixa;2026-05-16 07:24:00;2026-05-16 18:40:18;3
CHM-0529356;QRT-42908;FUN-89330;TV / Controle;Média;2025-11-13 13:48:00;2025-11-13 15:48:04;4
CHM-1542408;QRT-26716;FUN-90839;Ar-condicionado;Baixa;2025-01-03 09:17:00;2025-01-03 21:31:16;4
CHM-6335987;QRT-78115;FUN-78820;Limpeza Extra;Média;2026-06-15 09:37:00;2026-06-15 15:37:41;5
CHM-3201091;QRT-78055;FUN-08849;Limpeza Extra;Alta;2026-03-27 14:15:00;2026-03-27 16:05:03;5
CHM-7172818;QRT-44425;FUN-21094;Wi-Fi;Alta;2025-12-10 23:20:00;2025-12-11 01:48:40;2
CHM-7481121;QRT-91628;FUN-10947;Elétrica;Média;2025-08-17 20:40:00;2025-08-18 04:37:02;5
CHM-9024890;QRT-74691;FUN-49170;Ar-condicionado;Média;2025-09-06 18:52:00;2025-09-06 22:46:08;5
CHM-3328754;QRT-57763;FUN-94946;Limpeza Extra;Baixa;2025-10-23 22:21:00;2025-10-24 03:42:41;5
CHM-6637215;QRT-53290;FUN-48159;Limpeza Extra;Alta;2025-08-24 14:12:00;2025-08-24 14:51:06;3
CHM-5692246;QRT-26280;FUN-15784;Limpeza Extra;Média;2025-08-09 07:14:00;2025-08-09 10:14:20;5
CHM-2261964;QRT-09849;FUN-29826;Wi-Fi;Média;2025-12-19 07:32:00;2025-12-19 10:11:50;5
CHM-5788305;QRT-90111;FUN-69727;Frigobar com Defeito;Média;2026-03-31 07:52:00;2026-03-31 08:59:29;4
CHM-2839506;QRT-56455;FUN-83865;TV / Controle;Média;2024-09-03 08:22:00;2024-09-03 10:59:56;5
CHM-8188453;QRT-24118;FUN-08828;Ar-condicionado;Média;2025-02-26 19:28:00;2025-02-26 22:39:53;5
CHM-0590047;QRT-84837;FUN-23383;Hidráulica;Baixa;2026-05-03 13:19:00;2026-05-03 16:16:57;4
CHM-6395000;QRT-97434;FUN-52793;Wi-Fi;Baixa;2025-01-01 16:18:00;2025-01-02 02:04:46;5
CHM-5770466;QRT-82654;FUN-25313;Hidráulica;Média;2024-08-11 16:17:00;2024-08-11 19:29:18;5
CHM-0359662;QRT-92384;FUN-49170;Elétrica;Média;2024-12-21 14:24:00;2024-12-21 19:11:57;5
CHM-3588036;QRT-83689;FUN-22027;Limpeza Extra;Baixa;2024-10-25 07:10:00;2024-10-25 18:56:15;4
CHM-1107004;QRT-48327;FUN-69104;Hidráulica;Alta;2026-06-08 06:03:00;2026-06-08 08:48:29;2
CHM-7019994;QRT-14528;FUN-86194;Limpeza Extra;Média;2024-07-02 22:36:00;2024-07-03 08:08:40;3
CHM-8379973;QRT-69925;FUN-74014;Ar-condicionado;Baixa;2025-09-27 18:03:00;2025-09-28 05:22:31;4
CHM-3564156;QRT-08284;FUN-52793;TV / Controle;Baixa;2025-10-16 06:34:00;2025-10-16 21:08:17;5
CHM-2281791;QRT-59498;FUN-13975;TV / Controle;Média;2024-10-24 13:53:00;2024-10-24 18:53:35;4
CHM-4236795;QRT-45866;FUN-69727;TV / Controle;Baixa;2025-08-26 10:40:00;2025-08-26 16:13:16;5
CHM-2052439;QRT-00699;FUN-49170;Hidráulica;Média;2024-09-23 23:02:00;2024-09-24 02:17:55;5
CHM-3280678;QRT-56321;FUN-45111;Ar-condicionado;Média;2024-09-06 07:34:00;2024-09-06 09:43:32;3
CHM-9241114;QRT-97434;FUN-52793;Elétrica;Média;2026-05-30 09:20:00;2026-05-30 12:52:39;4
CHM-5367317;QRT-60661;FUN-71181;Wi-Fi;Alta;2026-05-22 16:51:00;2026-05-22 18:01:16;4
CHM-1879513;QRT-02862;FUN-09324;Ar-condicionado;Alta;2026-04-22 23:23:00;2026-04-22 23:37:00;4
CHM-2398194;QRT-96617;FUN-73856;TV / Controle;Média;2026-06-13 15:28:00;2026-06-13 21:46:49;5
CHM-7915619;QRT-50393;FUN-36473;Hidráulica;Baixa;2025-12-06 14:58:00;2025-12-07 21:15:08;3
CHM-2140270;QRT-56321;FUN-89330;Ar-condicionado;Baixa;2025-10-01 11:23:00;2025-10-03 17:20:07;2
CHM-7018746;QRT-94225;FUN-86194;Ar-condicionado;Baixa;2024-10-30 17:16:00;2024-10-30 21:31:21;4
CHM-1419606;QRT-52853;FUN-74014;TV / Controle;Baixa;2025-08-17 15:28:00;2025-08-17 18:33:35;5
CHM-6491382;QRT-40043;FUN-96106;Hidráulica;Média;2025-02-02 11:03:00;2025-02-03 01:23:37;1
CHM-7217315;QRT-98233;FUN-94946;Limpeza Extra;Média;2025-07-18 16:26:00;2025-07-18 19:39:10;5
CHM-6792710;QRT-32164;FUN-86194;TV / Controle;Média;2025-11-16 21:12:00;2025-11-17 00:50:27;5
CHM-1625944;QRT-37672;FUN-05739;Ar-condicionado;Baixa;2025-07-06 17:47:00;2025-07-07 00:41:07;5
CHM-2367623;QRT-62109;FUN-25313;Limpeza Extra;Média;2025-03-17 08:43:00;2025-03-17 10:52:23;4
CHM-6335229;QRT-94431;FUN-64755;Fechadura Eletrônica;Baixa;2025-11-30 18:47:00;2025-12-01 07:47:03;4
CHM-1518562;QRT-46748;FUN-08828;Frigobar com Defeito;Média;2024-08-26 12:34:00;2024-08-27 11:20:52;3
CHM-1286959;QRT-58511;FUN-19473;Ar-condicionado;Alta;2025-12-02 15:10:00;2025-12-02 16:10:34;4
CHM-1460858;QRT-11142;FUN-35080;Limpeza Extra;Média;2025-09-13 12:59:00;2025-09-13 19:16:56;5
CHM-5781435;QRT-86467;FUN-81524;Wi-Fi;Média;2025-02-24 19:29:00;2025-02-24 21:29:41;5
CHM-2250969;QRT-75123;FUN-34873;Ar-condicionado;Baixa;2025-05-21 08:32:00;2025-05-21 20:13:29;5
CHM-4589974;QRT-51602;FUN-74014;Ar-condicionado;Média;2025-02-08 10:32:00;2025-02-08 15:30:39;5
CHM-6480135;QRT-71975;FUN-64706;Ar-condicionado;Baixa;2026-01-19 17:19:00;2026-01-20 05:34:46;4
CHM-1918955;QRT-87593;FUN-65780;Wi-Fi;Média;2025-12-07 14:18:00;2025-12-07 17:20:25;4
CHM-4999863;QRT-40957;FUN-78820;Wi-Fi;Média;2026-03-22 13:09:00;2026-03-23 02:28:20;2
CHM-3142140;QRT-07517;FUN-25313;Elétrica;Baixa;2025-10-14 23:02:00;2025-10-15 09:45:09;5
CHM-8050666;QRT-80800;FUN-67282;Ar-condicionado;Baixa;2025-03-11 21:38:00;2025-03-12 09:06:56;4
CHM-8827672;QRT-81700;FUN-23383;Hidráulica;Baixa;2024-08-17 21:59:00;2024-08-18 13:50:06;3
CHM-6954145;QRT-74766;FUN-09102;Limpeza Extra;Média;2025-11-26 14:45:00;2025-11-26 17:54:12;5
CHM-6601089;QRT-83187;FUN-65780;Elétrica;Baixa;2025-03-08 14:26:00;2025-03-09 16:25:02;3
CHM-0911693;QRT-44425;FUN-13975;Ar-condicionado;Média;2024-09-30 19:25:00;2024-09-30 20:33:16;5
CHM-5765003;QRT-95776;FUN-13975;TV / Controle;Média;2025-04-26 13:38:00;2025-04-26 16:32:56;4
CHM-6411726;QRT-42444;FUN-52300;Hidráulica;Baixa;2025-12-04 17:49:00;2025-12-06 00:06:25;3
CHM-2700235;QRT-57124;FUN-86199;Ar-condicionado;Baixa;2025-08-04 14:05:00;2025-08-05 06:53:40;4
CHM-7053290;QRT-15064;FUN-12576;Hidráulica;Média;2026-01-21 15:32:00;2026-01-21 17:34:55;5
CHM-9686690;QRT-65173;FUN-96354;Limpeza Extra;Baixa;2025-09-15 13:44:00;2025-09-15 21:14:24;4
CHM-6683214;QRT-75123;FUN-15867;TV / Controle;Média;2024-07-19 10:00:00;2024-07-19 15:10:31;5
CHM-7246942;QRT-08799;FUN-05739;Wi-Fi;Média;2025-07-01 07:35:00;2025-07-01 08:38:49;5
CHM-7920246;QRT-92177;FUN-15784;Fechadura Eletrônica;Média;2026-02-13 20:36:00;2026-02-14 01:56:56;5
CHM-1698518;QRT-85329;FUN-41540;TV / Controle;Baixa;2025-10-17 22:17:00;2025-10-18 19:10:27;4
CHM-1704011;QRT-65099;FUN-22607;Wi-Fi;Baixa;2025-11-02 21:50:00;2025-11-03 09:31:05;5
CHM-9359423;QRT-54953;FUN-52793;Ar-condicionado;Média;2025-05-24 08:04:00;2025-05-24 14:08:38;5
CHM-5942647;QRT-65173;FUN-96354;Ar-condicionado;Baixa;2025-11-29 15:31:00;2025-12-01 22:46:28;1
CHM-9114001;QRT-26756;FUN-69104;Wi-Fi;Média;2024-10-28 12:11:00;2024-10-28 16:19:46;5
CHM-5713634;QRT-17820;FUN-34079;Ar-condicionado;Baixa;2025-08-28 12:58:00;2025-08-28 18:38:15;5
CHM-9739495;QRT-08689;FUN-67282;Wi-Fi;Baixa;2025-09-09 10:36:00;2025-09-09 17:29:47;3
CHM-8545086;QRT-03500;FUN-64047;Elétrica;Baixa;2025-05-02 15:04:00;2025-05-03 08:25:49;4
CHM-2076914;QRT-09849;FUN-34873;TV / Controle;Média;2024-09-03 11:38:00;2024-09-03 15:06:52;5
CHM-6888655;QRT-76281;FUN-71181;Ar-condicionado;Média;2025-04-01 11:38:00;2025-04-01 15:28:45;5
CHM-0228239;QRT-23155;FUN-96106;Wi-Fi;Baixa;2026-01-20 06:04:00;2026-01-21 23:13:46;1
CHM-3683909;QRT-66083;FUN-08849;Wi-Fi;Baixa;2025-05-18 20:46:00;2025-05-19 06:55:04;5
CHM-1664239;QRT-41338;FUN-15784;Frigobar com Defeito;Média;2026-01-15 14:23:00;2026-01-15 16:53:49;4
CHM-3092139;QRT-60661;FUN-71181;Wi-Fi;Alta;2026-06-27 09:50:00;2026-06-27 11:18:26;5
CHM-6847216;QRT-37672;FUN-32345;TV / Controle;Alta;2025-04-02 08:46:00;2025-04-02 10:54:08;3
CHM-7230692;QRT-78380;FUN-76103;Limpeza Extra;Média;2025-06-29 15:31:00;2025-06-30 02:05:00;2
CHM-6913497;QRT-89410;FUN-10947;Frigobar com Defeito;Alta;2026-06-29 06:58:00;2026-06-29 12:25:20;3
CHM-8924449;QRT-27574;FUN-23361;Ar-condicionado;Baixa;2024-08-28 20:03:00;2024-08-30 20:13:17;3
CHM-5198842;QRT-89443;FUN-22027;Elétrica;Baixa;2026-06-28 23:47:00;2026-06-29 10:29:55;4
CHM-6992174;QRT-80765;FUN-16922;Wi-Fi;Média;2026-04-19 09:18:00;2026-04-19 14:01:31;5
CHM-0307274;QRT-25409;FUN-49013;Wi-Fi;Média;2026-05-22 12:10:00;2026-05-22 15:04:18;5
CHM-4090747;QRT-73232;FUN-15784;Fechadura Eletrônica;Média;2024-10-25 20:40:00;2024-10-25 22:17:02;5
CHM-0871488;QRT-31042;FUN-71493;Wi-Fi;Média;2025-01-30 22:57:00;2025-01-31 11:36:54;2
CHM-2139650;QRT-25078;FUN-86194;TV / Controle;Alta;2026-05-13 09:35:00;2026-05-13 10:00:29;5
CHM-1434829;QRT-37131;FUN-96354;Ar-condicionado;Média;2026-03-11 14:58:00;2026-03-11 19:20:20;3
CHM-8262137;QRT-41263;FUN-69727;Hidráulica;Alta;2026-02-16 06:36:00;2026-02-16 07:56:31;4
CHM-9730255;QRT-53917;FUN-05739;TV / Controle;Média;2024-07-17 17:02:00;2024-07-18 05:13:40;2
CHM-5323544;QRT-97434;FUN-12576;Ar-condicionado;Alta;2024-08-30 15:51:00;2024-08-30 18:01:28;1
CHM-2633167;QRT-53432;FUN-86199;Ar-condicionado;Baixa;2025-08-11 12:19:00;2025-08-12 02:47:26;5
CHM-0164332;QRT-92177;FUN-64706;Ar-condicionado;Baixa;2025-10-27 09:24:00;2025-10-27 17:32:28;4
CHM-9767877;QRT-70536;FUN-64047;Hidráulica;Baixa;2024-12-08 19:07:00;2024-12-08 20:46:54;5
CHM-7386929;QRT-02819;FUN-10947;Ar-condicionado;Média;2025-10-08 10:45:00;2025-10-08 12:02:38;5
CHM-4731537;QRT-84072;FUN-49170;Ar-condicionado;Baixa;2024-07-07 17:11:00;2024-07-08 04:26:35;5
CHM-6782317;QRT-68610;FUN-96354;Frigobar com Defeito;Média;2025-03-12 21:05:00;2025-03-13 05:08:27;3
CHM-9727107;QRT-13238;FUN-39946;Ar-condicionado;Alta;2025-06-18 18:19:00;2025-06-18 18:54:56;5
CHM-8241432;QRT-20896;FUN-96106;Ar-condicionado;Alta;2026-03-21 16:28:00;2026-03-21 17:41:46;4
CHM-9869093;QRT-15710;FUN-96106;TV / Controle;Baixa;2024-11-12 14:17:00;2024-11-13 01:22:43;5
CHM-6143354;QRT-52853;FUN-71181;Wi-Fi;Média;2024-12-27 22:26:00;2024-12-28 01:40:36;4
CHM-9480224;QRT-92177;FUN-15784;Wi-Fi;Média;2025-10-21 13:06:00;2025-10-21 17:23:23;5
CHM-4512945;QRT-38783;FUN-50800;TV / Controle;Baixa;2025-05-23 21:22:00;2025-05-24 16:19:26;5
CHM-9495831;QRT-33730;FUN-69727;Hidráulica;Média;2024-06-30 13:21:00;2024-06-30 16:38:17;5
CHM-9375070;QRT-02711;FUN-22027;Hidráulica;Alta;2024-10-31 07:16:00;2024-10-31 08:32:53;4
CHM-9912497;QRT-76281;FUN-52793;Ar-condicionado;Média;2025-12-24 23:42:00;2025-12-25 04:45:34;5
CHM-0069411;QRT-03500;FUN-43763;Hidráulica;Média;2026-02-19 22:28:00;2026-02-20 00:15:21;5
CHM-1273349;QRT-26756;FUN-41540;Ar-condicionado;Média;2026-02-03 17:33:00;2026-02-04 05:54:48;2
CHM-3984361;QRT-88654;FUN-28577;Limpeza Extra;Média;2026-04-19 10:32:00;2026-04-20 00:35:59;2
CHM-8750397;QRT-44425;FUN-21094;Limpeza Extra;Média;2026-04-24 07:02:00;2026-04-24 08:07:56;4
CHM-7595897;QRT-63645;FUN-22027;Elétrica;Alta;2024-09-02 07:04:00;2024-09-02 08:07:11;4
CHM-4546593;QRT-69925;FUN-39946;Elétrica;Baixa;2025-02-22 07:01:00;2025-02-22 16:18:47;5
CHM-3400928;QRT-87654;FUN-71493;TV / Controle;Média;2025-05-06 11:45:00;2025-05-06 17:24:22;5
CHM-2879790;QRT-19734;FUN-09102;Ar-condicionado;Alta;2025-10-18 12:07:00;2025-10-18 16:54:21;3
CHM-6866041;QRT-18824;FUN-25313;Wi-Fi;Alta;2025-04-30 17:49:00;2025-04-30 19:16:40;4
CHM-7680022;QRT-60979;FUN-66580;Wi-Fi;Alta;2026-03-23 10:22:00;2026-03-23 10:48:37;5
CHM-3261797;QRT-09261;FUN-45111;Limpeza Extra;Média;2026-05-14 06:40:00;2026-05-14 07:46:29;5
CHM-6004095;QRT-11607;FUN-36473;Elétrica;Média;2026-03-24 07:20:00;2026-03-24 17:54:44;3
CHM-7239580;QRT-21677;FUN-47371;Limpeza Extra;Baixa;2025-12-31 10:24:00;2026-01-01 03:38:40;4
CHM-5449688;QRT-50393;FUN-92311;Limpeza Extra;Baixa;2025-03-22 12:13:00;2025-03-23 02:59:58;3
CHM-5868145;QRT-39888;FUN-83865;Ar-condicionado;Média;2025-03-20 13:25:00;2025-03-20 19:35:08;5
CHM-8417741;QRT-03049;FUN-78820;Hidráulica;Alta;2025-04-28 06:55:00;2025-04-28 08:22:55;5
CHM-7742309;QRT-53917;FUN-49170;Frigobar com Defeito;Alta;2025-02-20 21:56:00;2025-02-20 22:54:23;5
CHM-5244578;QRT-41934;FUN-05739;Ar-condicionado;Média;2025-01-29 18:08:00;2025-01-30 00:41:45;5
CHM-0558532;QRT-46748;FUN-35080;Wi-Fi;Alta;2026-03-28 16:54:00;2026-03-28 17:50:55;5
CHM-2511894;QRT-85329;FUN-86199;Wi-Fi;Alta;2025-10-28 09:24:00;2025-10-28 10:30:19;5
CHM-5049576;QRT-59560;FUN-09324;Wi-Fi;Baixa;2026-06-24 22:27:00;2026-06-25 07:56:48;5
CHM-1360970;QRT-46748;FUN-92045;Wi-Fi;Média;2026-01-05 17:08:00;2026-01-05 18:39:34;5
CHM-9991406;QRT-98042;FUN-83865;Wi-Fi;Alta;2024-09-23 17:31:00;2024-09-23 19:29:59;4
CHM-9487515;QRT-03596;FUN-08109;Limpeza Extra;Média;2025-08-26 19:49:00;2025-08-27 02:30:28;3
CHM-1077438;QRT-57181;FUN-49170;Wi-Fi;Média;2026-06-20 15:40:00;2026-06-20 18:51:20;3
CHM-4456538;QRT-24929;FUN-69727;Ar-condicionado;Média;2026-06-20 22:55:00;2026-06-21 02:48:20;5
CHM-0846812;QRT-09395;FUN-49013;Fechadura Eletrônica;Baixa;2025-03-31 14:27:00;2025-03-31 19:05:46;4
CHM-1324394;QRT-04025;FUN-78820;Limpeza Extra;Baixa;2024-09-19 14:53:00;2024-09-20 03:36:00;5
CHM-7011047;QRT-68204;FUN-87234;Ar-condicionado;Baixa;2026-05-03 10:55:00;2026-05-03 15:21:12;4
CHM-0480103;QRT-79165;FUN-50800;Elétrica;Baixa;2025-01-13 12:24:00;2025-01-13 21:58:02;4
CHM-4938966;QRT-31095;FUN-96354;Frigobar com Defeito;Média;2025-09-10 12:39:00;2025-09-10 14:57:30;3
CHM-4223518;QRT-42444;FUN-52300;Ar-condicionado;Média;2025-07-29 17:11:00;2025-07-29 20:59:27;5
CHM-7835417;QRT-59117;FUN-47371;Elétrica;Baixa;2025-07-03 19:03:00;2025-07-04 12:03:52;5
CHM-6900879;QRT-08549;FUN-94946;Hidráulica;Média;2026-02-25 17:07:00;2026-02-26 02:18:16;2
CHM-9116027;QRT-92377;FUN-25313;Fechadura Eletrônica;Alta;2025-05-01 20:37:00;2025-05-01 22:07:50;3
CHM-7944927;QRT-56980;FUN-49170;Ar-condicionado;Alta;2026-06-18 19:12:00;2026-06-18 19:34:50;5
CHM-2798091;QRT-08549;FUN-69104;Fechadura Eletrônica;Alta;2025-06-13 17:22:00;2025-06-13 23:04:28;3
CHM-6695321;QRT-22076;FUN-92045;Elétrica;Média;2025-05-24 16:19:00;2025-05-24 22:08:10;5
CHM-8002212;QRT-51590;FUN-22027;TV / Controle;Média;2026-05-06 12:18:00;2026-05-06 21:59:22;3
CHM-9942423;QRT-98065;FUN-22027;Elétrica;Média;2024-11-06 16:09:00;2024-11-07 04:29:37;1
CHM-9055935;QRT-87593;FUN-67710;Ar-condicionado;Média;2026-03-30 15:06:00;2026-03-30 19:21:41;4
CHM-1479421;QRT-71975;FUN-64047;Ar-condicionado;Média;2024-11-13 06:59:00;2024-11-13 09:40:31;5
CHM-2275312;QRT-40975;FUN-71493;Limpeza Extra;Baixa;2026-06-20 17:02:00;2026-06-21 14:41:27;5
CHM-8214360;QRT-26539;FUN-96354;Limpeza Extra;Baixa;2025-03-10 10:31:00;2025-03-11 13:46:24;2
CHM-6877899;QRT-93180;FUN-96106;Elétrica;Média;2026-05-14 23:32:00;2026-05-15 06:16:03;4
CHM-3953651;QRT-03930;FUN-47371;TV / Controle;Média;2024-07-19 12:45:00;2024-07-19 23:10:47;2
CHM-6567053;QRT-12128;FUN-39946;Hidráulica;Alta;2025-11-08 12:41:00;2025-11-08 15:08:18;3
CHM-5011612;QRT-32164;FUN-19473;Wi-Fi;Baixa;2025-04-09 19:03:00;2025-04-10 23:07:24;1
CHM-9403627;QRT-15710;FUN-57664;Hidráulica;Alta;2026-05-24 09:22:00;2026-05-24 11:16:08;4
CHM-8969781;QRT-89068;FUN-12576;Limpeza Extra;Alta;2024-07-06 17:57:00;2024-07-06 18:17:58;5
CHM-5814925;QRT-47802;FUN-23286;TV / Controle;Baixa;2025-10-03 09:20:00;2025-10-04 05:50:42;5
CHM-9700308;QRT-08799;FUN-32345;Limpeza Extra;Baixa;2024-09-21 08:03:00;2024-09-21 20:14:57;5
CHM-1478681;QRT-48327;FUN-86199;Limpeza Extra;Média;2024-07-27 15:12:00;2024-07-27 15:57:46;4
CHM-2248200;QRT-51351;FUN-02909;Limpeza Extra;Média;2024-08-16 17:26:00;2024-08-16 22:18:08;5
CHM-5811072;QRT-27833;FUN-15867;Hidráulica;Média;2025-10-01 23:52:00;2025-10-02 04:07:54;5
CHM-3527894;QRT-31042;FUN-02909;TV / Controle;Baixa;2025-01-22 09:46:00;2025-01-22 16:43:29;5
CHM-6946637;QRT-20055;FUN-65780;Fechadura Eletrônica;Baixa;2026-04-13 18:13:00;2026-04-14 02:14:40;5
CHM-5039164;QRT-63609;FUN-89330;Fechadura Eletrônica;Média;2025-02-02 21:12:00;2025-02-02 23:14:36;4
CHM-1127396;QRT-04414;FUN-37715;Ar-condicionado;Alta;2024-08-03 16:17:00;2024-08-03 17:15:16;4
CHM-9652116;QRT-70661;FUN-41540;Wi-Fi;Alta;2026-05-26 06:39:00;2026-05-26 06:54:50;5
CHM-7770752;QRT-64260;FUN-90839;Wi-Fi;Alta;2026-02-22 11:10:00;2026-02-22 11:44:15;5
CHM-4774168;QRT-78115;FUN-65780;Wi-Fi;Média;2026-06-17 11:39:00;2026-06-17 22:21:54;1
CHM-1811471;QRT-67310;FUN-15784;Elétrica;Baixa;2025-06-04 17:26:00;2025-06-05 13:24:31;5
CHM-0277352;QRT-64260;FUN-01568;Hidráulica;Baixa;2025-09-27 16:53:00;2025-09-27 22:42:53;5
CHM-8239436;QRT-54048;FUN-21094;Ar-condicionado;Média;2024-12-22 20:16:00;2024-12-23 01:10:05;5
CHM-2388138;QRT-40043;FUN-49170;Fechadura Eletrônica;Média;2026-03-20 22:50:00;2026-03-21 01:53:55;3
CHM-1015910;QRT-03049;FUN-67710;Ar-condicionado;Média;2026-01-20 23:00:00;2026-01-21 05:51:38;5
CHM-3334861;QRT-59117;FUN-08849;Limpeza Extra;Alta;2025-08-12 12:56:00;2025-08-12 15:37:47;3
CHM-4181522;QRT-78055;FUN-22607;Frigobar com Defeito;Baixa;2026-05-31 15:34:00;2026-06-02 16:11:03;3
CHM-9071606;QRT-27574;FUN-66580;Wi-Fi;Alta;2025-08-25 11:59:00;2025-08-25 12:46:45;5
CHM-6116754;QRT-60540;FUN-49013;Ar-condicionado;Média;2025-01-19 07:52:00;2025-01-19 12:25:26;5
CHM-0214966;QRT-69411;FUN-34873;Wi-Fi;Média;2025-05-04 08:13:00;2025-05-04 11:38:49;4
CHM-9170124;QRT-57763;FUN-01568;Limpeza Extra;Baixa;2025-07-29 21:50:00;2025-07-30 14:48:42;5
CHM-0008616;QRT-09261;FUN-89330;Frigobar com Defeito;Média;2024-09-02 11:41:00;2024-09-02 16:09:17;4
CHM-7511360;QRT-51351;FUN-08849;Frigobar com Defeito;Média;2024-10-06 15:37:00;2024-10-06 18:06:35;5
CHM-3155560;QRT-41934;FUN-22027;Hidráulica;Média;2026-06-04 09:49:00;2026-06-04 22:16:21;1
CHM-5999398;QRT-66195;FUN-82886;Limpeza Extra;Alta;2025-09-02 09:50:00;2025-09-02 10:23:33;5
CHM-8778038;QRT-55192;FUN-45111;Hidráulica;Média;2024-07-22 22:20:00;2024-07-23 02:30:00;4
CHM-1576784;QRT-59560;FUN-09102;Ar-condicionado;Média;2024-07-14 16:56:00;2024-07-14 23:21:21;5
CHM-6969895;QRT-26756;FUN-01568;Elétrica;Baixa;2026-04-16 09:56:00;2026-04-16 17:28:55;4
CHM-0138734;QRT-83481;FUN-83865;Ar-condicionado;Alta;2025-08-25 10:27:00;2025-08-25 11:01:56;4
CHM-1071607;QRT-47168;FUN-04670;Fechadura Eletrônica;Média;2026-06-24 09:40:00;2026-06-24 19:39:26;3
CHM-7639507;QRT-28645;FUN-94946;Wi-Fi;Alta;2024-12-13 22:09:00;2024-12-14 00:23:33;1
CHM-9016275;QRT-07031;FUN-45111;Limpeza Extra;Média;2026-05-29 08:17:00;2026-05-30 02:52:46;3
CHM-7197580;QRT-92171;FUN-67710;Limpeza Extra;Média;2025-06-21 08:12:00;2025-06-21 16:01:01;4
CHM-5842986;QRT-62407;FUN-02909;Hidráulica;Baixa;2026-03-14 20:02:00;2026-03-15 02:26:32;5
CHM-9299377;QRT-83665;FUN-71181;Elétrica;Média;2025-08-03 11:28:00;2025-08-03 12:56:33;5
CHM-2704911;QRT-17482;FUN-47371;Elétrica;Alta;2026-03-14 18:25:00;2026-03-14 18:45:14;3
CHM-7275322;QRT-15355;FUN-05739;Wi-Fi;Média;2025-07-05 08:38:00;2025-07-05 10:15:26;5
CHM-5673257;QRT-85702;FUN-16922;Elétrica;Média;2024-12-03 13:33:00;2024-12-03 20:59:06;5
CHM-0524854;QRT-28645;FUN-41540;Elétrica;Baixa;2026-06-13 18:51:00;2026-06-14 15:41:48;4
CHM-2532897;QRT-22585;FUN-41540;Hidráulica;Baixa;2026-04-22 19:38:00;2026-04-23 03:43:55;5
CHM-2815728;QRT-85188;FUN-69727;Elétrica;Alta;2024-12-18 08:30:00;2024-12-18 09:52:07;5
CHM-7230902;QRT-66092;FUN-41540;Hidráulica;Baixa;2024-11-28 22:29:00;2024-11-30 00:29:14;3
CHM-5674465;QRT-68610;FUN-04670;Ar-condicionado;Baixa;2025-03-25 17:27:00;2025-03-27 05:41:04;3
CHM-7176467;QRT-85920;FUN-05739;Wi-Fi;Média;2024-10-15 19:44:00;2024-10-16 06:06:19;1
CHM-7506389;QRT-95776;FUN-35080;Elétrica;Média;2025-04-16 18:30:00;2025-04-16 21:38:01;5
CHM-5927532;QRT-92955;FUN-55799;Hidráulica;Média;2025-09-01 07:27:00;2025-09-01 14:14:15;4
CHM-7012634;QRT-75221;FUN-69727;Wi-Fi;Baixa;2025-07-30 19:32:00;2025-07-31 07:16:41;5
CHM-6136478;QRT-75043;FUN-71181;TV / Controle;Média;2025-05-08 16:44:00;2025-05-08 20:25:07;4
CHM-2344561;QRT-75030;FUN-67710;Ar-condicionado;Baixa;2025-05-12 12:40:00;2025-05-13 07:53:14;3
CHM-8100455;QRT-63207;FUN-86194;Wi-Fi;Alta;2025-11-28 10:40:00;2025-11-28 11:51:56;5
CHM-6144696;QRT-72078;FUN-96106;Limpeza Extra;Baixa;2025-04-22 09:12:00;2025-04-22 14:29:02;5
CHM-7413196;QRT-63784;FUN-52300;Hidráulica;Baixa;2026-02-11 12:36:00;2026-02-11 16:35:31;5
CHM-6421978;QRT-42355;FUN-55799;Hidráulica;Média;2025-07-14 14:05:00;2025-07-14 18:21:21;5
CHM-1219780;QRT-62109;FUN-02909;Frigobar com Defeito;Média;2025-11-04 16:39:00;2025-11-06 06:10:02;3
CHM-7960419;QRT-51590;FUN-96106;Elétrica;Baixa;2026-04-17 10:40:00;2026-04-17 21:37:31;4
CHM-2984432;QRT-59512;FUN-15784;Elétrica;Baixa;2024-12-03 23:27:00;2024-12-04 05:16:47;5
CHM-3259163;QRT-34521;FUN-15784;Hidráulica;Média;2026-06-16 19:30:00;2026-06-16 23:25:34;5
CHM-9006789;QRT-29393;FUN-76103;Fechadura Eletrônica;Média;2024-12-12 12:00:00;2024-12-12 17:23:42;5
CHM-3517945;QRT-15710;FUN-96106;TV / Controle;Média;2026-03-17 08:15:00;2026-03-17 11:22:13;5
CHM-4701863;QRT-04443;FUN-94946;Elétrica;Alta;2025-03-20 21:44:00;2025-03-21 00:05:29;1
CHM-7762849;QRT-28485;FUN-02909;Ar-condicionado;Alta;2026-02-05 11:06:00;2026-02-05 12:51:57;4
CHM-5071360;QRT-08549;FUN-94946;Hidráulica;Alta;2026-03-14 11:36:00;2026-03-14 13:58:43;2
CHM-0219831;QRT-20665;FUN-88121;Elétrica;Média;2024-12-02 08:51:00;2024-12-02 10:44:37;5
CHM-1906047;QRT-95776;FUN-03036;Wi-Fi;Média;2025-09-20 13:56:00;2025-09-20 20:56:45;5
CHM-5830504;QRT-65918;FUN-86194;Ar-condicionado;Baixa;2025-07-12 08:47:00;2025-07-13 00:06:30;5
CHM-5069470;QRT-03500;FUN-43763;Ar-condicionado;Média;2025-12-11 19:14:00;2025-12-11 22:38:23;5
CHM-6281379;QRT-90111;FUN-29826;Wi-Fi;Baixa;2025-11-15 14:27:00;2025-11-16 05:11:01;5
CHM-9074233;QRT-13595;FUN-69104;Wi-Fi;Média;2024-11-27 10:01:00;2024-11-27 16:13:29;4
CHM-9448826;QRT-08689;FUN-49013;Ar-condicionado;Média;2026-05-01 10:20:00;2026-05-01 15:45:41;3
CHM-2880003;QRT-58808;FUN-92311;Hidráulica;Baixa;2025-02-12 13:05:00;2025-02-14 14:01:18;1
CHM-6571169;QRT-42908;FUN-52300;Ar-condicionado;Baixa;2025-06-28 19:00:00;2025-06-28 23:21:59;5
CHM-2245336;QRT-21077;FUN-16922;Ar-condicionado;Baixa;2026-02-10 08:01:00;2026-02-11 02:27:23;5
CHM-4278043;QRT-28212;FUN-96106;Limpeza Extra;Alta;2026-05-15 10:59:00;2026-05-15 11:49:48;4
CHM-8510085;QRT-77305;FUN-15867;Elétrica;Alta;2025-09-23 23:50:00;2025-09-24 04:03:07;3
CHM-1097594;QRT-78524;FUN-65780;Elétrica;Média;2026-04-19 16:23:00;2026-04-19 20:31:38;4
CHM-6462381;QRT-15064;FUN-71181;Hidráulica;Baixa;2025-05-23 17:11:00;2025-05-25 00:41:09;2
CHM-2065113;QRT-73232;FUN-43763;Hidráulica;Média;2024-12-13 12:20:00;2024-12-13 14:18:19;5
CHM-1069400;QRT-57763;FUN-41540;Wi-Fi;Alta;2026-01-08 19:22:00;2026-01-08 21:01:33;5
CHM-0006242;QRT-03540;FUN-02909;Frigobar com Defeito;Baixa;2025-11-30 21:57:00;2025-12-01 08:28:19;3
CHM-5467747;QRT-34396;FUN-08109;Hidráulica;Baixa;2024-09-13 20:23:00;2024-09-14 22:38:47;2
CHM-7949538;QRT-96972;FUN-52793;Fechadura Eletrônica;Alta;2024-09-30 14:39:00;2024-09-30 15:42:55;5
CHM-5629669;QRT-72107;FUN-71181;Wi-Fi;Alta;2025-05-08 20:04:00;2025-05-08 21:26:41;4
CHM-9044729;QRT-81700;FUN-23383;Elétrica;Baixa;2026-01-15 15:00:00;2026-01-16 21:25:52;3
CHM-5187332;QRT-51351;FUN-02909;Elétrica;Média;2025-08-04 17:35:00;2025-08-04 19:36:03;4
CHM-3471144;QRT-25217;FUN-23286;Wi-Fi;Média;2026-06-22 06:54:00;2026-06-22 10:36:08;5
CHM-8158873;QRT-53917;FUN-49170;Wi-Fi;Média;2025-06-03 20:51:00;2025-06-04 00:26:27;5
CHM-3852796;QRT-53432;FUN-82886;Frigobar com Defeito;Baixa;2026-03-23 18:50:00;2026-03-24 17:05:52;5
CHM-6949433;QRT-11142;FUN-23286;Limpeza Extra;Alta;2025-04-30 07:45:00;2025-04-30 12:24:50;1
CHM-1921829;QRT-72363;FUN-64755;Hidráulica;Alta;2025-03-15 17:41:00;2025-03-15 18:45:12;4
CHM-2517270;QRT-70123;FUN-23286;Ar-condicionado;Alta;2025-08-08 18:53:00;2025-08-08 21:36:56;1
CHM-6513272;QRT-80765;FUN-78820;Wi-Fi;Média;2024-12-21 18:07:00;2024-12-22 00:02:39;4
CHM-4040586;QRT-98233;FUN-08234;Ar-condicionado;Alta;2024-08-01 13:00:00;2024-08-01 13:31:10;3
CHM-1899941;QRT-28212;FUN-64755;Ar-condicionado;Média;2026-03-11 11:51:00;2026-03-11 17:16:28;3
CHM-1188297;QRT-16535;FUN-78820;Hidráulica;Média;2024-12-22 06:42:00;2024-12-22 13:47:54;5
CHM-7109687;QRT-16398;FUN-13975;TV / Controle;Média;2025-04-03 07:11:00;2025-04-03 10:14:09;5
CHM-7650633;QRT-06780;FUN-12576;Hidráulica;Baixa;2025-07-15 13:38:00;2025-07-16 22:00:56;2
CHM-7399959;QRT-31340;FUN-89330;TV / Controle;Média;2024-08-26 09:56:00;2024-08-26 15:33:18;4
CHM-2918591;QRT-45185;FUN-29826;Elétrica;Baixa;2026-06-22 18:07:00;2026-06-22 23:37:05;5
CHM-4874085;QRT-83689;FUN-96106;Wi-Fi;Média;2025-06-22 20:19:00;2025-06-22 23:44:09;5
CHM-2231619;QRT-76736;FUN-73856;Limpeza Extra;Alta;2024-10-19 13:28:00;2024-10-19 14:37:26;5
CHM-9875942;QRT-26237;FUN-67282;Ar-condicionado;Baixa;2024-10-12 21:14:00;2024-10-14 12:42:45;3
CHM-9733732;QRT-03446;FUN-36473;TV / Controle;Alta;2026-01-27 19:46:00;2026-01-27 20:42:55;4
CHM-0899595;QRT-66307;FUN-45111;Wi-Fi;Alta;2025-07-29 20:28:00;2025-07-30 01:49:01;3
CHM-0573567;QRT-28645;FUN-86199;Limpeza Extra;Alta;2025-02-09 08:10:00;2025-02-09 13:20:37;2
CHM-0474368;QRT-74428;FUN-86194;Limpeza Extra;Baixa;2025-03-14 06:01:00;2025-03-15 00:14:08;4
CHM-2191834;QRT-94991;FUN-12576;Limpeza Extra;Média;2026-06-08 06:55:00;2026-06-08 22:44:28;2
CHM-7393006;QRT-67310;FUN-88121;Ar-condicionado;Alta;2025-10-03 23:14:00;2025-10-03 23:58:23;5
CHM-3065634;QRT-83481;FUN-86194;Elétrica;Baixa;2024-10-16 19:27:00;2024-10-17 10:25:49;5
CHM-3282167;QRT-92954;FUN-55799;Fechadura Eletrônica;Média;2024-08-04 12:14:00;2024-08-04 13:56:09;4
CHM-5404983;QRT-43330;FUN-29826;Hidráulica;Média;2024-10-03 20:02:00;2024-10-04 03:01:54;4
CHM-3627730;QRT-54375;FUN-66580;Hidráulica;Média;2025-11-11 16:32:00;2025-11-11 20:01:41;4
CHM-1926497;QRT-47168;FUN-96354;Ar-condicionado;Média;2025-09-29 21:25:00;2025-09-30 10:12:34;2
CHM-2130857;QRT-09047;FUN-87234;Limpeza Extra;Alta;2025-06-01 14:21:00;2025-06-01 16:06:57;4
CHM-2330863;QRT-98370;FUN-32345;Hidráulica;Baixa;2024-08-19 20:01:00;2024-08-20 05:44:47;3
CHM-5664303;QRT-27540;FUN-67710;Ar-condicionado;Média;2025-06-02 15:24:00;2025-06-02 18:14:34;3
CHM-1500528;QRT-18801;FUN-71181;Fechadura Eletrônica;Alta;2024-07-28 08:32:00;2024-07-28 13:27:48;3
CHM-9187063;QRT-73232;FUN-64706;Elétrica;Baixa;2025-07-25 20:16:00;2025-07-26 01:31:41;5
CHM-1552662;QRT-89068;FUN-71181;Hidráulica;Baixa;2025-07-13 06:29:00;2025-07-13 11:56:29;5
CHM-3988341;QRT-90111;FUN-29826;Limpeza Extra;Média;2024-08-14 18:25:00;2024-08-14 21:50:08;5
CHM-6665172;QRT-49389;FUN-03036;Elétrica;Alta;2024-10-03 19:34:00;2024-10-03 20:36:52;5
CHM-2619432;QRT-81045;FUN-22027;TV / Controle;Média;2025-05-20 09:12:00;2025-05-20 10:47:53;5
CHM-3432544;QRT-18801;FUN-39946;Limpeza Extra;Média;2025-12-07 13:52:00;2025-12-08 01:15:22;3
CHM-1949081;QRT-41934;FUN-22027;Hidráulica;Baixa;2025-09-18 16:31:00;2025-09-19 09:31:53;5
CHM-8803339;QRT-09785;FUN-07814;Frigobar com Defeito;Baixa;2025-09-28 22:19:00;2025-10-04 02:41:20;2
CHM-2231980;QRT-41338;FUN-88121;TV / Controle;Média;2024-09-02 15:28:00;2024-09-03 05:50:57;2
CHM-1302405;QRT-40957;FUN-19473;Ar-condicionado;Alta;2025-05-30 18:33:00;2025-05-30 18:59:21;5
CHM-3140129;QRT-94431;FUN-22027;Wi-Fi;Alta;2025-06-04 14:24:00;2025-06-04 16:13:21;3
CHM-4048300;QRT-68610;FUN-36473;Wi-Fi;Baixa;2025-11-10 09:43:00;2025-11-10 18:48:31;3
CHM-8138360;QRT-74690;FUN-48683;Wi-Fi;Baixa;2025-02-08 21:32:00;2025-02-09 04:53:30;5
CHM-7406240;QRT-56047;FUN-03036;Fechadura Eletrônica;Média;2024-12-20 16:20:00;2024-12-20 19:06:26;5
CHM-8386650;QRT-66602;FUN-92311;Fechadura Eletrônica;Média;2025-12-02 14:04:00;2025-12-02 16:52:08;5
CHM-4217931;QRT-10817;FUN-04670;Limpeza Extra;Média;2025-06-22 16:40:00;2025-06-22 19:05:36;4
CHM-1782128;QRT-93180;FUN-64755;Hidráulica;Baixa;2026-01-18 18:41:00;2026-01-19 02:20:08;4
CHM-8122209;QRT-24274;FUN-48683;Frigobar com Defeito;Média;2026-05-28 19:05:00;2026-05-29 09:51:09;3
CHM-9299076;QRT-74465;FUN-39946;Limpeza Extra;Média;2025-02-28 13:31:00;2025-02-28 20:22:21;4
CHM-0995108;QRT-31340;FUN-52300;Hidráulica;Alta;2026-04-16 21:49:00;2026-04-16 22:36:59;5
CHM-3526805;QRT-86201;FUN-48683;Ar-condicionado;Baixa;2024-08-17 22:14:00;2024-08-18 12:12:15;4
CHM-5194542;QRT-76454;FUN-87234;Hidráulica;Média;2025-05-02 21:29:00;2025-05-03 07:40:48;2
CHM-4620723;QRT-65173;FUN-36473;Frigobar com Defeito;Baixa;2024-08-03 14:06:00;2024-08-04 04:02:58;5
CHM-3474376;QRT-59474;FUN-76103;Ar-condicionado;Média;2025-07-28 11:37:00;2025-07-28 13:11:12;3
CHM-1306339;QRT-81045;FUN-64755;Wi-Fi;Média;2024-07-23 18:42:00;2024-07-24 03:06:21;2
CHM-9978405;QRT-53914;FUN-86194;Wi-Fi;Alta;2025-03-28 15:20:00;2025-03-28 16:26:30;5
CHM-0919928;QRT-81819;FUN-87234;Ar-condicionado;Baixa;2025-07-07 12:51:00;2025-07-07 23:03:50;4
CHM-9109595;QRT-63998;FUN-64047;Hidráulica;Baixa;2025-02-01 08:09:00;2025-02-01 14:39:39;5
CHM-3400562;QRT-81700;FUN-92311;Wi-Fi;Alta;2024-11-13 06:06:00;2024-11-13 17:35:35;3
CHM-4161431;QRT-61719;FUN-22607;Wi-Fi;Média;2025-07-26 10:40:00;2025-07-26 12:40:58;4
CHM-1934171;QRT-47964;FUN-69727;Ar-condicionado;Alta;2026-01-04 20:17:00;2026-01-04 21:06:18;5
CHM-5105973;QRT-92964;FUN-49170;Wi-Fi;Baixa;2025-11-18 14:12:00;2025-11-19 07:33:52;5
CHM-5197700;QRT-75030;FUN-86194;Limpeza Extra;Média;2024-08-19 14:01:00;2024-08-19 17:31:28;5
CHM-6090606;QRT-17482;FUN-02909;Ar-condicionado;Média;2026-01-23 08:03:00;2026-01-23 17:59:57;2
CHM-6159553;QRT-65173;FUN-04670;Elétrica;Alta;2026-01-20 16:06:00;2026-01-20 17:13:49;5
CHM-7444695;QRT-02007;FUN-10947;Elétrica;Média;2026-06-08 17:55:00;2026-06-09 00:47:54;4
CHM-3823600;QRT-03369;FUN-52793;Hidráulica;Baixa;2024-08-27 08:41:00;2024-08-27 21:43:58;4
CHM-9295832;QRT-41934;FUN-05739;Wi-Fi;Baixa;2024-10-30 09:09:00;2024-11-01 19:31:58;1
CHM-9657190;QRT-22178;FUN-16922;Wi-Fi;Alta;2025-02-02 22:28:00;2025-02-02 23:08:28;5
CHM-5486464;QRT-81775;FUN-64047;Wi-Fi;Baixa;2025-09-06 15:10:00;2025-09-06 21:03:46;4
CHM-8232932;QRT-38783;FUN-69727;Ar-condicionado;Média;2025-04-13 06:43:00;2025-04-13 11:13:53;4
CHM-0926629;QRT-39312;FUN-08486;TV / Controle;Média;2025-07-20 19:47:00;2025-07-21 02:40:41;5
CHM-0797888;QRT-61962;FUN-05739;Elétrica;Baixa;2025-02-21 20:19:00;2025-02-22 08:11:15;5
CHM-8240254;QRT-53868;FUN-52300;Elétrica;Baixa;2026-02-12 16:53:00;2026-02-13 10:50:38;4
CHM-9943117;QRT-57124;FUN-41540;Fechadura Eletrônica;Baixa;2025-05-08 13:59:00;2025-05-09 01:48:41;5
CHM-3812042;QRT-86536;FUN-45111;Hidráulica;Média;2024-07-13 10:07:00;2024-07-13 14:55:15;5
CHM-5320691;QRT-69375;FUN-34873;Wi-Fi;Média;2025-04-23 13:25:00;2025-04-23 17:14:30;5
CHM-8728189;QRT-92558;FUN-67282;Elétrica;Baixa;2025-08-04 23:18:00;2025-08-05 07:55:15;4
CHM-4564399;QRT-70123;FUN-92045;Fechadura Eletrônica;Média;2025-03-16 18:11:00;2025-03-16 20:24:32;4
CHM-7816691;QRT-43251;FUN-07814;Limpeza Extra;Baixa;2025-09-23 19:04:00;2025-09-24 03:40:14;3
CHM-5885959;QRT-16398;FUN-35080;Hidráulica;Alta;2024-07-10 16:19:00;2024-07-10 17:06:35;4
CHM-7665003;QRT-88284;FUN-83865;Hidráulica;Baixa;2024-09-03 12:18:00;2024-09-05 01:52:10;1
CHM-4952688;QRT-98042;FUN-19473;Ar-condicionado;Alta;2024-10-05 21:06:00;2024-10-05 21:36:04;5
CHM-9574871;QRT-80765;FUN-86194;Elétrica;Baixa;2025-09-08 10:22:00;2025-09-08 19:15:53;5
CHM-9648798;QRT-84972;FUN-52300;TV / Controle;Média;2025-09-11 22:51:00;2025-09-12 04:25:08;4
CHM-5783414;QRT-81045;FUN-22027;Fechadura Eletrônica;Média;2026-04-25 22:41:00;2026-04-26 06:57:47;2
CHM-8663855;QRT-24810;FUN-71181;Elétrica;Média;2025-02-01 06:40:00;2025-02-01 13:26:56;5
CHM-0013663;QRT-37220;FUN-88121;Limpeza Extra;Média;2026-01-30 17:32:00;2026-01-30 19:20:53;5
CHM-4102861;QRT-27801;FUN-18700;Elétrica;Baixa;2025-09-10 11:07:00;2025-09-11 15:19:29;3
CHM-1458766;QRT-54489;FUN-64755;Limpeza Extra;Baixa;2025-03-31 20:21:00;2025-04-01 18:28:03;5
CHM-0546221;QRT-26756;FUN-41540;Ar-condicionado;Alta;2026-05-03 06:19:00;2026-05-03 06:55:30;5
CHM-9229228;QRT-66932;FUN-13975;Hidráulica;Baixa;2025-06-07 15:54:00;2025-06-08 00:39:49;4
CHM-2962538;QRT-09047;FUN-03036;Wi-Fi;Média;2024-10-03 23:33:00;2024-10-04 03:03:07;4
CHM-6306219;QRT-09849;FUN-34873;Frigobar com Defeito;Baixa;2026-03-13 20:30:00;2026-03-14 12:28:39;4
CHM-5998503;QRT-91810;FUN-82886;Fechadura Eletrônica;Média;2025-07-08 18:40:00;2025-07-09 11:42:37;3
CHM-5286162;QRT-28485;FUN-71493;Ar-condicionado;Baixa;2025-11-17 09:46:00;2025-11-19 06:39:30;2
CHM-0930260;QRT-95201;FUN-34873;Ar-condicionado;Média;2024-09-26 22:44:00;2024-09-27 13:46:11;1
CHM-0677489;QRT-57190;FUN-08486;Fechadura Eletrônica;Média;2024-07-28 20:57:00;2024-07-29 01:13:43;5
CHM-8375049;QRT-74465;FUN-71181;TV / Controle;Média;2025-04-21 12:15:00;2025-04-21 18:01:22;5
CHM-3666458;QRT-61287;FUN-22607;Elétrica;Alta;2024-09-10 11:40:00;2024-09-10 12:50:28;5
CHM-3363011;QRT-68610;FUN-92311;Limpeza Extra;Baixa;2025-05-31 12:59:00;2025-06-01 00:40:02;4
CHM-2773854;QRT-29802;FUN-78820;Ar-condicionado;Baixa;2025-01-26 21:00:00;2025-01-27 04:47:24;5
CHM-8096649;QRT-64332;FUN-02909;Ar-condicionado;Baixa;2025-11-19 12:50:00;2025-11-21 20:25:50;2
CHM-1169340;QRT-85367;FUN-71181;Ar-condicionado;Média;2026-02-14 13:53:00;2026-02-14 18:00:50;5
CHM-0205901;QRT-51483;FUN-23383;Wi-Fi;Média;2025-08-22 10:45:00;2025-08-22 12:13:50;5
CHM-1020343;QRT-83689;FUN-49170;Elétrica;Baixa;2024-11-07 06:19:00;2024-11-07 17:47:19;4
CHM-5251129;QRT-45866;FUN-69727;Elétrica;Alta;2025-08-05 11:04:00;2025-08-05 12:16:10;4
CHM-7658653;QRT-25571;FUN-15784;Frigobar com Defeito;Alta;2024-08-19 08:41:00;2024-08-19 10:04:12;5
CHM-3862453;QRT-26280;FUN-43763;Wi-Fi;Baixa;2024-11-30 22:28:00;2024-12-01 13:29:52;4
CHM-3301984;QRT-25409;FUN-49013;Wi-Fi;Média;2026-04-23 16:22:00;2026-04-23 18:44:56;5
CHM-6237119;QRT-12128;FUN-52793;Hidráulica;Média;2025-06-11 09:08:00;2025-06-12 03:21:47;3
CHM-8006592;QRT-84837;FUN-04670;Limpeza Extra;Baixa;2025-03-29 12:12:00;2025-03-29 23:45:47;3
CHM-8030996;QRT-53432;FUN-41540;Limpeza Extra;Baixa;2026-04-15 12:47:00;2026-04-16 12:02:25;4
CHM-3027228;QRT-30636;FUN-50800;Wi-Fi;Média;2025-06-07 19:45:00;2025-06-08 01:32:10;5
CHM-1033595;QRT-29393;FUN-66580;Fechadura Eletrônica;Alta;2025-05-03 22:53:00;2025-05-03 23:22:53;5
CHM-7483616;QRT-74428;FUN-67710;Wi-Fi;Alta;2025-08-22 22:17:00;2025-08-22 23:14:18;5
CHM-5817613;QRT-71194;FUN-34873;Ar-condicionado;Média;2026-03-03 23:58:00;2026-03-04 08:26:02;2
CHM-7710151;QRT-88939;FUN-37715;Ar-condicionado;Média;2026-05-10 12:11:00;2026-05-10 15:29:19;4
CHM-9505981;QRT-50393;FUN-28577;Fechadura Eletrônica;Média;2025-12-21 20:53:00;2025-12-22 01:17:51;4
CHM-0954071;QRT-74766;FUN-94946;Wi-Fi;Baixa;2024-10-09 09:57:00;2024-10-10 01:09:51;4
CHM-4865749;QRT-95712;FUN-73856;Elétrica;Baixa;2024-09-02 11:00:00;2024-09-02 21:10:40;5
CHM-8744972;QRT-46748;FUN-92045;Ar-condicionado;Média;2025-02-05 13:37:00;2025-02-05 20:02:57;4
CHM-4856006;QRT-84837;FUN-96354;Wi-Fi;Alta;2025-11-20 23:16:00;2025-11-21 00:12:31;4
CHM-6353862;QRT-25571;FUN-64706;Frigobar com Defeito;Baixa;2026-04-27 21:17:00;2026-04-28 07:39:49;3
CHM-5738535;QRT-41748;FUN-12040;Ar-condicionado;Média;2026-06-04 07:04:00;2026-06-04 17:53:31;2
CHM-4199715;QRT-37102;FUN-89330;Hidráulica;Média;2025-12-25 22:49:00;2025-12-26 05:36:46;5
CHM-2101094;QRT-68160;FUN-70436;Fechadura Eletrônica;Média;2025-02-19 20:14:00;2025-02-19 22:23:15;5
CHM-5351719;QRT-49331;FUN-08849;Limpeza Extra;Alta;2026-02-16 12:17:00;2026-02-16 12:59:02;5
CHM-7082002;QRT-13595;FUN-90839;Fechadura Eletrônica;Baixa;2024-09-13 06:49:00;2024-09-13 23:07:27;4
CHM-1221880;QRT-37131;FUN-23383;Ar-condicionado;Média;2026-03-29 12:29:00;2026-03-29 21:19:46;2
CHM-9918905;QRT-47802;FUN-55799;Frigobar com Defeito;Alta;2024-07-09 09:19:00;2024-07-09 09:53:47;5
CHM-9041112;QRT-09047;FUN-35080;Hidráulica;Média;2025-10-26 23:16:00;2025-10-27 07:44:03;1
CHM-2411422;QRT-68507;FUN-64755;Hidráulica;Média;2025-10-24 23:33:00;2025-10-25 07:27:14;5
CHM-7542654;QRT-50393;FUN-28577;Fechadura Eletrônica;Alta;2024-11-18 11:42:00;2024-11-18 13:13:47;3
CHM-6452196;QRT-33730;FUN-29826;TV / Controle;Média;2025-08-10 07:42:00;2025-08-10 10:02:24;4
CHM-4038355;QRT-43330;FUN-50800;Ar-condicionado;Média;2025-11-20 21:37:00;2025-11-21 00:11:51;5
CHM-0291001;QRT-85687;FUN-08486;Ar-condicionado;Baixa;2024-09-01 23:49:00;2024-09-02 15:25:54;5
CHM-8869834;QRT-92377;FUN-22607;Limpeza Extra;Alta;2025-05-21 20:00:00;2025-05-21 21:53:48;4
CHM-4846414;QRT-71194;FUN-69727;Limpeza Extra;Alta;2024-12-28 11:58:00;2024-12-28 13:30:09;3
CHM-5829211;QRT-60845;FUN-15867;Fechadura Eletrônica;Média;2024-08-05 12:06:00;2024-08-05 15:21:13;5
CHM-0569235;QRT-16398;FUN-21094;Ar-condicionado;Alta;2025-04-24 06:56:00;2025-04-24 08:21:32;4
CHM-7193688;QRT-21077;FUN-65780;Wi-Fi;Média;2024-10-11 20:02:00;2024-10-13 14:00:27;2
CHM-2685625;QRT-03369;FUN-71181;Limpeza Extra;Média;2024-10-15 09:07:00;2024-10-15 10:27:57;5
CHM-4152517;QRT-83689;FUN-05739;Limpeza Extra;Média;2026-03-20 21:48:00;2026-03-21 01:31:08;5
CHM-2143341;QRT-91492;FUN-15867;Ar-condicionado;Média;2025-01-09 07:11:00;2025-01-09 09:23:25;5
CHM-6884523;QRT-18824;FUN-22607;Elétrica;Alta;2025-12-27 19:35:00;2025-12-27 20:33:14;5
CHM-8116870;QRT-66083;FUN-47371;Elétrica;Média;2024-11-28 10:19:00;2024-11-28 17:29:34;5
CHM-3236839;QRT-54489;FUN-05739;Ar-condicionado;Média;2025-12-24 06:30:00;2025-12-24 08:07:05;4
CHM-8511240;QRT-61287;FUN-02909;Elétrica;Média;2024-10-22 21:20:00;2024-10-23 04:01:24;4
CHM-5462446;QRT-01345;FUN-70436;Hidráulica;Alta;2024-08-25 16:35:00;2024-08-25 17:42:34;5
CHM-3634922;QRT-66195;FUN-86199;Limpeza Extra;Baixa;2024-12-21 12:24:00;2024-12-21 18:47:26;3
CHM-6761048;QRT-85687;FUN-39946;Wi-Fi;Baixa;2026-01-13 10:18:00;2026-01-13 23:18:16;4
CHM-3268199;QRT-60540;FUN-49013;Ar-condicionado;Baixa;2024-11-28 20:45:00;2024-11-29 02:42:23;3
CHM-9183509;QRT-27540;FUN-86194;Frigobar com Defeito;Média;2024-12-13 21:25:00;2024-12-14 01:14:55;4
CHM-5686183;QRT-92377;FUN-02909;TV / Controle;Média;2026-03-17 15:12:00;2026-03-17 23:28:42;3
CHM-2729700;QRT-91492;FUN-34873;Elétrica;Baixa;2025-07-08 18:17:00;2025-07-08 23:20:44;5
CHM-9930395;QRT-99181;FUN-03036;Limpeza Extra;Alta;2024-08-10 18:38:00;2024-08-10 19:32:30;5
CHM-0576006;QRT-92377;FUN-08849;Wi-Fi;Alta;2024-07-16 14:04:00;2024-07-16 17:26:35;2
CHM-8641342;QRT-95618;FUN-09324;Hidráulica;Baixa;2025-01-12 20:00:00;2025-01-13 09:36:10;4
CHM-0675882;QRT-25078;FUN-78820;TV / Controle;Baixa;2025-09-26 21:04:00;2025-09-27 20:33:34;5
CHM-0462809;QRT-63998;FUN-49013;Limpeza Extra;Média;2025-07-08 22:13:00;2025-07-09 01:48:47;5
CHM-9093816;QRT-24274;FUN-34873;TV / Controle;Média;2026-04-23 07:53:00;2026-04-23 09:39:34;5
CHM-6868709;QRT-54953;FUN-37715;Limpeza Extra;Média;2024-09-14 14:57:00;2024-09-14 16:09:22;4
CHM-0154617;QRT-15064;FUN-71181;Hidráulica;Baixa;2025-11-16 07:40:00;2025-11-16 17:05:08;5
CHM-8812042;QRT-74691;FUN-64755;Limpeza Extra;Alta;2026-03-13 18:15:00;2026-03-13 23:50:44;3
CHM-5379207;QRT-96617;FUN-86194;Elétrica;Baixa;2025-02-09 06:36:00;2025-02-09 18:23:47;5
CHM-7116653;QRT-14624;FUN-50800;Ar-condicionado;Baixa;2025-03-20 12:15:00;2025-03-20 20:48:05;5
CHM-2295997;QRT-64332;FUN-22607;Frigobar com Defeito;Média;2026-05-26 10:00:00;2026-05-26 15:09:25;5
CHM-5828551;QRT-45866;FUN-29826;TV / Controle;Baixa;2024-11-22 23:19:00;2024-11-23 07:26:39;4
CHM-8243662;QRT-51483;FUN-23383;Frigobar com Defeito;Média;2024-11-05 21:11:00;2024-11-06 01:40:57;5
CHM-5407803;QRT-02007;FUN-74014;Hidráulica;Alta;2024-09-21 18:42:00;2024-09-21 20:01:19;4
CHM-5430576;QRT-53914;FUN-83865;Ar-condicionado;Média;2026-02-17 10:10:00;2026-02-17 11:44:13;4
CHM-7257437;QRT-68692;FUN-96106;Wi-Fi;Baixa;2024-07-02 14:51:00;2024-07-04 03:51:03;2
CHM-1461532;QRT-95939;FUN-12576;Hidráulica;Média;2025-10-06 14:33:00;2025-10-06 19:11:58;5
CHM-2824083;QRT-51351;FUN-08849;Wi-Fi;Alta;2024-09-10 08:23:00;2024-09-10 11:48:01;3
CHM-6008526;QRT-87613;FUN-66580;Elétrica;Média;2024-09-26 09:00:00;2024-09-26 11:39:40;5
CHM-7938213;QRT-46794;FUN-22027;Limpeza Extra;Média;2026-03-12 19:27:00;2026-03-12 21:56:53;3
CHM-3533335;QRT-72144;FUN-12040;Ar-condicionado;Baixa;2026-03-27 21:18:00;2026-03-28 06:08:15;4
CHM-8309400;QRT-85687;FUN-12576;Limpeza Extra;Média;2024-12-21 19:03:00;2024-12-21 21:28:04;4
CHM-6655902;QRT-03659;FUN-22027;Ar-condicionado;Média;2025-03-11 23:18:00;2025-03-12 10:37:22;2
CHM-5374117;QRT-26354;FUN-86199;Hidráulica;Média;2025-08-29 08:06:00;2025-08-29 13:14:38;5
CHM-7482762;QRT-83187;FUN-86194;Ar-condicionado;Média;2026-01-26 10:41:00;2026-01-26 18:43:18;3
CHM-7219847;QRT-31042;FUN-22607;Wi-Fi;Alta;2025-10-24 19:06:00;2025-10-24 20:26:41;5
CHM-7809371;QRT-69375;FUN-48683;TV / Controle;Média;2026-05-06 08:23:00;2026-05-06 15:04:11;4
CHM-7171234;QRT-85739;FUN-74014;Frigobar com Defeito;Média;2026-03-05 14:45:00;2026-03-05 18:59:21;5
CHM-6177153;QRT-41356;FUN-18700;Ar-condicionado;Baixa;2025-02-04 08:07:00;2025-02-04 22:51:20;5
CHM-0162705;QRT-29802;FUN-86194;Frigobar com Defeito;Média;2025-07-11 08:50:00;2025-07-11 14:08:26;5
CHM-9963074;QRT-03596;FUN-25313;Fechadura Eletrônica;Média;2025-09-09 06:37:00;2025-09-09 12:51:56;5
CHM-9850080;QRT-00452;FUN-57664;Limpeza Extra;Média;2025-08-06 22:46:00;2025-08-07 01:43:37;4
CHM-8571785;QRT-42714;FUN-92311;Limpeza Extra;Baixa;2025-10-27 20:40:00;2025-10-28 07:25:45;5
CHM-8246079;QRT-75289;FUN-57664;TV / Controle;Baixa;2025-07-14 17:13:00;2025-07-15 11:13:28;5
CHM-8724359;QRT-92384;FUN-57664;Limpeza Extra;Média;2025-07-24 13:48:00;2025-07-24 22:41:16;1
CHM-4233618;QRT-59474;FUN-76103;Limpeza Extra;Média;2024-08-22 14:59:00;2024-08-23 08:31:41;2
CHM-9415445;QRT-88284;FUN-86194;TV / Controle;Baixa;2025-03-01 21:14:00;2025-03-02 06:43:29;3
CHM-4830000;QRT-01287;FUN-25313;Fechadura Eletrônica;Média;2024-07-24 17:16:00;2024-07-24 20:16:19;5
CHM-4936655;QRT-53917;FUN-32345;Fechadura Eletrônica;Média;2024-07-05 20:52:00;2024-07-05 22:02:52;4
CHM-9382632;QRT-00452;FUN-64755;Elétrica;Baixa;2026-02-25 13:55:00;2026-02-26 11:08:26;5
CHM-7438473;QRT-26080;FUN-52793;Wi-Fi;Baixa;2024-11-08 08:22:00;2024-11-09 05:03:19;5
CHM-5460186;QRT-46748;FUN-92045;Wi-Fi;Baixa;2025-12-08 18:01:00;2025-12-08 23:17:49;3
CHM-7407177;QRT-34396;FUN-22607;Hidráulica;Alta;2024-11-23 10:25:00;2024-11-23 11:34:05;5
CHM-8363999;QRT-25217;FUN-34079;Wi-Fi;Média;2024-10-03 06:30:00;2024-10-03 18:02:43;1
CHM-9182965;QRT-28645;FUN-90839;Wi-Fi;Média;2025-10-06 20:49:00;2025-10-06 23:29:10;5
CHM-5150606;QRT-46794;FUN-96106;Fechadura Eletrônica;Média;2024-07-12 10:26:00;2024-07-12 15:11:20;5
CHM-1442731;QRT-95201;FUN-29826;Fechadura Eletrônica;Baixa;2025-01-08 21:47:00;2025-01-09 08:37:07;3
CHM-2551253;QRT-55333;FUN-36473;Frigobar com Defeito;Alta;2026-02-11 13:45:00;2026-02-11 15:03:56;4
CHM-6922314;QRT-04443;FUN-08234;Ar-condicionado;Média;2026-03-04 10:33:00;2026-03-04 23:10:36;1
CHM-2313745;QRT-85920;FUN-64755;Wi-Fi;Média;2025-10-26 09:51:00;2025-10-26 18:24:05;1
CHM-5470310;QRT-58808;FUN-23383;Hidráulica;Alta;2024-07-25 08:08:00;2024-07-25 08:29:29;3
CHM-2925737;QRT-24929;FUN-69727;Hidráulica;Baixa;2024-11-08 22:27:00;2024-11-10 01:55:12;3
CHM-9515352;QRT-37131;FUN-12040;Limpeza Extra;Alta;2026-02-12 16:35:00;2026-02-12 17:52:03;5
CHM-8181615;QRT-45132;FUN-23383;Ar-condicionado;Baixa;2025-12-07 11:53:00;2025-12-07 23:59:42;5
CHM-8123216;QRT-70661;FUN-94946;Frigobar com Defeito;Média;2025-09-01 16:38:00;2025-09-02 05:43:33;2
CHM-6264412;QRT-85367;FUN-37715;Limpeza Extra;Média;2025-02-25 09:06:00;2025-02-25 11:23:22;3
CHM-8889225;QRT-24594;FUN-71493;Fechadura Eletrônica;Média;2025-08-21 14:20:00;2025-08-21 20:43:07;5
CHM-2381538;QRT-19577;FUN-08486;Hidráulica;Alta;2026-04-25 15:36:00;2026-04-25 16:18:05;5
CHM-5342713;QRT-15355;FUN-96106;TV / Controle;Baixa;2026-02-27 23:12:00;2026-02-28 13:14:10;4
CHM-4900050;QRT-59117;FUN-25313;Limpeza Extra;Média;2025-10-19 06:16:00;2025-10-19 08:21:23;4
CHM-3591570;QRT-84220;FUN-37715;Wi-Fi;Alta;2025-09-30 12:12:00;2025-09-30 12:58:23;5
CHM-5868330;QRT-67879;FUN-23383;TV / Controle;Alta;2024-09-04 15:32:00;2024-09-04 17:18:52;4
CHM-1394105;QRT-23438;FUN-41540;Wi-Fi;Média;2024-11-11 06:08:00;2024-11-11 08:29:48;4
CHM-7016485;QRT-38689;FUN-04670;Hidráulica;Média;2026-03-19 07:58:00;2026-03-19 10:32:59;5
CHM-2272763;QRT-17820;FUN-13975;Fechadura Eletrônica;Média;2025-10-11 17:53:00;2025-10-11 21:37:25;5
CHM-8223161;QRT-17820;FUN-87234;Wi-Fi;Baixa;2025-04-05 13:47:00;2025-04-07 05:09:21;1
CHM-5132244;QRT-85367;FUN-74014;Wi-Fi;Alta;2025-12-07 15:13:00;2025-12-07 15:33:30;4
CHM-7663033;QRT-87183;FUN-71181;Elétrica;Média;2025-02-27 15:05:00;2025-02-27 15:35:56;5
CHM-2282748;QRT-57208;FUN-12576;Ar-condicionado;Média;2024-11-30 20:00:00;2024-11-30 23:22:09;5
CHM-5057190;QRT-09047;FUN-92045;Ar-condicionado;Média;2024-09-09 09:31:00;2024-09-09 10:46:21;5
CHM-5035352;QRT-07517;FUN-02909;Hidráulica;Baixa;2025-12-19 21:05:00;2025-12-20 12:25:48;5
CHM-8040384;QRT-16851;FUN-67710;Fechadura Eletrônica;Média;2025-11-27 11:39:00;2025-11-27 14:56:38;4
CHM-0079819;QRT-90111;FUN-15867;Ar-condicionado;Alta;2025-03-16 19:34:00;2025-03-16 20:12:47;4
CHM-0710384;QRT-42497;FUN-09102;Hidráulica;Média;2025-01-04 18:50:00;2025-01-05 05:56:28;3
CHM-2957569;QRT-32164;FUN-83865;Wi-Fi;Alta;2025-04-04 13:57:00;2025-04-04 15:02:17;4
CHM-8843992;QRT-61719;FUN-08109;Hidráulica;Alta;2026-05-27 18:40:00;2026-05-27 21:42:09;1
CHM-8715726;QRT-81819;FUN-87234;Elétrica;Média;2024-11-02 18:11:00;2024-11-03 02:34:54;3
CHM-1344344;QRT-66083;FUN-25313;Elétrica;Alta;2026-01-08 12:03:00;2026-01-08 12:12:03;4
CHM-2937835;QRT-26237;FUN-15784;Fechadura Eletrônica;Média;2024-07-27 09:43:00;2024-07-27 12:56:02;5
CHM-0306457;QRT-11607;FUN-96354;Fechadura Eletrônica;Média;2025-05-10 10:08:00;2025-05-10 11:28:28;3
CHM-6622485;QRT-27342;FUN-70436;Fechadura Eletrônica;Baixa;2025-08-25 14:22:00;2025-08-26 05:41:17;5
CHM-5539104;QRT-88939;FUN-39946;Limpeza Extra;Média;2025-11-21 14:28:00;2025-11-21 21:55:36;5
CHM-9731017;QRT-44318;FUN-50800;Hidráulica;Baixa;2025-06-05 08:13:00;2025-06-06 07:36:24;5
CHM-1619570;QRT-02862;FUN-09324;Ar-condicionado;Média;2025-12-03 10:52:00;2025-12-03 13:41:32;4
CHM-5905137;QRT-98370;FUN-96106;TV / Controle;Baixa;2025-05-05 21:32:00;2025-05-07 04:53:38;2
CHM-0608882;QRT-88906;FUN-48159;Hidráulica;Média;2025-03-20 12:17:00;2025-03-20 14:35:16;3
CHM-7492430;QRT-02047;FUN-21094;TV / Controle;Alta;2026-02-28 07:45:00;2026-02-28 08:36:43;5
CHM-9016484;QRT-37672;FUN-64755;Ar-condicionado;Média;2024-10-05 19:15:00;2024-10-05 23:06:31;4
CHM-1909843;QRT-14624;FUN-29826;Wi-Fi;Média;2025-11-17 12:43:00;2025-11-18 19:55:50;2
CHM-6967355;QRT-04025;FUN-16922;Frigobar com Defeito;Baixa;2026-03-19 23:22:00;2026-03-20 09:38:26;4
CHM-5193714;QRT-63609;FUN-23361;TV / Controle;Média;2026-04-23 07:44:00;2026-04-23 10:58:36;5
CHM-9947797;QRT-49389;FUN-92045;Elétrica;Média;2025-04-05 07:46:00;2025-04-05 13:23:09;3
CHM-5688149;QRT-26539;FUN-36473;Elétrica;Baixa;2024-12-12 07:54:00;2024-12-12 14:29:44;3
CHM-8368664;QRT-08799;FUN-32345;Fechadura Eletrônica;Média;2025-04-23 14:49:00;2025-04-23 21:16:55;5
CHM-1728828;QRT-86201;FUN-48683;Elétrica;Média;2024-07-03 11:38:00;2024-07-03 13:35:14;4
CHM-9735429;QRT-91628;FUN-10947;Hidráulica;Baixa;2026-03-26 12:23:00;2026-03-26 16:41:54;5
CHM-3739670;QRT-09674;FUN-01568;Hidráulica;Média;2024-10-22 20:39:00;2024-10-23 00:50:41;5
CHM-4306220;QRT-77305;FUN-29826;Limpeza Extra;Média;2025-01-26 14:17:00;2025-01-26 23:31:29;3
CHM-4349766;QRT-25571;FUN-49013;Fechadura Eletrônica;Média;2025-07-02 22:30:00;2025-07-02 23:44:07;3
CHM-9676884;QRT-20665;FUN-43763;Hidráulica;Alta;2025-11-08 14:50:00;2025-11-08 15:57:41;4
CHM-6019035;QRT-70536;FUN-49013;Ar-condicionado;Baixa;2025-07-03 07:22:00;2025-07-03 14:12:45;5
CHM-3304188;QRT-43580;FUN-49013;Ar-condicionado;Média;2026-03-06 07:39:00;2026-03-06 14:31:31;4
CHM-1282951;QRT-42355;FUN-34079;Ar-condicionado;Média;2024-09-08 13:20:00;2024-09-08 19:08:05;5
CHM-3737080;QRT-39368;FUN-07814;Limpeza Extra;Alta;2025-04-25 20:07:00;2025-04-25 21:04:12;5
CHM-2423299;QRT-02007;FUN-74014;Hidráulica;Média;2025-11-08 21:00:00;2025-11-09 02:00:51;5
CHM-5140609;QRT-76281;FUN-74014;TV / Controle;Alta;2026-01-09 17:31:00;2026-01-09 22:27:18;1
CHM-9595423;QRT-96428;FUN-37715;Ar-condicionado;Alta;2026-02-06 18:27:00;2026-02-06 21:42:27;3
CHM-2511703;QRT-73232;FUN-88121;Frigobar com Defeito;Baixa;2025-08-05 15:08:00;2025-08-05 21:39:51;5
CHM-1068211;QRT-32164;FUN-65780;TV / Controle;Baixa;2025-10-26 09:45:00;2025-10-26 16:16:49;5
CHM-1717675;QRT-56321;FUN-89330;Wi-Fi;Alta;2024-10-23 21:48:00;2024-10-23 22:49:50;5
CHM-9961993;QRT-00452;FUN-57664;Limpeza Extra;Baixa;2024-11-14 10:58:00;2024-11-14 15:01:52;4
CHM-1733554;QRT-17495;FUN-49013;Limpeza Extra;Média;2026-01-06 21:24:00;2026-01-07 01:21:17;5
CHM-7268381;QRT-88939;FUN-39946;Wi-Fi;Baixa;2024-10-22 17:17:00;2024-10-24 00:39:42;3
CHM-0011163;QRT-86536;FUN-23361;Hidráulica;Média;2024-09-09 07:31:00;2024-09-09 15:18:08;5
CHM-1446747;QRT-28319;FUN-05739;Limpeza Extra;Média;2026-02-22 22:42:00;2026-02-23 03:16:53;5
CHM-4774020;QRT-59498;FUN-13975;Hidráulica;Média;2025-06-13 07:19:00;2025-06-13 17:01:36;3
CHM-7586244;QRT-92384;FUN-22027;Wi-Fi;Baixa;2026-01-20 15:46:00;2026-01-20 23:44:22;5
CHM-3669199;QRT-00087;FUN-47371;TV / Controle;Média;2026-03-29 17:39:00;2026-03-30 14:38:53;2
CHM-9379228;QRT-41316;FUN-76103;Ar-condicionado;Baixa;2024-09-04 19:47:00;2024-09-05 06:26:26;5
CHM-8846505;QRT-46748;FUN-34079;Wi-Fi;Média;2025-04-05 07:38:00;2025-04-05 10:43:19;5
CHM-4010070;QRT-94225;FUN-73856;Hidráulica;Baixa;2025-06-10 17:39:00;2025-06-10 23:36:56;4
CHM-6286178;QRT-16851;FUN-83865;Ar-condicionado;Baixa;2026-02-18 15:37:00;2026-02-19 03:51:03;5
CHM-8902214;QRT-20026;FUN-13975;Fechadura Eletrônica;Média;2025-11-13 16:23:00;2025-11-14 07:28:23;3
CHM-0892707;QRT-63609;FUN-45111;Elétrica;Média;2025-07-02 09:09:00;2025-07-02 19:41:41;3
CHM-0230928;QRT-88284;FUN-67710;Hidráulica;Média;2026-05-29 15:56:00;2026-05-29 17:56:58;5
CHM-7064387;QRT-06113;FUN-55799;Ar-condicionado;Média;2024-12-18 09:51:00;2024-12-19 14:12:13;3
CHM-1929459;QRT-39368;FUN-07814;Ar-condicionado;Baixa;2025-03-06 14:05:00;2025-03-07 03:55:35;5
CHM-0336367;QRT-24929;FUN-69727;Wi-Fi;Baixa;2024-12-03 08:17:00;2024-12-03 15:31:10;5
CHM-0403254;QRT-57763;FUN-90839;Elétrica;Média;2025-01-14 17:04:00;2025-01-15 00:47:39;4
CHM-1901520;QRT-37131;FUN-28577;Ar-condicionado;Média;2025-12-28 12:16:00;2025-12-28 20:12:05;5
CHM-1602867;QRT-07031;FUN-66580;Limpeza Extra;Baixa;2024-09-10 07:02:00;2024-09-10 19:19:40;5
CHM-9280103;QRT-25078;FUN-73856;Elétrica;Baixa;2026-02-09 12:06:00;2026-02-09 20:45:50;5
CHM-0170738;QRT-49331;FUN-47371;Wi-Fi;Média;2026-04-05 12:36:00;2026-04-05 18:14:33;5
CHM-7190598;QRT-87183;FUN-39946;TV / Controle;Baixa;2026-02-05 12:37:00;2026-02-06 03:59:46;4
CHM-5045718;QRT-09395;FUN-49013;Elétrica;Baixa;2024-11-26 12:21:00;2024-11-26 22:35:46;4
CHM-7694203;QRT-08689;FUN-15784;Wi-Fi;Alta;2025-11-26 17:32:00;2025-11-26 20:37:20;1
CHM-1671855;QRT-98284;FUN-49170;Elétrica;Alta;2026-06-16 10:13:00;2026-06-16 12:44:28;3
CHM-4427437;QRT-23373;FUN-08849;Hidráulica;Média;2025-10-26 16:11:00;2025-10-27 10:36:49;1
CHM-5502757;QRT-70680;FUN-81524;Limpeza Extra;Baixa;2024-11-06 17:54:00;2024-11-07 08:31:51;5
CHM-7388546;QRT-54918;FUN-69727;TV / Controle;Média;2025-05-31 09:39:00;2025-05-31 13:36:48;4
CHM-6371545;QRT-22076;FUN-21094;Hidráulica;Média;2024-12-04 08:42:00;2024-12-04 16:41:28;5
CHM-3192489;QRT-67310;FUN-64706;Elétrica;Média;2024-11-19 08:43:00;2024-11-19 13:07:16;4
CHM-4270025;QRT-84837;FUN-48159;Ar-condicionado;Alta;2024-08-14 06:04:00;2024-08-14 07:14:37;4
CHM-6645175;QRT-06335;FUN-23383;Wi-Fi;Média;2024-12-24 12:13:00;2024-12-24 20:03:33;5
CHM-2827323;QRT-43251;FUN-23361;Limpeza Extra;Alta;2026-03-10 20:31:00;2026-03-10 21:06:47;5
CHM-7672860;QRT-37220;FUN-64706;Fechadura Eletrônica;Baixa;2025-04-08 18:58:00;2025-04-09 03:41:01;5
CHM-8412408;QRT-65055;FUN-78820;Fechadura Eletrônica;Alta;2025-02-09 18:02:00;2025-02-09 22:54:52;2
CHM-6047141;QRT-68204;FUN-34079;Wi-Fi;Média;2025-01-03 17:54:00;2025-01-04 03:50:37;3
CHM-1798777;QRT-78808;FUN-32345;Wi-Fi;Média;2026-05-07 14:19:00;2026-05-07 14:51:45;4
CHM-9053413;QRT-89410;FUN-10947;Ar-condicionado;Baixa;2024-11-28 22:53:00;2024-11-29 06:23:17;4
CHM-3845204;QRT-69520;FUN-35080;Ar-condicionado;Média;2024-07-05 17:32:00;2024-07-06 08:29:57;3
CHM-2701316;QRT-37102;FUN-52300;TV / Controle;Baixa;2024-07-23 18:07:00;2024-07-24 02:32:13;3
CHM-6404406;QRT-17114;FUN-12576;Ar-condicionado;Alta;2026-01-02 22:02:00;2026-01-02 22:58:12;5
CHM-3641815;QRT-26716;FUN-86199;Limpeza Extra;Alta;2025-01-12 10:11:00;2025-01-12 10:49:07;4
CHM-0073144;QRT-75030;FUN-65780;Limpeza Extra;Média;2024-07-22 10:03:00;2024-07-22 16:22:08;3
CHM-3683949;QRT-11607;FUN-92311;Ar-condicionado;Alta;2026-01-18 19:20:00;2026-01-18 19:44:17;5
CHM-6353486;QRT-62109;FUN-22607;Wi-Fi;Média;2025-05-31 13:43:00;2025-05-31 16:37:57;3
CHM-8073339;QRT-53290;FUN-48159;Wi-Fi;Média;2024-10-08 18:53:00;2024-10-09 00:49:32;5
CHM-2104220;QRT-42444;FUN-07814;Ar-condicionado;Alta;2025-06-22 20:36:00;2025-06-23 02:59:01;3
CHM-4594097;QRT-22585;FUN-86199;Ar-condicionado;Média;2026-04-22 20:25:00;2026-04-22 23:46:59;5
CHM-2892918;QRT-10397;FUN-16922;TV / Controle;Baixa;2024-09-15 08:27:00;2024-09-15 19:09:32;5
CHM-8965317;QRT-24337;FUN-28577;Ar-condicionado;Média;2025-02-02 07:36:00;2025-02-04 09:46:17;3
CHM-5501704;QRT-89068;FUN-39946;TV / Controle;Alta;2024-09-03 23:44:00;2024-09-03 23:58:44;5
CHM-4769334;QRT-57763;FUN-01568;Elétrica;Média;2025-09-17 10:04:00;2025-09-17 13:56:15;3
CHM-1342877;QRT-90111;FUN-50800;TV / Controle;Baixa;2025-06-25 21:07:00;2025-06-26 02:51:40;5
CHM-2579889;QRT-84837;FUN-23383;Elétrica;Alta;2025-11-28 07:06:00;2025-11-28 07:38:48;4
CHM-2312543;QRT-94756;FUN-94946;Elétrica;Média;2024-10-22 20:33:00;2024-10-23 03:13:27;5
CHM-3557626;QRT-65055;FUN-65780;Elétrica;Média;2025-11-22 17:04:00;2025-11-22 20:34:27;5
CHM-4476643;QRT-43677;FUN-41540;Wi-Fi;Alta;2026-03-21 06:43:00;2026-03-21 08:45:02;1
CHM-2304894;QRT-42497;FUN-69104;TV / Controle;Média;2026-03-17 08:38:00;2026-03-17 15:24:09;5
CHM-7560704;QRT-17820;FUN-70436;Ar-condicionado;Baixa;2024-12-28 07:52:00;2024-12-28 12:24:58;5
CHM-1260608;QRT-65055;FUN-86194;Limpeza Extra;Média;2024-07-14 13:45:00;2024-07-14 15:08:37;4
CHM-3073557;QRT-99814;FUN-83865;Elétrica;Média;2025-06-24 11:29:00;2025-06-24 19:20:05;4
CHM-2843959;QRT-21167;FUN-28577;Fechadura Eletrônica;Baixa;2025-03-21 23:09:00;2025-03-22 02:53:44;5
CHM-4694757;QRT-75123;FUN-69727;TV / Controle;Média;2026-06-02 08:23:00;2026-06-02 10:40:42;5
CHM-2450940;QRT-31930;FUN-19473;Elétrica;Alta;2024-12-28 20:50:00;2024-12-28 22:08:56;4
CHM-1801805;QRT-22076;FUN-87234;Fechadura Eletrônica;Média;2025-09-13 11:40:00;2025-09-13 20:17:01;3
CHM-7189280;QRT-09419;FUN-71181;TV / Controle;Alta;2025-11-27 11:19:00;2025-11-27 12:20:36;5
CHM-9613583;QRT-29802;FUN-19473;Hidráulica;Média;2025-09-18 07:00:00;2025-09-18 17:35:34;1
CHM-0834679;QRT-87183;FUN-12576;TV / Controle;Baixa;2026-01-31 23:46:00;2026-02-01 07:52:22;5
CHM-6620857;QRT-07031;FUN-07814;Ar-condicionado;Baixa;2025-01-20 12:40:00;2025-01-21 08:37:48;3
CHM-6426607;QRT-51602;FUN-37715;Hidráulica;Média;2024-11-06 11:25:00;2024-11-06 14:35:54;4
CHM-8374449;QRT-20026;FUN-87234;Limpeza Extra;Baixa;2025-11-26 19:33:00;2025-11-27 19:05:59;4
CHM-8960064;QRT-63207;FUN-16922;Hidráulica;Baixa;2026-01-20 16:25:00;2026-01-21 02:49:34;4
CHM-9031597;QRT-25078;FUN-65780;Hidráulica;Baixa;2026-05-09 12:07:00;2026-05-09 22:56:25;5
CHM-5765638;QRT-69520;FUN-35080;Elétrica;Média;2026-02-13 21:22:00;2026-02-14 05:52:48;2
CHM-2177959;QRT-95939;FUN-71181;Ar-condicionado;Baixa;2025-03-22 09:42:00;2025-03-23 02:53:48;5
CHM-6408304;QRT-16398;FUN-92045;Elétrica;Alta;2025-02-10 18:30:00;2025-02-10 18:59:34;4
CHM-0966530;QRT-50393;FUN-28577;TV / Controle;Baixa;2025-01-02 09:43:00;2025-01-05 22:54:22;3
CHM-9352723;QRT-00699;FUN-49170;Wi-Fi;Alta;2024-07-14 21:39:00;2024-07-14 21:53:02;3
CHM-0325828;QRT-76575;FUN-87234;Wi-Fi;Média;2025-02-21 11:19:00;2025-02-21 12:40:14;5
CHM-4124141;QRT-66125;FUN-87234;Elétrica;Média;2026-04-11 16:27:00;2026-04-12 03:47:37;3
CHM-4527019;QRT-00593;FUN-08234;Frigobar com Defeito;Baixa;2025-05-08 21:52:00;2025-05-10 03:51:40;3
CHM-7869525;QRT-43677;FUN-69104;Fechadura Eletrônica;Alta;2024-12-13 20:38:00;2024-12-13 22:09:10;5
CHM-8777743;QRT-58690;FUN-10947;Fechadura Eletrônica;Média;2025-10-28 08:31:00;2025-10-28 11:57:04;4
CHM-0495365;QRT-85920;FUN-22027;Ar-condicionado;Baixa;2026-02-25 11:02:00;2026-02-25 21:27:40;5
CHM-7302591;QRT-57208;FUN-52793;Wi-Fi;Média;2025-06-20 19:17:00;2025-06-21 00:10:21;3
CHM-1581450;QRT-04283;FUN-39946;Wi-Fi;Alta;2025-11-02 11:37:00;2025-11-02 12:34:24;4
CHM-0284286;QRT-53914;FUN-78820;Wi-Fi;Baixa;2025-04-28 13:44:00;2025-04-28 21:26:56;5
CHM-7732407;QRT-91492;FUN-48683;Hidráulica;Baixa;2025-02-01 20:58:00;2025-02-02 13:03:48;4
CHM-4412408;QRT-51351;FUN-25313;Elétrica;Média;2024-09-26 11:18:00;2024-09-26 19:10:30;4
CHM-7832691;QRT-70123;FUN-34079;Wi-Fi;Baixa;2025-01-17 13:37:00;2025-01-18 01:03:54;5
CHM-2680821;QRT-39575;FUN-29826;Fechadura Eletrônica;Baixa;2024-12-01 08:28:00;2024-12-02 09:29:02;3
CHM-4434677;QRT-79165;FUN-48683;Wi-Fi;Baixa;2026-01-19 06:44:00;2026-01-19 18:01:00;5
CHM-5456277;QRT-26354;FUN-94946;Ar-condicionado;Média;2026-04-14 11:08:00;2026-04-14 14:18:41;5
CHM-3215817;QRT-51483;FUN-28577;TV / Controle;Média;2025-05-16 22:50:00;2025-05-17 03:42:55;3
CHM-8958200;QRT-84220;FUN-52793;Wi-Fi;Baixa;2026-03-03 12:35:00;2026-03-05 07:03:33;2
CHM-8474106;QRT-03369;FUN-71181;Wi-Fi;Baixa;2024-10-31 06:14:00;2024-11-01 01:52:33;5
CHM-3288793;QRT-96237;FUN-78820;Limpeza Extra;Baixa;2025-03-04 08:40:00;2025-03-05 22:37:00;2
CHM-5489001;QRT-92384;FUN-05739;Elétrica;Alta;2024-09-08 09:10:00;2024-09-08 10:02:30;5
CHM-3285438;QRT-70123;FUN-21094;Elétrica;Baixa;2026-06-03 21:58:00;2026-06-04 15:03:25;5
CHM-7034572;QRT-27801;FUN-07814;Ar-condicionado;Baixa;2025-10-10 11:23:00;2025-10-11 14:55:11;1
CHM-8305179;QRT-07031;FUN-76103;Wi-Fi;Baixa;2026-06-15 22:41:00;2026-06-16 06:51:14;4
CHM-5712581;QRT-42497;FUN-94946;Ar-condicionado;Média;2025-05-04 19:34:00;2025-05-04 20:58:20;5
CHM-7801445;QRT-74766;FUN-08234;Wi-Fi;Média;2024-09-28 08:53:00;2024-09-28 10:36:29;4
CHM-1123769;QRT-31042;FUN-22607;Wi-Fi;Baixa;2025-08-12 15:40:00;2025-08-13 17:30:48;2
CHM-0222316;QRT-03930;FUN-22607;Frigobar com Defeito;Baixa;2026-06-13 17:33:00;2026-06-16 04:05:57;1
CHM-1509553;QRT-91628;FUN-74014;Ar-condicionado;Baixa;2026-02-27 16:26:00;2026-02-28 00:11:53;4
CHM-6729822;QRT-51602;FUN-71181;Limpeza Extra;Média;2026-06-14 21:53:00;2026-06-15 00:18:06;5
CHM-0405545;QRT-83689;FUN-57664;Elétrica;Baixa;2025-02-14 15:41:00;2025-02-18 01:01:27;2
CHM-7443900;QRT-37102;FUN-52300;Ar-condicionado;Alta;2025-01-29 23:15:00;2025-01-29 23:26:59;5
CHM-4250576;QRT-03659;FUN-49170;Elétrica;Média;2026-04-01 18:58:00;2026-04-02 05:48:30;3
CHM-2556383;QRT-74690;FUN-69727;Hidráulica;Alta;2026-05-05 17:28:00;2026-05-05 19:04:40;5
CHM-2572854;QRT-98370;FUN-49170;Wi-Fi;Baixa;2025-11-25 17:25:00;2025-11-26 07:21:33;4
CHM-2236165;QRT-86959;FUN-08234;Ar-condicionado;Média;2025-08-06 23:43:00;2025-08-07 04:35:05;4
CHM-3970792;QRT-84007;FUN-89330;Wi-Fi;Média;2025-03-24 11:17:00;2025-03-24 16:24:31;3
CHM-8041792;QRT-57124;FUN-86199;Limpeza Extra;Média;2025-05-01 06:54:00;2025-05-01 11:45:46;5
CHM-2513160;QRT-57763;FUN-90839;Fechadura Eletrônica;Média;2025-04-09 06:32:00;2025-04-09 12:48:29;4
CHM-1435460;QRT-59512;FUN-64706;Elétrica;Média;2025-12-11 20:40:00;2025-12-11 21:49:27;5
CHM-2056744;QRT-94756;FUN-01568;TV / Controle;Média;2025-11-12 17:32:00;2025-11-12 22:45:51;5
CHM-3404086;QRT-20055;FUN-73856;Elétrica;Alta;2025-12-17 12:39:00;2025-12-17 14:41:59;2
CHM-4465185;QRT-47802;FUN-55799;Ar-condicionado;Baixa;2026-02-22 10:57:00;2026-02-22 17:01:04;3
CHM-2783343;QRT-28319;FUN-96106;Limpeza Extra;Média;2026-05-20 11:15:00;2026-05-20 19:07:57;4
CHM-0962181;QRT-37672;FUN-64755;Wi-Fi;Média;2025-04-07 09:08:00;2025-04-07 14:13:42;5
CHM-9339478;QRT-04414;FUN-52793;Limpeza Extra;Alta;2025-12-02 18:05:00;2025-12-02 18:42:39;4
CHM-8933800;QRT-25905;FUN-69104;Limpeza Extra;Alta;2025-02-09 07:14:00;2025-02-09 07:45:25;4
CHM-9778736;QRT-24810;FUN-37715;Fechadura Eletrônica;Média;2025-05-19 10:00:00;2025-05-19 11:56:04;5
CHM-0906788;QRT-85739;FUN-52793;Limpeza Extra;Média;2025-10-28 11:27:00;2025-10-28 13:05:10;5
CHM-7408017;QRT-06113;FUN-87234;Ar-condicionado;Alta;2025-07-19 08:24:00;2025-07-19 08:50:20;3
CHM-4512329;QRT-62407;FUN-08849;Ar-condicionado;Baixa;2024-10-21 16:09:00;2024-10-22 03:45:42;5
CHM-9240186;QRT-01287;FUN-71493;Fechadura Eletrônica;Alta;2025-03-14 09:56:00;2025-03-14 11:38:17;4
CHM-0617186;QRT-71194;FUN-50800;Elétrica;Média;2025-05-19 23:36:00;2025-05-20 23:15:07;1
CHM-7860432;QRT-07031;FUN-45111;Limpeza Extra;Alta;2024-10-12 23:17:00;2024-10-13 00:28:32;5
CHM-3794850;QRT-21496;FUN-86199;Hidráulica;Baixa;2024-08-05 18:38:00;2024-08-05 22:33:04;5
CHM-5607333;QRT-92558;FUN-67282;Limpeza Extra;Alta;2026-03-19 18:23:00;2026-03-19 20:25:39;3
CHM-0875289;QRT-31930;FUN-78820;Ar-condicionado;Alta;2026-04-24 19:08:00;2026-04-24 20:31:59;5
CHM-9351646;QRT-34521;FUN-64047;Elétrica;Média;2026-02-25 18:51:00;2026-02-26 01:22:48;4
CHM-6282231;QRT-03369;FUN-10947;Wi-Fi;Baixa;2026-06-16 10:04:00;2026-06-17 03:39:45;3
CHM-6320250;QRT-26756;FUN-86199;Fechadura Eletrônica;Média;2026-06-05 14:05:00;2026-06-05 16:45:35;3
CHM-2989270;QRT-19577;FUN-74014;Elétrica;Alta;2024-10-30 07:06:00;2024-10-30 08:46:35;5
CHM-8437208;QRT-43251;FUN-76103;TV / Controle;Baixa;2024-09-08 09:01:00;2024-09-09 05:53:41;5
CHM-2139817;QRT-24337;FUN-23383;Frigobar com Defeito;Baixa;2025-03-09 23:25:00;2025-03-10 05:21:57;5
CHM-0507869;QRT-58511;FUN-73856;TV / Controle;Média;2025-04-07 21:51:00;2025-04-08 03:00:31;4
CHM-3565959;QRT-90111;FUN-50800;Ar-condicionado;Média;2025-03-06 13:08:00;2025-03-06 17:25:18;4
CHM-9920234;QRT-64260;FUN-09324;Ar-condicionado;Baixa;2026-03-06 15:19:00;2026-03-07 12:05:31;4
CHM-9041924;QRT-10817;FUN-28577;Elétrica;Alta;2024-11-29 20:45:00;2024-11-30 03:22:42;2
CHM-4508736;QRT-89443;FUN-22027;TV / Controle;Média;2026-01-09 20:57:00;2026-01-10 00:52:16;5
CHM-0437143;QRT-64332;FUN-08109;Hidráulica;Alta;2026-04-19 09:09:00;2026-04-19 12:10:54;3
CHM-3686062;QRT-85920;FUN-57664;Ar-condicionado;Média;2026-02-02 19:03:00;2026-02-02 20:49:14;4
CHM-0032310;QRT-60845;FUN-29826;Fechadura Eletrônica;Alta;2024-09-26 19:43:00;2024-09-26 21:08:33;4
CHM-8794085;QRT-43677;FUN-69104;Ar-condicionado;Média;2025-08-13 21:53:00;2025-08-14 02:45:53;5
CHM-2507984;QRT-44318;FUN-29826;TV / Controle;Alta;2025-11-10 19:50:00;2025-11-10 21:00:14;5
CHM-0889338;QRT-81045;FUN-32345;Wi-Fi;Baixa;2025-05-06 12:01:00;2025-05-06 17:12:00;5
CHM-4063989;QRT-04443;FUN-90839;Limpeza Extra;Média;2025-01-08 11:38:00;2025-01-09 02:02:38;1
CHM-9094509;QRT-81045;FUN-49170;Limpeza Extra;Baixa;2025-08-08 07:06:00;2025-08-09 04:48:34;4
CHM-0227997;QRT-01798;FUN-15867;Elétrica;Média;2025-01-27 17:26:00;2025-01-27 21:52:02;3
CHM-4258869;QRT-57181;FUN-22027;Elétrica;Média;2024-08-27 10:35:00;2024-08-27 13:18:16;3
CHM-8324502;QRT-31042;FUN-25313;Fechadura Eletrônica;Média;2025-03-08 17:03:00;2025-03-08 22:58:48;5
CHM-1667135;QRT-76445;FUN-21094;Ar-condicionado;Alta;2025-08-07 06:01:00;2025-08-07 08:14:19;2
CHM-5272935;QRT-90947;FUN-52793;TV / Controle;Média;2024-08-20 15:48:00;2024-08-20 19:23:24;4
CHM-8027205;QRT-86876;FUN-48159;Wi-Fi;Média;2024-08-07 07:45:00;2024-08-07 12:12:44;3
CHM-3260505;QRT-99814;FUN-16922;Hidráulica;Média;2025-04-21 08:03:00;2025-04-21 13:22:44;3
CHM-6315062;QRT-37672;FUN-64755;Limpeza Extra;Média;2026-04-18 18:07:00;2026-04-18 20:10:17;5
CHM-9726908;QRT-84220;FUN-37715;Wi-Fi;Baixa;2026-03-20 09:21:00;2026-03-20 13:19:17;3
CHM-8579165;QRT-54489;FUN-22027;Wi-Fi;Baixa;2025-10-18 12:02:00;2025-10-18 19:25:21;4
CHM-6829796;QRT-20896;FUN-32345;Limpeza Extra;Alta;2025-05-30 13:49:00;2025-05-30 14:19:44;5
CHM-5790032;QRT-39575;FUN-69727;TV / Controle;Média;2024-10-17 16:53:00;2024-10-17 21:42:49;4
CHM-5750688;QRT-88284;FUN-19473;Hidráulica;Baixa;2025-07-03 19:13:00;2025-07-04 23:19:51;2
CHM-9972339;QRT-90111;FUN-15867;Limpeza Extra;Alta;2024-11-27 14:42:00;2024-11-27 15:50:45;4
CHM-6290124;QRT-41316;FUN-76103;Hidráulica;Média;2025-10-18 13:24:00;2025-10-18 15:53:07;5
CHM-0709526;QRT-00699;FUN-05739;Ar-condicionado;Média;2024-12-10 18:56:00;2024-12-10 21:24:14;5
CHM-5030847;QRT-75121;FUN-29826;Wi-Fi;Baixa;2025-02-28 15:42:00;2025-03-01 01:30:55;3
CHM-6539588;QRT-76736;FUN-65780;Elétrica;Alta;2024-08-26 13:15:00;2024-08-26 16:22:40;2
CHM-1739108;QRT-41748;FUN-28577;Wi-Fi;Média;2025-08-02 07:54:00;2025-08-02 09:50:39;5
CHM-0342733;QRT-62284;FUN-47371;Limpeza Extra;Média;2025-06-29 14:15:00;2025-06-29 18:38:52;5
CHM-7413448;QRT-67310;FUN-64706;Hidráulica;Média;2024-12-30 17:21:00;2024-12-30 20:28:02;5
CHM-4392718;QRT-90947;FUN-10947;Frigobar com Defeito;Alta;2025-07-28 23:18:00;2025-07-29 00:40:55;5
CHM-2664255;QRT-94225;FUN-16922;Ar-condicionado;Baixa;2025-01-04 17:49:00;2025-01-05 03:20:03;5
CHM-4824917;QRT-51590;FUN-05739;Hidráulica;Média;2026-01-24 06:45:00;2026-01-24 11:08:31;4
CHM-2204844;QRT-74691;FUN-32345;Elétrica;Baixa;2025-03-18 06:59:00;2025-03-18 11:05:46;3
CHM-8629659;QRT-69925;FUN-08486;Elétrica;Baixa;2024-12-21 08:41:00;2024-12-21 13:25:28;5
CHM-2386256;QRT-28645;FUN-09102;Hidráulica;Média;2025-04-24 06:59:00;2025-04-24 10:38:26;5
CHM-4037965;QRT-43677;FUN-09324;Wi-Fi;Baixa;2024-09-15 20:08:00;2024-09-16 05:40:27;3
CHM-3696589;QRT-17495;FUN-67282;Ar-condicionado;Baixa;2025-07-19 13:18:00;2025-07-20 01:20:55;5
CHM-3743008;QRT-03540;FUN-25313;Hidráulica;Baixa;2025-08-27 20:56:00;2025-08-28 09:45:24;5
CHM-8449376;QRT-79165;FUN-15867;Hidráulica;Alta;2025-09-01 15:25:00;2025-09-01 17:09:02;5
CHM-6181974;QRT-03500;FUN-43763;Ar-condicionado;Alta;2024-08-25 23:53:00;2024-08-26 00:33:57;5
CHM-5407647;QRT-53868;FUN-76103;TV / Controle;Alta;2026-04-28 17:03:00;2026-04-28 17:37:46;4
CHM-1705358;QRT-26166;FUN-03036;Limpeza Extra;Alta;2025-11-02 11:19:00;2025-11-02 14:45:29;1
CHM-6268374;QRT-21077;FUN-86194;Limpeza Extra;Média;2025-09-24 17:38:00;2025-09-25 02:03:52;3
CHM-4848724;QRT-29393;FUN-52300;Wi-Fi;Média;2025-05-10 15:44:00;2025-05-10 21:27:17;4
CHM-3589340;QRT-99181;FUN-21094;Wi-Fi;Alta;2024-12-03 12:15:00;2024-12-03 13:22:54;5
CHM-0874375;QRT-34521;FUN-64047;Wi-Fi;Baixa;2025-08-14 15:52:00;2025-08-16 13:36:04;2
CHM-7404055;QRT-66932;FUN-70436;Ar-condicionado;Baixa;2026-06-10 18:00:00;2026-06-11 06:33:56;4
CHM-7894333;QRT-31340;FUN-18700;Hidráulica;Média;2025-05-25 10:56:00;2025-05-25 17:59:46;4
CHM-1812356;QRT-01345;FUN-70436;Ar-condicionado;Baixa;2026-01-20 15:18:00;2026-01-21 17:15:24;1
CHM-2433148;QRT-75043;FUN-37715;Frigobar com Defeito;Média;2024-12-01 17:20:00;2024-12-02 07:56:12;2
CHM-0872857;QRT-43580;FUN-43763;Limpeza Extra;Baixa;2024-10-21 18:17:00;2024-10-23 08:49:34;1
CHM-1237920;QRT-27723;FUN-71181;Fechadura Eletrônica;Baixa;2024-12-31 18:17:00;2025-01-01 02:01:17;5
CHM-9022035;QRT-89410;FUN-08486;Fechadura Eletrônica;Média;2025-10-24 19:48:00;2025-10-24 23:57:12;5
CHM-0176028;QRT-76445;FUN-34079;Ar-condicionado;Média;2026-02-09 09:00:00;2026-02-09 12:33:04;5
CHM-1374015;QRT-26280;FUN-43763;Ar-condicionado;Média;2024-08-20 13:58:00;2024-08-20 16:11:39;4
CHM-2322933;QRT-94991;FUN-10947;Wi-Fi;Baixa;2024-10-06 08:36:00;2024-10-06 19:18:47;5
CHM-8728154;QRT-40043;FUN-05739;Hidráulica;Média;2026-02-11 19:52:00;2026-02-11 21:28:29;5
CHM-7573111;QRT-84072;FUN-22027;Limpeza Extra;Média;2025-06-27 20:52:00;2025-06-28 01:42:06;5
CHM-0032625;QRT-78055;FUN-08109;Ar-condicionado;Média;2025-06-28 09:31:00;2025-06-28 10:04:59;5
CHM-6016487;QRT-72363;FUN-32345;Limpeza Extra;Média;2024-12-19 17:20:00;2024-12-20 00:12:19;4
CHM-3969918;QRT-00593;FUN-09324;TV / Controle;Média;2025-05-15 13:55:00;2025-05-15 15:50:35;4
CHM-1461039;QRT-30636;FUN-34873;TV / Controle;Baixa;2024-07-31 14:04:00;2024-07-31 19:32:18;5
CHM-0751768;QRT-39312;FUN-12576;Hidráulica;Média;2026-06-28 17:58:00;2026-06-29 02:00:52;3
CHM-3108525;QRT-11826;FUN-47371;TV / Controle;Alta;2025-08-30 06:22:00;2025-08-30 07:19:11;5
CHM-9129186;QRT-70680;FUN-89330;Wi-Fi;Média;2024-09-15 19:47:00;2024-09-15 23:02:56;5
CHM-2186415;QRT-94756;FUN-09102;Ar-condicionado;Alta;2024-12-19 10:33:00;2024-12-19 11:04:44;4
CHM-8732205;QRT-98065;FUN-49170;Limpeza Extra;Média;2026-02-15 18:22:00;2026-02-15 20:52:20;5
CHM-3288768;QRT-80306;FUN-52300;Frigobar com Defeito;Média;2024-07-20 15:51:00;2024-07-21 02:45:04;2
CHM-9118153;QRT-11592;FUN-18700;Frigobar com Defeito;Alta;2024-07-06 11:18:00;2024-07-06 12:37:04;5
CHM-7055157;QRT-87466;FUN-08849;Hidráulica;Alta;2026-03-05 06:15:00;2026-03-05 08:06:31;5
CHM-0502314;QRT-58898;FUN-28577;Limpeza Extra;Alta;2025-10-16 20:54:00;2025-10-16 21:15:18;5
CHM-5042129;QRT-63506;FUN-71181;Wi-Fi;Baixa;2025-11-28 19:04:00;2025-11-30 09:21:55;3
CHM-4520827;QRT-46794;FUN-57664;Limpeza Extra;Alta;2025-06-11 22:20:00;2025-06-11 23:07:26;5
CHM-1371582;QRT-23438;FUN-82886;Wi-Fi;Alta;2025-10-12 22:11:00;2025-10-12 22:37:48;5
CHM-6997186;QRT-45132;FUN-23383;Hidráulica;Média;2025-04-15 19:15:00;2025-04-15 22:23:52;4
CHM-3720017;QRT-11218;FUN-45111;Limpeza Extra;Média;2026-04-15 13:40:00;2026-04-15 21:46:28;3
CHM-0759375;QRT-85920;FUN-64755;Elétrica;Média;2026-03-04 22:11:00;2026-03-05 06:02:09;5
CHM-3312980;QRT-86536;FUN-76103;Hidráulica;Baixa;2025-02-18 16:52:00;2025-02-18 22:48:08;5
CHM-1961872;QRT-75121;FUN-69727;Wi-Fi;Média;2025-01-11 08:22:00;2025-01-11 12:33:25;5
CHM-7737901;QRT-17114;FUN-39946;Frigobar com Defeito;Média;2025-02-21 12:41:00;2025-02-21 15:43:17;4
CHM-2821778;QRT-00087;FUN-08109;Ar-condicionado;Alta;2025-04-19 18:17:00;2025-04-19 18:54:31;5
CHM-4069020;QRT-29393;FUN-66580;TV / Controle;Baixa;2025-01-17 08:59:00;2025-01-20 17:13:34;1
CHM-0079604;QRT-96617;FUN-86194;TV / Controle;Alta;2025-10-21 20:17:00;2025-10-21 21:06:14;5
CHM-4832397;QRT-03500;FUN-67282;Ar-condicionado;Média;2025-12-25 07:56:00;2025-12-25 20:25:39;3
CHM-3468780;QRT-42819;FUN-57664;Elétrica;Média;2025-01-19 19:58:00;2025-01-20 00:32:37;5
CHM-8043962;QRT-15710;FUN-57664;Elétrica;Média;2025-09-20 06:54:00;2025-09-20 10:35:33;5
CHM-2620527;QRT-20896;FUN-49170;Ar-condicionado;Baixa;2025-06-26 18:21:00;2025-06-28 09:35:30;3
CHM-9102130;QRT-88654;FUN-28577;Wi-Fi;Média;2024-08-06 11:33:00;2024-08-07 02:27:25;3
CHM-9177282;QRT-44318;FUN-29826;Elétrica;Média;2024-06-30 12:11:00;2024-06-30 15:50:37;5
CHM-1826618;QRT-98284;FUN-96106;Hidráulica;Baixa;2025-01-07 16:34:00;2025-01-09 03:32:39;3
CHM-2399069;QRT-40043;FUN-05739;Wi-Fi;Baixa;2025-07-29 16:54:00;2025-07-30 04:37:50;5
CHM-0720061;QRT-54375;FUN-66580;Ar-condicionado;Baixa;2025-05-26 15:22:00;2025-05-27 05:01:27;5
CHM-8870252;QRT-00593;FUN-86199;Fechadura Eletrônica;Média;2025-04-13 18:21:00;2025-04-14 00:04:15;5
CHM-6039552;QRT-95939;FUN-71181;Ar-condicionado;Média;2026-04-07 16:59:00;2026-04-08 01:43:50;3
CHM-6579105;QRT-96972;FUN-39946;Elétrica;Média;2025-06-15 16:31:00;2025-06-16 08:53:38;1
CHM-0281337;QRT-11649;FUN-18700;Wi-Fi;Média;2025-07-17 18:19:00;2025-07-17 20:39:59;5
CHM-0065501;QRT-09849;FUN-48683;Limpeza Extra;Alta;2024-08-27 09:31:00;2024-08-27 10:48:09;4
CHM-9229230;QRT-12236;FUN-19473;Wi-Fi;Baixa;2025-08-04 07:11:00;2025-08-04 11:26:09;4
CHM-9090081;QRT-03540;FUN-02909;Ar-condicionado;Média;2025-07-04 19:27:00;2025-07-04 22:42:51;4
CHM-3175004;QRT-92321;FUN-10947;Fechadura Eletrônica;Alta;2025-06-11 19:09:00;2025-06-11 20:27:01;5
CHM-4594196;QRT-09785;FUN-18700;Wi-Fi;Média;2025-09-01 13:21:00;2025-09-01 16:31:43;5
CHM-7636204;QRT-74690;FUN-34873;Hidráulica;Baixa;2025-09-12 20:28:00;2025-09-13 22:55:45;2
CHM-2303633;QRT-77305;FUN-48683;Limpeza Extra;Alta;2026-01-17 18:30:00;2026-01-17 20:40:08;1
CHM-8437122;QRT-16535;FUN-65780;Fechadura Eletrônica;Média;2025-10-06 13:20:00;2025-10-07 04:20:49;2
CHM-1657185;QRT-51984;FUN-74014;Frigobar com Defeito;Média;2024-12-30 06:56:00;2024-12-30 09:04:39;5
CHM-3160089;QRT-82654;FUN-71493;Ar-condicionado;Alta;2024-08-24 13:23:00;2024-08-24 15:55:53;3
CHM-5735240;QRT-84837;FUN-23383;Hidráulica;Baixa;2025-08-01 21:11:00;2025-08-02 00:32:07;5
CHM-0408403;QRT-87654;FUN-08849;Hidráulica;Alta;2024-08-08 07:38:00;2024-08-08 08:30:19;3
CHM-7776313;QRT-94862;FUN-69727;Wi-Fi;Baixa;2025-12-03 15:24:00;2025-12-03 23:24:38;4
CHM-4722837;QRT-24929;FUN-15867;Frigobar com Defeito;Baixa;2026-06-07 19:40:00;2026-06-08 17:32:04;4
CHM-2678500;QRT-83665;FUN-74014;Ar-condicionado;Alta;2026-01-15 07:08:00;2026-01-15 07:23:29;5
CHM-7753192;QRT-69411;FUN-48683;TV / Controle;Baixa;2024-10-09 23:30:00;2024-10-10 17:40:41;5
CHM-9089536;QRT-64556;FUN-12040;Limpeza Extra;Média;2025-02-16 16:40:00;2025-02-16 17:46:42;5
CHM-9959709;QRT-51351;FUN-08849;Wi-Fi;Média;2025-04-08 20:05:00;2025-04-09 01:09:51;3
CHM-5445294;QRT-54489;FUN-32345;Hidráulica;Baixa;2025-10-17 14:10:00;2025-10-18 06:01:46;4
CHM-8045895;QRT-65099;FUN-08849;Wi-Fi;Baixa;2025-02-08 20:35:00;2025-02-09 07:14:04;5
CHM-8268886;QRT-86467;FUN-23361;Limpeza Extra;Alta;2026-02-13 06:20:00;2026-02-13 08:55:40;2
CHM-7860233;QRT-59498;FUN-55799;Ar-condicionado;Alta;2025-07-20 16:30:00;2025-07-20 17:05:21;5
CHM-3478349;QRT-29485;FUN-73856;Elétrica;Alta;2026-01-23 18:48:00;2026-01-23 20:16:16;5
CHM-7102170;QRT-42444;FUN-18700;Limpeza Extra;Média;2024-08-17 12:46:00;2024-08-17 17:30:44;4
CHM-0053676;QRT-11218;FUN-89330;Limpeza Extra;Média;2025-09-10 07:43:00;2025-09-10 21:48:48;1
CHM-7093480;QRT-12236;FUN-86194;Elétrica;Alta;2024-06-30 23:32:00;2024-06-30 23:51:45;5
CHM-4960939;QRT-62284;FUN-25313;Ar-condicionado;Alta;2025-03-18 22:17:00;2025-03-19 01:53:30;2
CHM-1926191;QRT-59474;FUN-66580;Hidráulica;Média;2024-10-10 19:28:00;2024-10-11 06:30:24;3
CHM-1237949;QRT-15064;FUN-52793;Frigobar com Defeito;Média;2026-05-11 10:38:00;2026-05-11 16:30:22;4
CHM-5703693;QRT-45185;FUN-69727;Hidráulica;Baixa;2026-04-20 23:17:00;2026-04-21 13:03:50;5
CHM-1743075;QRT-46794;FUN-96106;Hidráulica;Média;2025-07-16 21:45:00;2025-07-17 00:42:17;5
CHM-8882301;QRT-16068;FUN-25313;Ar-condicionado;Baixa;2024-07-06 19:15:00;2024-07-07 05:43:18;3
CHM-8554143;QRT-93180;FUN-96106;TV / Controle;Baixa;2025-09-11 08:14:00;2025-09-11 16:30:41;3
CHM-5095934;QRT-71194;FUN-50800;Frigobar com Defeito;Alta;2025-04-01 12:00:00;2025-04-01 12:26:36;5
CHM-4794159;QRT-20896;FUN-32345;Elétrica;Média;2026-04-07 13:15:00;2026-04-07 20:39:14;4
CHM-0701456;QRT-08284;FUN-39946;Hidráulica;Baixa;2025-10-01 22:56:00;2025-10-03 02:07:09;3
CHM-5261289;QRT-33730;FUN-29826;Ar-condicionado;Média;2026-03-10 18:18:00;2026-03-11 07:59:13;3
CHM-7222599;QRT-31042;FUN-71493;Ar-condicionado;Alta;2024-12-23 15:17:00;2024-12-23 16:17:36;5
CHM-3136328;QRT-15355;FUN-57664;Ar-condicionado;Baixa;2025-01-05 07:10:00;2025-01-06 08:10:22;2
CHM-1323492;QRT-59560;FUN-69104;Hidráulica;Baixa;2025-11-26 08:24:00;2025-11-26 11:52:09;5
CHM-9585729;QRT-68692;FUN-32345;Wi-Fi;Média;2025-06-20 13:26:00;2025-06-20 17:28:11;5
CHM-5716159;QRT-23438;FUN-09102;Frigobar com Defeito;Baixa;2025-03-02 19:29:00;2025-03-03 06:33:22;4
CHM-9230074;QRT-26280;FUN-49013;Wi-Fi;Média;2026-04-04 11:48:00;2026-04-04 17:19:05;5
CHM-5018332;QRT-39888;FUN-67710;TV / Controle;Média;2025-06-27 15:48:00;2025-06-27 18:00:22;5
CHM-4391519;QRT-60979;FUN-81524;Elétrica;Média;2026-05-28 07:55:00;2026-05-28 11:02:12;4
CHM-7967647;QRT-32164;FUN-83865;Limpeza Extra;Média;2025-08-19 20:55:00;2025-08-19 23:22:43;4
CHM-5652709;QRT-56321;FUN-45111;Hidráulica;Alta;2024-10-24 20:55:00;2024-10-24 23:05:20;2
CHM-3955558;QRT-86959;FUN-01568;TV / Controle;Baixa;2024-12-20 19:24:00;2024-12-21 07:35:47;4
CHM-9457992;QRT-74465;FUN-12576;TV / Controle;Alta;2026-04-23 19:12:00;2026-04-23 20:19:58;3
CHM-6907582;QRT-84220;FUN-39946;TV / Controle;Alta;2025-09-29 16:09:00;2025-09-29 16:45:20;4
CHM-4946504;QRT-42819;FUN-22027;Ar-condicionado;Baixa;2026-03-26 21:18:00;2026-03-27 22:45:10;3
CHM-8912898;QRT-00699;FUN-96106;Ar-condicionado;Alta;2025-09-24 19:36:00;2025-09-24 21:10:17;5
CHM-6933686;QRT-34521;FUN-49013;Hidráulica;Média;2026-04-09 06:04:00;2026-04-09 10:34:39;5
CHM-3639849;QRT-00699;FUN-96106;Wi-Fi;Alta;2026-01-29 21:55:00;2026-01-29 22:29:31;3
CHM-0345884;QRT-56980;FUN-64755;Hidráulica;Baixa;2025-07-01 09:12:00;2025-07-01 23:51:14;4
CHM-5185946;QRT-12236;FUN-65780;Wi-Fi;Média;2026-05-21 20:50:00;2026-05-22 03:45:29;5
CHM-4884461;QRT-99181;FUN-13975;Limpeza Extra;Média;2026-03-20 08:16:00;2026-03-20 20:17:48;2
CHM-2872631;QRT-61287;FUN-25313;Limpeza Extra;Média;2025-03-24 13:16:00;2025-03-24 21:17:38;2
CHM-1231554;QRT-75123;FUN-34873;Ar-condicionado;Média;2025-02-11 11:07:00;2025-02-11 14:13:08;4
CHM-3241764;QRT-26716;FUN-69104;Hidráulica;Média;2025-02-07 12:43:00;2025-02-07 13:44:27;5
CHM-9841152;QRT-06113;FUN-03036;Fechadura Eletrônica;Baixa;2024-08-14 16:35:00;2024-08-15 13:14:06;4
CHM-4004421;QRT-13758;FUN-02909;TV / Controle;Média;2026-01-27 22:05:00;2026-01-27 23:49:17;5
CHM-8188855;QRT-66932;FUN-13975;Hidráulica;Baixa;2024-07-08 10:26:00;2024-07-08 22:29:11;5
CHM-1332081;QRT-09419;FUN-08486;Fechadura Eletrônica;Alta;2025-05-07 11:23:00;2025-05-07 12:42:16;5
CHM-5330383;QRT-86536;FUN-89330;Wi-Fi;Alta;2025-12-15 08:49:00;2025-12-15 09:43:19;5
CHM-5782505;QRT-14624;FUN-34873;Hidráulica;Média;2025-05-16 18:10:00;2025-05-16 23:42:57;4
CHM-2651161;QRT-37477;FUN-49013;Elétrica;Média;2025-10-29 21:54:00;2025-10-29 23:05:12;5
CHM-4668595;QRT-88939;FUN-52793;Hidráulica;Alta;2025-12-20 07:02:00;2025-12-20 08:07:38;5
CHM-7776553;QRT-66602;FUN-12040;Ar-condicionado;Média;2024-12-29 11:44:00;2024-12-30 01:26:53;2
CHM-5298612;QRT-90111;FUN-15867;Hidráulica;Média;2026-01-10 17:11:00;2026-01-10 20:31:46;5
CHM-6589979;QRT-96428;FUN-74014;Ar-condicionado;Alta;2026-02-24 10:22:00;2026-02-24 12:25:25;2
CHM-4655150;QRT-66125;FUN-34079;Elétrica;Média;2026-04-24 07:55:00;2026-04-24 11:09:37;5
CHM-3373243;QRT-91810;FUN-86199;Ar-condicionado;Alta;2024-09-17 20:39:00;2024-09-17 21:23:39;4
CHM-0818153;QRT-94431;FUN-96106;Wi-Fi;Baixa;2026-06-12 06:28:00;2026-06-12 14:34:17;5
CHM-7028183;QRT-38689;FUN-12040;Elétrica;Média;2026-01-20 13:53:00;2026-01-20 15:20:56;5
CHM-6671056;QRT-40043;FUN-64755;TV / Controle;Baixa;2024-08-07 08:10:00;2024-08-08 01:05:56;5
CHM-2996030;QRT-18824;FUN-47371;Elétrica;Média;2026-04-28 19:10:00;2026-04-28 22:59:52;4
CHM-3701707;QRT-25905;FUN-82886;Limpeza Extra;Baixa;2025-06-20 16:54:00;2025-06-20 22:46:50;5
CHM-6486781;QRT-08284;FUN-08486;Elétrica;Baixa;2025-05-20 10:00:00;2025-05-20 17:53:39;4
CHM-4055709;QRT-41748;FUN-23383;Ar-condicionado;Alta;2024-10-16 20:33:00;2024-10-16 20:50:35;5
CHM-0007538;QRT-76445;FUN-87234;Limpeza Extra;Alta;2026-01-27 15:23:00;2026-01-27 16:47:28;4
CHM-7177101;QRT-07517;FUN-71493;Hidráulica;Baixa;2025-08-13 20:44:00;2025-08-14 06:08:07;4
CHM-4717762;QRT-42355;FUN-23286;Fechadura Eletrônica;Média;2025-04-14 09:27:00;2025-04-14 12:57:03;4
CHM-1214839;QRT-31340;FUN-66580;TV / Controle;Média;2025-06-19 08:52:00;2025-06-19 15:32:27;5
CHM-4873543;QRT-10817;FUN-04670;Wi-Fi;Alta;2025-08-02 10:54:00;2025-08-02 13:12:26;3
CHM-1363310;QRT-88400;FUN-49013;Wi-Fi;Média;2025-11-03 10:25:00;2025-11-03 21:17:12;1
CHM-3343436;QRT-55333;FUN-92311;Wi-Fi;Média;2025-09-04 11:45:00;2025-09-04 18:11:37;5
CHM-4711569;QRT-62407;FUN-47371;Frigobar com Defeito;Média;2026-03-14 12:48:00;2026-03-14 15:59:43;5
CHM-3240637;QRT-42908;FUN-07814;TV / Controle;Média;2025-03-26 16:43:00;2025-03-26 18:26:18;5
CHM-4189173;QRT-09419;FUN-37715;Hidráulica;Média;2025-08-11 23:56:00;2025-08-12 12:54:24;1
CHM-7943909;QRT-27574;FUN-45111;Hidráulica;Baixa;2026-01-03 15:09:00;2026-01-04 17:07:43;2
CHM-0053242;QRT-63609;FUN-52300;Frigobar com Defeito;Média;2024-07-01 08:34:00;2024-07-01 10:49:11;5
CHM-8730672;QRT-83689;FUN-22027;Wi-Fi;Alta;2025-12-21 21:52:00;2025-12-22 00:26:34;1
CHM-9540783;QRT-08799;FUN-96106;Hidráulica;Alta;2025-06-17 14:56:00;2025-06-17 16:43:22;5
CHM-7733094;QRT-27391;FUN-52300;Elétrica;Média;2025-01-08 09:43:00;2025-01-08 12:09:52;5
CHM-0879449;QRT-81775;FUN-64047;Ar-condicionado;Média;2026-01-30 11:18:00;2026-01-30 13:20:03;5
CHM-6978733;QRT-81045;FUN-57664;Wi-Fi;Baixa;2026-04-14 21:22:00;2026-04-16 14:40:44;3
CHM-6785817;QRT-90111;FUN-50800;Limpeza Extra;Média;2026-01-25 08:28:00;2026-01-25 11:12:56;4
CHM-2079077;QRT-09047;FUN-21094;Hidráulica;Alta;2025-05-18 16:47:00;2025-05-18 18:51:23;2
CHM-5538193;QRT-20896;FUN-57664;Wi-Fi;Média;2026-05-03 08:34:00;2026-05-03 14:21:05;3
CHM-5073615;QRT-21677;FUN-22607;Limpeza Extra;Média;2024-08-31 23:04:00;2024-09-01 00:01:08;4
CHM-9075537;QRT-73451;FUN-34873;TV / Controle;Alta;2026-05-01 19:03:00;2026-05-01 20:20:50;5
CHM-3623754;QRT-37220;FUN-88121;Ar-condicionado;Baixa;2024-08-09 09:47:00;2024-08-09 22:56:47;4
CHM-3624513;QRT-06113;FUN-34079;Wi-Fi;Média;2025-09-27 17:04:00;2025-09-28 04:23:11;1
CHM-3302832;QRT-06113;FUN-03036;Wi-Fi;Baixa;2026-03-11 22:48:00;2026-03-12 23:30:49;3
CHM-0453078;QRT-47628;FUN-45111;Fechadura Eletrônica;Alta;2025-07-17 23:28:00;2025-07-18 00:36:03;5
CHM-8347843;QRT-58511;FUN-67710;Fechadura Eletrônica;Média;2026-04-15 12:55:00;2026-04-16 00:29:10;2
CHM-6544630;QRT-11649;FUN-18700;Ar-condicionado;Baixa;2024-11-10 06:25:00;2024-11-10 15:16:35;3
CHM-4916444;QRT-86536;FUN-52300;Hidráulica;Alta;2025-01-23 20:45:00;2025-01-23 21:51:29;4
CHM-4538102;QRT-72078;FUN-22027;Ar-condicionado;Alta;2025-09-25 09:44:00;2025-09-25 11:04:35;3
CHM-7713915;QRT-75780;FUN-69727;TV / Controle;Média;2025-12-20 07:23:00;2025-12-20 08:51:49;5
CHM-8332946;QRT-58808;FUN-92311;Hidráulica;Alta;2024-10-21 19:57:00;2024-10-21 20:54:40;5
CHM-1325487;QRT-02711;FUN-32345;Ar-condicionado;Alta;2025-06-21 14:37:00;2025-06-21 15:02:28;4
CHM-2171418;QRT-85920;FUN-57664;Wi-Fi;Alta;2025-09-13 11:53:00;2025-09-13 12:39:07;4
CHM-1610088;QRT-57190;FUN-12576;Limpeza Extra;Baixa;2025-01-01 19:18:00;2025-01-01 22:10:07;4
CHM-7026311;QRT-61287;FUN-25313;Wi-Fi;Média;2025-02-08 17:52:00;2025-02-08 19:12:44;5
CHM-1696027;QRT-89068;FUN-39946;Frigobar com Defeito;Média;2025-06-23 20:28:00;2025-06-24 08:51:02;2
CHM-2901803;QRT-01562;FUN-67710;Elétrica;Média;2024-12-25 21:25:00;2024-12-26 08:27:13;2
CHM-3943680;QRT-00593;FUN-08234;Hidráulica;Média;2025-10-25 17:54:00;2025-10-25 22:01:44;5
CHM-6322605;QRT-72144;FUN-23383;Limpeza Extra;Média;2025-01-20 17:22:00;2025-01-20 22:31:50;5
CHM-1260393;QRT-92177;FUN-88121;Wi-Fi;Média;2025-02-11 15:44:00;2025-02-11 17:42:24;5
CHM-1154860;QRT-01287;FUN-08849;Frigobar com Defeito;Média;2025-04-05 17:31:00;2025-04-05 18:37:38;5
CHM-4331265;QRT-63506;FUN-71181;Limpeza Extra;Alta;2026-05-13 08:02:00;2026-05-13 10:19:41;3
CHM-2222358;QRT-63998;FUN-64706;Wi-Fi;Média;2026-06-15 19:53:00;2026-06-16 02:23:00;4
CHM-9124843;QRT-55192;FUN-07814;TV / Controle;Alta;2025-01-15 15:28:00;2025-01-15 16:06:07;5
CHM-8725371;QRT-38783;FUN-29826;Hidráulica;Média;2026-06-11 19:42:00;2026-06-11 21:49:53;4
CHM-5793270;QRT-66101;FUN-71493;Ar-condicionado;Média;2026-04-27 23:29:00;2026-04-28 04:29:39;5
CHM-6934671;QRT-06780;FUN-52793;Ar-condicionado;Baixa;2024-11-23 15:24:00;2024-11-24 05:19:51;4
CHM-3181571;QRT-68610;FUN-28577;Ar-condicionado;Baixa;2025-01-12 18:12:00;2025-01-13 16:14:11;4
CHM-8941872;QRT-92955;FUN-13975;Ar-condicionado;Média;2024-09-16 11:00:00;2024-09-16 13:46:03;4
CHM-2208258;QRT-53432;FUN-09102;Limpeza Extra;Alta;2026-06-03 23:08:00;2026-06-03 23:45:19;4
CHM-2165867;QRT-98065;FUN-49170;Wi-Fi;Média;2025-12-21 07:20:00;2025-12-21 09:46:34;3
CHM-4708745;QRT-39575;FUN-15867;Elétrica;Baixa;2024-08-07 10:13:00;2024-08-10 07:43:44;2
CHM-1394308;QRT-94756;FUN-01568;Limpeza Extra;Média;2026-01-17 21:34:00;2026-01-18 00:54:10;4
CHM-3142117;QRT-84837;FUN-04670;Wi-Fi;Baixa;2025-08-23 17:20:00;2025-08-24 08:35:42;5
CHM-7685546;QRT-87654;FUN-47371;Ar-condicionado;Baixa;2024-11-14 22:58:00;2024-11-15 02:37:50;5
CHM-5661649;QRT-07215;FUN-64755;Wi-Fi;Média;2024-10-05 18:16:00;2024-10-05 21:09:38;5
CHM-8342432;QRT-42497;FUN-69104;Hidráulica;Alta;2024-12-17 21:36:00;2024-12-17 22:24:48;5
CHM-5695738;QRT-89068;FUN-52793;Hidráulica;Média;2024-09-27 10:24:00;2024-09-28 03:47:27;3
CHM-8541012;QRT-76281;FUN-74014;Elétrica;Baixa;2025-03-28 10:58:00;2025-03-29 20:36:38;2
CHM-4405190;QRT-15228;FUN-43763;Frigobar com Defeito;Média;2026-01-28 16:39:00;2026-01-28 18:08:02;5
CHM-7388406;QRT-71194;FUN-48683;Wi-Fi;Média;2025-10-11 15:28:00;2025-10-11 22:51:49;3
CHM-0454259;QRT-73232;FUN-64706;Ar-condicionado;Média;2026-06-11 19:38:00;2026-06-11 22:42:29;4
CHM-3481570;QRT-22178;FUN-83865;Ar-condicionado;Média;2024-08-14 10:05:00;2024-08-14 13:37:37;4
CHM-5655408;QRT-24929;FUN-34873;Elétrica;Baixa;2026-05-02 14:37:00;2026-05-02 19:27:32;5
CHM-9415873;QRT-55192;FUN-52300;Ar-condicionado;Baixa;2025-06-19 23:00:00;2025-06-20 10:58:00;5
CHM-9902844;QRT-21077;FUN-65780;Ar-condicionado;Média;2025-02-18 07:24:00;2025-02-18 10:59:52;5
CHM-8586745;QRT-49389;FUN-35080;TV / Controle;Alta;2025-02-17 12:39:00;2025-02-17 12:54:21;4
CHM-3291788;QRT-86467;FUN-66580;TV / Controle;Baixa;2025-02-22 07:23:00;2025-02-23 04:43:44;5
CHM-3342222;QRT-95776;FUN-92045;Hidráulica;Média;2025-05-03 17:28:00;2025-05-04 01:23:22;5
CHM-1883589;QRT-54116;FUN-50800;TV / Controle;Alta;2024-09-06 21:01:00;2024-09-06 21:48:22;5
CHM-1843497;QRT-27391;FUN-07814;Elétrica;Média;2025-03-21 07:31:00;2025-03-21 14:11:53;4
CHM-9047168;QRT-08284;FUN-74014;Frigobar com Defeito;Média;2025-01-25 17:16:00;2025-01-26 02:24:28;2
CHM-0686659;QRT-47759;FUN-89330;Limpeza Extra;Alta;2026-01-01 20:24:00;2026-01-01 20:56:43;4
CHM-9173306;QRT-28212;FUN-64755;Frigobar com Defeito;Média;2026-06-20 17:29:00;2026-06-20 18:49:30;4
CHM-7441689;QRT-99264;FUN-45111;Limpeza Extra;Média;2025-03-25 14:00:00;2025-03-25 19:52:34;5
CHM-5369761;QRT-04025;FUN-67710;Ar-condicionado;Média;2026-01-03 19:09:00;2026-01-04 01:13:32;4
CHM-9663401;QRT-51351;FUN-47371;Ar-condicionado;Média;2025-12-14 23:19:00;2025-12-15 13:56:37;1
CHM-4038662;QRT-28212;FUN-22027;Elétrica;Média;2025-07-10 12:54:00;2025-07-10 16:50:35;3
CHM-0750884;QRT-95712;FUN-19473;Ar-condicionado;Baixa;2025-08-29 13:58:00;2025-08-30 08:23:51;4
CHM-5491111;QRT-32164;FUN-16922;Ar-condicionado;Baixa;2025-10-29 15:59:00;2025-10-30 01:11:39;3
CHM-8525982;QRT-07215;FUN-96106;Ar-condicionado;Alta;2026-04-13 09:56:00;2026-04-13 10:30:37;5
CHM-0667207;QRT-69411;FUN-69727;Ar-condicionado;Baixa;2024-11-11 21:23:00;2024-11-12 23:28:44;2
CHM-6255300;QRT-76445;FUN-08828;Hidráulica;Baixa;2026-03-30 22:06:00;2026-03-31 21:15:18;5
CHM-5733760;QRT-76736;FUN-65780;Fechadura Eletrônica;Alta;2026-03-27 12:47:00;2026-03-27 13:10:02;5
CHM-5906833;QRT-71194;FUN-69727;Limpeza Extra;Média;2025-10-05 23:02:00;2025-10-06 03:47:37;5
CHM-9049705;QRT-25571;FUN-15784;Ar-condicionado;Baixa;2025-07-05 16:34:00;2025-07-06 01:10:25;4
CHM-7177092;QRT-72078;FUN-32345;Limpeza Extra;Média;2026-06-03 17:03:00;2026-06-04 00:30:25;5
CHM-9280926;QRT-84941;FUN-41540;Fechadura Eletrônica;Média;2025-05-15 10:42:00;2025-05-15 14:26:51;4
CHM-2161776;QRT-72908;FUN-37715;Ar-condicionado;Alta;2025-07-11 22:10:00;2025-07-11 23:14:13;3
CHM-0789658;QRT-34521;FUN-49013;Hidráulica;Baixa;2025-06-21 15:41:00;2025-06-22 16:14:21;3
CHM-7787079;QRT-85329;FUN-90839;Elétrica;Média;2025-04-04 07:17:00;2025-04-04 13:50:24;3
CHM-3873647;QRT-66170;FUN-36473;Ar-condicionado;Média;2026-01-04 16:07:00;2026-01-04 17:55:24;5
CHM-3616520;QRT-29980;FUN-22027;Frigobar com Defeito;Baixa;2025-03-22 11:54:00;2025-03-23 01:33:31;5
CHM-7028135;QRT-31095;FUN-92311;Frigobar com Defeito;Média;2026-03-24 18:37:00;2026-03-24 23:24:00;5
CHM-7990717;QRT-60661;FUN-10947;Hidráulica;Alta;2026-04-09 12:21:00;2026-04-09 12:54:23;4
CHM-2856812;QRT-28212;FUN-32345;Limpeza Extra;Baixa;2024-09-15 18:06:00;2024-09-16 11:35:25;3
CHM-4471238;QRT-75221;FUN-34873;Wi-Fi;Alta;2026-03-21 23:51:00;2026-03-22 01:30:01;5
CHM-6945513;QRT-68692;FUN-57664;Limpeza Extra;Média;2024-10-31 18:13:00;2024-10-31 19:41:09;5
CHM-3298189;QRT-63609;FUN-18700;Fechadura Eletrônica;Baixa;2025-09-06 21:11:00;2025-09-07 05:23:29;5
CHM-3275558;QRT-04283;FUN-08486;Hidráulica;Baixa;2026-05-11 22:44:00;2026-05-12 14:39:36;5
CHM-6511481;QRT-66307;FUN-45111;Wi-Fi;Alta;2024-12-11 08:30:00;2024-12-11 09:56:05;5
CHM-3095507;QRT-17495;FUN-49013;Ar-condicionado;Baixa;2025-12-12 10:56:00;2025-12-12 22:27:08;5
CHM-2073491;QRT-48327;FUN-08234;Limpeza Extra;Baixa;2025-04-09 09:51:00;2025-04-10 12:03:04;2
CHM-2143628;QRT-41934;FUN-96106;Wi-Fi;Média;2025-03-14 06:06:00;2025-03-14 10:44:30;4
CHM-8503487;QRT-28645;FUN-90839;Wi-Fi;Alta;2026-04-13 17:32:00;2026-04-13 18:32:42;5
CHM-2269612;QRT-61962;FUN-96106;Limpeza Extra;Alta;2025-09-12 19:50:00;2025-09-12 21:37:49;3
CHM-8643378;QRT-49331;FUN-22607;Hidráulica;Média;2024-09-09 06:50:00;2024-09-10 01:54:47;1
CHM-0570791;QRT-14624;FUN-50800;TV / Controle;Média;2025-05-28 22:53:00;2025-05-29 03:59:52;5
CHM-9784444;QRT-56980;FUN-96106;Frigobar com Defeito;Média;2026-05-19 13:05:00;2026-05-19 17:40:16;5
CHM-8019863;QRT-87593;FUN-65780;Ar-condicionado;Média;2024-10-09 07:18:00;2024-10-09 09:59:22;5
CHM-9283048;QRT-18801;FUN-08486;Wi-Fi;Baixa;2024-09-04 13:26:00;2024-09-05 00:23:20;4
CHM-5083738;QRT-96428;FUN-12576;Hidráulica;Alta;2026-04-03 20:11:00;2026-04-03 20:32:05;5
CHM-5694960;QRT-71975;FUN-67282;Frigobar com Defeito;Baixa;2024-09-16 15:02:00;2024-09-17 03:57:24;4
CHM-9025634;QRT-47759;FUN-23361;Ar-condicionado;Baixa;2025-03-05 15:39:00;2025-03-06 00:29:23;5
CHM-5289839;QRT-29015;FUN-48683;Hidráulica;Baixa;2025-07-11 15:51:00;2025-07-12 02:17:49;4
CHM-1516573;QRT-06113;FUN-55799;Fechadura Eletrônica;Alta;2024-11-08 23:40:00;2024-11-09 01:27:19;4
CHM-6904777;QRT-88906;FUN-48159;Ar-condicionado;Média;2025-07-03 13:54:00;2025-07-03 19:08:02;5
CHM-6564993;QRT-65918;FUN-16922;Ar-condicionado;Média;2026-03-15 13:48:00;2026-03-16 00:35:41;2
CHM-6313174;QRT-57763;FUN-90839;Frigobar com Defeito;Média;2026-06-11 19:29:00;2026-06-12 07:00:39;1
CHM-1127106;QRT-51590;FUN-96106;Elétrica;Alta;2025-09-01 12:38:00;2025-09-01 13:34:32;5
CHM-9906389;QRT-98284;FUN-49170;Hidráulica;Média;2024-11-04 06:44:00;2024-11-04 14:16:43;5
CHM-1313206;QRT-10397;FUN-65780;TV / Controle;Média;2024-11-21 09:49:00;2024-11-21 15:23:53;4
CHM-5551957;QRT-94756;FUN-09324;Limpeza Extra;Baixa;2026-04-30 07:59:00;2026-05-01 04:58:50;5
CHM-8475725;QRT-66092;FUN-01568;Elétrica;Alta;2025-06-14 11:44:00;2025-06-14 13:02:31;5
CHM-4259677;QRT-83424;FUN-71493;Ar-condicionado;Média;2026-01-30 10:48:00;2026-01-30 13:54:03;4
CHM-4495583;QRT-10817;FUN-48159;Ar-condicionado;Baixa;2025-02-14 10:12:00;2025-02-15 02:24:46;5
CHM-6517008;QRT-03930;FUN-71493;Wi-Fi;Baixa;2025-06-25 17:18:00;2025-06-26 02:12:22;4
CHM-9491460;QRT-65173;FUN-28577;Ar-condicionado;Média;2025-01-09 16:35:00;2025-01-10 07:42:16;3
CHM-2120950;QRT-94991;FUN-08486;Ar-condicionado;Média;2026-04-14 18:36:00;2026-04-15 02:41:40;3
CHM-7622344;QRT-70536;FUN-64706;Fechadura Eletrônica;Baixa;2025-11-13 19:43:00;2025-11-18 21:38:49;2
CHM-3561491;QRT-04542;FUN-90839;Hidráulica;Baixa;2025-08-20 19:09:00;2025-08-21 06:53:03;3
CHM-9676832;QRT-72908;FUN-12576;Frigobar com Defeito;Alta;2024-11-13 14:17:00;2024-11-13 16:32:14;2
CHM-2441883;QRT-37220;FUN-67282;Wi-Fi;Média;2026-04-03 12:24:00;2026-04-04 06:46:28;1
CHM-8126636;QRT-11654;FUN-71493;Ar-condicionado;Alta;2024-09-17 15:10:00;2024-09-17 16:30:35;5
CHM-7811383;QRT-66125;FUN-92045;Fechadura Eletrônica;Baixa;2026-04-18 10:23:00;2026-04-19 00:12:45;4
CHM-6160170;QRT-73451;FUN-29826;TV / Controle;Alta;2025-09-14 08:52:00;2025-09-14 09:43:39;5
CHM-7062821;QRT-93908;FUN-34873;TV / Controle;Média;2025-03-30 12:05:00;2025-03-30 14:25:51;5
CHM-8522250;QRT-99814;FUN-16922;Ar-condicionado;Média;2025-06-29 10:46:00;2025-06-29 19:31:24;3
CHM-6550647;QRT-26716;FUN-09324;Wi-Fi;Média;2025-02-12 18:06:00;2025-02-13 00:38:49;5
CHM-7172529;QRT-07215;FUN-64755;Wi-Fi;Média;2025-02-11 06:32:00;2025-02-11 16:27:52;1
CHM-2209372;QRT-58808;FUN-04670;Elétrica;Média;2025-08-30 14:38:00;2025-08-31 00:59:57;3
CHM-2514217;QRT-92377;FUN-47371;Wi-Fi;Baixa;2026-05-17 08:02:00;2026-05-17 12:29:24;4
CHM-9575364;QRT-27540;FUN-83865;Fechadura Eletrônica;Baixa;2025-11-08 10:01:00;2025-11-09 01:13:23;5
CHM-9162059;QRT-40957;FUN-19473;Hidráulica;Média;2024-10-01 14:10:00;2024-10-01 19:19:01;5
CHM-0709912;QRT-37131;FUN-12040;Frigobar com Defeito;Baixa;2026-06-07 22:49:00;2026-06-08 18:22:45;5
CHM-8781468;QRT-88400;FUN-43763;Limpeza Extra;Média;2024-08-13 11:41:00;2024-08-13 13:49:42;4
CHM-2245510;QRT-47759;FUN-18700;Fechadura Eletrônica;Baixa;2025-03-04 20:44:00;2025-03-05 15:28:12;3
CHM-3936766;QRT-08549;FUN-69104;Ar-condicionado;Alta;2025-08-23 13:15:00;2025-08-23 14:07:40;5
CHM-5799891;QRT-02047;FUN-23286;Limpeza Extra;Média;2024-12-03 11:54:00;2024-12-03 14:44:59;5
CHM-2963470;QRT-48634;FUN-04670;Elétrica;Média;2025-07-03 18:45:00;2025-07-03 21:32:43;5
CHM-4528732;QRT-63998;FUN-88121;Hidráulica;Baixa;2025-03-06 20:06:00;2025-03-07 02:04:22;5
CHM-3473694;QRT-26280;FUN-67282;Fechadura Eletrônica;Baixa;2024-10-13 21:28:00;2024-10-14 18:41:27;4
CHM-1443354;QRT-09395;FUN-88121;Wi-Fi;Média;2025-11-12 17:01:00;2025-11-12 17:41:14;4
CHM-3866991;QRT-09047;FUN-87234;Limpeza Extra;Alta;2024-08-27 19:25:00;2024-08-27 21:08:33;5
CHM-3240925;QRT-03049;FUN-83865;Fechadura Eletrônica;Baixa;2026-03-06 11:22:00;2026-03-07 00:41:09;4
CHM-5200385;QRT-86201;FUN-15867;Ar-condicionado;Média;2025-06-16 21:39:00;2025-06-17 01:07:43;5
CHM-9074389;QRT-03049;FUN-83865;Elétrica;Baixa;2024-11-18 09:03:00;2024-11-19 10:18:53;1
CHM-0340326;QRT-72363;FUN-49170;Ar-condicionado;Alta;2026-06-25 20:20:00;2026-06-25 20:59:13;5
CHM-9915374;QRT-63645;FUN-96106;Limpeza Extra;Média;2024-10-31 15:50:00;2024-10-31 18:32:46;4
CHM-1327692;QRT-07215;FUN-05739;Wi-Fi;Baixa;2025-06-08 16:22:00;2025-06-08 22:17:17;5
CHM-1059885;QRT-37477;FUN-67282;Wi-Fi;Média;2025-04-02 09:55:00;2025-04-02 11:33:45;3
CHM-1985480;QRT-92384;FUN-96106;Limpeza Extra;Média;2025-01-07 22:17:00;2025-01-08 02:33:41;3
CHM-0931403;QRT-75289;FUN-22027;Ar-condicionado;Alta;2025-02-04 11:40:00;2025-02-04 16:37:07;2
CHM-5268031;QRT-69520;FUN-70436;TV / Controle;Baixa;2026-02-22 16:40:00;2026-02-23 01:43:55;5
CHM-2730699;QRT-31340;FUN-81524;Elétrica;Média;2026-05-18 18:08:00;2026-05-18 23:43:47;5
CHM-6210797;QRT-98042;FUN-73856;Limpeza Extra;Média;2024-08-05 07:12:00;2024-08-05 08:43:01;4
CHM-7156164;QRT-20896;FUN-32345;Hidráulica;Baixa;2026-03-18 08:56:00;2026-03-18 22:30:08;5
CHM-8762455;QRT-11649;FUN-45111;Hidráulica;Média;2025-03-20 20:57:00;2025-03-21 02:07:32;4
CHM-7132574;QRT-11654;FUN-47371;Frigobar com Defeito;Média;2025-02-15 13:23:00;2025-02-15 20:59:54;5
CHM-5538389;QRT-51351;FUN-25313;Hidráulica;Baixa;2025-05-18 19:51:00;2025-05-19 01:07:02;5
CHM-0876764;QRT-99673;FUN-64706;Elétrica;Baixa;2025-03-24 21:54:00;2025-03-26 01:23:17;2
CHM-2507678;QRT-08284;FUN-37715;Ar-condicionado;Baixa;2024-09-15 14:56:00;2024-09-15 20:06:26;4
CHM-6163304;QRT-92955;FUN-92045;Wi-Fi;Baixa;2025-03-07 19:33:00;2025-03-11 02:30:40;1
CHM-2231472;QRT-51984;FUN-74014;Elétrica;Alta;2025-02-22 21:52:00;2025-02-22 22:53:43;5
CHM-7890002;QRT-47628;FUN-23361;Ar-condicionado;Alta;2025-02-20 17:10:00;2025-02-20 22:20:50;3
CHM-5959810;QRT-64260;FUN-41540;Elétrica;Média;2025-08-07 23:05:00;2025-08-08 13:11:09;2
CHM-9936989;QRT-21167;FUN-96354;Ar-condicionado;Baixa;2025-12-11 12:32:00;2025-12-11 20:19:25;3
CHM-8973083;QRT-68160;FUN-21094;Wi-Fi;Média;2025-02-17 07:23:00;2025-02-17 09:03:55;5
CHM-0581973;QRT-70536;FUN-88121;Hidráulica;Alta;2025-12-22 19:07:00;2025-12-22 20:19:38;5
CHM-4265797;QRT-81819;FUN-87234;Wi-Fi;Média;2025-10-25 19:33:00;2025-10-25 21:51:28;4
CHM-8315229;QRT-88939;FUN-71181;Wi-Fi;Baixa;2024-11-02 09:02:00;2024-11-04 01:08:52;2
CHM-4838516;QRT-03369;FUN-08486;Frigobar com Defeito;Baixa;2024-11-03 23:22:00;2024-11-05 22:40:10;1
CHM-1963375;QRT-09785;FUN-66580;Limpeza Extra;Baixa;2025-07-04 20:45:00;2025-07-05 10:20:49;5
CHM-3304309;QRT-63645;FUN-22027;Hidráulica;Média;2025-02-24 15:15:00;2025-02-24 21:30:38;4
CHM-2398683;QRT-95618;FUN-01568;Hidráulica;Média;2025-01-05 08:14:00;2025-01-05 12:45:52;5
CHM-0397419;QRT-53040;FUN-48159;Wi-Fi;Média;2024-12-01 06:07:00;2024-12-01 07:11:26;3
CHM-3757762;QRT-84941;FUN-01568;Elétrica;Alta;2025-12-22 14:12:00;2025-12-22 18:18:51;1
CHM-6323052;QRT-73232;FUN-88121;Hidráulica;Baixa;2025-01-16 20:42:00;2025-01-17 02:13:47;5
CHM-6702133;QRT-90762;FUN-05739;Frigobar com Defeito;Média;2024-09-23 23:01:00;2024-09-24 01:52:01;5
CHM-8900451;QRT-20026;FUN-21094;Fechadura Eletrônica;Alta;2025-02-04 13:54:00;2025-02-04 16:42:57;3
CHM-0735223;QRT-04414;FUN-12576;Limpeza Extra;Baixa;2026-06-02 10:07:00;2026-06-02 13:56:24;3
CHM-2575769;QRT-43677;FUN-94946;Limpeza Extra;Média;2024-10-01 16:13:00;2024-10-01 20:26:45;4
CHM-4006466;QRT-66307;FUN-45111;Frigobar com Defeito;Baixa;2024-11-05 08:46:00;2024-11-05 16:46:53;5
CHM-4981315;QRT-75221;FUN-48683;TV / Controle;Baixa;2024-11-08 07:14:00;2024-11-09 01:01:15;5
CHM-3096977;QRT-24929;FUN-34873;Elétrica;Média;2025-12-19 20:28:00;2025-12-20 00:19:38;5
CHM-2425025;QRT-37672;FUN-32345;Ar-condicionado;Alta;2025-01-22 22:15:00;2025-01-23 00:57:21;1
CHM-4710767;QRT-98284;FUN-32345;Elétrica;Média;2024-12-02 12:59:00;2024-12-02 22:52:45;2
CHM-2690599;QRT-38689;FUN-23383;Ar-condicionado;Média;2025-10-26 13:05:00;2025-10-27 00:45:22;2
CHM-6452660;QRT-80227;FUN-96106;Limpeza Extra;Baixa;2024-07-18 22:47:00;2024-07-20 03:00:56;2
CHM-7538678;QRT-00699;FUN-22027;Ar-condicionado;Baixa;2025-04-21 08:34:00;2025-04-22 10:56:47;3
CHM-3300359;QRT-73974;FUN-18700;Limpeza Extra;Alta;2025-12-18 23:47:00;2025-12-19 00:11:40;5
CHM-4779640;QRT-82654;FUN-25313;Elétrica;Alta;2025-11-17 21:42:00;2025-11-18 03:40:50;1
CHM-8817001;QRT-53040;FUN-23383;Hidráulica;Média;2026-04-27 08:29:00;2026-04-27 11:02:10;4
CHM-3701427;QRT-26716;FUN-41540;Hidráulica;Alta;2024-08-01 14:49:00;2024-08-01 18:04:17;3
CHM-2689965;QRT-99814;FUN-65780;Hidráulica;Alta;2026-03-12 12:07:00;2026-03-12 13:02:47;4
CHM-5816004;QRT-94225;FUN-86194;Hidráulica;Baixa;2025-08-08 16:00:00;2025-08-09 20:05:33;1
CHM-0634931;QRT-56047;FUN-23286;Ar-condicionado;Baixa;2025-02-20 20:58:00;2025-02-21 06:56:51;5
CHM-1686856;QRT-19734;FUN-09324;Limpeza Extra;Baixa;2025-10-16 14:30:00;2025-10-17 09:16:58;5
CHM-6617172;QRT-89068;FUN-10947;Limpeza Extra;Média;2025-12-29 09:58:00;2025-12-29 13:20:48;4
CHM-9066081;QRT-57763;FUN-90839;Ar-condicionado;Alta;2025-12-16 18:45:00;2025-12-16 18:55:53;5
CHM-2203630;QRT-01562;FUN-67710;Hidráulica;Média;2026-02-12 16:35:00;2026-02-12 20:26:02;4
CHM-0591632;QRT-08549;FUN-09102;Limpeza Extra;Baixa;2025-09-14 18:24:00;2025-09-16 19:49:47;2
CHM-4160016;QRT-57181;FUN-96106;Wi-Fi;Alta;2025-06-03 23:08:00;2025-06-03 23:50:10;4
CHM-9800764;QRT-59117;FUN-08849;Ar-condicionado;Média;2024-09-23 11:48:00;2024-09-23 19:36:37;4
CHM-3477356;QRT-78115;FUN-19473;Fechadura Eletrônica;Média;2024-07-07 11:54:00;2024-07-07 13:38:58;5
CHM-1729682;QRT-87183;FUN-12576;Ar-condicionado;Média;2024-09-28 11:19:00;2024-09-28 15:09:02;4
CHM-6619916;QRT-55013;FUN-92045;TV / Controle;Média;2026-05-12 14:11:00;2026-05-12 18:39:52;4
CHM-5235003;QRT-68610;FUN-04670;Ar-condicionado;Baixa;2026-02-10 09:34:00;2026-02-10 20:00:02;5
CHM-2554285;QRT-68507;FUN-32345;Hidráulica;Média;2024-12-27 18:08:00;2024-12-27 21:00:54;5
CHM-5345238;QRT-02055;FUN-52793;Hidráulica;Baixa;2025-11-24 12:58:00;2025-11-24 18:42:38;5
CHM-8750906;QRT-95939;FUN-37715;Elétrica;Média;2025-09-24 09:59:00;2025-09-24 18:29:14;2
CHM-8886325;QRT-95939;FUN-74014;Hidráulica;Média;2024-08-08 15:59:00;2024-08-08 20:20:19;5
CHM-2414758;QRT-07517;FUN-71493;Limpeza Extra;Média;2024-12-13 09:46:00;2024-12-13 10:49:44;3
CHM-3065677;QRT-22585;FUN-86199;Elétrica;Baixa;2025-07-23 09:35:00;2025-07-23 12:19:52;5
CHM-0721989;QRT-54918;FUN-29826;Limpeza Extra;Média;2024-12-10 14:42:00;2024-12-10 23:44:42;2
CHM-1735454;QRT-24810;FUN-37715;Hidráulica;Baixa;2024-10-17 23:20:00;2024-10-18 13:23:10;5
CHM-0701824;QRT-69375;FUN-15867;Elétrica;Média;2025-11-23 15:41:00;2025-11-23 18:22:43;4
CHM-2537647;QRT-94556;FUN-34079;TV / Controle;Alta;2025-08-01 11:13:00;2025-08-01 14:19:59;2
CHM-9662936;QRT-78808;FUN-22027;TV / Controle;Média;2024-12-25 09:28:00;2024-12-25 12:44:35;3
CHM-2308189;QRT-94862;FUN-34873;Fechadura Eletrônica;Baixa;2025-03-18 07:29:00;2025-03-18 22:10:32;5
CHM-1210388;QRT-16398;FUN-21094;Elétrica;Média;2025-12-10 18:17:00;2025-12-11 04:06:23;3
CHM-1902257;QRT-67310;FUN-64047;Ar-condicionado;Média;2025-08-27 18:28:00;2025-08-28 03:34:24;3
CHM-5728013;QRT-68507;FUN-64755;Ar-condicionado;Média;2024-07-18 11:27:00;2024-07-18 19:10:26;4
CHM-9960624;QRT-22178;FUN-19473;Ar-condicionado;Média;2026-05-16 15:01:00;2026-05-16 18:34:07;4
CHM-8248152;QRT-53290;FUN-12040;Wi-Fi;Baixa;2026-06-12 23:39:00;2026-06-13 03:32:10;4
CHM-5050889;QRT-32164;FUN-78820;Ar-condicionado;Baixa;2025-05-02 20:20:00;2025-05-03 12:34:08;4
CHM-3096657;QRT-53868;FUN-81524;Ar-condicionado;Média;2025-11-22 06:45:00;2025-11-22 13:23:45;3
CHM-8116274;QRT-08689;FUN-43763;TV / Controle;Alta;2025-07-17 10:28:00;2025-07-17 10:47:33;5
CHM-0810315;QRT-59560;FUN-86199;Fechadura Eletrônica;Média;2025-10-29 19:06:00;2025-10-29 22:23:35;5
CHM-8418874;QRT-76445;FUN-23286;Frigobar com Defeito;Baixa;2024-08-19 19:15:00;2024-08-20 08:33:06;5
CHM-6237816;QRT-53432;FUN-09102;TV / Controle;Média;2025-09-23 18:21:00;2025-09-23 23:19:20;5
CHM-8102745;QRT-46748;FUN-13975;Ar-condicionado;Baixa;2024-07-06 09:23:00;2024-07-06 19:48:10;5
CHM-5455243;QRT-27801;FUN-45111;Elétrica;Média;2026-01-22 11:20:00;2026-01-22 12:31:24;5
CHM-4599921;QRT-06780;FUN-74014;Elétrica;Baixa;2026-06-23 15:06:00;2026-06-23 21:31:48;4
CHM-6879457;QRT-02711;FUN-64755;Hidráulica;Média;2026-03-26 16:42:00;2026-03-27 02:30:07;2
CHM-7149647;QRT-01562;FUN-16922;Hidráulica;Baixa;2025-04-24 20:25:00;2025-04-25 02:40:42;5
CHM-4734967;QRT-11607;FUN-96354;Elétrica;Baixa;2025-12-08 15:16:00;2025-12-09 00:03:27;4
CHM-1484955;QRT-29439;FUN-15784;Wi-Fi;Baixa;2026-03-29 20:51:00;2026-03-29 23:45:11;5
CHM-4628440;QRT-15228;FUN-15784;Elétrica;Média;2026-01-26 09:13:00;2026-01-26 17:07:23;3
CHM-7674783;QRT-88654;FUN-23383;Ar-condicionado;Média;2026-05-12 22:09:00;2026-05-13 02:14:32;3
CHM-5547378;QRT-52853;FUN-39946;TV / Controle;Média;2025-03-12 20:36:00;2025-03-12 22:37:44;5
CHM-7236725;QRT-03540;FUN-71493;Wi-Fi;Média;2026-06-06 22:53:00;2026-06-07 02:25:34;5
CHM-2726964;QRT-72078;FUN-32345;Fechadura Eletrônica;Alta;2024-09-09 16:22:00;2024-09-09 21:37:18;3
CHM-3276776;QRT-13326;FUN-05739;Limpeza Extra;Média;2026-05-08 23:49:00;2026-05-09 05:17:20;5
CHM-6833240;QRT-02055;FUN-10947;TV / Controle;Baixa;2024-12-16 17:25:00;2024-12-18 18:19:25;3
CHM-2917943;QRT-57181;FUN-64755;Limpeza Extra;Média;2024-09-29 10:18:00;2024-09-29 11:57:59;5
CHM-6773211;QRT-69375;FUN-50800;Ar-condicionado;Média;2024-12-09 18:36:00;2024-12-09 22:33:09;5
CHM-0233209;QRT-60661;FUN-37715;Elétrica;Baixa;2025-03-01 06:54:00;2025-03-01 12:42:09;5
CHM-8783054;QRT-23155;FUN-57664;TV / Controle;Alta;2025-06-21 16:21:00;2025-06-21 17:12:58;5
CHM-1180352;QRT-83665;FUN-10947;Wi-Fi;Baixa;2025-08-13 12:21:00;2025-08-13 23:28:15;4
CHM-1007247;QRT-25217;FUN-87234;TV / Controle;Baixa;2025-02-11 21:50:00;2025-02-13 06:09:47;2
CHM-2645678;QRT-29393;FUN-07814;Ar-condicionado;Baixa;2025-09-24 22:43:00;2025-09-25 23:56:01;1
CHM-9458299;QRT-60845;FUN-69727;Ar-condicionado;Alta;2026-03-15 15:08:00;2026-03-15 16:43:25;5
CHM-2152687;QRT-21496;FUN-41540;TV / Controle;Alta;2026-03-29 19:53:00;2026-03-29 20:13:10;5
CHM-3680200;QRT-85702;FUN-19473;Hidráulica;Média;2025-10-14 14:16:00;2025-10-14 20:02:53;3
CHM-1840997;QRT-84941;FUN-86199;Ar-condicionado;Baixa;2026-02-02 15:07:00;2026-02-02 18:48:22;4
CHM-3060367;QRT-65055;FUN-65780;Wi-Fi;Baixa;2026-04-18 13:14:00;2026-04-19 08:52:01;4
CHM-2853903;QRT-55013;FUN-08828;Limpeza Extra;Média;2026-02-18 16:06:00;2026-02-18 22:03:06;5
CHM-0457536;QRT-16851;FUN-78820;Limpeza Extra;Média;2025-03-07 22:16:00;2025-03-08 04:27:27;4
CHM-6540254;QRT-85702;FUN-83865;Ar-condicionado;Média;2025-11-12 07:35:00;2025-11-12 14:01:13;4
CHM-2958892;QRT-22076;FUN-35080;Hidráulica;Baixa;2025-10-28 16:25:00;2025-10-30 15:53:12;1
CHM-8192569;QRT-66602;FUN-12040;Elétrica;Média;2026-02-16 11:08:00;2026-02-16 16:48:13;5
CHM-6225960;QRT-61962;FUN-05739;Limpeza Extra;Alta;2025-01-25 18:54:00;2025-01-25 20:11:38;5
CHM-8435665;QRT-51483;FUN-12040;Ar-condicionado;Média;2025-09-23 14:37:00;2025-09-23 19:50:15;4
CHM-2244782;QRT-55333;FUN-36473;Ar-condicionado;Baixa;2026-05-21 22:02:00;2026-05-22 04:14:07;5
CHM-4990796;QRT-31340;FUN-76103;Ar-condicionado;Baixa;2026-03-14 06:44:00;2026-03-15 03:32:13;5
CHM-0119072;QRT-57763;FUN-09102;Ar-condicionado;Média;2025-03-18 20:27:00;2025-03-18 23:23:22;5
CHM-6778460;QRT-13758;FUN-08109;Frigobar com Defeito;Média;2024-09-24 06:26:00;2024-09-24 22:49:53;3
CHM-8046328;QRT-92171;FUN-19473;Hidráulica;Média;2025-12-02 11:40:00;2025-12-02 14:31:19;5
CHM-6400310;QRT-13238;FUN-37715;Hidráulica;Alta;2024-08-13 23:06:00;2024-08-13 23:47:01;3
CHM-7220056;QRT-28319;FUN-22027;Frigobar com Defeito;Média;2024-08-22 10:32:00;2024-08-22 16:16:37;4
CHM-9273502;QRT-24594;FUN-47371;Wi-Fi;Alta;2024-07-08 12:34:00;2024-07-08 13:07:36;5
CHM-2811426;QRT-84007;FUN-07814;Ar-condicionado;Baixa;2025-03-27 09:25:00;2025-03-27 18:48:09;5
CHM-1376799;QRT-84972;FUN-76103;Wi-Fi;Baixa;2025-12-27 10:06:00;2025-12-28 06:44:55;5
CHM-2108080;QRT-08549;FUN-69104;Fechadura Eletrônica;Média;2026-02-03 20:31:00;2026-02-04 04:53:11;1
CHM-7310276;QRT-03049;FUN-78820;Wi-Fi;Alta;2025-10-01 19:40:00;2025-10-01 21:11:16;4
CHM-7158229;QRT-30636;FUN-15867;Fechadura Eletrônica;Baixa;2025-01-02 16:02:00;2025-01-02 23:42:13;3
CHM-0281149;QRT-66083;FUN-71493;Fechadura Eletrônica;Baixa;2025-04-09 18:56:00;2025-04-10 20:32:19;3
CHM-9618511;QRT-34521;FUN-43763;Ar-condicionado;Média;2025-07-19 07:26:00;2025-07-19 08:37:24;5
CHM-1527498;QRT-41316;FUN-45111;Elétrica;Baixa;2024-12-18 22:37:00;2024-12-19 04:41:30;5
CHM-4999499;QRT-49496;FUN-02909;Ar-condicionado;Alta;2026-05-17 12:10:00;2026-05-17 13:36:34;4
CHM-5232193;QRT-56980;FUN-57664;Limpeza Extra;Alta;2025-10-17 23:24:00;2025-10-18 00:06:28;4
CHM-4586272;QRT-92177;FUN-64047;Elétrica;Média;2024-12-24 23:48:00;2024-12-25 03:47:29;5
CHM-6469119;QRT-55192;FUN-23361;Ar-condicionado;Média;2025-12-15 09:15:00;2025-12-15 16:56:53;5
CHM-5584488;QRT-47168;FUN-23383;Elétrica;Alta;2025-10-04 20:25:00;2025-10-04 21:15:29;4
CHM-3721760;QRT-42497;FUN-01568;Ar-condicionado;Baixa;2024-11-25 12:05:00;2024-11-25 22:12:59;5
CHM-3537752;QRT-61287;FUN-08849;TV / Controle;Baixa;2026-02-16 11:12:00;2026-02-16 17:15:31;5
CHM-9442878;QRT-71975;FUN-64047;Hidráulica;Média;2025-04-06 06:27:00;2025-04-06 12:15:12;5
CHM-5732732;QRT-46748;FUN-21094;Limpeza Extra;Baixa;2025-09-10 19:37:00;2025-09-11 16:53:06;5
CHM-2903523;QRT-24337;FUN-92311;Hidráulica;Média;2026-03-20 20:09:00;2026-03-21 09:01:19;1
CHM-0687211;QRT-18824;FUN-02909;Hidráulica;Baixa;2025-05-12 21:05:00;2025-05-13 01:40:14;3
CHM-3294934;QRT-85188;FUN-34873;Elétrica;Baixa;2025-11-16 07:47:00;2025-11-16 13:39:58;5
CHM-0395392;QRT-41934;FUN-22027;Hidráulica;Média;2025-12-12 18:06:00;2025-12-12 19:54:21;5
CHM-8538658;QRT-03049;FUN-16922;Ar-condicionado;Baixa;2024-11-08 13:52:00;2024-11-08 19:05:59;5
CHM-9429615;QRT-37204;FUN-48683;Elétrica;Média;2024-11-01 13:36:00;2024-11-02 00:08:29;3
CHM-0546598;QRT-27540;FUN-67710;Elétrica;Média;2026-01-06 13:23:00;2026-01-06 14:58:36;5
CHM-9602338;QRT-20026;FUN-55799;Ar-condicionado;Baixa;2026-05-05 12:43:00;2026-05-05 19:31:55;3
CHM-2102858;QRT-44425;FUN-21094;Wi-Fi;Alta;2025-10-12 11:07:00;2025-10-12 12:07:56;5
CHM-2751228;QRT-04283;FUN-52793;Wi-Fi;Média;2025-10-30 14:12:00;2025-10-30 16:38:28;5
CHM-3201490;QRT-42355;FUN-55799;TV / Controle;Baixa;2025-11-02 10:43:00;2025-11-03 14:16:43;1
CHM-4021966;QRT-95201;FUN-50800;Frigobar com Defeito;Alta;2026-05-22 12:15:00;2026-05-22 13:35:39;5
CHM-4119201;QRT-49331;FUN-25313;Frigobar com Defeito;Média;2024-09-24 09:59:00;2024-09-24 13:15:47;5
CHM-1959864;QRT-51602;FUN-37715;TV / Controle;Média;2026-01-07 15:06:00;2026-01-08 01:24:06;2
CHM-9776710;QRT-17861;FUN-52793;Wi-Fi;Média;2025-10-17 15:11:00;2025-10-17 22:59:41;3
CHM-5762182;QRT-17114;FUN-74014;Hidráulica;Alta;2025-04-25 22:00:00;2025-04-26 01:01:00;3
CHM-5882560;QRT-26280;FUN-67282;TV / Controle;Baixa;2024-08-21 18:59:00;2024-08-21 22:21:33;3
CHM-3611127;QRT-65055;FUN-16922;Elétrica;Alta;2024-12-13 14:35:00;2024-12-13 15:38:31;4
CHM-4153437;QRT-85367;FUN-08486;Fechadura Eletrônica;Média;2026-06-16 10:00:00;2026-06-16 13:25:27;5
CHM-4651662;QRT-24929;FUN-48683;Fechadura Eletrônica;Alta;2024-10-26 13:06:00;2024-10-26 14:07:07;4
CHM-5683732;QRT-29980;FUN-64755;Frigobar com Defeito;Média;2025-02-28 17:03:00;2025-02-28 22:23:43;5
CHM-4669720;QRT-24594;FUN-47371;Limpeza Extra;Média;2025-12-18 08:04:00;2025-12-18 13:24:29;5
CHM-3257424;QRT-38773;FUN-37715;Hidráulica;Baixa;2024-10-04 15:00:00;2024-10-05 08:48:03;4
CHM-7375768;QRT-88400;FUN-15784;Elétrica;Média;2025-10-18 07:54:00;2025-10-18 11:28:51;5
CHM-0020292;QRT-28645;FUN-01568;Hidráulica;Alta;2025-07-08 19:25:00;2025-07-08 20:15:45;4
CHM-8834679;QRT-54918;FUN-15867;Frigobar com Defeito;Baixa;2025-04-18 08:41:00;2025-04-18 23:09:58;4
CHM-8758353;QRT-26166;FUN-70436;Elétrica;Alta;2024-12-31 09:15:00;2024-12-31 09:47:09;5
CHM-9464521;QRT-81933;FUN-03036;Hidráulica;Baixa;2025-05-29 08:51:00;2025-05-30 03:30:50;3
CHM-1486095;QRT-66125;FUN-92045;Hidráulica;Alta;2025-04-21 08:54:00;2025-04-21 11:49:42;1
CHM-2124094;QRT-42497;FUN-86199;Ar-condicionado;Média;2025-01-14 13:59:00;2025-01-15 02:07:46;1
CHM-4561933;QRT-54953;FUN-08486;Wi-Fi;Alta;2026-03-23 09:29:00;2026-03-23 10:10:35;4
CHM-3765376;QRT-76445;FUN-55799;Limpeza Extra;Alta;2025-10-05 19:51:00;2025-10-05 20:28:30;5
CHM-3359108;QRT-04443;FUN-09102;Ar-condicionado;Média;2025-02-24 22:29:00;2025-02-25 03:33:00;5
CHM-3808381;QRT-10397;FUN-65780;Limpeza Extra;Baixa;2025-08-23 18:39:00;2025-08-25 09:18:43;3
CHM-0432299;QRT-85920;FUN-32345;Wi-Fi;Média;2024-07-31 09:18:00;2024-07-31 11:41:29;3
CHM-9863446;QRT-42444;FUN-18700;Wi-Fi;Alta;2025-09-08 18:35:00;2025-09-08 19:44:39;5
CHM-1480826;QRT-59117;FUN-25313;Wi-Fi;Média;2025-11-21 20:51:00;2025-11-21 22:43:18;5
CHM-6537620;QRT-76445;FUN-03036;Limpeza Extra;Alta;2026-02-20 23:15:00;2026-02-21 07:34:03;2
CHM-7120873;QRT-47928;FUN-01568;TV / Controle;Baixa;2024-07-13 17:34:00;2024-07-14 08:33:02;4
CHM-3248374;QRT-02141;FUN-32345;Wi-Fi;Média;2024-11-09 19:49:00;2024-11-10 13:53:46;1
CHM-2971625;QRT-58808;FUN-28577;Ar-condicionado;Baixa;2024-09-27 10:18:00;2024-09-27 20:20:05;5
CHM-0871167;QRT-13326;FUN-57664;Limpeza Extra;Baixa;2025-03-20 13:53:00;2025-03-21 20:26:29;3
CHM-9645837;QRT-99814;FUN-73856;Ar-condicionado;Baixa;2024-10-29 06:02:00;2024-10-29 14:18:02;4
CHM-1135110;QRT-90762;FUN-32345;Ar-condicionado;Baixa;2025-08-12 06:24:00;2025-08-13 03:00:43;5
CHM-8204202;QRT-03369;FUN-37715;Ar-condicionado;Alta;2026-05-15 09:16:00;2026-05-15 10:08:30;5
CHM-9194148;QRT-86712;FUN-48683;Ar-condicionado;Baixa;2025-08-26 21:17:00;2025-08-27 06:15:07;5
CHM-0158679;QRT-75221;FUN-50800;Fechadura Eletrônica;Baixa;2026-05-01 08:04:00;2026-05-02 02:13:56;5
CHM-7464671;QRT-43677;FUN-82886;Limpeza Extra;Média;2025-10-16 12:41:00;2025-10-16 16:59:02;4
CHM-7125247;QRT-74766;FUN-86199;Ar-condicionado;Baixa;2025-06-23 11:39:00;2025-06-23 16:22:57;5
CHM-9465057;QRT-74465;FUN-10947;TV / Controle;Alta;2025-01-04 14:20:00;2025-01-04 15:13:05;5
CHM-7471063;QRT-15228;FUN-64706;Ar-condicionado;Alta;2025-11-21 16:56:00;2025-11-21 17:17:10;5
CHM-7401730;QRT-49389;FUN-87234;Wi-Fi;Média;2025-10-28 15:35:00;2025-10-28 18:20:48;5
CHM-7890156;QRT-00699;FUN-22027;TV / Controle;Média;2025-07-28 10:25:00;2025-07-28 13:25:31;5
CHM-1956747;QRT-88654;FUN-28577;Ar-condicionado;Baixa;2024-08-14 18:08:00;2024-08-15 08:39:15;4
CHM-8931262;QRT-33730;FUN-15867;Limpeza Extra;Média;2025-07-24 16:02:00;2025-07-24 19:37:53;5
CHM-8356958;QRT-92321;FUN-71181;Ar-condicionado;Baixa;2024-12-02 20:25:00;2024-12-03 20:54:07;2
CHM-6037010;QRT-63506;FUN-74014;TV / Controle;Baixa;2025-12-23 10:50:00;2025-12-24 14:08:58;1
CHM-9268667;QRT-43330;FUN-34873;Frigobar com Defeito;Alta;2024-10-14 13:12:00;2024-10-14 14:39:05;4
CHM-2328920;QRT-85329;FUN-08234;TV / Controle;Baixa;2024-07-25 15:23:00;2024-07-26 17:17:23;3
CHM-2676857;QRT-23438;FUN-94946;Wi-Fi;Média;2024-11-07 13:32:00;2024-11-07 15:52:06;4
CHM-1540853;QRT-56321;FUN-76103;Ar-condicionado;Baixa;2024-07-28 13:57:00;2024-07-30 08:02:33;2
CHM-8946189;QRT-22178;FUN-65780;Limpeza Extra;Baixa;2025-10-20 06:31:00;2025-10-20 11:21:21;4
CHM-6276491;QRT-81045;FUN-57664;Elétrica;Baixa;2024-07-12 19:22:00;2024-07-13 00:46:42;4
CHM-9750538;QRT-91492;FUN-69727;Wi-Fi;Baixa;2024-08-07 08:01:00;2024-08-08 04:05:27;4
CHM-7080976;QRT-59117;FUN-08849;Ar-condicionado;Média;2025-04-24 06:15:00;2025-04-24 22:06:35;3
CHM-4299305;QRT-23801;FUN-82886;Ar-condicionado;Baixa;2026-03-31 20:06:00;2026-04-01 09:54:42;3
CHM-3685188;QRT-92177;FUN-43763;Limpeza Extra;Média;2026-02-27 07:46:00;2026-02-27 22:11:49;2
CHM-8685308;QRT-86959;FUN-41540;Elétrica;Média;2025-01-23 11:57:00;2025-01-23 15:30:23;3
CHM-7619288;QRT-45132;FUN-48159;TV / Controle;Alta;2025-12-21 06:08:00;2025-12-21 06:57:02;4
CHM-9947853;QRT-63609;FUN-18700;Hidráulica;Média;2025-01-01 16:13:00;2025-01-01 22:36:20;4
CHM-0223724;QRT-02007;FUN-08486;Hidráulica;Baixa;2026-05-05 08:38:00;2026-05-06 03:36:20;5
CHM-3273146;QRT-86201;FUN-29826;Elétrica;Média;2026-06-03 15:58:00;2026-06-04 14:34:13;1
CHM-3550293;QRT-37204;FUN-34873;Fechadura Eletrônica;Alta;2026-06-11 11:42:00;2026-06-11 12:37:37;4
CHM-6590976;QRT-96617;FUN-65780;Ar-condicionado;Alta;2026-02-04 07:01:00;2026-02-04 07:33:19;5
CHM-1905802;QRT-43580;FUN-43763;Ar-condicionado;Baixa;2025-05-05 12:10:00;2025-05-06 02:11:08;5
CHM-8915427;QRT-40957;FUN-83865;TV / Controle;Alta;2025-11-01 14:07:00;2025-11-01 15:34:27;5
CHM-5393413;QRT-96687;FUN-89330;Ar-condicionado;Média;2024-08-10 11:12:00;2024-08-10 20:20:53;2
CHM-6240832;QRT-64260;FUN-94946;Elétrica;Média;2025-10-31 13:51:00;2025-10-31 17:38:07;4
CHM-8333572;QRT-69411;FUN-15867;Elétrica;Média;2025-05-22 18:51:00;2025-05-22 20:11:42;5
CHM-0377467;QRT-61962;FUN-49170;Ar-condicionado;Média;2024-10-10 09:01:00;2024-10-10 16:18:36;3
CHM-0528406;QRT-98370;FUN-05739;Limpeza Extra;Baixa;2025-03-13 08:17:00;2025-03-13 16:53:45;4
CHM-5760421;QRT-66195;FUN-08234;Elétrica;Média;2025-07-12 10:28:00;2025-07-12 19:58:11;1
CHM-9017514;QRT-99264;FUN-45111;Hidráulica;Média;2025-08-07 15:05:00;2025-08-07 22:32:54;4
CHM-2444092;QRT-47759;FUN-07814;Ar-condicionado;Média;2025-10-09 16:17:00;2025-10-09 19:29:56;5
CHM-5901915;QRT-09395;FUN-15784;Ar-condicionado;Média;2025-02-08 18:33:00;2025-02-08 21:15:25;4
CHM-7259423;QRT-41316;FUN-76103;Ar-condicionado;Baixa;2024-11-09 21:31:00;2024-11-10 05:36:36;5
CHM-6627690;QRT-69835;FUN-04670;TV / Controle;Alta;2026-05-30 15:29:00;2026-05-30 16:48:37;5
CHM-8236289;QRT-70944;FUN-76103;Elétrica;Alta;2024-09-14 10:07:00;2024-09-14 11:37:09;5
CHM-9210846;QRT-09261;FUN-52300;Limpeza Extra;Baixa;2025-09-02 13:38:00;2025-09-03 01:48:56;4
CHM-3588049;QRT-22178;FUN-67710;Elétrica;Alta;2026-03-21 06:39:00;2026-03-21 07:53:48;5
CHM-9981621;QRT-57763;FUN-41540;Hidráulica;Baixa;2025-02-14 09:38:00;2025-02-16 13:51:17;3
CHM-4042560;QRT-17495;FUN-43763;Wi-Fi;Baixa;2026-06-12 22:55:00;2026-06-14 23:51:39;3
CHM-6289388;QRT-41934;FUN-49170;Limpeza Extra;Baixa;2024-10-15 17:47:00;2024-10-16 01:35:46;4
CHM-9435539;QRT-66101;FUN-47371;Ar-condicionado;Média;2026-06-02 20:20:00;2026-06-03 06:49:49;2
CHM-7390887;QRT-98042;FUN-83865;TV / Controle;Média;2025-09-19 18:51:00;2025-09-19 23:16:41;3
CHM-3037521;QRT-34396;FUN-08849;Fechadura Eletrônica;Baixa;2025-02-14 10:30:00;2025-02-14 17:54:45;4
CHM-3978005;QRT-68610;FUN-48159;Limpeza Extra;Baixa;2024-06-30 06:47:00;2024-07-01 10:49:52;2
CHM-3025881;QRT-37131;FUN-48159;Ar-condicionado;Baixa;2025-03-10 22:48:00;2025-03-11 07:04:30;5
CHM-7975612;QRT-61719;FUN-71493;Hidráulica;Média;2024-09-14 13:30:00;2024-09-14 16:15:07;5
CHM-9569279;QRT-10455;FUN-67282;Ar-condicionado;Baixa;2024-08-17 08:32:00;2024-08-17 12:42:28;4
CHM-8427492;QRT-23438;FUN-09102;Wi-Fi;Média;2024-11-12 19:07:00;2024-11-12 23:12:14;4
CHM-9005626;QRT-24810;FUN-37715;Wi-Fi;Alta;2024-12-24 11:05:00;2024-12-24 11:41:48;4
CHM-5880597;QRT-18531;FUN-02909;TV / Controle;Alta;2025-01-13 11:53:00;2025-01-13 15:12:39;3
CHM-9350691;QRT-13758;FUN-47371;Limpeza Extra;Alta;2026-05-16 20:44:00;2026-05-16 21:45:31;3
CHM-0637640;QRT-27833;FUN-48683;Ar-condicionado;Alta;2025-06-06 16:19:00;2025-06-06 17:26:38;4
CHM-6065490;QRT-83187;FUN-83865;Elétrica;Média;2026-05-11 10:10:00;2026-05-11 13:12:37;3
CHM-1648600;QRT-11592;FUN-07814;Fechadura Eletrônica;Alta;2026-02-27 09:31:00;2026-02-27 10:07:42;5
CHM-8981776;QRT-75030;FUN-65780;Hidráulica;Baixa;2024-11-14 23:11:00;2024-11-15 05:32:59;4
CHM-8508876;QRT-11826;FUN-02909;Elétrica;Baixa;2025-01-02 07:34:00;2025-01-05 18:26:54;3
CHM-2436716;QRT-88939;FUN-12576;Limpeza Extra;Média;2024-08-11 06:52:00;2024-08-11 11:01:11;4
CHM-3030819;QRT-57763;FUN-82886;Hidráulica;Média;2026-03-31 22:55:00;2026-04-01 01:37:23;5
CHM-7214664;QRT-90762;FUN-22027;Wi-Fi;Baixa;2025-12-11 23:22:00;2025-12-12 13:42:07;5
CHM-4634941;QRT-78524;FUN-78820;Ar-condicionado;Baixa;2025-10-16 08:19:00;2025-10-17 02:08:07;4
CHM-8011780;QRT-10455;FUN-64706;TV / Controle;Alta;2025-02-09 08:01:00;2025-02-09 08:30:01;5
CHM-9959245;QRT-92955;FUN-08828;Ar-condicionado;Alta;2025-04-11 11:48:00;2025-04-11 12:26:35;5
CHM-1333180;QRT-74690;FUN-50800;Fechadura Eletrônica;Alta;2025-02-06 14:01:00;2025-02-06 15:35:22;4
CHM-3795837;QRT-69835;FUN-12040;Limpeza Extra;Alta;2025-08-17 18:21:00;2025-08-17 19:04:12;3
CHM-6760196;QRT-43677;FUN-90839;TV / Controle;Alta;2024-10-25 20:57:00;2024-10-25 21:22:38;5
CHM-2965514;QRT-95923;FUN-34873;Ar-condicionado;Baixa;2025-01-13 17:09:00;2025-01-14 01:50:13;4
CHM-2011476;QRT-03049;FUN-83865;Ar-condicionado;Baixa;2025-12-03 22:01:00;2025-12-04 04:18:44;5
CHM-8937462;QRT-01798;FUN-48683;Frigobar com Defeito;Baixa;2025-08-06 16:08:00;2025-08-08 04:03:24;1
CHM-5571479;QRT-76281;FUN-74014;Elétrica;Alta;2026-03-14 22:24:00;2026-03-14 23:56:19;4
CHM-2332662;QRT-41748;FUN-96354;Ar-condicionado;Alta;2025-02-09 16:47:00;2025-02-09 16:56:35;5
CHM-3354134;QRT-10607;FUN-96106;Elétrica;Baixa;2026-06-29 08:40:00;2026-06-29 18:21:55;5
CHM-1221651;QRT-04542;FUN-82886;Limpeza Extra;Baixa;2024-12-04 08:03:00;2024-12-05 10:13:20;1
CHM-4940866;QRT-59560;FUN-94946;Ar-condicionado;Média;2025-04-20 11:35:00;2025-04-20 18:33:07;4
CHM-7273860;QRT-43251;FUN-07814;Limpeza Extra;Alta;2025-10-15 22:53:00;2025-10-15 23:36:58;5
CHM-9260892;QRT-53040;FUN-36473;Hidráulica;Alta;2026-03-04 06:26:00;2026-03-04 08:41:03;3
CHM-7364010;QRT-32164;FUN-78820;Fechadura Eletrônica;Baixa;2025-04-09 11:33:00;2025-04-09 20:39:14;5
CHM-1435602;QRT-33730;FUN-34873;Ar-condicionado;Alta;2024-07-21 22:31:00;2024-07-21 23:08:43;5
CHM-3752192;QRT-27833;FUN-15867;Fechadura Eletrônica;Baixa;2025-10-15 13:22:00;2025-10-15 21:21:09;5
CHM-2901896;QRT-58808;FUN-36473;Hidráulica;Baixa;2024-11-21 08:45:00;2024-11-22 19:18:56;2
CHM-6799415;QRT-27801;FUN-66580;Wi-Fi;Média;2025-04-05 17:56:00;2025-04-05 22:20:03;4
CHM-8916837;QRT-94756;FUN-41540;TV / Controle;Alta;2025-10-15 09:03:00;2025-10-15 09:46:34;4
CHM-4174965;QRT-83424;FUN-47371;Wi-Fi;Média;2025-06-04 06:28:00;2025-06-04 08:41:38;5
CHM-6489617;QRT-63645;FUN-32345;Ar-condicionado;Alta;2026-06-12 17:11:00;2026-06-12 18:02:51;3
CHM-9373238;QRT-82431;FUN-71181;Ar-condicionado;Baixa;2025-11-28 15:54:00;2025-11-29 00:53:30;4
CHM-2114119;QRT-66170;FUN-28577;TV / Controle;Baixa;2024-08-18 13:57:00;2024-08-18 20:29:05;5
CHM-8282471;QRT-83689;FUN-05739;Ar-condicionado;Baixa;2024-07-27 07:53:00;2024-07-27 18:00:45;3
CHM-8796665;QRT-07517;FUN-08109;Ar-condicionado;Baixa;2025-01-13 10:30:00;2025-01-14 03:19:44;5
CHM-2051884;QRT-17820;FUN-13975;Elétrica;Média;2026-05-07 23:27:00;2026-05-10 01:10:57;3
CHM-7561941;QRT-39575;FUN-50800;Elétrica;Alta;2024-09-21 23:42:00;2024-09-22 00:31:01;5
CHM-4947266;QRT-73451;FUN-29826;Ar-condicionado;Média;2025-07-14 18:01:00;2025-07-14 22:48:43;4
CHM-4956843;QRT-51351;FUN-22607;Wi-Fi;Média;2025-12-21 10:15:00;2025-12-21 12:28:43;4
CHM-6800433;QRT-47964;FUN-34873;Elétrica;Baixa;2025-07-08 23:56:00;2025-07-11 09:06:18;2
CHM-7618375;QRT-43677;FUN-01568;Elétrica;Média;2025-03-20 21:29:00;2025-03-21 02:18:55;5
CHM-1321534;QRT-81775;FUN-43763;Frigobar com Defeito;Média;2025-07-31 06:12:00;2025-07-31 12:31:34;5
CHM-6329972;QRT-53290;FUN-04670;Ar-condicionado;Baixa;2024-11-02 22:35:00;2024-11-03 16:46:08;5
CHM-4426900;QRT-95712;FUN-65780;Limpeza Extra;Baixa;2025-10-22 23:13:00;2025-10-27 07:43:56;3
CHM-3195615;QRT-49496;FUN-08849;Elétrica;Média;2025-12-26 19:21:00;2025-12-27 03:42:51;1
CHM-1666431;QRT-24274;FUN-15867;Hidráulica;Alta;2025-11-12 18:15:00;2025-11-12 19:34:43;3
CHM-1358747;QRT-65173;FUN-92311;Ar-condicionado;Média;2024-12-19 14:37:00;2024-12-19 19:15:34;5
CHM-6445633;QRT-09849;FUN-48683;Wi-Fi;Média;2024-10-24 16:04:00;2024-10-24 20:48:39;3
CHM-7349180;QRT-04414;FUN-12576;Elétrica;Média;2025-11-28 16:52:00;2025-11-28 19:20:14;5
CHM-8285205;QRT-56047;FUN-92045;Ar-condicionado;Média;2025-04-03 06:48:00;2025-04-03 10:14:30;4
CHM-9831418;QRT-39368;FUN-18700;Hidráulica;Baixa;2026-06-11 21:59:00;2026-06-13 04:51:39;2
CHM-1596703;QRT-16535;FUN-86194;Limpeza Extra;Baixa;2026-03-17 21:16:00;2026-03-18 05:03:13;5
CHM-0033113;QRT-07031;FUN-66580;Ar-condicionado;Média;2025-10-12 14:51:00;2025-10-12 18:08:52;4
CHM-3135491;QRT-41316;FUN-52300;Elétrica;Média;2025-10-04 12:20:00;2025-10-04 15:50:33;4
CHM-2192937;QRT-04025;FUN-67710;Limpeza Extra;Alta;2024-09-30 06:47:00;2024-09-30 07:23:51;5
CHM-0017237;QRT-70661;FUN-86199;Ar-condicionado;Baixa;2026-06-11 12:57:00;2026-06-12 03:54:51;5
CHM-8930468;QRT-11142;FUN-08828;Wi-Fi;Média;2024-07-01 20:29:00;2024-07-02 00:45:59;4
CHM-1453375;QRT-03369;FUN-08486;Elétrica;Média;2024-07-14 23:18:00;2024-07-15 01:15:30;4
CHM-4516547;QRT-37102;FUN-76103;Wi-Fi;Média;2025-09-22 17:38:00;2025-09-22 20:16:35;4
CHM-5791886;QRT-26354;FUN-09102;Fechadura Eletrônica;Média;2025-07-21 19:48:00;2025-07-21 23:35:46;4
CHM-1857760;QRT-58808;FUN-28577;TV / Controle;Alta;2026-06-20 22:11:00;2026-06-20 22:44:07;5
CHM-7863100;QRT-84007;FUN-81524;Frigobar com Defeito;Baixa;2025-06-19 19:14:00;2025-06-20 00:00:56;4
CHM-7064738;QRT-07517;FUN-25313;Limpeza Extra;Baixa;2024-07-01 22:35:00;2024-07-02 04:35:26;5
CHM-0296977;QRT-52853;FUN-12576;Wi-Fi;Média;2024-09-18 19:12:00;2024-09-18 23:02:09;5
CHM-4346644;QRT-11607;FUN-36473;Ar-condicionado;Baixa;2025-07-30 18:31:00;2025-07-31 02:50:06;5
CHM-3994031;QRT-29802;FUN-78820;Ar-condicionado;Média;2025-12-10 18:17:00;2025-12-11 00:14:54;5
CHM-7496172;QRT-03659;FUN-64755;Ar-condicionado;Baixa;2026-05-18 16:52:00;2026-05-19 21:34:30;2
CHM-1430244;QRT-29439;FUN-43763;Hidráulica;Alta;2024-12-10 17:38:00;2024-12-10 18:13:04;5
CHM-0016202;QRT-26237;FUN-88121;Ar-condicionado;Alta;2025-07-29 09:55:00;2025-07-29 10:29:02;4
CHM-4307783;QRT-39575;FUN-15867;Frigobar com Defeito;Média;2025-05-02 17:20:00;2025-05-03 00:18:37;5
CHM-9772740;QRT-87593;FUN-67710;Fechadura Eletrônica;Baixa;2025-05-01 23:11:00;2025-05-02 13:02:28;3
CHM-1712949;QRT-29980;FUN-96106;Elétrica;Alta;2025-09-21 09:00:00;2025-09-21 11:32:48;2
CHM-6547048;QRT-49331;FUN-02909;Ar-condicionado;Média;2025-03-09 21:35:00;2025-03-10 01:18:02;5
CHM-0319715;QRT-66195;FUN-82886;TV / Controle;Baixa;2024-09-18 17:27:00;2024-09-19 08:53:11;5
CHM-4540688;QRT-99673;FUN-43763;Limpeza Extra;Média;2025-02-20 16:04:00;2025-02-21 00:55:36;2
CHM-1881941;QRT-70536;FUN-15784;Hidráulica;Média;2025-12-31 22:34:00;2026-01-01 01:37:01;5
CHM-0819259;QRT-63506;FUN-71181;Wi-Fi;Baixa;2025-07-03 13:13:00;2025-07-03 15:55:17;5
CHM-1477020;QRT-68507;FUN-96106;Frigobar com Defeito;Média;2024-11-26 14:41:00;2024-11-27 13:18:20;2
CHM-9211290;QRT-87466;FUN-08849;Limpeza Extra;Baixa;2025-04-15 15:47:00;2025-04-16 20:10:52;2
CHM-7087834;QRT-56321;FUN-76103;Limpeza Extra;Alta;2025-09-16 22:35:00;2025-09-16 23:14:24;5
CHM-5159462;QRT-16068;FUN-25313;Limpeza Extra;Alta;2025-05-15 19:42:00;2025-05-15 20:25:52;5
CHM-0491489;QRT-26756;FUN-94946;TV / Controle;Média;2025-06-01 15:45:00;2025-06-01 16:41:30;4
CHM-3346352;QRT-29802;FUN-16922;Ar-condicionado;Média;2025-08-05 17:28:00;2025-08-06 00:44:36;5
CHM-1216365;QRT-95618;FUN-90839;TV / Controle;Baixa;2025-03-20 16:04:00;2025-03-21 02:06:55;5
CHM-2339004;QRT-54489;FUN-05739;TV / Controle;Média;2026-02-06 11:24:00;2026-02-07 01:35:28;1
CHM-2704348;QRT-26237;FUN-15784;Limpeza Extra;Média;2025-08-26 23:40:00;2025-08-27 02:25:45;4
CHM-5091942;QRT-72908;FUN-37715;Frigobar com Defeito;Alta;2025-01-06 23:59:00;2025-01-07 00:23:08;5
CHM-9288622;QRT-96617;FUN-19473;Ar-condicionado;Baixa;2024-07-17 18:15:00;2024-07-18 01:15:30;5
CHM-4400408;QRT-29015;FUN-69727;Ar-condicionado;Alta;2025-08-31 08:43:00;2025-08-31 10:34:56;4
CHM-0158202;QRT-03049;FUN-73856;Hidráulica;Baixa;2025-12-22 12:51:00;2025-12-22 15:59:01;4
CHM-6451275;QRT-44318;FUN-50800;Hidráulica;Baixa;2026-01-04 13:36:00;2026-01-05 18:45:02;3
CHM-2993565;QRT-22178;FUN-65780;Hidráulica;Média;2024-08-23 07:29:00;2024-08-23 10:02:33;4
CHM-8385902;QRT-96428;FUN-52793;Hidráulica;Média;2024-09-13 20:38:00;2024-09-14 01:56:57;4
CHM-0733462;QRT-85367;FUN-71181;Limpeza Extra;Média;2026-04-02 09:54:00;2026-04-02 10:46:06;4
CHM-9700648;QRT-85920;FUN-49170;TV / Controle;Média;2025-10-23 08:16:00;2025-10-23 09:34:05;4
CHM-0482424;QRT-47928;FUN-09102;Ar-condicionado;Baixa;2024-09-24 23:46:00;2024-09-25 20:51:24;4
CHM-7412353;QRT-41748;FUN-48159;Ar-condicionado;Alta;2026-04-06 15:50:00;2026-04-06 16:32:59;4
CHM-5338659;QRT-04443;FUN-82886;Ar-condicionado;Média;2026-05-12 18:34:00;2026-05-13 02:46:42;2
CHM-7373244;QRT-59474;FUN-18700;Elétrica;Alta;2026-02-17 15:10:00;2026-02-17 15:50:14;4
CHM-9969203;QRT-02141;FUN-32345;Wi-Fi;Média;2024-12-08 08:27:00;2024-12-08 11:12:34;4
CHM-8549905;QRT-96972;FUN-37715;Limpeza Extra;Média;2025-06-12 11:17:00;2025-06-12 12:46:47;5
CHM-9487064;QRT-54953;FUN-52793;Fechadura Eletrônica;Alta;2025-07-30 13:02:00;2025-07-30 14:05:52;5
CHM-9033174;QRT-57763;FUN-09102;Limpeza Extra;Baixa;2026-03-08 14:27:00;2026-03-08 21:53:15;5
CHM-5171919;QRT-62284;FUN-25313;Ar-condicionado;Média;2025-07-05 06:30:00;2025-07-05 13:17:01;5
CHM-8186933;QRT-47964;FUN-50800;Wi-Fi;Média;2026-04-29 21:51:00;2026-04-30 12:43:40;3
CHM-3367363;QRT-39575;FUN-48683;Ar-condicionado;Baixa;2026-03-17 09:16:00;2026-03-18 03:05:41;5
CHM-0176017;QRT-63784;FUN-66580;Ar-condicionado;Baixa;2026-04-04 06:48:00;2026-04-06 03:10:06;1
CHM-1801441;QRT-02007;FUN-52793;Ar-condicionado;Baixa;2025-01-16 23:27:00;2025-01-17 09:46:00;5
CHM-5606873;QRT-70944;FUN-18700;Ar-condicionado;Baixa;2025-06-22 10:14:00;2025-06-24 06:38:20;3
CHM-4041877;QRT-04025;FUN-73856;Wi-Fi;Média;2025-10-14 14:23:00;2025-10-15 12:49:25;2
CHM-1110203;QRT-68204;FUN-03036;Elétrica;Alta;2024-11-18 16:44:00;2024-11-18 17:34:06;3
CHM-7309106;QRT-73451;FUN-69727;Fechadura Eletrônica;Baixa;2025-03-01 09:52:00;2025-03-01 17:56:47;5
CHM-6929539;QRT-84007;FUN-52300;Ar-condicionado;Baixa;2025-08-24 16:59:00;2025-08-24 23:04:10;5
CHM-6973623;QRT-14624;FUN-29826;Ar-condicionado;Média;2026-01-25 10:23:00;2026-01-25 12:06:38;4
CHM-2816769;QRT-16851;FUN-73856;Ar-condicionado;Média;2024-11-13 17:13:00;2024-11-13 20:46:55;4
CHM-4840527;QRT-68692;FUN-32345;Frigobar com Defeito;Média;2025-11-25 14:46:00;2025-11-25 19:22:40;5
CHM-1467717;QRT-42714;FUN-36473;Frigobar com Defeito;Baixa;2025-02-08 14:15:00;2025-02-08 22:54:10;4
CHM-5818493;QRT-92177;FUN-64706;Ar-condicionado;Baixa;2024-10-08 09:48:00;2024-10-09 19:57:03;1
CHM-2221446;QRT-19734;FUN-09324;Limpeza Extra;Média;2024-11-29 06:10:00;2024-11-29 10:03:57;5
CHM-3634179;QRT-26539;FUN-23383;Ar-condicionado;Alta;2025-10-14 13:39:00;2025-10-14 16:29:45;3
CHM-5759419;QRT-10817;FUN-48159;Wi-Fi;Alta;2024-09-04 19:02:00;2024-09-04 20:30:15;5
CHM-3708004;QRT-42444;FUN-45111;Wi-Fi;Média;2025-01-04 08:18:00;2025-01-04 20:27:31;3
CHM-3068101;QRT-78115;FUN-73856;Ar-condicionado;Média;2025-04-27 09:52:00;2025-04-27 11:29:07;4
CHM-0429079;QRT-45866;FUN-48683;TV / Controle;Média;2025-01-14 23:23:00;2025-01-15 09:39:57;2
CHM-7676731;QRT-91492;FUN-69727;Wi-Fi;Baixa;2024-11-03 14:04:00;2024-11-04 05:52:38;5
CHM-4473381;QRT-09261;FUN-23361;Frigobar com Defeito;Alta;2026-02-14 23:29:00;2026-02-15 00:23:44;5
CHM-2991642;QRT-44425;FUN-08828;Limpeza Extra;Média;2025-08-07 15:58:00;2025-08-07 20:38:12;5
CHM-1064559;QRT-89068;FUN-37715;Elétrica;Baixa;2026-01-19 07:51:00;2026-01-21 20:31:24;2
CHM-3046728;QRT-22560;FUN-50800;Ar-condicionado;Média;2025-09-04 22:25:00;2025-09-05 06:09:12;4
CHM-7053464;QRT-65099;FUN-25313;Ar-condicionado;Baixa;2024-09-27 07:54:00;2024-09-28 11:01:42;3
CHM-8309289;QRT-99181;FUN-35080;Elétrica;Alta;2025-11-27 11:59:00;2025-11-27 14:37:39;1
CHM-7338456;QRT-92177;FUN-64706;Hidráulica;Média;2025-08-06 15:13:00;2025-08-06 19:20:33;5
CHM-8056590;QRT-66092;FUN-08234;Hidráulica;Baixa;2025-06-16 06:36:00;2025-06-17 05:07:23;5
CHM-9339546;QRT-93180;FUN-49170;Wi-Fi;Média;2025-12-24 09:39:00;2025-12-24 13:10:38;5
CHM-4108221;QRT-45132;FUN-04670;Fechadura Eletrônica;Baixa;2024-10-19 17:17:00;2024-10-20 04:47:40;4
CHM-9735513;QRT-91810;FUN-94946;Ar-condicionado;Baixa;2025-05-13 23:34:00;2025-05-14 10:08:40;5
CHM-7116898;QRT-06113;FUN-23286;Wi-Fi;Baixa;2024-11-15 08:47:00;2024-11-15 20:03:29;5
CHM-7672191;QRT-42444;FUN-89330;Ar-condicionado;Média;2025-10-26 07:03:00;2025-10-26 08:17:52;5
CHM-8761163;QRT-25571;FUN-64706;Elétrica;Média;2026-06-29 20:49:00;2026-06-30 00:29:24;5
CHM-8924907;QRT-02141;FUN-64755;Hidráulica;Baixa;2025-01-12 18:24:00;2025-01-13 10:14:43;4
CHM-7061322;QRT-64556;FUN-96354;Elétrica;Alta;2026-06-19 23:04:00;2026-06-19 23:49:38;5
CHM-0767814;QRT-54375;FUN-18700;TV / Controle;Alta;2024-09-28 23:39:00;2024-09-29 00:20:33;5
CHM-9944527;QRT-53868;FUN-89330;Hidráulica;Média;2026-01-29 11:59:00;2026-01-29 15:47:31;4
CHM-7394208;QRT-53290;FUN-92311;Hidráulica;Alta;2026-03-21 06:32:00;2026-03-21 09:10:31;3
CHM-0942418;QRT-29854;FUN-57664;Elétrica;Baixa;2025-07-25 23:40:00;2025-07-27 21:05:23;2
CHM-7697943;QRT-83481;FUN-78820;Fechadura Eletrônica;Média;2025-02-02 19:29:00;2025-02-03 04:59:09;1
CHM-0232416;QRT-82431;FUN-74014;Elétrica;Média;2024-11-09 11:11:00;2024-11-10 19:57:36;2
CHM-3537365;QRT-18531;FUN-22607;Limpeza Extra;Baixa;2025-04-11 19:59:00;2025-04-14 12:11:20;3
CHM-4742167;QRT-02047;FUN-08828;Hidráulica;Média;2026-06-04 22:27:00;2026-06-05 02:51:49;5
CHM-6477606;QRT-63506;FUN-12576;Wi-Fi;Alta;2025-03-02 23:02:00;2025-03-02 23:52:23;3
CHM-4401366;QRT-88284;FUN-86194;Elétrica;Média;2026-03-14 10:04:00;2026-03-14 11:01:11;5
CHM-3356232;QRT-54489;FUN-49170;Limpeza Extra;Baixa;2025-01-14 17:44:00;2025-01-14 22:07:58;4
CHM-2589351;QRT-44425;FUN-03036;TV / Controle;Média;2024-11-07 10:02:00;2024-11-07 11:36:34;4
CHM-6891704;QRT-95201;FUN-29826;Wi-Fi;Alta;2025-11-24 23:23:00;2025-11-25 00:24:58;5
CHM-4075013;QRT-88906;FUN-92311;Ar-condicionado;Alta;2025-12-09 10:07:00;2025-12-09 10:47:40;5
CHM-3192918;QRT-11592;FUN-52300;Ar-condicionado;Média;2025-10-25 06:37:00;2025-10-25 10:47:34;4
CHM-5515384;QRT-44476;FUN-67710;Limpeza Extra;Alta;2026-01-12 09:55:00;2026-01-12 12:04:58;3
CHM-1928335;QRT-63869;FUN-15867;Ar-condicionado;Baixa;2024-07-01 21:23:00;2024-07-02 21:15:02;4
CHM-1474653;QRT-84837;FUN-04670;Frigobar com Defeito;Média;2025-06-06 12:24:00;2025-06-06 15:10:37;5
CHM-6038046;QRT-41338;FUN-43763;Fechadura Eletrônica;Média;2025-05-19 23:31:00;2025-05-20 07:21:49;3
CHM-5782538;QRT-23801;FUN-09324;Elétrica;Alta;2025-01-31 15:54:00;2025-01-31 17:24:40;3
CHM-9418041;QRT-54953;FUN-39946;Hidráulica;Baixa;2025-12-17 16:30:00;2025-12-18 07:42:33;5
CHM-4600572;QRT-35519;FUN-50800;Limpeza Extra;Baixa;2025-04-19 06:07:00;2025-04-20 09:53:12;2
CHM-0067556;QRT-25409;FUN-64706;Elétrica;Média;2024-07-25 17:10:00;2024-07-25 22:21:56;5
CHM-6483840;QRT-52853;FUN-08486;Elétrica;Alta;2026-02-19 22:39:00;2026-02-20 00:29:22;5
CHM-9117320;QRT-78808;FUN-49170;Wi-Fi;Média;2025-02-11 09:36:00;2025-02-11 12:08:30;3
CHM-3778531;QRT-54048;FUN-92045;Limpeza Extra;Média;2026-03-30 13:10:00;2026-03-30 15:29:32;5
CHM-6737118;QRT-53914;FUN-83865;Ar-condicionado;Alta;2025-09-12 22:36:00;2025-09-13 00:38:59;2
CHM-0115335;QRT-11649;FUN-07814;Ar-condicionado;Alta;2025-05-21 10:35:00;2025-05-21 11:28:32;5
CHM-5067577;QRT-02055;FUN-37715;Ar-condicionado;Média;2025-03-31 21:22:00;2025-04-01 01:48:57;4
CHM-2610345;QRT-30636;FUN-29826;Ar-condicionado;Média;2026-05-19 13:57:00;2026-05-19 19:23:48;4
CHM-0569347;QRT-10455;FUN-64047;Wi-Fi;Alta;2025-02-26 15:24:00;2025-02-26 16:15:34;4
CHM-5296734;QRT-94756;FUN-82886;Ar-condicionado;Média;2025-04-12 08:50:00;2025-04-12 15:11:04;4
CHM-8352887;QRT-81045;FUN-96106;Hidráulica;Alta;2025-08-26 12:50:00;2025-08-26 14:04:48;5
CHM-9078919;QRT-00593;FUN-86199;Ar-condicionado;Baixa;2026-01-16 11:37:00;2026-01-16 20:42:09;5
CHM-9157831;QRT-03596;FUN-25313;Hidráulica;Média;2025-11-13 18:23:00;2025-11-13 20:31:35;4
CHM-0871672;QRT-78055;FUN-47371;TV / Controle;Baixa;2025-04-14 06:19:00;2025-04-15 06:55:49;3
CHM-4853586;QRT-56321;FUN-18700;TV / Controle;Baixa;2025-02-26 23:53:00;2025-02-27 07:01:25;3
CHM-1162299;QRT-43251;FUN-89330;Hidráulica;Média;2024-07-09 08:21:00;2024-07-09 15:27:35;4
CHM-7761336;QRT-70123;FUN-55799;TV / Controle;Média;2025-07-09 09:38:00;2025-07-09 12:20:28;4
CHM-9268230;QRT-27574;FUN-66580;Hidráulica;Média;2025-07-19 09:31:00;2025-07-19 11:25:34;3
CHM-3094301;QRT-85739;FUN-08486;Wi-Fi;Média;2025-03-09 19:16:00;2025-03-09 21:11:05;4
CHM-2418805;QRT-43580;FUN-67282;Hidráulica;Baixa;2025-04-30 18:33:00;2025-05-01 06:06:23;4
CHM-4244400;QRT-27833;FUN-29826;Hidráulica;Média;2026-04-22 22:38:00;2026-04-23 04:01:12;5
CHM-9877812;QRT-87654;FUN-71493;TV / Controle;Baixa;2025-03-08 19:07:00;2025-03-09 16:45:18;4
CHM-0533900;QRT-68610;FUN-92311;Wi-Fi;Média;2024-08-25 13:08:00;2024-08-25 15:32:54;5
CHM-7640509;QRT-24810;FUN-71181;Limpeza Extra;Média;2025-01-20 21:02:00;2025-01-21 02:02:45;3
CHM-3874739;QRT-40975;FUN-08109;Ar-condicionado;Baixa;2026-06-19 23:48:00;2026-06-21 01:48:10;3
CHM-2884911;QRT-96972;FUN-12576;Ar-condicionado;Baixa;2024-10-13 11:53:00;2024-10-14 06:43:40;5
CHM-5050146;QRT-21167;FUN-28577;Limpeza Extra;Baixa;2025-02-16 13:16:00;2025-02-18 07:57:09;3
CHM-1693910;QRT-03540;FUN-08109;Wi-Fi;Média;2025-06-26 09:57:00;2025-06-26 17:54:02;4
CHM-3854277;QRT-95712;FUN-86194;Ar-condicionado;Alta;2025-12-01 14:12:00;2025-12-01 14:50:22;4
CHM-2189304;QRT-15064;FUN-52793;Hidráulica;Alta;2024-11-24 10:35:00;2024-11-24 11:35:17;4
CHM-3271931;QRT-25217;FUN-21094;Wi-Fi;Alta;2024-08-04 13:02:00;2024-08-04 14:41:52;5
CHM-1986670;QRT-55192;FUN-76103;Ar-condicionado;Média;2026-03-31 22:03:00;2026-04-01 14:16:13;2
CHM-6022719;QRT-06113;FUN-23286;Frigobar com Defeito;Baixa;2025-01-06 17:18:00;2025-01-07 03:08:44;3
CHM-4315444;QRT-16851;FUN-83865;Fechadura Eletrônica;Baixa;2024-08-09 15:12:00;2024-08-09 20:04:47;3
CHM-6895762;QRT-07031;FUN-76103;Ar-condicionado;Baixa;2026-06-02 09:15:00;2026-06-03 06:54:10;5
CHM-1209024;QRT-69520;FUN-55799;Wi-Fi;Baixa;2024-07-07 09:52:00;2024-07-08 10:09:12;1
CHM-0657035;QRT-01287;FUN-25313;Frigobar com Defeito;Média;2025-12-07 22:21:00;2025-12-08 02:01:18;4
CHM-5922758;QRT-76454;FUN-87234;Wi-Fi;Média;2025-05-31 18:46:00;2025-06-01 00:26:32;5
CHM-9008791;QRT-86536;FUN-23361;TV / Controle;Média;2026-02-28 20:59:00;2026-02-28 23:05:29;5
CHM-2076009;QRT-98370;FUN-22027;Wi-Fi;Média;2026-04-22 07:32:00;2026-04-22 11:32:10;4
CHM-5326742;QRT-13758;FUN-47371;Hidráulica;Média;2025-04-12 08:22:00;2025-04-12 17:21:32;2
CHM-8207630;QRT-06280;FUN-34873;Limpeza Extra;Média;2024-11-11 07:01:00;2024-11-11 10:46:33;5
CHM-7396974;QRT-29393;FUN-66580;TV / Controle;Baixa;2026-04-19 09:53:00;2026-04-19 13:21:13;4
CHM-8095443;QRT-29802;FUN-78820;TV / Controle;Alta;2024-10-07 23:39:00;2024-10-08 00:02:44;3
CHM-4412855;QRT-29393;FUN-23361;Limpeza Extra;Média;2024-08-23 11:39:00;2024-08-23 16:08:12;4
CHM-8933696;QRT-04283;FUN-52793;Wi-Fi;Alta;2026-01-04 15:25:00;2026-01-04 16:15:12;4
CHM-5429021;QRT-63998;FUN-88121;Ar-condicionado;Média;2025-01-02 08:00:00;2025-01-02 10:46:41;5
CHM-4231103;QRT-42444;FUN-18700;Ar-condicionado;Média;2024-10-17 18:10:00;2024-10-18 00:21:41;5
CHM-9735100;QRT-89068;FUN-12576;Elétrica;Média;2025-06-02 13:41:00;2025-06-02 23:40:07;3
CHM-0312861;QRT-26716;FUN-41540;Wi-Fi;Média;2025-12-29 20:29:00;2025-12-29 21:36:13;4
CHM-0445774;QRT-58690;FUN-12576;Wi-Fi;Baixa;2026-06-08 14:18:00;2026-06-08 22:39:28;5
CHM-0029793;QRT-08799;FUN-57664;Frigobar com Defeito;Baixa;2026-04-02 17:49:00;2026-04-02 23:06:24;5
CHM-4353376;QRT-75121;FUN-69727;Wi-Fi;Média;2026-01-11 18:39:00;2026-01-11 22:02:53;4
CHM-1370768;QRT-59474;FUN-66580;Limpeza Extra;Alta;2026-04-11 16:50:00;2026-04-11 18:34:17;5
CHM-8027991;QRT-17114;FUN-52793;Elétrica;Baixa;2026-06-15 14:57:00;2026-06-16 03:44:43;4
CHM-6390319;QRT-83187;FUN-65780;Frigobar com Defeito;Baixa;2026-02-05 15:24:00;2026-02-05 22:00:46;5
CHM-0679560;QRT-53868;FUN-81524;Hidráulica;Média;2025-11-19 12:46:00;2025-11-19 19:32:59;4
CHM-0987134;QRT-48327;FUN-86199;Elétrica;Baixa;2025-06-21 11:43:00;2025-06-21 21:37:39;3
CHM-3945532;QRT-56321;FUN-18700;Ar-condicionado;Alta;2026-03-01 20:31:00;2026-03-01 21:33:06;5
CHM-9376112;QRT-30636;FUN-29826;Fechadura Eletrônica;Média;2026-02-10 18:21:00;2026-02-10 23:46:52;5
CHM-7630746;QRT-96237;FUN-78820;Ar-condicionado;Média;2025-05-01 15:45:00;2025-05-02 00:10:42;3
CHM-0104877;QRT-09785;FUN-89330;Elétrica;Média;2025-02-04 17:07:00;2025-02-04 20:38:27;5
CHM-2461531;QRT-03596;FUN-47371;Ar-condicionado;Média;2026-06-13 22:02:00;2026-06-14 15:45:50;3
CHM-6479060;QRT-33730;FUN-48683;TV / Controle;Média;2025-04-08 09:00:00;2025-04-08 12:42:39;5
CHM-0173524;QRT-25217;FUN-70436;Ar-condicionado;Média;2026-05-24 07:08:00;2026-05-24 07:54:47;5
CHM-6245017;QRT-26354;FUN-08234;Hidráulica;Alta;2025-02-20 23:15:00;2025-02-20 23:51:50;4
CHM-7612379;QRT-65055;FUN-86194;Ar-condicionado;Alta;2025-10-01 09:45:00;2025-10-01 10:46:05;5
CHM-6376492;QRT-47759;FUN-52300;Limpeza Extra;Alta;2025-08-19 19:51:00;2025-08-19 21:46:32;4
CHM-8148928;QRT-85920;FUN-64755;TV / Controle;Alta;2025-07-27 16:03:00;2025-07-27 19:29:49;1
CHM-5846902;QRT-88400;FUN-64706;Elétrica;Média;2026-05-31 09:09:00;2026-05-31 14:52:53;5
CHM-3655801;QRT-28319;FUN-96106;TV / Controle;Média;2025-10-25 17:21:00;2025-10-25 22:28:21;5
CHM-5924873;QRT-37672;FUN-32345;Limpeza Extra;Média;2024-11-30 18:38:00;2024-11-30 23:17:28;5
CHM-8512698;QRT-20055;FUN-16922;Limpeza Extra;Média;2024-10-20 11:33:00;2024-10-20 19:55:29;3
CHM-5105221;QRT-24118;FUN-34079;Limpeza Extra;Média;2025-03-28 11:20:00;2025-03-28 19:12:49;5
CHM-8493715;QRT-25571;FUN-64047;Elétrica;Alta;2025-09-26 19:21:00;2025-09-26 19:42:50;5
CHM-1372033;QRT-81045;FUN-22027;TV / Controle;Média;2024-11-29 22:53:00;2024-11-30 00:03:16;3
CHM-4394521;QRT-76445;FUN-87234;Fechadura Eletrônica;Baixa;2025-02-15 14:33:00;2025-02-16 05:51:47;4
CHM-3849413;QRT-70680;FUN-07814;TV / Controle;Baixa;2025-04-23 22:42:00;2025-04-24 08:47:43;5
CHM-9645123;QRT-87613;FUN-18700;Elétrica;Média;2026-06-11 11:59:00;2026-06-11 14:55:28;4
CHM-9695094;QRT-20055;FUN-65780;Elétrica;Alta;2024-12-27 18:35:00;2024-12-27 20:12:32;5
CHM-4522756;QRT-78115;FUN-86194;TV / Controle;Média;2026-03-18 22:51:00;2026-03-19 05:19:35;5
CHM-4761341;QRT-13595;FUN-90839;Limpeza Extra;Média;2024-09-13 22:46:00;2024-09-14 01:59:36;3
CHM-0896680;QRT-03446;FUN-23383;Ar-condicionado;Baixa;2025-02-22 22:38:00;2025-02-23 04:52:10;5
CHM-6513157;QRT-46308;FUN-08234;Ar-condicionado;Alta;2025-01-19 12:18:00;2025-01-19 12:31:24;4
CHM-0991358;QRT-08549;FUN-90839;Limpeza Extra;Média;2025-05-29 16:28:00;2025-05-29 17:52:55;4
CHM-9210170;QRT-04542;FUN-69104;Wi-Fi;Alta;2024-09-27 12:13:00;2024-09-27 13:30:37;5
CHM-8465918;QRT-28212;FUN-57664;Ar-condicionado;Média;2025-04-27 12:03:00;2025-04-27 19:56:24;4
CHM-9014537;QRT-87593;FUN-83865;Elétrica;Média;2026-03-16 21:02:00;2026-03-17 06:51:22;3
CHM-0264408;QRT-92955;FUN-92045;TV / Controle;Alta;2024-09-12 07:00:00;2024-09-12 07:34:10;4
CHM-0497781;QRT-66195;FUN-09102;Elétrica;Média;2026-04-13 20:51:00;2026-04-14 06:19:41;3
CHM-5744157;QRT-95712;FUN-73856;Hidráulica;Alta;2025-04-09 08:49:00;2025-04-09 09:30:11;5
CHM-4282755;QRT-24337;FUN-92311;Frigobar com Defeito;Média;2025-10-06 16:40:00;2025-10-06 20:23:37;5
CHM-5150480;QRT-54918;FUN-15867;Fechadura Eletrônica;Média;2024-08-24 14:54:00;2024-08-25 01:57:21;2
CHM-3297443;QRT-98284;FUN-32345;Wi-Fi;Alta;2025-03-11 12:34:00;2025-03-11 13:43:29;5
CHM-0440794;QRT-76445;FUN-34079;Fechadura Eletrônica;Alta;2025-01-22 11:25:00;2025-01-22 12:20:55;3
CHM-7409898;QRT-53432;FUN-09324;Fechadura Eletrônica;Média;2025-08-13 09:13:00;2025-08-13 13:16:35;4
CHM-8706893;QRT-78524;FUN-86194;Hidráulica;Média;2026-01-06 21:24:00;2026-01-07 00:51:14;4
CHM-2513486;QRT-58808;FUN-04670;Wi-Fi;Média;2026-01-01 11:09:00;2026-01-01 18:25:04;5
CHM-1603559;QRT-83187;FUN-78820;Ar-condicionado;Alta;2025-07-20 17:03:00;2025-07-20 17:30:50;5
CHM-3554311;QRT-69925;FUN-39946;Fechadura Eletrônica;Média;2026-04-09 22:58:00;2026-04-10 05:00:07;4
CHM-0025069;QRT-85329;FUN-82886;Ar-condicionado;Baixa;2026-06-10 18:03:00;2026-06-10 22:07:51;4
CHM-9090100;QRT-75123;FUN-29826;Limpeza Extra;Baixa;2025-05-16 07:50:00;2025-05-19 10:43:12;2
CHM-8831813;QRT-57190;FUN-71181;Ar-condicionado;Baixa;2025-07-21 08:13:00;2025-07-22 14:47:26;2
CHM-2048618;QRT-26354;FUN-94946;TV / Controle;Baixa;2025-08-17 23:03:00;2025-08-18 17:21:55;3
CHM-8194129;QRT-78217;FUN-08849;Fechadura Eletrônica;Baixa;2024-08-22 17:05:00;2024-08-23 08:36:41;4
CHM-9611963;QRT-02007;FUN-74014;Limpeza Extra;Baixa;2025-09-29 22:41:00;2025-09-30 05:18:38;4
CHM-4699444;QRT-08284;FUN-52793;Elétrica;Média;2026-05-23 23:58:00;2026-05-24 09:08:43;2
CHM-7982967;QRT-23438;FUN-09102;Ar-condicionado;Média;2025-08-07 23:22:00;2025-08-08 06:12:55;3
CHM-4719206;QRT-02047;FUN-34079;Ar-condicionado;Média;2025-07-07 12:29:00;2025-07-07 12:56:05;3
CHM-9101721;QRT-98065;FUN-22027;TV / Controle;Baixa;2025-06-24 19:16:00;2025-06-25 13:42:53;5
CHM-6478713;QRT-70944;FUN-89330;Hidráulica;Baixa;2026-03-04 16:26:00;2026-03-05 12:54:21;4
CHM-0998053;QRT-85367;FUN-74014;Wi-Fi;Média;2026-02-18 08:48:00;2026-02-18 14:14:01;3
CHM-3548031;QRT-65099;FUN-47371;Fechadura Eletrônica;Média;2025-08-09 21:22:00;2025-08-09 23:18:59;5
CHM-8176810;QRT-45185;FUN-29826;Frigobar com Defeito;Alta;2024-08-30 14:15:00;2024-08-30 14:28:55;4
CHM-6916490;QRT-60661;FUN-71181;Wi-Fi;Baixa;2026-03-03 15:26:00;2026-03-04 19:20:33;2
CHM-4010651;QRT-23155;FUN-64755;Elétrica;Baixa;2024-10-24 18:23:00;2024-10-24 23:01:28;5
CHM-1949289;QRT-92384;FUN-64755;Wi-Fi;Baixa;2025-04-02 21:15:00;2025-04-03 07:59:56;5
CHM-3241021;QRT-59498;FUN-34079;Wi-Fi;Média;2025-04-25 19:58:00;2025-04-25 22:45:43;5
CHM-1195070;QRT-59474;FUN-52300;Wi-Fi;Alta;2025-08-30 10:57:00;2025-08-30 12:35:35;5
CHM-2012432;QRT-33730;FUN-50800;Ar-condicionado;Baixa;2026-02-16 14:01:00;2026-02-16 17:50:09;4
CHM-1037866;QRT-21496;FUN-69104;Frigobar com Defeito;Baixa;2024-10-17 07:49:00;2024-10-17 10:51:42;4
CHM-8803004;QRT-32164;FUN-78820;Hidráulica;Baixa;2026-01-07 16:36:00;2026-01-09 06:17:59;1
CHM-0770883;QRT-41338;FUN-64047;Ar-condicionado;Alta;2026-05-11 12:00:00;2026-05-11 12:28:19;4
CHM-4014699;QRT-94756;FUN-01568;TV / Controle;Média;2024-07-13 12:37:00;2024-07-13 18:01:41;4
CHM-8849300;QRT-92955;FUN-34079;Limpeza Extra;Média;2024-08-10 14:15:00;2024-08-10 19:22:39;5
CHM-9611133;QRT-28645;FUN-08234;Fechadura Eletrônica;Alta;2025-07-01 12:08:00;2025-07-01 12:35:38;3
CHM-4708746;QRT-92377;FUN-02909;Fechadura Eletrônica;Baixa;2026-02-14 15:18:00;2026-02-15 14:43:59;5
CHM-2155854;QRT-00087;FUN-22607;TV / Controle;Baixa;2024-11-12 22:09:00;2024-11-14 19:49:01;1
CHM-6205239;QRT-06335;FUN-12040;Hidráulica;Baixa;2025-07-17 21:48:00;2025-07-18 07:23:54;3
CHM-2347165;QRT-67310;FUN-67282;TV / Controle;Alta;2026-05-11 22:03:00;2026-05-11 22:57:18;5
CHM-2826970;QRT-07215;FUN-64755;Hidráulica;Média;2025-01-27 06:22:00;2025-01-27 10:26:08;5
CHM-4553150;QRT-69411;FUN-50800;TV / Controle;Baixa;2024-11-22 22:52:00;2024-11-23 22:20:22;3
CHM-0097433;QRT-08799;FUN-05739;Wi-Fi;Média;2025-12-03 10:40:00;2025-12-03 15:52:58;5
CHM-8559421;QRT-56455;FUN-67710;Wi-Fi;Baixa;2026-02-21 18:43:00;2026-02-22 04:29:15;4
CHM-6158218;QRT-24274;FUN-29826;Wi-Fi;Média;2025-02-19 09:44:00;2025-02-19 15:07:55;5
CHM-3090275;QRT-42444;FUN-76103;Wi-Fi;Baixa;2026-03-03 16:31:00;2026-03-04 01:22:12;5
CHM-6004308;QRT-47628;FUN-23361;Hidráulica;Média;2026-01-30 22:42:00;2026-01-31 03:26:59;4
CHM-0206174;QRT-18531;FUN-25313;Elétrica;Média;2025-05-20 22:37:00;2025-05-21 07:27:47;3
CHM-5671947;QRT-85367;FUN-39946;Limpeza Extra;Baixa;2024-09-05 18:46:00;2024-09-06 07:04:18;5
CHM-4939143;QRT-58690;FUN-74014;Ar-condicionado;Baixa;2025-03-17 06:03:00;2025-03-17 14:51:18;4
CHM-8277057;QRT-24929;FUN-48683;Ar-condicionado;Média;2024-11-10 23:22:00;2024-11-11 02:54:24;4
CHM-0199853;QRT-18824;FUN-08849;Limpeza Extra;Alta;2026-04-20 10:14:00;2026-04-20 10:44:02;4
CHM-2521627;QRT-46149;FUN-96106;Elétrica;Alta;2026-04-15 16:41:00;2026-04-15 17:15:20;5
CHM-6122065;QRT-94431;FUN-32345;Elétrica;Baixa;2025-10-11 10:06:00;2025-10-11 22:45:59;4
CHM-8377233;QRT-54489;FUN-05739;Hidráulica;Média;2026-01-04 11:41:00;2026-01-04 14:30:54;5
CHM-3705762;QRT-77305;FUN-34873;Ar-condicionado;Média;2026-03-28 20:04:00;2026-03-29 00:53:46;5
CHM-4975104;QRT-00699;FUN-05739;Ar-condicionado;Média;2025-07-28 22:15:00;2025-07-29 06:29:35;2
CHM-8662539;QRT-68692;FUN-22027;TV / Controle;Média;2025-05-01 09:01:00;2025-05-01 19:42:16;2
CHM-8651759;QRT-85687;FUN-71181;Wi-Fi;Média;2025-05-26 21:48:00;2025-05-27 00:38:51;5
CHM-2765390;QRT-25905;FUN-01568;Limpeza Extra;Baixa;2025-02-25 15:30:00;2025-02-26 02:42:24;5
CHM-9698755;QRT-88400;FUN-49013;Hidráulica;Alta;2024-07-01 13:53:00;2024-07-01 15:37:19;5
CHM-3556018;QRT-96617;FUN-67710;TV / Controle;Média;2024-09-16 18:40:00;2024-09-17 03:17:07;1
CHM-9247906;QRT-47628;FUN-52300;Ar-condicionado;Baixa;2025-08-22 12:27:00;2025-08-22 17:14:23;5
CHM-2468968;QRT-13238;FUN-52793;Elétrica;Média;2025-01-12 13:53:00;2025-01-12 16:00:22;5
CHM-7653639;QRT-59512;FUN-49013;Ar-condicionado;Baixa;2025-03-20 22:11:00;2025-03-21 16:36:21;4
CHM-2918337;QRT-59512;FUN-67282;Wi-Fi;Média;2026-01-30 16:45:00;2026-01-30 20:53:08;5
CHM-9155336;QRT-62284;FUN-02909;Elétrica;Média;2026-06-21 13:02:00;2026-06-21 14:48:53;4
CHM-5299939;QRT-94225;FUN-78820;TV / Controle;Alta;2024-09-12 11:42:00;2024-09-12 12:25:23;5
CHM-8165966;QRT-39368;FUN-89330;Limpeza Extra;Média;2024-10-10 11:31:00;2024-10-10 19:19:59;5
CHM-1990447;QRT-63784;FUN-52300;Fechadura Eletrônica;Média;2024-08-12 21:57:00;2024-08-13 07:14:23;3
CHM-0318876;QRT-41338;FUN-43763;Ar-condicionado;Baixa;2025-01-25 07:47:00;2025-01-26 00:54:43;5
CHM-2415272;QRT-58808;FUN-96354;Ar-condicionado;Média;2025-02-05 10:37:00;2025-02-05 13:56:19;5
CHM-8840078;QRT-75121;FUN-29826;Hidráulica;Alta;2025-02-17 13:37:00;2025-02-17 13:56:03;3
CHM-5724217;QRT-06335;FUN-36473;Ar-condicionado;Média;2025-11-07 18:47:00;2025-11-08 02:28:06;5
CHM-9174529;QRT-55192;FUN-45111;Elétrica;Média;2025-09-20 17:46:00;2025-09-21 03:53:44;3
CHM-9479749;QRT-63506;FUN-10947;Wi-Fi;Baixa;2024-10-14 10:23:00;2024-10-14 19:05:21;4
CHM-4440048;QRT-74428;FUN-19473;Wi-Fi;Baixa;2026-05-24 22:07:00;2026-05-26 06:29:58;3
CHM-2819670;QRT-45132;FUN-96354;TV / Controle;Média;2025-01-31 11:06:00;2025-01-31 13:01:37;4
CHM-4358006;QRT-53432;FUN-94946;Ar-condicionado;Baixa;2025-08-11 20:11:00;2025-08-12 16:11:33;4
CHM-5258118;QRT-66170;FUN-96354;Ar-condicionado;Alta;2026-06-23 13:01:00;2026-06-23 13:51:11;5
CHM-3892453;QRT-18824;FUN-71493;TV / Controle;Baixa;2026-05-10 19:55:00;2026-05-11 03:22:51;4
CHM-8575866;QRT-03049;FUN-83865;Hidráulica;Média;2025-06-08 12:57:00;2025-06-08 14:57:35;4
CHM-6713243;QRT-47759;FUN-81524;Ar-condicionado;Baixa;2024-12-16 18:17:00;2024-12-17 06:00:34;5
CHM-2237463;QRT-95939;FUN-74014;Limpeza Extra;Baixa;2024-11-07 18:22:00;2024-11-08 02:27:23;4
CHM-8882188;QRT-09047;FUN-70436;Ar-condicionado;Média;2025-10-20 07:22:00;2025-10-20 10:17:53;4
CHM-9012830;QRT-54953;FUN-08486;Limpeza Extra;Média;2025-01-27 15:59:00;2025-01-27 21:13:46;4
CHM-3193112;QRT-75780;FUN-34873;Wi-Fi;Alta;2025-04-10 23:30:00;2025-04-11 02:10:04;2
CHM-9223422;QRT-10455;FUN-88121;Limpeza Extra;Média;2026-04-27 23:03:00;2026-04-28 09:50:19;1
CHM-7887521;QRT-10397;FUN-78820;Elétrica;Média;2025-09-25 09:52:00;2025-09-25 10:45:15;4
CHM-8531740;QRT-63207;FUN-19473;Frigobar com Defeito;Alta;2025-11-10 07:22:00;2025-11-10 09:50:29;1
CHM-2139056;QRT-34396;FUN-22607;Ar-condicionado;Baixa;2026-03-15 16:50:00;2026-03-15 21:26:45;5
CHM-4761843;QRT-57763;FUN-69104;Limpeza Extra;Alta;2025-12-02 07:04:00;2025-12-02 08:48:02;4
CHM-5884031;QRT-47168;FUN-04670;Ar-condicionado;Média;2025-08-02 18:03:00;2025-08-02 19:31:53;5
CHM-2095642;QRT-88939;FUN-10947;Ar-condicionado;Baixa;2025-07-24 15:15:00;2025-07-25 06:04:46;4
CHM-3644693;QRT-91810;FUN-01568;TV / Controle;Alta;2026-01-31 17:10:00;2026-01-31 19:52:15;2
CHM-6039425;QRT-03596;FUN-47371;Fechadura Eletrônica;Média;2024-08-11 23:07:00;2024-08-12 00:34:08;5
CHM-6515127;QRT-01345;FUN-92045;Elétrica;Média;2024-12-23 22:28:00;2024-12-24 04:14:48;4
CHM-9536706;QRT-13238;FUN-10947;Frigobar com Defeito;Média;2025-08-31 15:05:00;2025-08-31 19:06:09;3
CHM-9157208;QRT-46794;FUN-64755;TV / Controle;Baixa;2025-04-04 22:19:00;2025-04-07 08:25:48;2
CHM-5725721;QRT-94862;FUN-69727;Ar-condicionado;Baixa;2025-06-25 10:44:00;2025-06-25 17:53:49;5
CHM-3420125;QRT-51351;FUN-08109;TV / Controle;Alta;2025-07-27 09:38:00;2025-07-27 10:59:41;4
CHM-0054119;QRT-18824;FUN-08849;Wi-Fi;Alta;2025-07-24 18:49:00;2025-07-24 22:12:38;1
CHM-3161666;QRT-11649;FUN-89330;Elétrica;Média;2024-11-13 09:45:00;2024-11-13 11:45:10;5
CHM-4268179;QRT-15355;FUN-96106;Ar-condicionado;Média;2025-11-20 07:43:00;2025-11-20 14:50:19;4
CHM-3881641;QRT-25905;FUN-86199;Elétrica;Alta;2024-08-10 14:26:00;2024-08-10 16:41:16;3
CHM-2874423;QRT-24118;FUN-03036;Limpeza Extra;Baixa;2025-09-16 10:38:00;2025-09-17 17:56:15;2
CHM-7356868;QRT-51351;FUN-22607;Limpeza Extra;Média;2024-07-06 14:40:00;2024-07-06 18:14:52;5
CHM-8321760;QRT-50555;FUN-21094;Elétrica;Alta;2024-10-17 18:15:00;2024-10-17 18:49:42;5
CHM-3435591;QRT-81045;FUN-64755;Limpeza Extra;Baixa;2025-12-30 17:20:00;2025-12-31 05:52:25;3
CHM-8634609;QRT-09785;FUN-89330;Ar-condicionado;Média;2026-05-03 17:39:00;2026-05-04 02:10:37;2
CHM-0524152;QRT-41356;FUN-81524;Wi-Fi;Baixa;2024-09-10 22:14:00;2024-09-11 01:37:31;5
CHM-3871196;QRT-84072;FUN-05739;Wi-Fi;Média;2025-09-13 20:39:00;2025-09-13 23:29:33;5
CHM-4048642;QRT-24118;FUN-34079;Fechadura Eletrônica;Média;2024-11-01 08:35:00;2024-11-01 10:32:35;5
CHM-2332316;QRT-91628;FUN-71181;Hidráulica;Média;2025-05-15 07:21:00;2025-05-15 11:49:32;5
CHM-6702033;QRT-02055;FUN-08486;Hidráulica;Alta;2025-03-03 12:16:00;2025-03-03 14:52:59;1
CHM-4974807;QRT-87654;FUN-08849;Limpeza Extra;Baixa;2026-06-13 10:02:00;2026-06-14 03:29:59;5
CHM-9546796;QRT-24810;FUN-08486;Wi-Fi;Média;2025-07-24 06:02:00;2025-07-24 08:26:53;5
CHM-1796020;QRT-54116;FUN-34873;Ar-condicionado;Média;2026-01-13 10:32:00;2026-01-14 00:33:44;1
CHM-2205178;QRT-26166;FUN-21094;Limpeza Extra;Média;2025-06-02 19:22:00;2025-06-03 09:52:46;2
CHM-5972411;QRT-66307;FUN-07814;Hidráulica;Alta;2025-06-30 17:06:00;2025-06-30 18:25:36;4
CHM-6112754;QRT-37220;FUN-88121;Limpeza Extra;Média;2024-12-01 23:30:00;2024-12-02 02:26:14;5
CHM-2485714;QRT-33730;FUN-15867;TV / Controle;Média;2024-10-14 06:33:00;2024-10-14 09:17:58;5
CHM-1318291;QRT-02711;FUN-57664;Wi-Fi;Média;2026-03-20 06:08:00;2026-03-20 10:39:39;4
CHM-3117144;QRT-06113;FUN-87234;Ar-condicionado;Média;2025-03-08 11:42:00;2025-03-08 15:47:08;5
CHM-9021136;QRT-06280;FUN-48683;Wi-Fi;Baixa;2024-10-31 11:09:00;2024-10-31 16:12:15;4
CHM-4564371;QRT-46794;FUN-49170;Wi-Fi;Média;2026-05-05 12:51:00;2026-05-05 16:40:54;5
CHM-2997391;QRT-14624;FUN-34873;Frigobar com Defeito;Média;2025-05-06 08:19:00;2025-05-06 11:16:09;3
CHM-1578975;QRT-84220;FUN-71181;Elétrica;Alta;2025-07-18 23:44:00;2025-07-19 01:29:11;3
CHM-4846456;QRT-95776;FUN-21094;Ar-condicionado;Baixa;2025-10-23 09:45:00;2025-10-23 23:00:47;5
CHM-1944160;QRT-66170;FUN-28577;Fechadura Eletrônica;Baixa;2026-02-02 23:28:00;2026-02-03 20:09:20;5
CHM-1712189;QRT-34521;FUN-43763;Limpeza Extra;Média;2024-08-23 20:56:00;2024-08-24 02:22:44;5
CHM-9878510;QRT-74691;FUN-32345;Fechadura Eletrônica;Alta;2025-09-08 10:05:00;2025-09-08 10:27:21;5
CHM-2333569;QRT-85739;FUN-10947;Hidráulica;Alta;2026-04-24 13:00:00;2026-04-24 13:19:37;4
CHM-4752084;QRT-00087;FUN-22607;Elétrica;Média;2025-02-16 19:02:00;2025-02-16 22:46:51;5
CHM-7608382;QRT-12128;FUN-10947;Hidráulica;Média;2026-03-09 17:48:00;2026-03-09 19:10:52;4
CHM-1403012;QRT-98370;FUN-96106;Ar-condicionado;Média;2026-04-03 16:34:00;2026-04-03 23:39:19;5
CHM-4756125;QRT-89410;FUN-52793;Limpeza Extra;Baixa;2025-08-06 20:15:00;2025-08-07 07:33:11;4
CHM-8540235;QRT-69835;FUN-23383;Fechadura Eletrônica;Alta;2025-12-06 21:51:00;2025-12-06 23:50:44;5
CHM-4312879;QRT-83665;FUN-10947;Hidráulica;Baixa;2025-12-14 06:45:00;2025-12-15 19:41:45;2
CHM-3451106;QRT-21496;FUN-94946;Elétrica;Alta;2025-12-26 17:48:00;2025-12-26 18:12:22;4
CHM-4124068;QRT-81700;FUN-23383;Fechadura Eletrônica;Baixa;2024-07-22 10:55:00;2024-07-23 00:13:31;4
CHM-2201138;QRT-80765;FUN-73856;Ar-condicionado;Média;2026-04-30 11:40:00;2026-04-30 22:15:00;1
CHM-9743106;QRT-47628;FUN-52300;TV / Controle;Alta;2024-10-15 08:26:00;2024-10-15 09:36:46;5
CHM-9891432;QRT-16068;FUN-71493;Ar-condicionado;Média;2026-04-04 17:14:00;2026-04-04 22:11:13;5
CHM-7957854;QRT-02007;FUN-12576;Elétrica;Baixa;2025-11-13 21:49:00;2025-11-14 04:25:44;4
CHM-4496324;QRT-52853;FUN-37715;Fechadura Eletrônica;Alta;2025-05-08 22:19:00;2025-05-08 23:11:41;5
CHM-7495365;QRT-63207;FUN-83865;Wi-Fi;Baixa;2026-03-10 20:09:00;2026-03-11 14:35:53;4
CHM-2338311;QRT-09674;FUN-09102;Hidráulica;Baixa;2024-10-01 23:41:00;2024-10-03 02:30:51;2
CHM-9640613;QRT-78380;FUN-18700;Ar-condicionado;Alta;2024-08-08 18:58:00;2024-08-08 19:32:46;5
CHM-9055900;QRT-98284;FUN-96106;TV / Controle;Média;2026-03-09 10:32:00;2026-03-09 17:05:46;4
CHM-1364967;QRT-77112;FUN-05739;Limpeza Extra;Baixa;2025-05-12 20:22:00;2025-05-13 09:20:45;4
CHM-0935704;QRT-70944;FUN-52300;Wi-Fi;Alta;2024-09-21 19:46:00;2024-09-21 21:12:58;5
CHM-5493564;QRT-35519;FUN-50800;Ar-condicionado;Baixa;2024-08-12 09:32:00;2024-08-12 16:38:26;5
CHM-9759584;QRT-27833;FUN-34873;Elétrica;Baixa;2024-11-22 23:22:00;2024-11-23 16:45:38;3
CHM-5847671;QRT-41316;FUN-45111;Limpeza Extra;Baixa;2024-11-13 09:58:00;2024-11-14 10:27:47;1
CHM-9211606;QRT-46149;FUN-32345;Ar-condicionado;Baixa;2025-10-06 20:11:00;2025-10-07 13:29:48;5
CHM-5220877;QRT-23438;FUN-69104;Ar-condicionado;Alta;2025-10-17 11:11:00;2025-10-17 11:37:03;4
CHM-1733616;QRT-21496;FUN-01568;Elétrica;Média;2024-09-12 22:42:00;2024-09-13 10:10:43;2
CHM-3643293;QRT-39368;FUN-23361;Fechadura Eletrônica;Média;2025-05-01 23:32:00;2025-05-02 02:22:43;5
CHM-1720220;QRT-59474;FUN-52300;Fechadura Eletrônica;Média;2025-08-20 20:47:00;2025-08-21 00:20:20;5
CHM-8321079;QRT-88654;FUN-36473;TV / Controle;Baixa;2025-09-04 19:01:00;2025-09-05 10:41:32;5
CHM-6874050;QRT-92321;FUN-08486;Limpeza Extra;Baixa;2026-06-14 06:30:00;2026-06-14 22:59:20;5
CHM-0212126;QRT-93908;FUN-29826;Wi-Fi;Baixa;2025-12-01 23:06:00;2025-12-03 14:43:25;3
CHM-2085635;QRT-94556;FUN-13975;Ar-condicionado;Média;2025-04-26 09:32:00;2025-04-26 10:25:49;4
CHM-7331455;QRT-80306;FUN-45111;Limpeza Extra;Média;2024-11-14 12:07:00;2024-11-14 18:42:59;5
CHM-5092650;QRT-81700;FUN-48159;Ar-condicionado;Baixa;2025-07-04 07:10:00;2025-07-05 06:36:47;3
CHM-9429379;QRT-12128;FUN-71181;TV / Controle;Média;2024-11-20 08:24:00;2024-11-20 13:15:20;5
CHM-1177567;QRT-73232;FUN-67282;Elétrica;Alta;2025-04-15 16:34:00;2025-04-15 17:27:28;5
CHM-3411111;QRT-57124;FUN-90839;Ar-condicionado;Alta;2025-08-21 23:59:00;2025-08-22 00:24:48;5
CHM-1146719;QRT-55454;FUN-35080;Ar-condicionado;Média;2025-08-12 10:19:00;2025-08-12 15:42:42;4
CHM-7986181;QRT-94862;FUN-15867;Wi-Fi;Média;2025-10-07 17:13:00;2025-10-08 14:28:17;2
CHM-9636782;QRT-37102;FUN-89330;Hidráulica;Baixa;2026-02-17 07:22:00;2026-02-18 22:46:08;3
CHM-4501680;QRT-15710;FUN-32345;Ar-condicionado;Média;2025-05-26 06:44:00;2025-05-26 11:28:10;5
CHM-3827011;QRT-63645;FUN-96106;Elétrica;Média;2025-06-24 15:23:00;2025-06-24 17:33:44;5
CHM-0167520;QRT-38783;FUN-29826;Elétrica;Baixa;2025-04-16 15:59:00;2025-04-17 17:46:22;2
CHM-2134470;QRT-59474;FUN-76103;Elétrica;Baixa;2025-10-15 21:15:00;2025-10-16 15:49:50;5
CHM-2415172;QRT-27574;FUN-52300;Wi-Fi;Baixa;2026-03-31 19:15:00;2026-03-31 22:07:41;4
CHM-4988748;QRT-87654;FUN-02909;Limpeza Extra;Alta;2025-01-13 19:25:00;2025-01-13 19:47:29;4
CHM-4912926;QRT-68204;FUN-34079;Ar-condicionado;Baixa;2026-04-05 09:36:00;2026-04-08 14:52:25;3
CHM-8307532;QRT-69375;FUN-48683;Limpeza Extra;Alta;2024-10-23 11:38:00;2024-10-23 12:05:43;5
CHM-4278934;QRT-75780;FUN-34873;Ar-condicionado;Média;2025-02-10 06:12:00;2025-02-10 10:07:09;4
CHM-5150319;QRT-90762;FUN-96106;Ar-condicionado;Alta;2025-04-14 22:52:00;2025-04-15 00:53:33;3
CHM-6281227;QRT-70661;FUN-90839;Limpeza Extra;Baixa;2024-10-28 21:52:00;2024-10-29 10:25:54;5
CHM-0473815;QRT-41338;FUN-64047;TV / Controle;Alta;2024-09-11 19:07:00;2024-09-11 19:51:04;5
CHM-2427052;QRT-68692;FUN-64755;Ar-condicionado;Média;2025-12-02 13:39:00;2025-12-02 23:04:28;2
CHM-6973131;QRT-11654;FUN-25313;TV / Controle;Média;2026-05-12 19:43:00;2026-05-13 02:18:34;4
CHM-6553786;QRT-64840;FUN-37715;Ar-condicionado;Alta;2024-11-05 20:52:00;2024-11-05 22:25:01;4
CHM-2982942;QRT-60540;FUN-64706;Hidráulica;Média;2025-10-20 11:39:00;2025-10-20 13:43:20;4
CHM-8504627;QRT-35519;FUN-34873;TV / Controle;Média;2025-01-19 09:06:00;2025-01-19 13:30:19;3
CHM-0787742;QRT-84007;FUN-52300;Elétrica;Alta;2024-10-26 12:38:00;2024-10-26 15:21:33;2
CHM-9599386;QRT-17861;FUN-12576;Elétrica;Alta;2025-06-13 23:04:00;2025-06-14 00:11:53;4
CHM-4810830;QRT-62109;FUN-08849;Hidráulica;Baixa;2024-12-09 06:48:00;2024-12-09 19:12:20;4
CHM-1868338;QRT-04414;FUN-08486;Elétrica;Alta;2024-08-20 15:30:00;2024-08-20 16:23:25;5
CHM-9232050;QRT-92321;FUN-08486;Ar-condicionado;Média;2024-12-27 06:43:00;2024-12-27 14:36:19;4
CHM-9127044;QRT-83665;FUN-74014;Hidráulica;Baixa;2025-06-28 15:57:00;2025-06-29 03:12:22;5
CHM-1892661;QRT-47628;FUN-76103;Elétrica;Alta;2025-06-19 17:41:00;2025-06-19 18:51:43;3
CHM-1981042;QRT-75123;FUN-34873;Elétrica;Baixa;2024-12-03 12:48:00;2024-12-03 17:18:56;5
CHM-9920736;QRT-51483;FUN-23383;Wi-Fi;Média;2026-05-29 18:03:00;2026-05-29 23:27:32;4
CHM-2834736;QRT-23801;FUN-09102;Frigobar com Defeito;Média;2025-09-08 08:10:00;2025-09-08 09:57:04;4
CHM-9684627;QRT-25217;FUN-92045;Fechadura Eletrônica;Alta;2025-06-24 18:38:00;2025-06-24 20:12:27;4
CHM-8058373;QRT-31095;FUN-04670;Wi-Fi;Baixa;2024-12-02 22:47:00;2024-12-03 06:02:58;4
CHM-0645088;QRT-81933;FUN-87234;Wi-Fi;Alta;2026-05-04 15:06:00;2026-05-04 15:45:20;5
CHM-4298013;QRT-85702;FUN-86194;Fechadura Eletrônica;Média;2025-02-26 15:04:00;2025-02-26 18:02:14;4
CHM-1146858;QRT-26166;FUN-34079;Hidráulica;Baixa;2025-02-03 20:15:00;2025-02-04 10:13:46;5
CHM-8692358;QRT-67879;FUN-48159;Ar-condicionado;Média;2025-11-05 21:29:00;2025-11-06 03:46:06;3
CHM-9110574;QRT-93908;FUN-34873;Wi-Fi;Média;2025-06-23 11:42:00;2025-06-24 02:01:44;2
CHM-8663812;QRT-67310;FUN-64047;Elétrica;Média;2024-09-11 10:42:00;2024-09-11 18:41:46;5
CHM-5343613;QRT-39368;FUN-76103;Fechadura Eletrônica;Média;2024-11-27 07:30:00;2024-11-27 12:17:10;5
CHM-9683449;QRT-51351;FUN-25313;Hidráulica;Baixa;2024-07-26 15:19:00;2024-07-27 14:43:04;3
CHM-0376835;QRT-25409;FUN-64047;Limpeza Extra;Média;2024-09-20 13:16:00;2024-09-20 15:22:47;3
CHM-6389457;QRT-12236;FUN-73856;Hidráulica;Média;2025-10-12 15:55:00;2025-10-12 20:48:05;5
CHM-2484573;QRT-66195;FUN-01568;Hidráulica;Média;2024-12-26 17:14:00;2024-12-27 12:50:07;2
CHM-1182858;QRT-73232;FUN-88121;Ar-condicionado;Alta;2025-07-24 12:27:00;2025-07-24 12:52:17;5
CHM-2262479;QRT-00452;FUN-57664;Frigobar com Defeito;Alta;2025-01-23 13:16:00;2025-01-23 15:18:59;3
CHM-1382531;QRT-87593;FUN-65780;Elétrica;Média;2025-09-19 15:34:00;2025-09-19 20:50:24;5
CHM-9420068;QRT-54489;FUN-64755;Elétrica;Baixa;2026-06-02 21:58:00;2026-06-03 04:01:07;5
CHM-2724433;QRT-85739;FUN-71181;TV / Controle;Média;2025-01-31 11:52:00;2025-01-31 15:29:45;3
CHM-2737308;QRT-96428;FUN-39946;Wi-Fi;Baixa;2025-07-18 14:49:00;2025-07-19 20:45:26;2
CHM-6221721;QRT-19734;FUN-01568;Limpeza Extra;Média;2026-03-01 14:25:00;2026-03-02 08:21:35;2
CHM-1435226;QRT-37204;FUN-34873;Wi-Fi;Alta;2026-03-10 10:25:00;2026-03-10 12:35:21;1
CHM-0216344;QRT-29854;FUN-05739;Hidráulica;Média;2025-03-16 13:44:00;2025-03-16 19:28:08;5
CHM-2077364;QRT-24594;FUN-25313;Limpeza Extra;Média;2024-12-20 23:54:00;2024-12-21 02:50:33;4
CHM-1130816;QRT-41356;FUN-07814;Fechadura Eletrônica;Média;2026-02-15 12:23:00;2026-02-15 17:37:56;5
CHM-5602500;QRT-98233;FUN-82886;Ar-condicionado;Baixa;2025-03-25 11:25:00;2025-03-26 01:02:17;4
CHM-4677853;QRT-54116;FUN-50800;Ar-condicionado;Alta;2026-01-03 20:10:00;2026-01-03 20:58:01;5
CHM-5538733;QRT-75121;FUN-34873;Ar-condicionado;Média;2026-04-11 19:59:00;2026-04-11 20:53:42;5
CHM-1715740;QRT-41263;FUN-50800;Limpeza Extra;Média;2026-05-09 21:22:00;2026-05-09 23:43:06;5
CHM-2304485;QRT-54048;FUN-03036;TV / Controle;Baixa;2026-06-29 18:40:00;2026-06-30 02:40:57;4
CHM-1566331;QRT-83481;FUN-78820;Ar-condicionado;Média;2026-06-02 23:09:00;2026-06-03 03:34:57;5
CHM-2500740;QRT-89410;FUN-10947;TV / Controle;Média;2025-01-25 21:55:00;2025-01-26 00:39:13;5
CHM-1012137;QRT-17114;FUN-52793;TV / Controle;Média;2024-08-07 10:06:00;2024-08-07 21:29:38;3
CHM-1106165;QRT-58898;FUN-36473;Limpeza Extra;Média;2024-07-12 18:24:00;2024-07-13 03:12:56;1
CHM-7285851;QRT-43677;FUN-82886;Limpeza Extra;Baixa;2025-10-14 20:03:00;2025-10-15 02:17:02;5
CHM-7586529;QRT-26280;FUN-88121;Elétrica;Média;2025-02-14 19:48:00;2025-02-14 23:12:29;5
CHM-2366401;QRT-28319;FUN-05739;Fechadura Eletrônica;Média;2026-05-05 20:53:00;2026-05-06 00:08:15;5
CHM-2722436;QRT-81819;FUN-87234;Elétrica;Baixa;2026-01-09 08:42:00;2026-01-09 22:15:04;5
CHM-6679892;QRT-10397;FUN-65780;Hidráulica;Média;2025-02-06 12:48:00;2025-02-06 20:00:45;4
CHM-1340288;QRT-81933;FUN-87234;Frigobar com Defeito;Média;2025-12-13 15:32:00;2025-12-13 19:12:11;4
CHM-9798732;QRT-29802;FUN-73856;Limpeza Extra;Média;2025-03-21 08:36:00;2025-03-21 11:39:12;5
CHM-4237438;QRT-01345;FUN-92045;Wi-Fi;Média;2024-09-30 09:34:00;2024-09-30 20:34:02;3
CHM-9060263;QRT-95618;FUN-90839;Wi-Fi;Média;2025-08-30 07:18:00;2025-08-30 09:01:30;5
CHM-3648653;QRT-11649;FUN-18700;Elétrica;Baixa;2026-04-09 18:07:00;2026-04-11 12:19:11;3
CHM-7760451;QRT-66307;FUN-07814;Hidráulica;Média;2026-01-20 20:04:00;2026-01-21 03:47:10;5
CHM-5884935;QRT-16398;FUN-03036;Elétrica;Média;2026-06-29 11:11:00;2026-06-29 16:36:48;3
CHM-5907470;QRT-44425;FUN-70436;Wi-Fi;Média;2024-12-30 17:05:00;2024-12-30 19:02:08;4
CHM-6252788;QRT-02007;FUN-10947;Ar-condicionado;Alta;2025-10-13 16:00:00;2025-10-13 20:00:27;2
CHM-9715626;QRT-03540;FUN-08109;Ar-condicionado;Baixa;2024-11-16 07:42:00;2024-11-17 20:21:13;3
CHM-4182042;QRT-63784;FUN-18700;Fechadura Eletrônica;Média;2025-11-15 06:42:00;2025-11-15 08:46:07;5
CHM-6684900;QRT-98284;FUN-22027;Fechadura Eletrônica;Alta;2025-09-30 09:13:00;2025-09-30 11:09:04;5
CHM-5330401;QRT-02141;FUN-57664;Wi-Fi;Média;2025-02-01 07:05:00;2025-02-01 10:12:12;5
CHM-4018183;QRT-21677;FUN-08849;Fechadura Eletrônica;Baixa;2024-09-13 09:57:00;2024-09-14 00:41:10;5
CHM-5607537;QRT-04443;FUN-09324;Elétrica;Baixa;2025-05-03 11:42:00;2025-05-04 17:15:45;3
CHM-4748463;QRT-59560;FUN-09324;TV / Controle;Alta;2026-01-03 16:08:00;2026-01-03 17:40:09;5
CHM-8674396;QRT-78524;FUN-83865;Elétrica;Média;2025-05-05 13:52:00;2025-05-06 02:19:11;1
CHM-2264413;QRT-73974;FUN-89330;Hidráulica;Baixa;2024-07-16 07:52:00;2024-07-17 21:59:39;2
CHM-3091254;QRT-73974;FUN-76103;Hidráulica;Baixa;2024-11-13 14:46:00;2024-11-15 23:50:34;1
CHM-2148139;QRT-34396;FUN-47371;Hidráulica;Média;2026-01-31 07:54:00;2026-01-31 09:50:40;5
CHM-8776661;QRT-15710;FUN-22027;Ar-condicionado;Baixa;2025-06-28 12:26:00;2025-06-30 22:44:22;3
CHM-2326857;QRT-66101;FUN-08849;Wi-Fi;Baixa;2025-06-22 08:04:00;2025-06-22 12:12:12;4
CHM-0167651;QRT-83187;FUN-78820;Wi-Fi;Média;2026-05-05 16:50:00;2026-05-06 01:55:37;2
CHM-6140511;QRT-99814;FUN-86194;Elétrica;Alta;2026-02-25 15:52:00;2026-02-25 16:35:46;5
CHM-3108205;QRT-96428;FUN-71181;Ar-condicionado;Média;2025-03-20 12:15:00;2025-03-21 03:58:18;1
CHM-6260782;QRT-24810;FUN-10947;Ar-condicionado;Alta;2025-07-03 13:32:00;2025-07-03 15:55:55;2
CHM-5035410;QRT-03930;FUN-47371;Fechadura Eletrônica;Alta;2026-05-01 09:53:00;2026-05-01 11:12:52;5
CHM-5275990;QRT-66125;FUN-35080;Ar-condicionado;Média;2026-06-15 09:01:00;2026-06-15 13:31:15;4
CHM-1822472;QRT-25905;FUN-08234;Frigobar com Defeito;Baixa;2025-01-22 11:32:00;2025-01-23 14:39:09;1
CHM-5064724;QRT-83187;FUN-86194;Hidráulica;Média;2025-01-24 20:40:00;2025-01-25 01:07:08;3
CHM-2177350;QRT-58511;FUN-73856;Hidráulica;Alta;2026-01-22 15:39:00;2026-01-22 20:42:35;3
CHM-1040767;QRT-73232;FUN-64706;Limpeza Extra;Alta;2026-02-02 22:50:00;2026-02-02 23:36:18;5
CHM-1929081;QRT-92954;FUN-03036;Elétrica;Média;2024-10-03 22:38:00;2024-10-04 04:29:58;5
CHM-4108620;QRT-12236;FUN-83865;Frigobar com Defeito;Média;2026-04-24 21:57:00;2026-04-25 08:28:29;3
CHM-5297243;QRT-55192;FUN-81524;Elétrica;Baixa;2025-06-27 23:06:00;2025-06-28 04:57:02;5
CHM-2236972;QRT-30636;FUN-69727;Limpeza Extra;Média;2025-05-18 06:00:00;2025-05-18 13:23:08;5
CHM-6300924;QRT-11607;FUN-92311;Ar-condicionado;Média;2025-07-04 17:41:00;2025-07-05 00:25:25;5
CHM-0058876;QRT-54953;FUN-52793;Ar-condicionado;Baixa;2025-07-23 09:01:00;2025-07-24 00:35:42;4
CHM-3882185;QRT-81819;FUN-34079;Limpeza Extra;Alta;2024-10-21 16:27:00;2024-10-21 16:41:06;5
CHM-6033205;QRT-86712;FUN-48683;Limpeza Extra;Alta;2025-09-19 08:19:00;2025-09-19 09:52:52;4
CHM-3728667;QRT-04443;FUN-08234;Ar-condicionado;Média;2025-03-01 07:31:00;2025-03-01 08:58:34;4
CHM-9581227;QRT-48327;FUN-90839;Ar-condicionado;Alta;2026-04-01 08:34:00;2026-04-01 11:46:01;3
CHM-5458896;QRT-00452;FUN-05739;TV / Controle;Baixa;2025-10-25 13:03:00;2025-10-25 15:50:01;4
CHM-9915077;QRT-91628;FUN-10947;Limpeza Extra;Baixa;2024-08-23 06:19:00;2024-08-25 02:44:42;3
CHM-7735936;QRT-84972;FUN-18700;Ar-condicionado;Média;2026-03-16 08:13:00;2026-03-16 10:29:06;5
CHM-0057576;QRT-28212;FUN-57664;TV / Controle;Média;2025-01-30 11:04:00;2025-01-30 13:11:35;5
CHM-7086861;QRT-13534;FUN-34873;Fechadura Eletrônica;Baixa;2025-05-10 14:44:00;2025-05-10 23:14:46;5
CHM-7814139;QRT-06043;FUN-71181;Fechadura Eletrônica;Média;2026-02-05 10:46:00;2026-02-05 13:18:13;4
CHM-7653226;QRT-59512;FUN-49013;Frigobar com Defeito;Baixa;2025-03-15 17:39:00;2025-03-16 18:05:09;1
CHM-2436346;QRT-94991;FUN-74014;Ar-condicionado;Média;2024-11-01 21:45:00;2024-11-02 00:42:10;5
CHM-9701691;QRT-47802;FUN-55799;Ar-condicionado;Alta;2025-10-22 15:43:00;2025-10-22 16:58:43;4
CHM-1647159;QRT-53917;FUN-57664;Ar-condicionado;Média;2025-12-03 12:35:00;2025-12-03 15:14:31;5
CHM-7002081;QRT-29980;FUN-57664;Fechadura Eletrônica;Média;2025-04-20 06:13:00;2025-04-20 13:49:52;4
CHM-6253731;QRT-24929;FUN-34873;Ar-condicionado;Baixa;2026-03-25 15:16:00;2026-03-27 12:07:08;2
CHM-4685070;QRT-94225;FUN-19473;Frigobar com Defeito;Média;2025-06-08 15:10:00;2025-06-08 17:15:21;3
CHM-0498483;QRT-31095;FUN-96354;Ar-condicionado;Média;2026-06-02 19:05:00;2026-06-02 22:48:25;5
CHM-7293001;QRT-16398;FUN-13975;Ar-condicionado;Baixa;2026-05-25 09:23:00;2026-05-25 19:59:06;5
CHM-5757402;QRT-01287;FUN-47371;Ar-condicionado;Média;2024-10-28 16:27:00;2024-10-28 17:48:19;5
CHM-3378809;QRT-62284;FUN-71493;Wi-Fi;Média;2025-05-08 06:25:00;2025-05-08 08:42:15;4
CHM-8321219;QRT-76575;FUN-34079;Wi-Fi;Baixa;2024-09-24 15:50:00;2024-09-24 20:44:56;4
CHM-9536748;QRT-34396;FUN-22607;Frigobar com Defeito;Média;2025-06-24 20:05:00;2025-06-25 01:01:24;3
CHM-9918123;QRT-57181;FUN-64755;Hidráulica;Média;2024-07-24 15:04:00;2024-07-24 22:37:34;5
CHM-5321576;QRT-66101;FUN-08849;Wi-Fi;Baixa;2025-08-02 20:21:00;2025-08-03 00:01:01;5
CHM-9551147;QRT-84072;FUN-64755;Ar-condicionado;Média;2024-10-22 19:50:00;2024-10-22 23:34:57;4
CHM-1575756;QRT-54048;FUN-21094;Wi-Fi;Média;2025-11-26 22:04:00;2025-11-27 02:32:09;5
CHM-7541934;QRT-11826;FUN-02909;TV / Controle;Baixa;2025-05-07 22:47:00;2025-05-08 17:55:55;4
CHM-1411606;QRT-63869;FUN-29826;Hidráulica;Alta;2024-12-27 23:44:00;2024-12-28 01:11:08;4
CHM-8256980;QRT-43330;FUN-50800;Frigobar com Defeito;Baixa;2024-08-13 18:53:00;2024-08-14 21:33:31;3
CHM-9055222;QRT-83424;FUN-08849;Hidráulica;Média;2025-08-11 21:13:00;2025-08-12 02:39:50;5
CHM-5735162;QRT-92377;FUN-08109;TV / Controle;Média;2025-04-14 14:21:00;2025-04-14 16:27:16;5
CHM-7690605;QRT-67310;FUN-49013;Limpeza Extra;Média;2024-07-01 21:08:00;2024-07-02 01:14:34;3
CHM-1440445;QRT-41338;FUN-64047;Wi-Fi;Alta;2025-09-26 19:50:00;2025-09-26 21:34:56;5
CHM-0447197;QRT-87466;FUN-47371;Wi-Fi;Alta;2024-10-16 22:17:00;2024-10-16 22:56:25;5
CHM-7477914;QRT-23801;FUN-01568;Ar-condicionado;Baixa;2024-11-03 20:08:00;2024-11-04 16:17:55;4
CHM-3108131;QRT-59474;FUN-81524;Limpeza Extra;Baixa;2026-06-21 22:57:00;2026-06-22 09:41:11;4
CHM-1275323;QRT-17495;FUN-49013;Limpeza Extra;Média;2024-07-06 09:31:00;2024-07-06 13:57:03;5
CHM-0144977;QRT-43580;FUN-15784;Elétrica;Média;2024-12-16 15:01:00;2024-12-16 17:50:13;4
CHM-0706907;QRT-75030;FUN-78820;Ar-condicionado;Média;2024-09-26 20:54:00;2024-09-27 03:39:20;4
CHM-1219662;QRT-75123;FUN-29826;Wi-Fi;Média;2025-06-16 09:56:00;2025-06-16 13:13:32;4
CHM-6749047;QRT-11607;FUN-23383;Elétrica;Média;2025-11-25 19:06:00;2025-11-25 22:29:20;5
CHM-8988695;QRT-34521;FUN-64706;Limpeza Extra;Baixa;2025-02-26 13:58:00;2025-02-26 22:14:52;5
CHM-0885017;QRT-95712;FUN-67710;Ar-condicionado;Baixa;2025-06-26 06:20:00;2025-06-27 06:17:14;5
CHM-0143830;QRT-88939;FUN-12576;Fechadura Eletrônica;Média;2024-10-26 21:47:00;2024-10-27 05:06:54;5
CHM-0364525;QRT-46149;FUN-49170;Wi-Fi;Média;2025-02-03 17:41:00;2025-02-03 22:14:55;5
CHM-2675030;QRT-60845;FUN-29826;Hidráulica;Alta;2024-11-01 18:18:00;2024-11-01 19:39:58;5
CHM-8989829;QRT-17820;FUN-87234;Elétrica;Alta;2024-10-28 12:50:00;2024-10-28 14:03:08;5
CHM-5409455;QRT-53868;FUN-07814;Hidráulica;Alta;2025-05-22 22:58:00;2025-05-22 23:26:27;3
CHM-3228991;QRT-13238;FUN-71181;Hidráulica;Média;2025-01-10 19:57:00;2025-01-10 23:15:57;4
CHM-4893097;QRT-60979;FUN-66580;Ar-condicionado;Baixa;2026-05-26 10:44:00;2026-05-27 09:38:36;5
CHM-0723354;QRT-85367;FUN-39946;Hidráulica;Alta;2025-05-01 11:38:00;2025-05-01 12:14:41;5
CHM-3639322;QRT-95923;FUN-48683;TV / Controle;Média;2025-11-25 19:25:00;2025-11-25 23:03:44;5
CHM-9903281;QRT-56321;FUN-76103;Fechadura Eletrônica;Média;2025-07-06 19:40:00;2025-07-07 02:17:36;5
CHM-3161280;QRT-47759;FUN-18700;Wi-Fi;Média;2025-10-13 21:45:00;2025-10-13 23:05:54;5
CHM-9913123;QRT-76736;FUN-16922;Wi-Fi;Média;2026-06-19 23:38:00;2026-06-20 09:20:29;1
CHM-5089592;QRT-26280;FUN-88121;Elétrica;Alta;2026-06-21 14:28:00;2026-06-21 17:18:09;2
CHM-8409683;QRT-28485;FUN-47371;Elétrica;Média;2026-04-18 23:06:00;2026-04-19 03:06:05;4
CHM-2189834;QRT-55192;FUN-66580;Frigobar com Defeito;Média;2026-05-17 15:49:00;2026-05-17 19:54:17;5
CHM-2930513;QRT-21167;FUN-04670;Frigobar com Defeito;Baixa;2025-03-19 09:19:00;2025-03-19 16:09:20;5
CHM-5458323;QRT-66307;FUN-23361;Limpeza Extra;Baixa;2026-06-11 20:17:00;2026-06-12 17:23:07;4
CHM-0309901;QRT-58690;FUN-37715;Elétrica;Baixa;2026-02-22 12:27:00;2026-02-22 22:11:36;5
CHM-8057021;QRT-47928;FUN-69104;Ar-condicionado;Média;2025-12-13 06:24:00;2025-12-13 09:57:41;5
CHM-6146278;QRT-60845;FUN-15867;Ar-condicionado;Média;2024-09-30 17:17:00;2024-09-30 23:17:02;3
CHM-0117316;QRT-00452;FUN-96106;Wi-Fi;Baixa;2026-06-19 07:04:00;2026-06-19 14:10:51;5
CHM-4460781;QRT-24929;FUN-15867;Wi-Fi;Média;2025-10-28 17:54:00;2025-10-28 19:31:07;5
CHM-2231770;QRT-64840;FUN-10947;Ar-condicionado;Baixa;2025-08-05 09:52:00;2025-08-06 05:42:15;3
CHM-2408238;QRT-88654;FUN-96354;Hidráulica;Média;2025-04-06 19:02:00;2025-04-07 00:23:43;5
CHM-7999543;QRT-02007;FUN-37715;Frigobar com Defeito;Baixa;2025-10-04 17:45:00;2025-10-04 21:07:28;5
CHM-0184747;QRT-62284;FUN-22607;TV / Controle;Média;2025-04-02 07:37:00;2025-04-02 08:34:47;5
CHM-8720801;QRT-99814;FUN-73856;TV / Controle;Baixa;2026-06-23 08:52:00;2026-06-23 16:05:28;4
CHM-0678363;QRT-66602;FUN-12040;Hidráulica;Média;2025-08-28 08:51:00;2025-08-29 02:15:20;2
CHM-8900002;QRT-26539;FUN-12040;Fechadura Eletrônica;Alta;2025-07-20 16:02:00;2025-07-20 16:24:20;5
CHM-4804535;QRT-03596;FUN-22607;Hidráulica;Média;2026-01-04 13:00:00;2026-01-04 18:26:37;5
CHM-3590395;QRT-17820;FUN-23286;Hidráulica;Média;2025-01-07 23:51:00;2025-01-08 03:45:21;5
CHM-4534269;QRT-45185;FUN-29826;Fechadura Eletrônica;Média;2025-03-08 22:41:00;2025-03-08 23:58:03;3
CHM-6684918;QRT-83424;FUN-25313;Ar-condicionado;Média;2024-12-02 20:01:00;2024-12-02 20:57:02;5
CHM-7334131;QRT-54375;FUN-52300;Hidráulica;Baixa;2025-12-15 21:13:00;2025-12-16 04:17:34;5
CHM-5275768;QRT-90947;FUN-12576;Limpeza Extra;Baixa;2024-09-02 18:03:00;2024-09-03 07:18:37;4
CHM-1314425;QRT-86712;FUN-50800;Wi-Fi;Média;2024-11-29 21:45:00;2024-12-01 00:25:13;2
CHM-9769334;QRT-29854;FUN-32345;Wi-Fi;Média;2026-04-23 09:31:00;2026-04-24 10:54:27;3
CHM-3653637;QRT-53290;FUN-04670;Elétrica;Baixa;2024-12-15 18:52:00;2024-12-16 12:50:35;5
CHM-8620165;QRT-43251;FUN-23361;Ar-condicionado;Baixa;2025-07-07 09:39:00;2025-07-08 02:59:59;5
CHM-8551292;QRT-80306;FUN-23361;Wi-Fi;Média;2024-12-07 11:51:00;2024-12-07 16:25:15;5
CHM-3265926;QRT-96617;FUN-86194;Hidráulica;Baixa;2025-07-13 19:29:00;2025-07-14 02:08:00;5
CHM-5832444;QRT-58898;FUN-36473;Wi-Fi;Média;2025-04-04 19:43:00;2025-04-04 22:16:08;4
CHM-7491450;QRT-15710;FUN-96106;TV / Controle;Alta;2025-07-16 23:47:00;2025-07-17 00:14:38;4
CHM-6262103;QRT-95939;FUN-37715;TV / Controle;Média;2024-07-12 14:30:00;2024-07-12 16:44:58;4
CHM-4441502;QRT-41934;FUN-57664;Ar-condicionado;Alta;2025-10-18 10:07:00;2025-10-18 11:32:57;5
CHM-3950986;QRT-15710;FUN-05739;Wi-Fi;Média;2025-05-28 12:29:00;2025-05-28 14:50:19;3
CHM-5545769;QRT-63998;FUN-64047;Wi-Fi;Baixa;2025-01-17 14:36:00;2025-01-17 21:17:54;5
CHM-7936326;QRT-11592;FUN-81524;TV / Controle;Alta;2025-11-23 19:36:00;2025-11-23 20:27:12;5
CHM-2090961;QRT-81700;FUN-96354;Ar-condicionado;Baixa;2025-08-20 09:20:00;2025-08-20 14:45:33;4
CHM-1994645;QRT-79165;FUN-29826;Elétrica;Média;2025-07-19 12:27:00;2025-07-19 14:49:55;5
CHM-9921089;QRT-80765;FUN-65780;Ar-condicionado;Alta;2024-07-15 18:38:00;2024-07-15 19:10:04;3
CHM-3128024;QRT-66602;FUN-36473;TV / Controle;Baixa;2024-07-10 08:50:00;2024-07-10 16:45:48;4
CHM-4787012;QRT-72908;FUN-39946;Hidráulica;Média;2025-02-10 12:15:00;2025-02-11 19:01:36;1
CHM-4651107;QRT-24929;FUN-15867;Ar-condicionado;Média;2024-12-29 08:52:00;2024-12-29 13:22:38;5
CHM-2230641;QRT-18801;FUN-39946;Hidráulica;Média;2025-02-26 16:17:00;2025-02-27 00:37:27;3
CHM-2085061;QRT-31908;FUN-96354;Hidráulica;Alta;2026-02-22 17:31:00;2026-02-22 18:33:10;4
CHM-0949565;QRT-17861;FUN-12576;Limpeza Extra;Média;2024-09-04 13:29:00;2024-09-04 14:55:55;3
CHM-5376523;QRT-99673;FUN-67282;Wi-Fi;Média;2025-01-14 11:16:00;2025-01-14 18:28:47;5
CHM-9516619;QRT-11142;FUN-87234;Frigobar com Defeito;Baixa;2025-06-30 10:57:00;2025-06-30 21:06:18;5
CHM-4510888;QRT-69835;FUN-36473;Wi-Fi;Alta;2025-06-21 21:54:00;2025-06-21 22:42:55;5
CHM-5986364;QRT-27342;FUN-35080;Limpeza Extra;Média;2025-09-26 10:01:00;2025-09-26 14:43:04;4
CHM-7384971;QRT-72908;FUN-37715;Hidráulica;Alta;2024-08-06 09:23:00;2024-08-06 10:40:44;4
CHM-8376021;QRT-41338;FUN-67282;Wi-Fi;Alta;2025-04-30 06:59:00;2025-04-30 10:05:39;1
CHM-9465612;QRT-16068;FUN-08849;Wi-Fi;Baixa;2024-11-25 09:21:00;2024-11-25 21:07:46;5
CHM-8629912;QRT-59117;FUN-08109;Elétrica;Baixa;2025-02-26 08:36:00;2025-02-26 13:44:06;5
CHM-8537376;QRT-65055;FUN-65780;Elétrica;Média;2026-01-28 14:36:00;2026-01-28 18:53:54;5
CHM-1362228;QRT-07031;FUN-07814;Wi-Fi;Média;2025-11-22 13:05:00;2025-11-22 23:14:11;2
CHM-9968508;QRT-64556;FUN-04670;Wi-Fi;Média;2025-09-25 14:36:00;2025-09-25 19:45:13;4
CHM-4503085;QRT-78524;FUN-65780;Hidráulica;Média;2026-04-08 11:38:00;2026-04-08 15:52:06;5
CHM-5728045;QRT-34521;FUN-88121;Hidráulica;Baixa;2026-02-28 10:00:00;2026-02-28 14:12:13;5
CHM-5449121;QRT-93180;FUN-05739;Wi-Fi;Média;2026-03-02 06:28:00;2026-03-02 15:28:18;3
CHM-7163110;QRT-63207;FUN-83865;Wi-Fi;Baixa;2025-03-08 10:25:00;2025-03-10 08:25:01;2
CHM-1072800;QRT-98233;FUN-41540;TV / Controle;Alta;2024-07-01 23:16:00;2024-07-02 00:37:17;4
CHM-8438824;QRT-75121;FUN-15867;Wi-Fi;Baixa;2026-06-15 17:22:00;2026-06-16 10:06:47;5
CHM-1633122;QRT-02055;FUN-12576;Hidráulica;Alta;2024-07-05 21:15:00;2024-07-05 22:42:34;4
CHM-0442243;QRT-44318;FUN-48683;Frigobar com Defeito;Baixa;2026-02-26 14:50:00;2026-02-27 06:01:39;4
CHM-9249095;QRT-92384;FUN-64755;Limpeza Extra;Média;2025-05-04 21:10:00;2025-05-04 23:00:59;5
CHM-5686489;QRT-22076;FUN-13975;Ar-condicionado;Baixa;2025-10-10 09:41:00;2025-10-10 16:21:56;5
CHM-1125339;QRT-01798;FUN-69727;Fechadura Eletrônica;Média;2026-02-17 16:24:00;2026-02-17 21:02:42;5
CHM-8707910;QRT-11218;FUN-76103;Limpeza Extra;Média;2026-05-28 17:46:00;2026-05-28 19:10:31;4
CHM-8577658;QRT-85687;FUN-10947;Elétrica;Alta;2026-01-28 11:34:00;2026-01-28 13:49:24;1
CHM-1540027;QRT-94556;FUN-70436;TV / Controle;Baixa;2025-12-05 15:08:00;2025-12-05 20:12:03;5
CHM-2593711;QRT-56047;FUN-35080;TV / Controle;Baixa;2025-06-08 09:35:00;2025-06-10 00:50:54;2
CHM-6249871;QRT-85687;FUN-39946;Frigobar com Defeito;Baixa;2024-09-22 14:43:00;2024-09-23 07:54:17;5
CHM-0621056;QRT-59117;FUN-22607;Wi-Fi;Alta;2026-06-08 12:56:00;2026-06-08 13:24:56;5
CHM-1425733;QRT-43677;FUN-94946;Fechadura Eletrônica;Média;2024-11-20 20:04:00;2024-11-20 21:18:24;3
CHM-7481621;QRT-11826;FUN-22607;Elétrica;Alta;2026-03-03 10:54:00;2026-03-03 13:16:30;2
CHM-5203133;QRT-26280;FUN-49013;TV / Controle;Média;2026-05-18 08:06:00;2026-05-18 11:49:37;5
CHM-4554498;QRT-65099;FUN-25313;TV / Controle;Média;2024-11-05 07:13:00;2024-11-05 09:11:20;3
CHM-0376136;QRT-26166;FUN-23286;TV / Controle;Baixa;2026-04-26 06:00:00;2026-04-29 17:56:32;3
CHM-9348168;QRT-54489;FUN-22027;Elétrica;Alta;2025-03-19 14:28:00;2025-03-19 16:09:00;4
CHM-4789277;QRT-29980;FUN-57664;Fechadura Eletrônica;Média;2025-04-08 06:44:00;2025-04-08 11:44:48;5
CHM-5030733;QRT-27723;FUN-37715;Hidráulica;Baixa;2025-11-16 17:39:00;2025-11-16 23:50:00;5
CHM-9133348;QRT-84072;FUN-96106;Limpeza Extra;Baixa;2025-12-25 09:30:00;2025-12-26 08:11:13;3
CHM-2678861;QRT-26539;FUN-04670;Hidráulica;Baixa;2024-09-10 22:53:00;2024-09-11 12:21:00;5
CHM-4895771;QRT-26237;FUN-64706;Limpeza Extra;Baixa;2025-12-04 11:18:00;2025-12-04 21:40:52;5
CHM-5981053;QRT-64556;FUN-96354;Limpeza Extra;Média;2026-06-01 15:28:00;2026-06-01 23:57:06;1
CHM-4467497;QRT-08284;FUN-37715;Limpeza Extra;Baixa;2026-06-26 14:06:00;2026-06-26 22:25:20;5
CHM-1592078;QRT-56047;FUN-55799;Hidráulica;Média;2025-05-10 18:31:00;2025-05-10 21:43:27;4
CHM-3277932;QRT-22178;FUN-78820;Limpeza Extra;Média;2025-01-03 23:55:00;2025-01-04 08:43:11;3
CHM-6145626;QRT-79165;FUN-29826;Ar-condicionado;Baixa;2024-11-06 17:13:00;2024-11-07 12:13:08;5
CHM-7522815;QRT-82654;FUN-47371;Wi-Fi;Alta;2025-01-25 11:38:00;2025-01-25 12:22:52;4
CHM-1243930;QRT-49496;FUN-71493;Limpeza Extra;Alta;2025-08-30 18:29:00;2025-08-31 00:01:58;1
CHM-4678110;QRT-76454;FUN-92045;TV / Controle;Alta;2025-09-30 08:34:00;2025-09-30 10:39:33;3
CHM-6190758;QRT-88939;FUN-10947;Wi-Fi;Baixa;2024-07-24 12:15:00;2024-07-24 18:37:31;5
CHM-5361826;QRT-95618;FUN-69104;Ar-condicionado;Baixa;2025-01-22 23:47:00;2025-01-23 08:05:41;5
CHM-9574812;QRT-84837;FUN-48159;Fechadura Eletrônica;Baixa;2026-02-11 21:58:00;2026-02-12 07:02:33;4
CHM-7965902;QRT-65173;FUN-12040;Ar-condicionado;Média;2025-03-03 16:28:00;2025-03-03 22:16:21;5
CHM-6067561;QRT-34521;FUN-49013;Ar-condicionado;Média;2024-11-08 09:23:00;2024-11-08 18:41:16;3
CHM-6190027;QRT-17820;FUN-87234;Elétrica;Média;2025-09-17 16:26:00;2025-09-18 05:02:29;2
CHM-5002991;QRT-26237;FUN-49013;Hidráulica;Média;2025-01-03 20:27:00;2025-01-03 21:35:41;5
CHM-8633945;QRT-56321;FUN-52300;Frigobar com Defeito;Baixa;2025-02-04 16:32:00;2025-02-05 07:15:45;4
CHM-5958929;QRT-80306;FUN-76103;TV / Controle;Média;2024-07-13 06:57:00;2024-07-13 11:03:58;4
CHM-1653036;QRT-49389;FUN-23286;Hidráulica;Baixa;2026-06-20 14:45:00;2026-06-21 15:06:39;1
CHM-6694196;QRT-44476;FUN-78820;Elétrica;Média;2026-05-21 15:51:00;2026-05-21 23:59:01;1
CHM-2529738;QRT-16398;FUN-13975;Hidráulica;Média;2026-04-10 19:40:00;2026-04-11 04:43:16;1
CHM-4379345;QRT-04542;FUN-01568;Limpeza Extra;Alta;2026-04-10 20:50:00;2026-04-10 21:47:45;5
CHM-9114917;QRT-83689;FUN-05739;Ar-condicionado;Média;2025-12-19 16:17:00;2025-12-20 05:56:35;2
CHM-5473671;QRT-08689;FUN-15784;Fechadura Eletrônica;Média;2025-02-23 12:54:00;2025-02-23 15:24:36;5
CHM-2874151;QRT-75221;FUN-48683;Elétrica;Média;2025-10-12 19:08:00;2025-10-13 09:40:40;2
CHM-4047318;QRT-26756;FUN-01568;Elétrica;Baixa;2024-10-03 22:44:00;2024-10-05 04:19:47;3
CHM-2409914;QRT-43251;FUN-18700;Ar-condicionado;Média;2026-01-02 11:24:00;2026-01-02 13:24:58;5
CHM-7003075;QRT-53914;FUN-83865;Wi-Fi;Baixa;2025-12-15 08:06:00;2025-12-15 11:35:29;5
CHM-4120992;QRT-75123;FUN-29826;Elétrica;Média;2025-06-08 17:42:00;2025-06-08 21:16:08;5
CHM-8653030;QRT-23438;FUN-08234;Wi-Fi;Baixa;2025-12-24 20:45:00;2025-12-25 00:31:16;5
CHM-7983580;QRT-24810;FUN-71181;Ar-condicionado;Alta;2025-08-25 15:49:00;2025-08-25 16:19:48;5
CHM-6811601;QRT-02007;FUN-74014;Ar-condicionado;Média;2024-08-12 21:33:00;2024-08-13 00:45:05;5
CHM-1701881;QRT-86712;FUN-34873;TV / Controle;Média;2025-08-03 18:11:00;2025-08-03 19:28:17;5
CHM-3547535;QRT-53432;FUN-69104;Wi-Fi;Média;2026-05-12 09:40:00;2026-05-12 10:30:49;5
CHM-2875699;QRT-18801;FUN-74014;Elétrica;Alta;2024-09-17 20:54:00;2024-09-17 22:07:33;4
CHM-8895268;QRT-84007;FUN-52300;Hidráulica;Baixa;2025-10-27 08:50:00;2025-10-29 04:05:07;3
CHM-6329889;QRT-88654;FUN-96354;Elétrica;Média;2026-02-21 06:04:00;2026-02-21 15:24:16;3
CHM-2780773;QRT-07031;FUN-18700;Elétrica;Alta;2025-05-21 06:03:00;2025-05-21 06:10:02;5
CHM-3386871;QRT-37477;FUN-67282;Elétrica;Média;2026-03-15 16:55:00;2026-03-15 19:48:15;5
CHM-8559383;QRT-31930;FUN-16922;Hidráulica;Baixa;2025-07-29 23:39:00;2025-07-30 12:18:22;4
CHM-2569020;QRT-08689;FUN-43763;Frigobar com Defeito;Alta;2024-07-04 10:07:00;2024-07-04 12:43:52;3
CHM-5042168;QRT-29015;FUN-15867;Limpeza Extra;Média;2026-01-14 13:43:00;2026-01-14 18:27:11;5
CHM-0849836;QRT-86201;FUN-15867;Limpeza Extra;Alta;2026-06-16 18:40:00;2026-06-16 19:47:57;4
CHM-0529521;QRT-01345;FUN-34079;Wi-Fi;Alta;2025-12-21 22:03:00;2025-12-21 23:22:31;3
CHM-5802615;QRT-45185;FUN-29826;Hidráulica;Média;2025-12-11 17:00:00;2025-12-11 17:46:09;4
CHM-5894761;QRT-92171;FUN-65780;Fechadura Eletrônica;Média;2025-12-16 10:13:00;2025-12-16 12:30:56;5
CHM-7332668;QRT-13758;FUN-08109;Fechadura Eletrônica;Alta;2024-11-17 09:21:00;2024-11-17 10:51:38;3
CHM-8515135;QRT-28645;FUN-41540;Fechadura Eletrônica;Alta;2025-07-05 15:28:00;2025-07-05 16:45:09;5
CHM-6721736;QRT-80800;FUN-64047;Limpeza Extra;Alta;2025-08-05 21:43:00;2025-08-05 21:59:54;3
CHM-6429633;QRT-03369;FUN-10947;Hidráulica;Média;2025-07-12 17:23:00;2025-07-12 20:24:40;4
CHM-3534833;QRT-25905;FUN-09102;Wi-Fi;Baixa;2026-03-07 07:26:00;2026-03-08 01:38:14;5
CHM-3362854;QRT-33730;FUN-15867;Frigobar com Defeito;Baixa;2026-03-07 08:40:00;2026-03-07 17:23:35;4
CHM-1246311;QRT-20055;FUN-86194;Hidráulica;Média;2025-01-11 22:12:00;2025-01-12 02:24:21;5
CHM-8305183;QRT-91492;FUN-69727;Hidráulica;Alta;2026-02-22 13:44:00;2026-02-22 13:59:37;5
CHM-8549640;QRT-00087;FUN-08849;TV / Controle;Média;2025-02-19 10:48:00;2025-02-19 17:04:59;5
CHM-0130955;QRT-27391;FUN-23361;Ar-condicionado;Média;2026-04-27 17:05:00;2026-04-27 22:53:05;4
CHM-4624732;QRT-65173;FUN-36473;Hidráulica;Baixa;2024-07-27 23:25:00;2024-07-28 07:50:06;5
CHM-8253404;QRT-60661;FUN-12576;Fechadura Eletrônica;Alta;2024-09-02 22:29:00;2024-09-02 23:31:51;5
CHM-9503348;QRT-86959;FUN-94946;Wi-Fi;Baixa;2025-08-15 13:25:00;2025-08-15 20:14:28;4
CHM-9019590;QRT-04443;FUN-69104;Hidráulica;Baixa;2024-07-11 10:43:00;2024-07-11 15:47:56;5
CHM-1648500;QRT-02711;FUN-64755;Ar-condicionado;Média;2025-12-05 18:04:00;2025-12-05 23:03:40;5
CHM-8857137;QRT-14624;FUN-15867;Wi-Fi;Baixa;2025-11-03 16:12:00;2025-11-03 22:17:04;5
CHM-4241965;QRT-82431;FUN-39946;Limpeza Extra;Média;2024-11-08 14:32:00;2024-11-08 19:43:20;5
CHM-1993752;QRT-29802;FUN-83865;Elétrica;Média;2026-04-06 12:51:00;2026-04-07 18:23:53;3
CHM-0996033;QRT-72144;FUN-96354;Ar-condicionado;Baixa;2025-03-28 21:38:00;2025-03-29 10:18:24;3
CHM-4258041;QRT-72908;FUN-12576;Wi-Fi;Baixa;2026-06-01 22:45:00;2026-06-02 14:52:27;4
CHM-0135057;QRT-23438;FUN-09324;Hidráulica;Média;2025-05-08 06:45:00;2025-05-08 11:05:13;5
CHM-9331742;QRT-39368;FUN-07814;Limpeza Extra;Média;2024-11-27 16:27:00;2024-11-27 17:26:26;5
CHM-2591701;QRT-39312;FUN-37715;Hidráulica;Média;2025-01-11 11:51:00;2025-01-11 14:32:31;5
CHM-1020577;QRT-57763;FUN-09324;Limpeza Extra;Baixa;2026-05-31 21:57:00;2026-05-31 23:59:45;4
CHM-8463540;QRT-82787;FUN-76103;Wi-Fi;Média;2025-10-09 18:57:00;2025-10-10 02:03:10;5
CHM-7837280;QRT-70680;FUN-45111;Ar-condicionado;Média;2024-07-06 12:59:00;2024-07-06 15:19:30;3
CHM-0721677;QRT-29439;FUN-64706;Ar-condicionado;Média;2025-03-08 17:10:00;2025-03-08 20:21:41;5
CHM-3665855;QRT-00452;FUN-96106;TV / Controle;Alta;2025-03-04 06:47:00;2025-03-04 07:36:20;5
CHM-7348057;QRT-46748;FUN-21094;Hidráulica;Alta;2024-11-13 06:56:00;2024-11-13 07:54:16;5
CHM-1031353;QRT-57181;FUN-64755;Fechadura Eletrônica;Alta;2025-02-01 15:48:00;2025-02-01 18:35:42;3
CHM-8399446;QRT-70680;FUN-23361;TV / Controle;Alta;2025-12-17 21:22:00;2025-12-17 21:42:15;5
CHM-9974130;QRT-42819;FUN-64755;Ar-condicionado;Alta;2025-05-18 19:43:00;2025-05-18 20:33:42;4
CHM-1172102;QRT-29393;FUN-45111;Ar-condicionado;Média;2024-09-28 09:00:00;2024-09-28 09:57:33;4
CHM-0790981;QRT-35519;FUN-69727;Elétrica;Baixa;2025-01-10 16:47:00;2025-01-11 14:24:10;5
CHM-7148142;QRT-67310;FUN-49013;Wi-Fi;Alta;2026-04-25 13:45:00;2026-04-25 14:04:23;5
CHM-5293993;QRT-90947;FUN-52793;Ar-condicionado;Baixa;2026-04-05 06:04:00;2026-04-06 02:53:32;5
CHM-6715901;QRT-55454;FUN-92045;Ar-condicionado;Média;2026-03-11 12:23:00;2026-03-11 17:24:01;5
CHM-1205480;QRT-51984;FUN-39946;Elétrica;Média;2024-07-16 12:47:00;2024-07-16 15:22:43;4
CHM-7152489;QRT-81819;FUN-70436;Elétrica;Média;2026-04-29 19:29:00;2026-04-30 05:30:19;3
CHM-0198470;QRT-66932;FUN-23286;TV / Controle;Alta;2024-09-17 22:54:00;2024-09-18 01:22:26;1
CHM-0748710;QRT-68507;FUN-49170;Hidráulica;Alta;2026-01-05 18:06:00;2026-01-05 18:58:34;5
CHM-6945412;QRT-37220;FUN-64706;Wi-Fi;Alta;2025-02-23 09:27:00;2025-02-23 10:27:19;5
CHM-3222639;QRT-26716;FUN-09324;Fechadura Eletrônica;Média;2025-10-06 09:53:00;2025-10-06 11:35:36;4
CHM-1111116;QRT-01798;FUN-15867;Elétrica;Média;2024-12-13 08:37:00;2024-12-13 20:55:59;3
CHM-1046987;QRT-09674;FUN-94946;Ar-condicionado;Média;2024-08-25 10:05:00;2024-08-25 14:19:05;4
CHM-1571758;QRT-92384;FUN-05739;Hidráulica;Baixa;2025-04-04 19:30:00;2025-04-06 16:31:23;1
CHM-9130529;QRT-42819;FUN-64755;Hidráulica;Média;2024-07-22 10:37:00;2024-07-22 23:44:09;2
CHM-2645416;QRT-89068;FUN-71181;Ar-condicionado;Baixa;2025-04-09 14:12:00;2025-04-10 01:41:41;5
CHM-5121760;QRT-04443;FUN-69104;TV / Controle;Baixa;2025-04-21 06:05:00;2025-04-21 10:05:04;4
CHM-3969977;QRT-24594;FUN-02909;Limpeza Extra;Média;2025-12-23 06:02:00;2025-12-23 10:41:23;5
CHM-7499169;QRT-92384;FUN-49170;Frigobar com Defeito;Baixa;2024-11-03 14:51:00;2024-11-03 22:04:40;5
CHM-7741506;QRT-59512;FUN-64706;Ar-condicionado;Alta;2025-05-25 14:38:00;2025-05-25 15:36:00;5
CHM-3161296;QRT-26756;FUN-08234;Hidráulica;Média;2026-03-26 22:45:00;2026-03-27 07:00:03;2
CHM-2776707;QRT-43330;FUN-48683;Limpeza Extra;Média;2026-02-09 23:32:00;2026-02-10 13:30:44;2
CHM-3777157;QRT-81775;FUN-88121;Wi-Fi;Alta;2026-04-23 07:40:00;2026-04-23 08:26:45;5
CHM-0944162;QRT-44425;FUN-34079;Hidráulica;Baixa;2024-11-21 16:12:00;2024-11-25 19:16:08;2
CHM-4264288;QRT-43580;FUN-15784;Elétrica;Baixa;2026-06-25 22:39:00;2026-06-26 04:32:01;5
CHM-0952496;QRT-26080;FUN-74014;Ar-condicionado;Média;2025-07-16 19:40:00;2025-07-16 22:38:53;5
CHM-0085474;QRT-80227;FUN-64755;Hidráulica;Baixa;2025-11-08 10:46:00;2025-11-09 19:10:18;3
CHM-2450178;QRT-97434;FUN-37715;Elétrica;Média;2026-05-22 13:20:00;2026-05-22 15:26:13;4
CHM-8472109;QRT-66083;FUN-71493;Elétrica;Baixa;2025-08-27 06:08:00;2025-08-28 12:46:25;2
CHM-0579835;QRT-95776;FUN-92045;Wi-Fi;Média;2026-05-21 15:16:00;2026-05-21 20:25:45;5
CHM-3269319;QRT-94862;FUN-50800;Fechadura Eletrônica;Média;2026-03-31 10:52:00;2026-03-31 14:01:04;4
CHM-0715303;QRT-11826;FUN-08849;Elétrica;Baixa;2024-07-23 18:57:00;2024-07-25 06:02:19;1
CHM-1467981;QRT-75780;FUN-50800;TV / Controle;Média;2025-07-19 18:59:00;2025-07-19 21:24:33;5
CHM-2649493;QRT-25571;FUN-49013;Ar-condicionado;Baixa;2025-09-09 20:33:00;2025-09-10 13:45:03;5
CHM-3781175;QRT-75780;FUN-29826;TV / Controle;Alta;2025-07-22 13:37:00;2025-07-22 17:24:39;3
CHM-4336339;QRT-54953;FUN-39946;Ar-condicionado;Baixa;2025-11-01 16:36:00;2025-11-01 20:20:41;5
CHM-7322793;QRT-53914;FUN-73856;Ar-condicionado;Alta;2024-10-25 17:09:00;2024-10-25 18:10:58;4
CHM-5789122;QRT-11826;FUN-25313;TV / Controle;Alta;2024-10-13 12:49:00;2024-10-13 16:53:04;3
CHM-7089642;QRT-57190;FUN-12576;Frigobar com Defeito;Alta;2025-11-08 12:09:00;2025-11-08 13:09:41;4
CHM-4981020;QRT-00452;FUN-64755;Ar-condicionado;Média;2024-08-21 12:24:00;2024-08-21 14:23:14;4
CHM-0883614;QRT-31095;FUN-36473;Ar-condicionado;Baixa;2025-01-29 14:48:00;2025-02-01 02:37:13;2
CHM-4530870;QRT-37672;FUN-57664;Hidráulica;Média;2024-07-18 23:02:00;2024-07-19 07:43:22;3
CHM-8434405;QRT-65055;FUN-73856;Hidráulica;Média;2025-08-08 09:29:00;2025-08-08 14:20:03;5
CHM-4307212;QRT-88284;FUN-16922;Ar-condicionado;Média;2024-12-02 06:01:00;2024-12-02 11:00:31;5
CHM-3482392;QRT-85329;FUN-09102;Wi-Fi;Média;2025-04-28 19:16:00;2025-04-28 21:24:25;5
CHM-1885832;QRT-85188;FUN-50800;Fechadura Eletrônica;Alta;2024-08-18 09:55:00;2024-08-18 11:23:17;5
CHM-9375788;QRT-50393;FUN-12040;Frigobar com Defeito;Média;2025-04-04 10:47:00;2025-04-05 05:00:10;1
CHM-9201043;QRT-18824;FUN-08849;Wi-Fi;Alta;2025-01-28 16:38:00;2025-01-28 17:23:45;5
CHM-9553946;QRT-73974;FUN-89330;Ar-condicionado;Baixa;2025-08-06 22:31:00;2025-08-07 15:51:02;5
CHM-2594872;QRT-81045;FUN-64755;Limpeza Extra;Baixa;2025-12-22 07:48:00;2025-12-23 12:10:53;1
CHM-6856136;QRT-72363;FUN-49170;TV / Controle;Média;2025-01-12 12:43:00;2025-01-12 17:07:35;4
CHM-0159416;QRT-57763;FUN-86199;Wi-Fi;Média;2025-09-29 13:06:00;2025-09-29 15:23:11;5
CHM-3136011;QRT-76736;FUN-78820;TV / Controle;Média;2025-10-09 07:36:00;2025-10-09 10:38:45;5
CHM-8223036;QRT-59474;FUN-76103;Hidráulica;Alta;2025-06-17 21:19:00;2025-06-17 22:11:12;4
CHM-1761707;QRT-85739;FUN-08486;Fechadura Eletrônica;Média;2025-10-20 09:40:00;2025-10-20 12:21:41;4
CHM-2389689;QRT-87654;FUN-71493;Ar-condicionado;Média;2024-08-21 10:49:00;2024-08-21 17:49:41;4
CHM-3716633;QRT-56980;FUN-64755;Hidráulica;Média;2026-05-30 10:23:00;2026-05-30 11:04:31;4
CHM-9525550;QRT-55192;FUN-45111;Limpeza Extra;Média;2025-10-14 09:32:00;2025-10-14 16:07:38;4
CHM-0513972;QRT-41316;FUN-89330;Wi-Fi;Baixa;2026-04-27 09:55:00;2026-04-27 17:32:52;4
CHM-2828578;QRT-96428;FUN-37715;Elétrica;Baixa;2026-04-01 14:19:00;2026-04-01 21:48:18;4
CHM-2015667;QRT-86959;FUN-01568;Wi-Fi;Média;2025-11-08 11:22:00;2025-11-08 14:35:35;5
CHM-1789824;QRT-66170;FUN-28577;Hidráulica;Baixa;2026-03-16 12:11:00;2026-03-16 15:34:56;3
CHM-3603956;QRT-24118;FUN-87234;Wi-Fi;Alta;2025-11-12 16:26:00;2025-11-12 17:11:23;5
CHM-2915001;QRT-76454;FUN-23286;Elétrica;Alta;2025-09-29 09:12:00;2025-09-29 10:00:45;4
CHM-4490113;QRT-26280;FUN-64706;TV / Controle;Baixa;2025-10-30 06:28:00;2025-10-31 05:24:50;3
CHM-4893232;QRT-37220;FUN-49013;Wi-Fi;Alta;2024-12-12 21:51:00;2024-12-12 22:45:08;4
CHM-0839187;QRT-43330;FUN-50800;Fechadura Eletrônica;Baixa;2025-12-28 13:19:00;2025-12-28 18:50:07;5
CHM-0061001;QRT-58898;FUN-04670;Ar-condicionado;Alta;2025-01-06 08:11:00;2025-01-06 09:16:25;5
CHM-8304030;QRT-26354;FUN-82886;Wi-Fi;Alta;2025-06-10 19:51:00;2025-06-10 21:08:32;4
CHM-9746940;QRT-93908;FUN-48683;Limpeza Extra;Alta;2025-02-17 23:59:00;2025-02-18 00:43:20;5
CHM-2226057;QRT-66170;FUN-92311;Wi-Fi;Alta;2025-12-21 07:59:00;2025-12-21 10:39:08;1
CHM-2071045;QRT-15355;FUN-05739;Ar-condicionado;Média;2026-06-19 07:25:00;2026-06-19 09:21:41;4
CHM-9652859;QRT-41748;FUN-92311;Ar-condicionado;Média;2025-02-10 12:11:00;2025-02-10 16:35:21;5
CHM-0217188;QRT-68692;FUN-64755;Ar-condicionado;Alta;2024-12-17 08:54:00;2024-12-17 10:27:20;5
CHM-1278046;QRT-41356;FUN-18700;Fechadura Eletrônica;Média;2024-12-04 06:08:00;2024-12-04 14:55:40;2
CHM-5161535;QRT-33730;FUN-48683;Elétrica;Alta;2025-11-08 15:48:00;2025-11-08 16:16:52;4
CHM-4726588;QRT-63998;FUN-43763;TV / Controle;Baixa;2026-01-18 14:41:00;2026-01-19 09:32:49;5
CHM-1436593;QRT-33730;FUN-69727;Ar-condicionado;Média;2024-09-02 17:39:00;2024-09-02 23:09:10;4
CHM-6924715;QRT-89443;FUN-05739;Ar-condicionado;Baixa;2025-09-18 21:55:00;2025-09-19 04:17:49;4
CHM-5622515;QRT-99673;FUN-64047;Wi-Fi;Alta;2025-11-27 11:29:00;2025-11-27 13:27:25;5
CHM-2648728;QRT-58808;FUN-04670;Ar-condicionado;Média;2025-03-12 14:48:00;2025-03-12 18:12:05;4
CHM-6994881;QRT-03930;FUN-08109;Limpeza Extra;Média;2026-01-05 17:50:00;2026-01-05 21:16:13;5
CHM-4593139;QRT-75121;FUN-34873;Ar-condicionado;Baixa;2026-03-26 16:38:00;2026-03-27 09:53:35;4
CHM-6193412;QRT-76281;FUN-71181;Ar-condicionado;Média;2026-02-11 20:24:00;2026-02-12 01:42:32;3
CHM-8403373;QRT-75289;FUN-96106;Wi-Fi;Alta;2026-01-31 10:17:00;2026-01-31 10:55:06;4
CHM-0936264;QRT-85329;FUN-82886;TV / Controle;Média;2025-08-06 22:47:00;2025-08-06 23:56:29;5
CHM-5572449;QRT-53040;FUN-36473;Ar-condicionado;Alta;2024-07-19 16:49:00;2024-07-19 18:00:23;5
CHM-8380709;QRT-99264;FUN-76103;Limpeza Extra;Baixa;2026-06-04 21:13:00;2026-06-05 05:57:32;3
CHM-0657303;QRT-03500;FUN-64047;Elétrica;Alta;2025-01-04 13:16:00;2025-01-04 14:20:59;4
CHM-4765339;QRT-17482;FUN-22607;Frigobar com Defeito;Média;2024-12-23 16:40:00;2024-12-23 20:06:40;4
CHM-1862189;QRT-01798;FUN-48683;Fechadura Eletrônica;Média;2025-06-15 14:59:00;2025-06-15 19:44:42;5
CHM-9490311;QRT-38783;FUN-48683;Hidráulica;Média;2025-07-06 22:27:00;2025-07-06 23:59:06;5
CHM-1059514;QRT-75123;FUN-48683;Elétrica;Baixa;2026-05-04 10:08:00;2026-05-04 21:33:27;3
CHM-6945072;QRT-67310;FUN-15784;Limpeza Extra;Alta;2025-10-19 06:24:00;2025-10-19 07:10:08;5
CHM-3143900;QRT-54953;FUN-74014;Wi-Fi;Média;2024-10-10 13:08:00;2024-10-10 17:54:41;5
CHM-0849800;QRT-57190;FUN-71181;Hidráulica;Baixa;2024-11-25 21:14:00;2024-11-26 07:54:35;4
CHM-6796731;QRT-66092;FUN-94946;Hidráulica;Baixa;2026-04-04 22:11:00;2026-04-05 15:24:03;3
CHM-2626515;QRT-61287;FUN-08109;Ar-condicionado;Média;2024-08-26 10:52:00;2024-08-26 11:35:02;5
CHM-8929584;QRT-21077;FUN-19473;Hidráulica;Média;2025-09-09 21:27:00;2025-09-09 23:37:30;5
CHM-3232896;QRT-23155;FUN-49170;Elétrica;Média;2024-12-18 06:06:00;2024-12-18 12:14:34;5
CHM-0704170;QRT-85702;FUN-83865;Hidráulica;Média;2024-08-17 08:04:00;2024-08-17 11:06:03;5
CHM-7873292;QRT-74465;FUN-08486;Limpeza Extra;Média;2025-04-05 06:53:00;2025-04-05 20:21:39;2
CHM-2687613;QRT-70536;FUN-64047;Ar-condicionado;Média;2025-11-24 07:03:00;2025-11-24 14:20:36;5
CHM-9171894;QRT-94991;FUN-74014;TV / Controle;Baixa;2026-06-18 16:38:00;2026-06-19 08:12:25;5
CHM-1899085;QRT-01562;FUN-73856;Ar-condicionado;Média;2024-08-17 19:23:00;2024-08-17 20:31:30;5
CHM-8687087;QRT-23801;FUN-90839;Ar-condicionado;Alta;2025-10-12 11:23:00;2025-10-12 14:54:14;3
CHM-7224593;QRT-72908;FUN-10947;TV / Controle;Média;2024-07-01 21:40:00;2024-07-02 00:19:56;5
CHM-6091377;QRT-39888;FUN-83865;Limpeza Extra;Alta;2024-09-12 22:41:00;2024-09-13 00:08:21;5
CHM-0607859;QRT-42714;FUN-48159;Limpeza Extra;Alta;2026-04-04 09:37:00;2026-04-04 10:02:06;3
CHM-3822245;QRT-71194;FUN-50800;Ar-condicionado;Média;2026-06-15 15:08:00;2026-06-15 23:41:16;2
CHM-8766488;QRT-24810;FUN-52793;Ar-condicionado;Alta;2025-02-09 06:29:00;2025-02-09 07:40:15;5
CHM-0204395;QRT-04414;FUN-71181;Ar-condicionado;Média;2026-05-10 23:48:00;2026-05-11 06:55:53;5
CHM-7024688;QRT-55192;FUN-45111;TV / Controle;Alta;2025-09-16 17:03:00;2025-09-16 19:13:52;1
CHM-8951765;QRT-74766;FUN-09102;Ar-condicionado;Alta;2026-02-07 23:19:00;2026-02-08 01:09:54;3
CHM-8660166;QRT-02862;FUN-94946;Wi-Fi;Média;2025-01-10 08:12:00;2025-01-10 11:17:18;4
CHM-5652162;QRT-23438;FUN-08234;Wi-Fi;Alta;2025-03-29 16:56:00;2025-03-29 17:47:28;3
CHM-2431274;QRT-70123;FUN-87234;Ar-condicionado;Média;2024-10-04 09:32:00;2024-10-04 12:37:33;4
CHM-7986361;QRT-16851;FUN-78820;Limpeza Extra;Baixa;2026-06-24 06:43:00;2026-06-25 07:39:41;2
CHM-8447134;QRT-77305;FUN-48683;Wi-Fi;Baixa;2026-04-01 06:21:00;2026-04-01 20:51:29;4
CHM-0565666;QRT-58898;FUN-23383;TV / Controle;Média;2025-03-13 07:54:00;2025-03-13 09:57:21;4
CHM-9112362;QRT-70123;FUN-03036;Frigobar com Defeito;Alta;2025-12-12 19:14:00;2025-12-12 23:10:29;1
CHM-1129445;QRT-76575;FUN-08828;TV / Controle;Baixa;2025-07-04 21:49:00;2025-07-05 13:58:00;5
CHM-9240880;QRT-24810;FUN-10947;Hidráulica;Média;2024-09-19 23:43:00;2024-09-20 09:02:08;3
CHM-5714996;QRT-16535;FUN-65780;Hidráulica;Média;2025-02-02 12:39:00;2025-02-02 14:48:57;5
CHM-1889229;QRT-07031;FUN-81524;Wi-Fi;Média;2025-07-06 19:22:00;2025-07-07 03:29:05;2
CHM-2433691;QRT-07031;FUN-76103;Limpeza Extra;Média;2025-08-18 09:24:00;2025-08-18 17:41:07;3
CHM-3700884;QRT-25217;FUN-03036;Limpeza Extra;Média;2025-03-14 12:29:00;2025-03-15 00:45:21;1
CHM-2420087;QRT-04025;FUN-16922;Ar-condicionado;Baixa;2026-02-23 10:37:00;2026-02-23 16:29:57;5
CHM-9531495;QRT-76445;FUN-08828;TV / Controle;Média;2024-08-14 12:29:00;2024-08-14 14:14:44;5
CHM-5998348;QRT-81819;FUN-55799;Ar-condicionado;Alta;2025-05-19 06:54:00;2025-05-19 08:38:11;3
CHM-6475509;QRT-76281;FUN-37715;Elétrica;Baixa;2025-08-03 20:56:00;2025-08-04 05:21:24;4
CHM-3117597;QRT-23155;FUN-22027;Hidráulica;Baixa;2025-02-27 10:07:00;2025-02-28 16:21:22;3
CHM-2952186;QRT-58898;FUN-12040;Limpeza Extra;Média;2025-05-15 20:58:00;2025-05-16 18:12:59;1
CHM-7024608;QRT-00452;FUN-57664;Hidráulica;Alta;2025-07-28 11:55:00;2025-07-28 12:45:15;5
CHM-3788657;QRT-75123;FUN-34873;Hidráulica;Média;2024-08-27 13:02:00;2024-08-27 16:13:47;4
CHM-8609681;QRT-54918;FUN-29826;Fechadura Eletrônica;Média;2025-06-15 22:00:00;2025-06-16 00:28:09;4
CHM-8517333;QRT-20026;FUN-35080;Elétrica;Média;2025-07-26 13:24:00;2025-07-26 17:24:06;4
CHM-8615196;QRT-87654;FUN-02909;Elétrica;Baixa;2024-11-20 14:31:00;2024-11-21 12:37:55;4
CHM-5210289;QRT-22560;FUN-15867;Fechadura Eletrônica;Média;2024-10-18 14:17:00;2024-10-18 17:56:35;4
CHM-6804088;QRT-39746;FUN-74014;Fechadura Eletrônica;Alta;2024-08-03 15:02:00;2024-08-03 19:24:32;1
CHM-6318718;QRT-66092;FUN-90839;Elétrica;Alta;2025-07-14 10:36:00;2025-07-14 13:14:27;3
CHM-4137456;QRT-72908;FUN-08486;Frigobar com Defeito;Baixa;2025-08-29 11:16:00;2025-08-30 04:52:43;4
CHM-3138585;QRT-54116;FUN-48683;Wi-Fi;Alta;2025-06-26 11:57:00;2025-06-26 13:00:10;5
CHM-2988477;QRT-22560;FUN-15867;Elétrica;Média;2026-05-12 17:48:00;2026-05-12 18:49:15;5
CHM-6846820;QRT-87613;FUN-18700;Ar-condicionado;Média;2024-07-13 17:35:00;2024-07-14 06:51:04;3
CHM-5072836;QRT-56321;FUN-89330;Hidráulica;Média;2024-09-11 11:48:00;2024-09-11 15:25:09;5
CHM-3191604;QRT-92964;FUN-32345;Hidráulica;Alta;2025-07-15 21:30:00;2025-07-15 23:48:10;2
CHM-3563039;QRT-25905;FUN-90839;Frigobar com Defeito;Baixa;2025-07-06 10:20:00;2025-07-06 21:42:03;4
CHM-5195008;QRT-03596;FUN-08849;Limpeza Extra;Média;2026-06-20 23:59:00;2026-06-21 00:59:00;4
CHM-5561452;QRT-86536;FUN-89330;TV / Controle;Alta;2026-03-13 17:18:00;2026-03-13 18:10:15;4
CHM-5175840;QRT-47168;FUN-92311;TV / Controle;Alta;2024-12-11 18:23:00;2024-12-11 20:12:22;4
CHM-0056498;QRT-48634;FUN-23383;Elétrica;Baixa;2024-12-19 18:47:00;2024-12-19 23:13:35;4
CHM-5872019;QRT-83481;FUN-86194;Ar-condicionado;Média;2025-02-16 13:44:00;2025-02-16 20:25:29;5
CHM-1502519;QRT-58808;FUN-96354;Ar-condicionado;Alta;2025-05-15 18:11:00;2025-05-15 19:29:25;4
CHM-2085294;QRT-86876;FUN-12040;Ar-condicionado;Alta;2024-08-11 10:15:00;2024-08-11 10:38:28;4
CHM-3389304;QRT-14528;FUN-78820;Ar-condicionado;Média;2026-05-21 08:36:00;2026-05-21 11:43:44;5
CHM-8902552;QRT-39368;FUN-45111;Wi-Fi;Média;2025-02-26 16:41:00;2025-02-26 18:36:40;5
CHM-5726428;QRT-15064;FUN-52793;Wi-Fi;Média;2025-09-26 15:38:00;2025-09-26 20:15:22;5
CHM-7921184;QRT-66195;FUN-09324;Elétrica;Média;2026-04-05 17:45:00;2026-04-05 19:20:19;4
CHM-4936368;QRT-31095;FUN-04670;Ar-condicionado;Baixa;2024-09-17 16:07:00;2024-09-19 17:13:10;2
CHM-1098016;QRT-08799;FUN-57664;Limpeza Extra;Média;2025-02-07 22:55:00;2025-02-08 02:56:01;5
CHM-4664613;QRT-91810;FUN-09102;Wi-Fi;Baixa;2026-05-30 11:25:00;2026-05-31 01:30:45;5
CHM-4394961;QRT-11592;FUN-81524;TV / Controle;Média;2025-12-30 13:18:00;2025-12-30 21:29:31;3
CHM-6617979;QRT-46308;FUN-09102;Frigobar com Defeito;Baixa;2024-09-15 21:57:00;2024-09-16 05:56:07;5
CHM-7074225;QRT-29980;FUN-57664;Limpeza Extra;Média;2025-12-05 17:14:00;2025-12-05 22:06:29;5
CHM-3659915;QRT-84972;FUN-18700;Limpeza Extra;Média;2024-12-17 18:45:00;2024-12-17 23:41:04;5
CHM-0904943;QRT-39368;FUN-18700;Hidráulica;Média;2026-06-01 14:34:00;2026-06-01 16:58:14;4
CHM-2289419;QRT-27574;FUN-18700;Elétrica;Média;2025-04-05 13:44:00;2025-04-05 16:27:29;3
CHM-7648373;QRT-68610;FUN-92311;Fechadura Eletrônica;Baixa;2025-12-16 12:03:00;2025-12-17 11:03:10;5
CHM-3227084;QRT-55454;FUN-87234;Limpeza Extra;Baixa;2025-03-02 17:53:00;2025-03-03 04:14:45;4
CHM-1074069;QRT-37672;FUN-96106;Limpeza Extra;Baixa;2025-12-28 09:00:00;2025-12-28 19:10:30;5
CHM-5685282;QRT-86959;FUN-09324;Hidráulica;Média;2024-07-16 14:56:00;2024-07-17 06:31:08;3
CHM-4339655;QRT-03540;FUN-22607;Limpeza Extra;Baixa;2025-02-15 21:04:00;2025-02-17 16:26:49;2
CHM-6793646;QRT-07031;FUN-76103;Hidráulica;Média;2025-06-17 11:43:00;2025-06-17 14:11:21;5
CHM-8269986;QRT-06043;FUN-71181;Wi-Fi;Baixa;2025-06-05 06:13:00;2025-06-05 16:18:00;5
CHM-6465108;QRT-95939;FUN-71181;Elétrica;Média;2024-07-19 08:32:00;2024-07-19 20:45:15;3
CHM-8975362;QRT-53432;FUN-01568;Limpeza Extra;Alta;2026-01-25 09:58:00;2026-01-25 13:48:12;2
CHM-8995148;QRT-30636;FUN-29826;Wi-Fi;Média;2025-04-20 06:31:00;2025-04-20 15:35:12;1
CHM-4008539;QRT-68610;FUN-12040;Wi-Fi;Alta;2025-05-26 20:47:00;2025-05-26 22:46:04;4
CHM-1409167;QRT-51483;FUN-36473;Hidráulica;Baixa;2025-07-04 08:06:00;2025-07-04 18:40:16;3
CHM-0161605;QRT-98284;FUN-57664;Limpeza Extra;Baixa;2026-04-22 08:38:00;2026-04-22 14:14:23;5
CHM-7555857;QRT-75121;FUN-48683;Hidráulica;Alta;2026-06-27 13:45:00;2026-06-27 14:31:26;5
CHM-7753871;QRT-75780;FUN-34873;TV / Controle;Média;2025-08-01 22:28:00;2025-08-02 04:05:45;5
CHM-7855560;QRT-87593;FUN-73856;Fechadura Eletrônica;Média;2025-01-20 13:45:00;2025-01-20 17:32:41;5
CHM-6189676;QRT-17482;FUN-25313;Wi-Fi;Média;2025-11-13 16:29:00;2025-11-13 17:25:18;5
CHM-4381367;QRT-37220;FUN-64047;Wi-Fi;Média;2025-08-29 21:44:00;2025-08-30 02:18:28;5
CHM-6361612;QRT-17820;FUN-34079;Elétrica;Alta;2025-04-30 17:54:00;2025-04-30 20:21:54;3
CHM-5126933;QRT-20055;FUN-19473;TV / Controle;Média;2024-11-11 14:54:00;2024-11-12 18:24:44;2
CHM-1674282;QRT-91810;FUN-90839;Hidráulica;Alta;2025-07-17 23:30:00;2025-07-18 00:03:33;4
CHM-7344286;QRT-55333;FUN-92311;Ar-condicionado;Média;2025-05-03 15:26:00;2025-05-03 21:03:54;5
CHM-3445142;QRT-42497;FUN-69104;TV / Controle;Alta;2024-11-27 13:50:00;2024-11-27 14:29:09;4
CHM-5394351;QRT-02055;FUN-08486;TV / Controle;Média;2024-10-21 15:18:00;2024-10-21 21:17:21;4
CHM-0392094;QRT-90762;FUN-49170;Hidráulica;Média;2024-11-22 16:59:00;2024-11-22 18:32:59;5
CHM-0471122;QRT-41316;FUN-52300;Limpeza Extra;Alta;2025-10-08 17:53:00;2025-10-08 18:16:37;5
CHM-2902475;QRT-53914;FUN-78820;Hidráulica;Média;2025-02-22 21:07:00;2025-02-23 00:47:20;4
CHM-6838900;QRT-89068;FUN-10947;Ar-condicionado;Baixa;2026-03-23 20:23:00;2026-03-24 16:53:43;5
CHM-0326642;QRT-73232;FUN-88121;Wi-Fi;Média;2026-05-20 21:51:00;2026-05-20 23:40:47;4
CHM-0690662;QRT-60979;FUN-52300;Fechadura Eletrônica;Baixa;2025-11-27 16:42:00;2025-11-27 19:45:54;5
CHM-1673753;QRT-39312;FUN-12576;Elétrica;Média;2026-02-04 16:19:00;2026-02-05 03:46:29;2
CHM-9414784;QRT-82431;FUN-37715;TV / Controle;Média;2025-10-14 17:12:00;2025-10-14 20:42:03;5
CHM-1435248;QRT-13534;FUN-50800;TV / Controle;Média;2024-11-14 11:36:00;2024-11-14 13:45:52;5
CHM-3507551;QRT-92321;FUN-71181;Limpeza Extra;Alta;2024-11-07 11:26:00;2024-11-07 12:26:52;5
CHM-7770444;QRT-37102;FUN-66580;Ar-condicionado;Média;2024-09-07 23:00:00;2024-09-08 00:50:03;3
CHM-3308965;QRT-37204;FUN-69727;Hidráulica;Média;2025-10-02 08:07:00;2025-10-02 09:28:38;4
CHM-2901022;QRT-04542;FUN-69104;Ar-condicionado;Baixa;2026-05-25 19:34:00;2026-05-27 04:18:52;2
CHM-7985101;QRT-51590;FUN-05739;Limpeza Extra;Alta;2025-06-01 08:24:00;2025-06-01 09:19:44;3
CHM-4198034;QRT-79165;FUN-69727;Elétrica;Média;2026-05-20 09:26:00;2026-05-20 14:14:51;5
CHM-5802564;QRT-04025;FUN-67710;Limpeza Extra;Média;2024-07-25 13:41:00;2024-07-25 16:24:47;5
CHM-4837153;QRT-54918;FUN-48683;Ar-condicionado;Baixa;2025-03-30 19:09:00;2025-04-01 01:13:56;3
CHM-5798199;QRT-66932;FUN-34079;Ar-condicionado;Alta;2024-10-24 09:36:00;2024-10-24 10:33:29;5
CHM-6973327;QRT-59474;FUN-52300;Ar-condicionado;Baixa;2025-12-13 14:57:00;2025-12-15 01:18:30;3
CHM-8239529;QRT-09395;FUN-43763;Fechadura Eletrônica;Alta;2025-04-23 09:07:00;2025-04-23 09:48:10;5
CHM-2366066;QRT-44318;FUN-34873;TV / Controle;Média;2025-07-28 17:58:00;2025-07-28 20:17:41;4
CHM-2755133;QRT-97434;FUN-37715;Limpeza Extra;Média;2025-10-04 08:34:00;2025-10-04 10:37:14;3
CHM-3713590;QRT-94431;FUN-64755;Hidráulica;Baixa;2024-08-07 16:14:00;2024-08-08 12:27:42;5
CHM-3783491;QRT-01562;FUN-86194;Hidráulica;Baixa;2025-09-13 09:27:00;2025-09-14 12:56:02;3
CHM-6976555;QRT-60540;FUN-64047;Hidráulica;Média;2025-02-07 10:58:00;2025-02-07 13:54:30;5
CHM-1998581;QRT-63645;FUN-49170;Hidráulica;Média;2025-12-12 22:08:00;2025-12-13 03:09:46;5
CHM-2068299;QRT-39312;FUN-74014;Ar-condicionado;Média;2026-05-01 23:18:00;2026-05-02 02:49:52;4
CHM-7260905;QRT-45132;FUN-48159;Wi-Fi;Baixa;2026-02-03 18:59:00;2026-02-05 03:39:41;2
CHM-7048470;QRT-43330;FUN-50800;Wi-Fi;Média;2025-11-10 12:05:00;2025-11-10 15:21:57;3
CHM-0186378;QRT-66083;FUN-71493;Wi-Fi;Média;2025-06-14 13:01:00;2025-06-14 18:29:06;3
CHM-1484791;QRT-45132;FUN-92311;Wi-Fi;Média;2024-08-12 16:40:00;2024-08-13 03:20:43;2
CHM-4527571;QRT-60661;FUN-10947;Hidráulica;Alta;2026-04-10 11:30:00;2026-04-10 12:30:22;5
CHM-6651461;QRT-26716;FUN-69104;Elétrica;Média;2025-01-23 19:01:00;2025-01-23 21:50:14;4
CHM-2979778;QRT-47759;FUN-89330;Limpeza Extra;Baixa;2025-11-29 12:39:00;2025-11-29 23:32:07;4
CHM-9827466;QRT-75043;FUN-39946;Ar-condicionado;Média;2025-09-11 10:15:00;2025-09-11 14:31:27;3
CHM-6442745;QRT-31042;FUN-08109;TV / Controle;Alta;2025-03-27 17:40:00;2025-03-27 19:10:48;5
CHM-5045131;QRT-29393;FUN-66580;Wi-Fi;Baixa;2024-10-12 22:53:00;2024-10-13 13:16:10;3
CHM-1038260;QRT-45866;FUN-48683;Limpeza Extra;Baixa;2024-07-31 16:30:00;2024-08-01 19:17:55;1
CHM-8976491;QRT-58511;FUN-73856;Hidráulica;Baixa;2025-03-23 10:53:00;2025-03-23 21:31:12;5
CHM-0250450;QRT-92177;FUN-88121;Elétrica;Baixa;2026-03-25 19:49:00;2026-03-26 00:38:02;4
CHM-9479756;QRT-81933;FUN-03036;Ar-condicionado;Baixa;2025-01-22 23:13:00;2025-01-23 09:04:25;5
CHM-2478967;QRT-23155;FUN-22027;Elétrica;Alta;2025-03-25 21:30:00;2025-03-25 23:46:11;1
CHM-6113686;QRT-17861;FUN-74014;Hidráulica;Alta;2024-09-22 23:22:00;2024-09-23 02:13:57;1
CHM-3064787;QRT-74691;FUN-49170;Ar-condicionado;Baixa;2024-10-12 17:50:00;2024-10-13 20:49:56;2
CHM-8445045;QRT-54048;FUN-35080;Hidráulica;Alta;2025-04-06 09:47:00;2025-04-06 14:40:23;1
CHM-3192048;QRT-46308;FUN-82886;TV / Controle;Alta;2026-04-26 16:15:00;2026-04-26 16:53:25;4
CHM-3262299;QRT-72107;FUN-10947;Ar-condicionado;Média;2024-10-16 13:20:00;2024-10-17 02:20:35;2
CHM-2454513;QRT-02862;FUN-09102;TV / Controle;Média;2025-08-29 08:54:00;2025-08-29 17:56:35;1
CHM-2633028;QRT-86876;FUN-28577;Ar-condicionado;Média;2026-06-15 12:49:00;2026-06-15 17:05:00;5
CHM-5515708;QRT-89068;FUN-12576;Limpeza Extra;Média;2025-08-12 12:25:00;2025-08-12 13:13:09;5
CHM-1087885;QRT-56455;FUN-86194;Wi-Fi;Baixa;2025-12-13 07:02:00;2025-12-13 17:48:14;3
CHM-8293486;QRT-11654;FUN-22607;Fechadura Eletrônica;Média;2025-10-21 22:19:00;2025-10-22 02:33:55;4
CHM-7862626;QRT-47759;FUN-23361;Frigobar com Defeito;Média;2026-02-16 11:20:00;2026-02-16 13:03:08;5
CHM-4018782;QRT-75043;FUN-37715;Wi-Fi;Baixa;2025-11-04 15:44:00;2025-11-05 03:54:36;5
CHM-0904371;QRT-11592;FUN-89330;Ar-condicionado;Alta;2025-08-28 16:30:00;2025-08-28 17:31:51;5
CHM-5155846;QRT-16535;FUN-86194;Hidráulica;Alta;2024-08-02 23:06:00;2024-08-03 00:28:02;4
CHM-0716830;QRT-90947;FUN-39946;Hidráulica;Baixa;2026-05-20 22:22:00;2026-05-21 04:42:52;4
CHM-0773571;QRT-43330;FUN-15867;TV / Controle;Média;2024-08-28 19:12:00;2024-08-28 22:53:53;5
CHM-2973272;QRT-02862;FUN-09324;Limpeza Extra;Média;2025-09-27 09:03:00;2025-09-27 11:13:08;3
CHM-0674268;QRT-03369;FUN-52793;Ar-condicionado;Baixa;2024-12-13 06:36:00;2024-12-13 19:26:46;3
CHM-0760413;QRT-28212;FUN-05739;Ar-condicionado;Baixa;2025-05-01 22:03:00;2025-05-02 03:00:09;4
CHM-5402492;QRT-75780;FUN-34873;Limpeza Extra;Média;2025-04-08 15:07:00;2025-04-08 18:24:41;4
CHM-6441134;QRT-38689;FUN-48159;Elétrica;Média;2024-12-17 10:45:00;2024-12-17 16:09:48;5
CHM-7285664;QRT-62407;FUN-22607;TV / Controle;Baixa;2025-12-03 16:51:00;2025-12-04 01:35:47;5
CHM-2498855;QRT-28485;FUN-47371;Frigobar com Defeito;Média;2026-04-17 17:25:00;2026-04-17 21:20:21;4
CHM-0952076;QRT-95201;FUN-15867;Ar-condicionado;Baixa;2026-01-16 23:34:00;2026-01-17 12:59:23;5
CHM-9919059;QRT-32164;FUN-83865;Elétrica;Média;2025-09-18 09:43:00;2025-09-18 18:03:43;2
CHM-9810402;QRT-42819;FUN-22027;TV / Controle;Baixa;2026-02-03 18:22:00;2026-02-04 07:51:23;5
CHM-0693708;QRT-72363;FUN-57664;Ar-condicionado;Alta;2026-06-09 16:34:00;2026-06-09 17:26:52;5
CHM-8252370;QRT-00699;FUN-32345;Wi-Fi;Alta;2025-02-07 08:36:00;2025-02-07 09:58:37;5
CHM-6793995;QRT-46794;FUN-05739;Hidráulica;Média;2025-01-27 12:51:00;2025-01-27 19:16:54;5
CHM-7236629;QRT-31095;FUN-04670;Frigobar com Defeito;Alta;2024-10-23 22:50:00;2024-10-23 23:24:20;5
CHM-7138013;QRT-04443;FUN-69104;Wi-Fi;Média;2024-12-25 21:43:00;2024-12-26 00:05:50;5
CHM-3662840;QRT-82787;FUN-89330;Elétrica;Média;2024-12-18 16:02:00;2024-12-18 20:45:19;4
CHM-8159229;QRT-95201;FUN-15867;TV / Controle;Baixa;2026-03-31 09:35:00;2026-04-01 14:20:19;3
CHM-5636924;QRT-42819;FUN-96106;Limpeza Extra;Alta;2026-03-19 06:52:00;2026-03-19 07:46:29;5
CHM-9352058;QRT-76445;FUN-87234;TV / Controle;Baixa;2026-05-14 09:42:00;2026-05-15 09:21:26;5
CHM-8467921;QRT-31930;FUN-19473;Ar-condicionado;Baixa;2024-08-20 18:29:00;2024-08-21 21:52:56;2
CHM-4548534;QRT-45132;FUN-12040;Limpeza Extra;Média;2025-07-30 20:58:00;2025-07-31 06:42:48;1
CHM-3132891;QRT-40975;FUN-08849;Frigobar com Defeito;Baixa;2025-01-12 11:21:00;2025-01-12 16:53:33;5
CHM-0597233;QRT-97434;FUN-52793;Wi-Fi;Baixa;2025-11-28 21:41:00;2025-11-30 03:54:03;3
CHM-4132933;QRT-04414;FUN-39946;Frigobar com Defeito;Baixa;2025-06-04 17:19:00;2025-06-05 21:41:25;1
CHM-4053001;QRT-29393;FUN-81524;Ar-condicionado;Baixa;2025-02-14 16:28:00;2025-02-15 11:26:13;5
CHM-1221254;QRT-80306;FUN-18700;Ar-condicionado;Média;2025-10-17 21:25:00;2025-10-18 01:04:23;4
CHM-1701613;QRT-18531;FUN-08109;Wi-Fi;Alta;2024-11-10 06:32:00;2024-11-10 07:33:24;4
CHM-1182574;QRT-41356;FUN-52300;Limpeza Extra;Baixa;2024-09-19 14:57:00;2024-09-20 06:09:20;5
CHM-8120309;QRT-50393;FUN-96354;TV / Controle;Alta;2024-09-24 10:30:00;2024-09-24 12:04:16;4
CHM-4838123;QRT-85739;FUN-37715;Ar-condicionado;Média;2026-06-18 07:06:00;2026-06-18 09:25:34;5
CHM-0300689;QRT-10397;FUN-65780;Elétrica;Baixa;2025-02-07 20:57:00;2025-02-08 03:34:58;5
CHM-7774658;QRT-42819;FUN-96106;Ar-condicionado;Alta;2024-07-29 06:45:00;2024-07-29 09:25:52;3
CHM-8930837;QRT-62284;FUN-08109;Ar-condicionado;Alta;2025-09-15 23:57:00;2025-09-16 01:31:44;5
CHM-8404248;QRT-89410;FUN-71181;Hidráulica;Baixa;2024-09-25 16:58:00;2024-09-26 05:45:14;5
CHM-3562402;QRT-22560;FUN-15867;Ar-condicionado;Média;2025-10-29 09:45:00;2025-10-29 14:10:20;4
CHM-3330931;QRT-23373;FUN-08109;TV / Controle;Alta;2025-08-17 22:13:00;2025-08-18 00:07:36;5
CHM-3629128;QRT-10397;FUN-65780;Wi-Fi;Média;2024-11-03 13:34:00;2024-11-03 18:05:03;5
CHM-1860379;QRT-40043;FUN-32345;TV / Controle;Média;2025-10-11 13:29:00;2025-10-11 15:07:14;4
CHM-3620136;QRT-55192;FUN-66580;Ar-condicionado;Baixa;2026-06-23 18:14:00;2026-06-24 20:39:20;3
CHM-4450861;QRT-03930;FUN-02909;Frigobar com Defeito;Média;2026-03-22 20:01:00;2026-03-23 14:07:40;3
CHM-7167982;QRT-66170;FUN-36473;Wi-Fi;Média;2026-03-14 15:48:00;2026-03-14 21:07:57;5
CHM-8373607;QRT-81819;FUN-08828;Frigobar com Defeito;Baixa;2024-07-11 13:45:00;2024-07-12 22:16:18;1
CHM-2597205;QRT-28319;FUN-22027;Frigobar com Defeito;Média;2025-12-16 17:17:00;2025-12-16 18:33:12;3
CHM-3397708;QRT-51483;FUN-36473;Elétrica;Alta;2025-01-06 16:36:00;2025-01-06 18:13:01;5
CHM-0748774;QRT-46748;FUN-70436;Fechadura Eletrônica;Alta;2024-10-21 18:59:00;2024-10-21 19:18:26;4
CHM-9047281;QRT-96237;FUN-73856;Hidráulica;Média;2025-11-25 12:01:00;2025-11-25 15:37:57;5
CHM-0090018;QRT-70123;FUN-87234;Wi-Fi;Baixa;2024-08-01 06:52:00;2024-08-02 01:10:27;4
CHM-4123768;QRT-37672;FUN-05739;TV / Controle;Média;2025-01-10 12:55:00;2025-01-10 14:53:25;3
CHM-1098886;QRT-46149;FUN-96106;Limpeza Extra;Média;2024-08-03 20:10:00;2024-08-03 23:07:34;5
CHM-3975167;QRT-75030;FUN-86194;Wi-Fi;Alta;2026-03-22 08:00:00;2026-03-22 08:39:36;5
CHM-1556591;QRT-39746;FUN-10947;Elétrica;Baixa;2026-04-04 17:07:00;2026-04-05 16:51:05;5
CHM-7866461;QRT-86876;FUN-28577;Wi-Fi;Alta;2026-02-05 15:31:00;2026-02-05 16:23:13;4
CHM-6417536;QRT-70536;FUN-64047;Elétrica;Baixa;2026-05-23 19:58:00;2026-05-24 06:25:01;4
CHM-7674396;QRT-81819;FUN-08828;Fechadura Eletrônica;Média;2026-06-10 10:26:00;2026-06-10 17:09:07;4
CHM-6060553;QRT-96428;FUN-08486;Elétrica;Baixa;2026-04-19 06:27:00;2026-04-20 06:17:25;5
CHM-1131502;QRT-92964;FUN-96106;Ar-condicionado;Média;2025-09-09 09:29:00;2025-09-09 11:33:42;5
CHM-5293148;QRT-02819;FUN-12576;Hidráulica;Alta;2026-06-09 08:41:00;2026-06-09 13:39:31;1
CHM-1455667;QRT-49389;FUN-70436;Wi-Fi;Baixa;2025-06-16 17:57:00;2025-06-18 04:22:16;3
CHM-4872554;QRT-89068;FUN-12576;TV / Controle;Alta;2025-09-18 18:57:00;2025-09-18 22:53:47;2
CHM-8241033;QRT-01287;FUN-08849;TV / Controle;Média;2025-08-05 13:24:00;2025-08-05 17:03:16;5
CHM-9266170;QRT-87613;FUN-76103;Elétrica;Média;2025-07-30 11:19:00;2025-07-30 18:33:17;5
CHM-5832182;QRT-18824;FUN-08109;Ar-condicionado;Média;2025-01-07 23:40:00;2025-01-08 04:33:37;5
CHM-7966028;QRT-81045;FUN-57664;Ar-condicionado;Alta;2026-04-01 16:14:00;2026-04-01 19:37:33;2
CHM-8726533;QRT-53290;FUN-36473;Elétrica;Média;2025-07-26 07:01:00;2025-07-26 08:48:22;4
CHM-0042865;QRT-84072;FUN-32345;Frigobar com Defeito;Alta;2025-03-01 18:13:00;2025-03-01 22:51:04;3
CHM-4524636;QRT-72363;FUN-22027;Fechadura Eletrônica;Média;2024-10-08 06:18:00;2024-10-08 12:41:02;5
CHM-1169337;QRT-96687;FUN-76103;Ar-condicionado;Baixa;2025-05-31 18:45:00;2025-06-01 08:37:11;4
CHM-2815360;QRT-51602;FUN-52793;Elétrica;Alta;2024-07-13 21:20:00;2024-07-13 22:01:38;4
CHM-7103399;QRT-70123;FUN-03036;Ar-condicionado;Média;2024-12-05 12:27:00;2024-12-05 20:35:48;1
CHM-0201229;QRT-62407;FUN-02909;TV / Controle;Média;2025-01-31 06:33:00;2025-01-31 12:03:10;5
CHM-1215226;QRT-99673;FUN-64047;Ar-condicionado;Alta;2025-12-10 14:39:00;2025-12-10 16:16:56;4
CHM-2012117;QRT-92954;FUN-23286;Wi-Fi;Média;2026-01-09 19:21:00;2026-01-10 05:27:17;3
CHM-1110241;QRT-58690;FUN-52793;TV / Controle;Alta;2026-03-07 12:33:00;2026-03-07 14:00:42;5
CHM-4872906;QRT-34521;FUN-67282;TV / Controle;Média;2025-01-10 09:14:00;2025-01-10 20:59:32;1
CHM-6327870;QRT-56455;FUN-16922;Limpeza Extra;Média;2024-10-27 08:51:00;2024-10-27 10:08:42;4
CHM-4609500;QRT-27391;FUN-81524;Ar-condicionado;Média;2025-01-01 07:42:00;2025-01-01 17:39:22;2
CHM-1209887;QRT-86536;FUN-45111;Ar-condicionado;Baixa;2025-08-19 09:29:00;2025-08-19 15:13:12;5
CHM-4143500;QRT-02055;FUN-52793;Ar-condicionado;Média;2024-09-08 06:09:00;2024-09-08 10:38:16;5
CHM-5890493;QRT-26280;FUN-64047;Limpeza Extra;Alta;2025-03-17 14:18:00;2025-03-17 14:30:10;4
CHM-9840709;QRT-09395;FUN-67282;Wi-Fi;Baixa;2025-09-19 10:59:00;2025-09-20 00:07:53;5
CHM-0268585;QRT-59498;FUN-92045;Wi-Fi;Média;2025-11-06 08:26:00;2025-11-06 16:46:24;3
CHM-9413123;QRT-90111;FUN-50800;Ar-condicionado;Baixa;2026-06-25 14:54:00;2026-06-25 22:14:45;5
CHM-6667250;QRT-06280;FUN-69727;Ar-condicionado;Alta;2025-05-26 06:38:00;2025-05-26 10:05:56;2
CHM-6539517;QRT-24594;FUN-08849;TV / Controle;Média;2024-09-13 13:21:00;2024-09-13 14:38:24;5
CHM-2953725;QRT-15710;FUN-49170;Fechadura Eletrônica;Alta;2026-06-28 17:36:00;2026-06-28 18:15:13;5
CHM-6523683;QRT-28319;FUN-57664;Hidráulica;Alta;2026-03-04 13:19:00;2026-03-04 13:36:24;4
CHM-9956006;QRT-55333;FUN-96354;Fechadura Eletrônica;Baixa;2025-11-05 22:02:00;2025-11-06 09:23:57;5
CHM-8115366;QRT-61719;FUN-22607;Hidráulica;Baixa;2025-09-08 07:20:00;2025-09-08 11:36:33;4
CHM-6494556;QRT-92171;FUN-19473;Elétrica;Média;2025-03-22 22:31:00;2025-03-23 00:36:16;5
CHM-5029900;QRT-61287;FUN-25313;Limpeza Extra;Baixa;2024-07-03 12:11:00;2024-07-05 12:44:56;3
CHM-5260225;QRT-23438;FUN-94946;Wi-Fi;Média;2025-10-01 19:16:00;2025-10-01 20:03:18;5
CHM-6769357;QRT-25571;FUN-15784;Hidráulica;Baixa;2025-12-21 06:01:00;2025-12-21 11:27:28;4
CHM-4041467;QRT-44318;FUN-15867;Wi-Fi;Baixa;2026-02-27 10:38:00;2026-02-27 13:35:53;4
CHM-3133696;QRT-06780;FUN-37715;Ar-condicionado;Alta;2026-01-06 11:39:00;2026-01-06 13:42:23;2
CHM-8900162;QRT-24118;FUN-21094;Elétrica;Média;2025-08-13 12:37:00;2025-08-13 19:59:30;4
CHM-7952886;QRT-26166;FUN-35080;Ar-condicionado;Alta;2024-11-24 22:15:00;2024-11-24 22:37:03;4
CHM-7583568;QRT-99814;FUN-65780;Wi-Fi;Alta;2025-03-08 15:25:00;2025-03-08 16:58:59;5
CHM-1020837;QRT-11649;FUN-52300;Frigobar com Defeito;Baixa;2024-10-02 20:40:00;2024-10-03 20:15:26;3
CHM-0543503;QRT-77305;FUN-34873;Ar-condicionado;Alta;2026-02-04 14:06:00;2026-02-04 15:26:43;4
CHM-0546117;QRT-99264;FUN-23361;Ar-condicionado;Baixa;2025-09-22 16:20:00;2025-09-22 19:17:48;5
CHM-1719791;QRT-09674;FUN-90839;Elétrica;Média;2026-03-02 13:32:00;2026-03-02 15:25:03;5
CHM-2828532;QRT-55013;FUN-87234;Hidráulica;Alta;2026-06-08 23:31:00;2026-06-09 00:30:35;5
CHM-4349290;QRT-29015;FUN-34873;Ar-condicionado;Baixa;2025-11-26 18:55:00;2025-11-27 01:19:29;5
CHM-1239528;QRT-18824;FUN-08109;Wi-Fi;Baixa;2024-10-11 17:23:00;2024-10-11 21:13:25;3
CHM-0335510;QRT-13758;FUN-02909;Limpeza Extra;Baixa;2024-10-19 20:20:00;2024-10-20 23:02:53;2
CHM-3347268;QRT-96428;FUN-10947;Ar-condicionado;Baixa;2026-05-18 11:23:00;2026-05-19 00:58:29;5
CHM-2931451;QRT-11826;FUN-08109;TV / Controle;Média;2025-01-01 20:17:00;2025-01-02 06:21:06;2
CHM-3067787;QRT-92955;FUN-34079;Wi-Fi;Média;2025-12-18 20:57:00;2025-12-19 10:34:18;3
CHM-2880992;QRT-94431;FUN-22027;Limpeza Extra;Baixa;2025-10-19 12:37:00;2025-10-19 19:59:14;4
CHM-2622394;QRT-51590;FUN-05739;Hidráulica;Média;2026-02-10 21:36:00;2026-02-10 22:24:56;3
CHM-8903581;QRT-69925;FUN-52793;Elétrica;Baixa;2025-08-28 16:22:00;2025-08-29 10:05:40;4
CHM-4936741;QRT-04443;FUN-94946;Fechadura Eletrônica;Alta;2025-07-10 17:13:00;2025-07-10 17:38:33;4
CHM-1151369;QRT-52853;FUN-08486;Hidráulica;Média;2025-11-02 09:53:00;2025-11-02 14:23:02;5
CHM-9670257;QRT-21167;FUN-23383;Hidráulica;Média;2025-12-26 08:20:00;2025-12-26 14:40:45;4
CHM-3089542;QRT-94991;FUN-39946;Ar-condicionado;Baixa;2024-08-29 19:56:00;2024-08-30 06:55:21;5
CHM-3133611;QRT-86467;FUN-07814;Ar-condicionado;Média;2024-10-24 10:17:00;2024-10-24 18:19:57;3
CHM-8465228;QRT-98284;FUN-22027;Ar-condicionado;Alta;2025-03-12 16:15:00;2025-03-12 17:53:50;4
CHM-8800926;QRT-08689;FUN-49013;Limpeza Extra;Alta;2026-03-31 07:30:00;2026-03-31 08:07:40;5
CHM-2017352;QRT-04414;FUN-10947;Wi-Fi;Média;2026-02-06 10:58:00;2026-02-06 12:42:47;3
CHM-6924547;QRT-87183;FUN-71181;Ar-condicionado;Média;2025-05-28 22:46:00;2025-05-29 02:19:23;5
CHM-1892249;QRT-50393;FUN-23383;Wi-Fi;Média;2025-03-23 11:35:00;2025-03-23 17:08:41;3
CHM-4578892;QRT-38689;FUN-23383;Limpeza Extra;Baixa;2026-06-14 14:08:00;2026-06-15 02:39:21;5
CHM-6011380;QRT-00699;FUN-49170;Ar-condicionado;Baixa;2026-04-27 16:13:00;2026-04-28 04:37:43;4
CHM-4715427;QRT-31095;FUN-23383;Limpeza Extra;Baixa;2025-05-23 23:16:00;2025-05-25 04:24:07;1
CHM-3845695;QRT-80227;FUN-49170;Ar-condicionado;Baixa;2025-01-25 15:24:00;2025-01-25 21:33:32;5
CHM-5543718;QRT-39575;FUN-48683;Ar-condicionado;Média;2025-07-26 06:29:00;2025-07-26 11:53:04;5
CHM-1762428;QRT-10397;FUN-78820;Ar-condicionado;Baixa;2026-01-13 23:46:00;2026-01-14 09:34:23;5
CHM-3804140;QRT-95923;FUN-69727;Limpeza Extra;Baixa;2025-03-18 22:15:00;2025-03-19 18:22:39;5
CHM-0221420;QRT-72078;FUN-22027;Ar-condicionado;Média;2025-11-19 09:33:00;2025-11-19 17:48:07;1
CHM-2942605;QRT-52853;FUN-39946;TV / Controle;Baixa;2025-07-21 20:25:00;2025-07-22 08:49:26;5
CHM-3762981;QRT-57763;FUN-01568;Ar-condicionado;Média;2026-03-10 20:02:00;2026-03-12 04:20:40;3
CHM-7214175;QRT-73451;FUN-69727;Hidráulica;Baixa;2026-01-02 08:14:00;2026-01-02 19:53:08;5
CHM-8355181;QRT-09785;FUN-76103;Elétrica;Alta;2025-05-15 13:40:00;2025-05-15 14:17:17;5
CHM-5189384;QRT-22178;FUN-16922;Limpeza Extra;Média;2025-09-26 21:35:00;2025-09-27 18:04:29;2
CHM-6221998;QRT-49331;FUN-08849;Fechadura Eletrônica;Média;2026-01-26 19:15:00;2026-01-26 23:29:03;5
CHM-1712710;QRT-27801;FUN-18700;Hidráulica;Alta;2025-02-21 22:09:00;2025-02-21 22:38:56;5
CHM-9149204;QRT-59474;FUN-76103;Hidráulica;Baixa;2024-07-01 19:18:00;2024-07-02 07:03:51;4
CHM-9814629;QRT-47928;FUN-41540;Elétrica;Média;2024-08-29 07:16:00;2024-08-29 09:14:26;5
CHM-9292643;QRT-03500;FUN-64047;Hidráulica;Média;2024-07-28 14:39:00;2024-07-28 21:30:44;5
CHM-0789966;QRT-10397;FUN-78820;Hidráulica;Alta;2025-11-23 22:13:00;2025-11-23 23:21:49;4
CHM-2104813;QRT-68610;FUN-36473;Limpeza Extra;Baixa;2025-01-25 21:53:00;2025-01-26 20:41:26;4
CHM-2521660;QRT-56321;FUN-81524;Fechadura Eletrônica;Média;2026-01-14 09:00:00;2026-01-14 12:56:41;5
CHM-8826036;QRT-99264;FUN-52300;Elétrica;Média;2025-03-05 18:17:00;2025-03-05 21:56:47;4
CHM-7822782;QRT-46748;FUN-23286;Limpeza Extra;Média;2026-02-16 14:00:00;2026-02-16 18:28:10;4
CHM-4559584;QRT-29485;FUN-83865;Wi-Fi;Média;2024-07-13 20:43:00;2024-07-13 21:38:16;5
CHM-8538061;QRT-04414;FUN-71181;Wi-Fi;Média;2025-03-06 14:18:00;2025-03-06 23:25:28;3
CHM-6994891;QRT-27833;FUN-15867;Ar-condicionado;Baixa;2025-01-29 09:56:00;2025-01-29 15:40:28;4
CHM-8822078;QRT-51351;FUN-08109;Hidráulica;Alta;2025-10-17 15:39:00;2025-10-17 19:45:36;3
CHM-2737056;QRT-95776;FUN-70436;Ar-condicionado;Baixa;2025-01-27 20:45:00;2025-01-28 11:08:23;3
CHM-8834881;QRT-81933;FUN-35080;Limpeza Extra;Baixa;2026-03-21 08:24:00;2026-03-21 16:09:07;4
CHM-9957892;QRT-78217;FUN-22607;Limpeza Extra;Baixa;2025-09-04 11:39:00;2025-09-05 14:04:20;2
CHM-6276521;QRT-17820;FUN-70436;Wi-Fi;Média;2025-12-09 06:51:00;2025-12-09 11:20:44;4
CHM-3982078;QRT-73232;FUN-64706;Fechadura Eletrônica;Alta;2026-03-30 13:01:00;2026-03-30 13:43:40;5
CHM-4428205;QRT-63609;FUN-18700;Ar-condicionado;Média;2025-12-01 19:55:00;2025-12-02 01:15:02;5
CHM-6025310;QRT-26716;FUN-82886;Ar-condicionado;Baixa;2024-09-21 08:22:00;2024-09-23 02:37:22;2
CHM-5195638;QRT-86536;FUN-81524;Fechadura Eletrônica;Alta;2026-05-19 15:35:00;2026-05-19 16:21:51;4
CHM-9947945;QRT-84072;FUN-64755;Limpeza Extra;Média;2024-07-19 12:33:00;2024-07-19 17:55:13;4
CHM-5935257;QRT-29439;FUN-49013;TV / Controle;Média;2026-05-23 06:33:00;2026-05-23 14:18:33;5
CHM-0308275;QRT-56321;FUN-66580;Ar-condicionado;Média;2024-11-16 19:47:00;2024-11-16 23:53:51;5
CHM-6448947;QRT-53290;FUN-36473;TV / Controle;Baixa;2025-11-09 08:54:00;2025-11-09 20:11:12;4
CHM-4380854;QRT-95923;FUN-48683;Elétrica;Média;2025-07-10 18:30:00;2025-07-10 20:11:12;5
CHM-4016857;QRT-90947;FUN-37715;Hidráulica;Baixa;2026-05-21 17:00:00;2026-05-22 18:42:28;2
CHM-1342908;QRT-95923;FUN-48683;TV / Controle;Média;2025-09-17 14:01:00;2025-09-17 16:15:16;5
CHM-6340186;QRT-86876;FUN-12040;Fechadura Eletrônica;Alta;2025-04-04 10:36:00;2025-04-04 12:18:26;5
CHM-7291771;QRT-59474;FUN-52300;Ar-condicionado;Baixa;2024-08-28 18:48:00;2024-08-29 14:02:34;5
CHM-5154967;QRT-26166;FUN-55799;Elétrica;Baixa;2025-06-10 14:15:00;2025-06-11 01:00:21;5
CHM-9233598;QRT-58808;FUN-04670;Fechadura Eletrônica;Baixa;2025-08-02 17:10:00;2025-08-03 13:25:38;4
CHM-0979268;QRT-57190;FUN-39946;Elétrica;Baixa;2024-12-10 07:17:00;2024-12-11 13:13:42;1
CHM-5716925;QRT-80227;FUN-49170;Ar-condicionado;Baixa;2026-03-05 07:54:00;2026-03-08 03:13:04;1
CHM-6060997;QRT-45132;FUN-36473;Ar-condicionado;Baixa;2026-01-25 23:29:00;2026-01-26 08:05:03;5
CHM-7957178;QRT-59498;FUN-23286;Ar-condicionado;Baixa;2025-04-16 14:58:00;2025-04-16 19:59:35;5
CHM-4505577;QRT-55013;FUN-70436;Wi-Fi;Alta;2025-03-05 22:27:00;2025-03-05 23:51:49;4
CHM-0927955;QRT-17495;FUN-88121;Wi-Fi;Média;2025-06-30 08:30:00;2025-06-30 12:28:51;4
CHM-0064753;QRT-64332;FUN-22607;Hidráulica;Alta;2024-12-10 06:50:00;2024-12-10 07:39:01;4
CHM-2272104;QRT-69835;FUN-12040;Ar-condicionado;Baixa;2025-04-06 14:45:00;2025-04-06 22:14:53;5
CHM-1399396;QRT-24594;FUN-22607;Frigobar com Defeito;Baixa;2024-10-08 16:33:00;2024-10-09 06:35:11;5
CHM-9471257;QRT-17114;FUN-08486;Wi-Fi;Alta;2026-02-07 23:37:00;2026-02-07 23:56:36;5
CHM-0152847;QRT-28645;FUN-41540;Limpeza Extra;Alta;2026-03-10 15:27:00;2026-03-10 17:16:33;4
CHM-6556326;QRT-69375;FUN-48683;Wi-Fi;Alta;2025-11-26 13:53:00;2025-11-26 14:56:12;4
CHM-1206549;QRT-16398;FUN-13975;Fechadura Eletrônica;Média;2024-12-22 12:29:00;2024-12-22 14:50:17;4
CHM-3906944;QRT-04443;FUN-09102;Ar-condicionado;Alta;2025-03-03 08:20:00;2025-03-03 11:01:27;2
CHM-4624571;QRT-38783;FUN-15867;Hidráulica;Média;2026-03-08 10:18:00;2026-03-08 22:24:25;2
CHM-4039144;QRT-64260;FUN-86199;Hidráulica;Baixa;2024-11-24 16:46:00;2024-11-24 23:12:44;4
CHM-7118939;QRT-82787;FUN-07814;Limpeza Extra;Média;2025-09-18 23:57:00;2025-09-19 01:37:50;5
CHM-7787997;QRT-44425;FUN-21094;Wi-Fi;Média;2025-01-11 09:00:00;2025-01-11 12:57:07;4
CHM-7189268;QRT-42908;FUN-89330;Wi-Fi;Média;2026-02-24 15:26:00;2026-02-24 20:19:02;5
CHM-7334730;QRT-65099;FUN-47371;Hidráulica;Baixa;2024-10-26 10:52:00;2024-10-26 22:24:25;4
CHM-3633230;QRT-27540;FUN-78820;Limpeza Extra;Média;2025-08-07 18:39:00;2025-08-07 23:33:38;5
CHM-9859595;QRT-44318;FUN-34873;Ar-condicionado;Média;2024-09-25 15:12:00;2024-09-25 17:43:25;5
CHM-9016316;QRT-24810;FUN-37715;Hidráulica;Média;2024-11-16 13:22:00;2024-11-16 15:38:23;4
CHM-8082618;QRT-96428;FUN-52793;Frigobar com Defeito;Baixa;2024-07-01 15:39:00;2024-07-02 19:41:01;2
CHM-3681554;QRT-10397;FUN-78820;Hidráulica;Baixa;2026-04-02 12:33:00;2026-04-04 02:46:46;3
CHM-7594996;QRT-08799;FUN-64755;Fechadura Eletrônica;Média;2024-10-29 07:03:00;2024-10-29 09:03:47;5
CHM-8292248;QRT-22178;FUN-19473;Limpeza Extra;Baixa;2024-10-30 23:25:00;2024-10-31 04:49:16;5
CHM-7299912;QRT-10607;FUN-49170;Fechadura Eletrônica;Baixa;2024-11-20 16:49:00;2024-11-21 07:18:22;5
CHM-6995013;QRT-42355;FUN-08828;Frigobar com Defeito;Alta;2025-07-06 08:56:00;2025-07-06 09:31:26;5
CHM-9669971;QRT-49496;FUN-08849;Hidráulica;Baixa;2025-09-23 12:40:00;2025-09-25 06:23:30;2
CHM-7273220;QRT-53290;FUN-36473;Hidráulica;Baixa;2026-03-09 23:20:00;2026-03-10 05:13:57;3
CHM-4303551;QRT-14624;FUN-29826;Elétrica;Baixa;2026-04-07 21:50:00;2026-04-08 10:26:43;5
CHM-9027506;QRT-25571;FUN-64706;Limpeza Extra;Alta;2026-01-31 11:03:00;2026-01-31 11:27:02;5
CHM-9489530;QRT-55333;FUN-96354;TV / Controle;Média;2024-07-19 11:17:00;2024-07-19 14:07:10;5
CHM-7043508;QRT-37204;FUN-34873;Fechadura Eletrônica;Média;2025-08-19 13:45:00;2025-08-19 17:39:50;5
CHM-6033180;QRT-47759;FUN-18700;Elétrica;Média;2026-05-20 11:03:00;2026-05-20 11:55:17;4
CHM-9748907;QRT-30636;FUN-15867;Limpeza Extra;Alta;2026-05-16 18:26:00;2026-05-16 19:04:42;5
CHM-5664388;QRT-62284;FUN-47371;TV / Controle;Média;2026-02-27 13:57:00;2026-02-27 17:47:10;5
CHM-7635510;QRT-29393;FUN-18700;Limpeza Extra;Média;2026-03-31 14:17:00;2026-03-31 16:57:01;4
CHM-7848786;QRT-13595;FUN-09102;Ar-condicionado;Baixa;2024-10-28 22:34:00;2024-10-29 12:17:59;5
CHM-6818065;QRT-81933;FUN-92045;Elétrica;Média;2025-04-29 11:23:00;2025-04-29 15:15:48;3
CHM-7666472;QRT-81775;FUN-88121;Elétrica;Média;2025-09-03 15:39:00;2025-09-04 19:47:43;3
CHM-4610280;QRT-62284;FUN-22607;Hidráulica;Baixa;2024-08-11 07:38:00;2024-08-12 00:55:20;5
CHM-1492116;QRT-42355;FUN-35080;Elétrica;Alta;2025-11-18 11:38:00;2025-11-18 12:14:14;4
CHM-3151093;QRT-09785;FUN-66580;Elétrica;Baixa;2024-08-29 06:20:00;2024-08-29 12:24:22;4
CHM-0231571;QRT-09419;FUN-37715;Ar-condicionado;Alta;2026-03-26 16:53:00;2026-03-26 19:09:24;1
CHM-8580063;QRT-77112;FUN-57664;Limpeza Extra;Média;2025-10-21 18:01:00;2025-10-21 19:53:09;5
CHM-4781537;QRT-96687;FUN-07814;Limpeza Extra;Média;2025-07-13 06:40:00;2025-07-13 14:09:08;5
CHM-8642304;QRT-84941;FUN-41540;TV / Controle;Alta;2025-06-19 23:15:00;2025-06-20 02:40:35;3
CHM-6202927;QRT-28645;FUN-86199;Ar-condicionado;Média;2026-03-08 08:34:00;2026-03-08 16:11:45;4
CHM-9568108;QRT-24929;FUN-29826;Elétrica;Baixa;2025-03-28 11:33:00;2025-03-29 14:32:11;3
CHM-2704342;QRT-12236;FUN-67710;Ar-condicionado;Média;2024-07-16 19:06:00;2024-07-17 01:08:07;5
CHM-0959239;QRT-68692;FUN-57664;Hidráulica;Baixa;2026-01-02 23:23:00;2026-01-03 18:38:48;5
CHM-2379310;QRT-10455;FUN-15784;Hidráulica;Baixa;2026-02-10 23:13:00;2026-02-11 04:26:41;5
CHM-4664026;QRT-63998;FUN-67282;Hidráulica;Alta;2025-10-01 10:02:00;2025-10-01 14:19:31;3
CHM-4193463;QRT-85329;FUN-90839;Elétrica;Baixa;2025-09-16 19:37:00;2025-09-19 03:46:12;2
CHM-2580927;QRT-18824;FUN-71493;Limpeza Extra;Baixa;2025-06-20 17:43:00;2025-06-20 23:51:49;5
CHM-1517123;QRT-08689;FUN-64047;Limpeza Extra;Baixa;2024-12-03 14:18:00;2024-12-04 05:34:45;5
CHM-2461613;QRT-63506;FUN-10947;TV / Controle;Média;2025-09-02 22:06:00;2025-09-03 06:41:58;1
CHM-9819979;QRT-83424;FUN-08849;Hidráulica;Média;2024-07-15 21:56:00;2024-07-16 05:21:49;4
CHM-7635233;QRT-80227;FUN-05739;Hidráulica;Baixa;2026-06-07 21:34:00;2026-06-09 20:28:52;1
CHM-7989526;QRT-66125;FUN-03036;Elétrica;Média;2026-03-31 06:49:00;2026-03-31 14:48:23;5
CHM-7213600;QRT-42497;FUN-90839;Elétrica;Baixa;2024-09-13 23:37:00;2024-09-14 18:07:22;5
CHM-3650782;QRT-66092;FUN-01568;Wi-Fi;Média;2025-03-23 14:37:00;2025-03-23 19:09:51;3
CHM-4971545;QRT-86201;FUN-29826;Elétrica;Baixa;2025-03-28 21:51:00;2025-03-29 12:57:53;4
CHM-3624175;QRT-71975;FUN-15784;Frigobar com Defeito;Alta;2026-06-08 17:16:00;2026-06-08 19:33:54;1
CHM-4711191;QRT-08799;FUN-32345;Hidráulica;Baixa;2025-05-12 18:07:00;2025-05-13 17:12:57;5
CHM-9216038;QRT-73451;FUN-34873;Ar-condicionado;Média;2025-04-18 23:28:00;2025-04-19 03:14:21;5
CHM-0360279;QRT-18801;FUN-08486;Ar-condicionado;Média;2026-05-22 10:00:00;2026-05-22 14:53:43;4
CHM-8420428;QRT-99264;FUN-89330;Limpeza Extra;Média;2025-07-22 08:21:00;2025-07-22 12:34:20;4
CHM-0641462;QRT-13595;FUN-01568;Ar-condicionado;Média;2024-12-08 11:04:00;2024-12-08 14:25:05;5
CHM-3669910;QRT-11826;FUN-02909;Ar-condicionado;Alta;2024-11-14 16:46:00;2024-11-14 17:05:07;3
CHM-9956329;QRT-14528;FUN-65780;TV / Controle;Média;2025-01-09 22:59:00;2025-01-10 02:02:27;5
CHM-4771735;QRT-31095;FUN-12040;TV / Controle;Média;2025-01-31 09:00:00;2025-01-31 15:51:00;4
CHM-3079839;QRT-74766;FUN-94946;Ar-condicionado;Baixa;2025-07-30 08:34:00;2025-07-31 00:39:51;4
CHM-6168594;QRT-13238;FUN-74014;Wi-Fi;Média;2026-03-12 12:46:00;2026-03-12 21:46:02;3
CHM-9388012;QRT-92384;FUN-32345;TV / Controle;Média;2026-03-18 09:04:00;2026-03-18 16:01:30;5
CHM-3907173;QRT-13534;FUN-48683;Hidráulica;Média;2025-04-01 11:04:00;2025-04-02 05:17:33;1
CHM-3601674;QRT-42819;FUN-96106;Wi-Fi;Média;2025-06-28 14:54:00;2025-06-28 17:46:55;4
CHM-3109877;QRT-68204;FUN-03036;Wi-Fi;Média;2026-06-24 20:18:00;2026-06-25 00:12:16;4
CHM-2958492;QRT-84007;FUN-66580;TV / Controle;Média;2026-03-19 21:44:00;2026-03-19 22:32:10;5
CHM-2991515;QRT-09261;FUN-07814;Ar-condicionado;Alta;2025-11-02 10:27:00;2025-11-02 11:09:18;5
CHM-0723626;QRT-53432;FUN-08234;Wi-Fi;Média;2026-05-03 08:34:00;2026-05-03 14:01:01;4
CHM-9257147;QRT-31930;FUN-19473;Ar-condicionado;Média;2025-11-10 15:25:00;2025-11-10 22:36:46;4
CHM-5187073;QRT-66092;FUN-82886;Wi-Fi;Média;2025-04-05 14:46:00;2025-04-05 18:38:23;5
CHM-8299930;QRT-31930;FUN-67710;Ar-condicionado;Média;2024-11-26 07:20:00;2024-11-26 09:43:06;4
CHM-3409447;QRT-03369;FUN-74014;Elétrica;Média;2025-07-11 22:53:00;2025-07-12 17:51:08;2
CHM-5841831;QRT-43330;FUN-34873;TV / Controle;Baixa;2025-11-04 22:10:00;2025-11-05 06:13:00;5
CHM-5202597;QRT-25571;FUN-64047;Ar-condicionado;Média;2025-04-10 10:01:00;2025-04-10 11:02:01;5
CHM-5843402;QRT-88654;FUN-96354;Ar-condicionado;Média;2025-07-28 10:12:00;2025-07-28 11:22:52;5
CHM-3098116;QRT-84972;FUN-89330;Fechadura Eletrônica;Baixa;2025-12-13 21:42:00;2025-12-15 10:03:49;2
CHM-2636329;QRT-37672;FUN-32345;Fechadura Eletrônica;Média;2025-12-30 09:18:00;2025-12-30 16:39:43;5
CHM-6069993;QRT-99814;FUN-78820;Ar-condicionado;Baixa;2025-11-27 22:52:00;2025-11-28 18:47:24;3
CHM-3024626;QRT-51602;FUN-12576;Frigobar com Defeito;Média;2026-04-01 20:07:00;2026-04-01 22:57:35;5
CHM-0283741;QRT-74465;FUN-39946;Elétrica;Média;2025-11-09 19:05:00;2025-11-09 19:59:14;4
CHM-1643668;QRT-94756;FUN-90839;Ar-condicionado;Baixa;2025-09-05 14:47:00;2025-09-05 19:34:24;5
CHM-7392709;QRT-75221;FUN-15867;TV / Controle;Média;2024-12-26 15:39:00;2024-12-26 16:34:12;5
CHM-3344762;QRT-57190;FUN-52793;Elétrica;Alta;2026-01-17 08:46:00;2026-01-17 09:49:41;4
CHM-1469836;QRT-89443;FUN-49170;Wi-Fi;Baixa;2024-11-10 06:42:00;2024-11-11 16:32:34;2
CHM-5767187;QRT-20055;FUN-67710;Wi-Fi;Média;2026-06-12 23:15:00;2026-06-13 01:15:04;4
CHM-4917590;QRT-97434;FUN-52793;Ar-condicionado;Média;2025-07-18 11:36:00;2025-07-18 16:19:27;5
CHM-9271972;QRT-58511;FUN-73856;Hidráulica;Média;2025-01-04 12:12:00;2025-01-04 20:33:21;1
CHM-6965956;QRT-64332;FUN-22607;Wi-Fi;Alta;2024-07-15 07:49:00;2024-07-15 08:10:17;5
CHM-4931299;QRT-25905;FUN-82886;Ar-condicionado;Média;2025-04-25 22:14:00;2025-04-26 04:59:09;4
CHM-7582296;QRT-44425;FUN-13975;Wi-Fi;Média;2025-04-18 19:34:00;2025-04-19 00:49:34;4
CHM-7750170;QRT-96428;FUN-71181;Hidráulica;Média;2024-11-13 12:56:00;2024-11-13 15:58:07;3
CHM-5312399;QRT-73974;FUN-52300;TV / Controle;Média;2026-06-18 10:28:00;2026-06-18 23:56:11;1
CHM-9089580;QRT-31908;FUN-12040;Hidráulica;Baixa;2025-04-08 20:38:00;2025-04-09 19:20:39;5
CHM-4963949;QRT-78380;FUN-66580;Frigobar com Defeito;Baixa;2026-04-07 21:25:00;2026-04-08 20:47:05;3
CHM-5431194;QRT-85702;FUN-73856;Wi-Fi;Alta;2026-01-14 09:19:00;2026-01-14 10:16:49;5
CHM-6127214;QRT-61719;FUN-47371;TV / Controle;Alta;2026-01-01 07:03:00;2026-01-01 09:41:26;3
CHM-6631141;QRT-95201;FUN-29826;Ar-condicionado;Média;2026-02-01 10:43:00;2026-02-01 11:45:36;4
CHM-7982171;QRT-01562;FUN-86194;Hidráulica;Média;2024-12-31 06:29:00;2024-12-31 09:56:17;4
CHM-2940805;QRT-15710;FUN-05739;Hidráulica;Média;2025-07-23 09:33:00;2025-07-23 12:50:34;5
CHM-1196418;QRT-11826;FUN-02909;Hidráulica;Média;2024-10-09 09:05:00;2024-10-09 12:01:53;5
CHM-3703375;QRT-11649;FUN-76103;Elétrica;Média;2026-06-10 22:03:00;2026-06-11 00:38:39;5
CHM-7553304;QRT-75289;FUN-05739;Frigobar com Defeito;Média;2025-08-11 14:03:00;2025-08-11 22:20:30;2
CHM-7611919;QRT-02819;FUN-10947;Ar-condicionado;Alta;2025-12-03 08:24:00;2025-12-03 09:07:13;5
CHM-2182197;QRT-01562;FUN-78820;Ar-condicionado;Média;2026-03-26 10:47:00;2026-03-26 14:57:57;4
CHM-6327244;QRT-17861;FUN-74014;Elétrica;Média;2025-01-30 06:51:00;2025-01-31 14:57:51;3
CHM-9945322;QRT-65173;FUN-23383;Hidráulica;Média;2024-08-23 07:07:00;2024-08-23 11:38:37;4
CHM-9666806;QRT-74428;FUN-78820;Ar-condicionado;Baixa;2024-09-10 16:53:00;2024-09-11 02:20:35;3
CHM-9317283;QRT-13534;FUN-69727;Ar-condicionado;Alta;2025-08-29 12:06:00;2025-08-29 12:45:50;5
CHM-3676667;QRT-94225;FUN-16922;Frigobar com Defeito;Baixa;2025-09-16 23:41:00;2025-09-17 11:01:46;5
CHM-5737775;QRT-80765;FUN-65780;Limpeza Extra;Média;2025-11-28 14:59:00;2025-11-28 18:41:38;5
CHM-7399855;QRT-72144;FUN-96354;Fechadura Eletrônica;Média;2025-08-14 12:45:00;2025-08-15 07:19:56;2
CHM-7775565;QRT-03446;FUN-04670;Limpeza Extra;Alta;2025-09-22 10:57:00;2025-09-22 12:11:04;4
CHM-0907644;QRT-27833;FUN-29826;Elétrica;Média;2026-05-24 13:06:00;2026-05-24 16:17:18;4
CHM-9138585;QRT-86201;FUN-69727;Ar-condicionado;Média;2024-07-24 08:52:00;2024-07-25 09:22:23;3
CHM-5686109;QRT-40043;FUN-57664;Limpeza Extra;Baixa;2025-05-21 09:34:00;2025-05-21 17:51:59;5
CHM-1157730;QRT-25217;FUN-70436;Wi-Fi;Alta;2026-03-17 11:23:00;2026-03-17 11:44:29;5
CHM-6786910;QRT-90762;FUN-49170;Wi-Fi;Média;2024-08-19 08:02:00;2024-08-19 11:05:10;4
CHM-6576631;QRT-69835;FUN-23383;Ar-condicionado;Média;2026-02-19 21:13:00;2026-02-19 22:24:34;5
CHM-8772992;QRT-75123;FUN-48683;Limpeza Extra;Alta;2025-11-12 08:13:00;2025-11-12 09:38:51;4
CHM-0918525;QRT-59512;FUN-67282;Ar-condicionado;Baixa;2025-06-13 11:51:00;2025-06-14 00:36:09;5
CHM-2016974;QRT-98233;FUN-90839;Limpeza Extra;Média;2024-12-21 13:49:00;2024-12-21 19:37:14;3
CHM-4321224;QRT-29393;FUN-45111;Ar-condicionado;Média;2024-11-24 18:04:00;2024-11-24 21:05:29;5
CHM-2494980;QRT-24594;FUN-25313;Limpeza Extra;Baixa;2026-04-16 08:24:00;2026-04-16 23:42:04;5
CHM-2258917;QRT-03049;FUN-78820;Ar-condicionado;Baixa;2026-02-02 18:44:00;2026-02-04 14:01:04;1
CHM-1372580;QRT-85329;FUN-41540;Wi-Fi;Alta;2025-02-13 23:06:00;2025-02-14 01:04:09;5
CHM-5819805;QRT-24274;FUN-48683;Wi-Fi;Alta;2025-02-06 06:42:00;2025-02-06 08:59:01;1
CHM-9684269;QRT-35519;FUN-50800;Elétrica;Baixa;2025-09-15 10:18:00;2025-09-16 07:28:18;4
CHM-2268124;QRT-74428;FUN-73856;Wi-Fi;Baixa;2026-02-18 19:16:00;2026-02-20 13:10:37;2
CHM-7500515;QRT-03446;FUN-48159;TV / Controle;Alta;2025-09-20 22:18:00;2025-09-20 23:33:38;4
CHM-1890969;QRT-26237;FUN-64706;Wi-Fi;Alta;2025-09-02 16:14:00;2025-09-02 17:22:51;5
CHM-8040806;QRT-37102;FUN-81524;Fechadura Eletrônica;Alta;2026-03-16 12:58:00;2026-03-16 14:03:47;5
CHM-3691733;QRT-66083;FUN-25313;Wi-Fi;Média;2025-07-10 18:20:00;2025-07-10 20:53:06;4
CHM-9526208;QRT-09674;FUN-69104;TV / Controle;Média;2025-07-07 12:50:00;2025-07-07 16:40:55;4
CHM-9774441;QRT-27574;FUN-89330;Limpeza Extra;Baixa;2024-11-14 08:39:00;2024-11-15 22:33:18;1
CHM-6556299;QRT-17495;FUN-49013;Ar-condicionado;Baixa;2024-08-27 20:09:00;2024-08-28 04:12:37;4
CHM-8372853;QRT-33730;FUN-15867;Elétrica;Baixa;2025-09-25 21:05:00;2025-09-26 09:51:19;4
CHM-0574110;QRT-55192;FUN-81524;Limpeza Extra;Alta;2024-08-22 20:22:00;2024-08-22 22:36:16;2
CHM-5877800;QRT-82431;FUN-39946;Fechadura Eletrônica;Alta;2025-10-20 12:22:00;2025-10-20 13:24:55;4
CHM-7829039;QRT-24274;FUN-69727;Fechadura Eletrônica;Baixa;2025-11-15 12:40:00;2025-11-16 00:35:36;5
CHM-3385509;QRT-04025;FUN-67710;TV / Controle;Média;2026-06-01 09:10:00;2026-06-01 15:16:48;4
CHM-6499367;QRT-94991;FUN-39946;Fechadura Eletrônica;Média;2026-02-28 16:53:00;2026-03-01 01:00:27;3
CHM-8544315;QRT-51351;FUN-25313;Ar-condicionado;Média;2025-08-19 06:59:00;2025-08-19 08:28:04;5
CHM-2212944;QRT-92171;FUN-65780;Wi-Fi;Média;2025-02-21 17:31:00;2025-02-22 02:31:50;3
CHM-5051602;QRT-74465;FUN-37715;Hidráulica;Alta;2024-09-23 10:56:00;2024-09-23 12:12:13;4
CHM-9129972;QRT-39888;FUN-83865;Wi-Fi;Média;2025-11-25 14:08:00;2025-11-25 15:33:29;3
CHM-2271900;QRT-95618;FUN-01568;Frigobar com Defeito;Média;2025-02-22 10:33:00;2025-02-22 17:05:25;3
CHM-4923433;QRT-15355;FUN-64755;Wi-Fi;Média;2025-03-18 22:50:00;2025-03-19 08:32:40;1
CHM-8056396;QRT-04283;FUN-37715;Fechadura Eletrônica;Média;2024-07-01 21:47:00;2024-07-02 02:01:29;5
CHM-7405811;QRT-92964;FUN-96106;Limpeza Extra;Baixa;2025-04-07 21:23:00;2025-04-08 15:52:51;4
CHM-8194789;QRT-83424;FUN-02909;Wi-Fi;Baixa;2025-06-21 11:02:00;2025-06-22 04:13:00;5
CHM-1476159;QRT-91492;FUN-69727;Elétrica;Média;2024-09-18 15:40:00;2024-09-19 02:39:15;2
CHM-9573723;QRT-73232;FUN-43763;Hidráulica;Média;2024-12-21 22:51:00;2024-12-22 06:29:40;5
CHM-6497429;QRT-65173;FUN-92311;TV / Controle;Baixa;2024-09-23 22:14:00;2024-09-24 08:55:54;5
CHM-5237826;QRT-18824;FUN-08849;Elétrica;Média;2025-09-27 11:50:00;2025-09-27 13:22:08;4
CHM-6988837;QRT-17114;FUN-39946;Limpeza Extra;Alta;2024-11-11 16:09:00;2024-11-11 16:43:19;4
CHM-8729630;QRT-25217;FUN-35080;Elétrica;Alta;2024-07-24 16:19:00;2024-07-24 18:18:33;5
CHM-8054247;QRT-91628;FUN-74014;Ar-condicionado;Média;2026-04-26 06:19:00;2026-04-26 14:09:03;3
CHM-7451703;QRT-76736;FUN-86194;Limpeza Extra;Alta;2025-06-04 07:43:00;2025-06-04 08:11:21;5
CHM-0648538;QRT-16851;FUN-73856;Elétrica;Média;2024-12-16 23:26:00;2024-12-17 01:55:09;5
CHM-0084368;QRT-84941;FUN-08234;Wi-Fi;Alta;2025-10-25 13:28:00;2025-10-25 14:18:46;3
CHM-1850316;QRT-55192;FUN-89330;Wi-Fi;Alta;2025-08-22 20:19:00;2025-08-22 23:28:29;2
CHM-7646648;QRT-27574;FUN-89330;Wi-Fi;Média;2024-10-16 15:23:00;2024-10-16 18:17:55;5
CHM-8039607;QRT-95776;FUN-21094;Elétrica;Média;2025-02-20 10:08:00;2025-02-20 11:58:54;5
CHM-5012242;QRT-13595;FUN-41540;Hidráulica;Baixa;2024-09-17 18:05:00;2024-09-19 09:58:23;1
CHM-0839604;QRT-14866;FUN-52793;Hidráulica;Baixa;2025-01-24 15:31:00;2025-01-25 03:50:34;5
CHM-1893714;QRT-02047;FUN-03036;Hidráulica;Média;2024-09-07 16:27:00;2024-09-07 20:15:04;5
CHM-5588886;QRT-76281;FUN-37715;Ar-condicionado;Baixa;2024-12-23 19:01:00;2024-12-24 04:02:39;5
CHM-5911080;QRT-37204;FUN-29826;Hidráulica;Alta;2025-01-09 11:35:00;2025-01-09 12:13:12;3
CHM-5412425;QRT-57190;FUN-71181;Wi-Fi;Média;2024-11-27 14:37:00;2024-11-27 20:24:35;5
CHM-7957680;QRT-66932;FUN-13975;Elétrica;Baixa;2025-05-05 19:31:00;2025-05-06 06:38:12;5
CHM-2675170;QRT-71194;FUN-29826;Limpeza Extra;Média;2025-10-27 16:26:00;2025-10-27 18:38:42;5
CHM-7582393;QRT-85687;FUN-37715;Fechadura Eletrônica;Média;2026-05-07 09:57:00;2026-05-07 12:19:37;4
CHM-2805781;QRT-92964;FUN-96106;Fechadura Eletrônica;Alta;2025-12-16 20:56:00;2025-12-16 23:05:15;2
CHM-6269282;QRT-66125;FUN-03036;Limpeza Extra;Média;2024-10-17 08:02:00;2024-10-17 17:22:28;1
CHM-9734725;QRT-27540;FUN-65780;Wi-Fi;Alta;2025-07-16 09:40:00;2025-07-16 10:30:39;4
CHM-5570183;QRT-93180;FUN-96106;Limpeza Extra;Média;2024-12-08 20:33:00;2024-12-09 01:03:56;4
CHM-6098233;QRT-27391;FUN-45111;Limpeza Extra;Média;2025-06-29 20:54:00;2025-06-30 03:04:25;4
CHM-2868522;QRT-13758;FUN-22607;Limpeza Extra;Média;2025-09-05 16:55:00;2025-09-05 21:11:06;5
CHM-4281507;QRT-91492;FUN-48683;Elétrica;Média;2025-02-01 12:40:00;2025-02-01 16:11:02;5
CHM-2696625;QRT-48327;FUN-09324;TV / Controle;Média;2026-05-11 08:16:00;2026-05-11 12:43:51;5
CHM-0397745;QRT-96972;FUN-52793;Limpeza Extra;Alta;2025-06-22 17:51:00;2025-06-22 20:09:48;2
CHM-6604238;QRT-03659;FUN-05739;Hidráulica;Alta;2026-06-20 22:43:00;2026-06-20 23:28:24;4
CHM-4585221;QRT-78055;FUN-02909;Fechadura Eletrônica;Média;2025-05-07 23:14:00;2025-05-08 02:53:35;4
CHM-6212252;QRT-54375;FUN-66580;TV / Controle;Baixa;2026-03-06 16:06:00;2026-03-08 05:55:37;2
CHM-4378341;QRT-62284;FUN-71493;Ar-condicionado;Média;2025-12-29 23:40:00;2025-12-30 06:10:26;4
CHM-9180723;QRT-75121;FUN-48683;Hidráulica;Baixa;2025-06-28 09:24:00;2025-06-29 16:33:14;3
CHM-4645363;QRT-27723;FUN-10947;Frigobar com Defeito;Baixa;2025-05-02 16:33:00;2025-05-03 07:19:09;5
CHM-1279383;QRT-17114;FUN-71181;Wi-Fi;Média;2025-03-23 13:43:00;2025-03-23 22:39:06;1
CHM-9436690;QRT-26280;FUN-43763;Hidráulica;Alta;2024-09-18 16:45:00;2024-09-18 23:48:51;3
CHM-3277995;QRT-72144;FUN-04670;Ar-condicionado;Média;2025-01-29 12:57:00;2025-01-29 19:15:28;4
CHM-6080032;QRT-51483;FUN-48159;Fechadura Eletrônica;Baixa;2025-08-21 18:08:00;2025-08-21 23:37:29;5
CHM-0213120;QRT-29980;FUN-57664;Hidráulica;Média;2026-05-11 19:12:00;2026-05-11 21:33:52;5
CHM-6472034;QRT-22178;FUN-16922;Ar-condicionado;Média;2026-03-23 14:14:00;2026-03-23 19:07:03;5
CHM-1937479;QRT-37204;FUN-50800;Fechadura Eletrônica;Baixa;2025-04-08 07:03:00;2025-04-08 19:41:38;4
CHM-6602156;QRT-98065;FUN-57664;Wi-Fi;Baixa;2024-11-28 21:26:00;2024-11-29 21:06:02;4
CHM-6156934;QRT-27540;FUN-16922;Wi-Fi;Média;2026-02-18 12:09:00;2026-02-18 13:30:06;4
CHM-8608658;QRT-09674;FUN-09324;Ar-condicionado;Média;2024-12-23 15:15:00;2024-12-23 17:13:05;3
CHM-9234940;QRT-06113;FUN-08828;Hidráulica;Média;2025-09-02 14:17:00;2025-09-02 18:37:36;4
CHM-8479278;QRT-90947;FUN-52793;Wi-Fi;Baixa;2026-01-26 22:28:00;2026-01-27 11:03:34;3
CHM-6272368;QRT-75221;FUN-48683;Hidráulica;Média;2026-02-24 22:51:00;2026-02-25 00:42:50;5
CHM-2588122;QRT-75043;FUN-08486;Ar-condicionado;Baixa;2024-08-11 21:11:00;2024-08-14 03:40:42;2
CHM-8776452;QRT-14528;FUN-19473;Hidráulica;Baixa;2024-12-30 11:37:00;2024-12-31 06:30:10;5
CHM-8043594;QRT-51483;FUN-92311;Ar-condicionado;Baixa;2024-08-02 06:39:00;2024-08-02 17:18:05;3
CHM-4800340;QRT-86467;FUN-81524;Ar-condicionado;Média;2026-04-25 09:59:00;2026-04-25 18:22:09;3
CHM-3432669;QRT-91492;FUN-48683;Limpeza Extra;Média;2025-05-10 13:45:00;2025-05-10 16:25:22;4
CHM-8920038;QRT-43251;FUN-23361;Hidráulica;Média;2025-11-26 17:38:00;2025-11-27 16:47:42;1
CHM-1937962;QRT-03500;FUN-15784;TV / Controle;Baixa;2024-08-12 14:46:00;2024-08-12 22:38:37;5
CHM-8250436;QRT-46794;FUN-22027;Ar-condicionado;Baixa;2024-09-18 20:12:00;2024-09-19 06:34:46;5
CHM-3489334;QRT-74690;FUN-34873;Ar-condicionado;Baixa;2024-11-03 22:03:00;2024-11-06 00:58:26;3
CHM-9723477;QRT-72078;FUN-32345;Wi-Fi;Média;2025-12-23 12:23:00;2025-12-23 15:01:33;5
CHM-3193996;QRT-18801;FUN-52793;Limpeza Extra;Média;2025-02-19 15:15:00;2025-02-19 19:15:00;4
CHM-9384235;QRT-66083;FUN-22607;TV / Controle;Alta;2025-04-18 08:50:00;2025-04-18 09:47:05;4
CHM-8222573;QRT-88400;FUN-88121;Hidráulica;Baixa;2026-02-15 23:31:00;2026-02-16 03:59:40;5
CHM-5994935;QRT-60845;FUN-69727;Ar-condicionado;Média;2025-09-27 11:50:00;2025-09-27 17:48:57;4
CHM-1951987;QRT-51602;FUN-74014;Limpeza Extra;Média;2024-09-20 08:47:00;2024-09-20 17:10:27;3
CHM-4464908;QRT-50555;FUN-03036;Ar-condicionado;Alta;2026-03-25 23:28:00;2026-03-26 01:14:32;4
CHM-5465359;QRT-54375;FUN-52300;Wi-Fi;Baixa;2025-02-22 07:56:00;2025-02-22 21:35:48;4
CHM-1831769;QRT-66092;FUN-09102;Wi-Fi;Alta;2025-12-07 07:18:00;2025-12-07 07:30:39;4
CHM-6122145;QRT-63784;FUN-81524;Wi-Fi;Alta;2024-09-21 21:55:00;2024-09-21 23:30:23;5
CHM-5279677;QRT-62109;FUN-25313;Elétrica;Baixa;2025-05-14 14:26:00;2025-05-14 22:13:43;5
CHM-8163654;QRT-29393;FUN-76103;TV / Controle;Média;2024-09-23 21:32:00;2024-09-23 23:33:39;5
CHM-5386335;QRT-97434;FUN-39946;Wi-Fi;Média;2025-10-28 15:03:00;2025-10-28 20:11:26;3
CHM-9643537;QRT-48327;FUN-86199;Limpeza Extra;Baixa;2025-03-08 17:37:00;2025-03-09 02:50:57;5
CHM-7830293;QRT-83665;FUN-74014;Limpeza Extra;Média;2026-03-12 17:05:00;2026-03-12 19:36:32;5
CHM-9131337;QRT-96972;FUN-52793;Wi-Fi;Média;2025-10-17 23:41:00;2025-10-18 10:58:31;2
CHM-8465339;QRT-98233;FUN-01568;Ar-condicionado;Média;2026-06-13 10:01:00;2026-06-13 13:50:55;5
CHM-0949186;QRT-61287;FUN-25313;Elétrica;Baixa;2024-10-22 13:33:00;2024-10-22 23:13:14;5
CHM-8271799;QRT-87183;FUN-71181;Ar-condicionado;Baixa;2025-01-25 17:19:00;2025-01-26 16:39:24;4
CHM-0766083;QRT-76736;FUN-83865;Elétrica;Alta;2025-09-15 06:39:00;2025-09-15 07:39:22;4
CHM-4987438;QRT-96687;FUN-89330;TV / Controle;Média;2026-03-13 21:44:00;2026-03-14 04:25:42;5
CHM-2800932;QRT-66092;FUN-94946;Elétrica;Média;2024-10-23 22:22:00;2024-10-23 23:21:20;5
CHM-4578431;QRT-78808;FUN-49170;Elétrica;Média;2024-09-24 23:21:00;2024-09-25 00:16:23;4
CHM-9950687;QRT-20896;FUN-32345;Fechadura Eletrônica;Média;2024-08-04 21:33:00;2024-08-04 23:40:55;4
CHM-3016646;QRT-89410;FUN-08486;Limpeza Extra;Média;2025-07-17 18:49:00;2025-07-17 22:37:08;5
CHM-9139977;QRT-51602;FUN-12576;Limpeza Extra;Baixa;2025-07-04 19:36:00;2025-07-06 02:56:45;3
CHM-0612772;QRT-68507;FUN-32345;Wi-Fi;Média;2024-09-28 15:16:00;2024-09-28 16:40:48;5
CHM-3796624;QRT-39312;FUN-37715;Limpeza Extra;Média;2025-07-03 19:57:00;2025-07-03 21:33:15;3
CHM-1479346;QRT-47802;FUN-70436;Ar-condicionado;Baixa;2025-04-04 21:53:00;2025-04-06 02:48:09;1
CHM-5265940;QRT-92955;FUN-03036;Hidráulica;Baixa;2025-03-29 07:11:00;2025-03-29 13:38:25;4
CHM-6838858;QRT-70123;FUN-35080;Limpeza Extra;Média;2024-10-21 11:00:00;2024-10-21 12:57:47;5
CHM-7104287;QRT-90947;FUN-74014;Limpeza Extra;Média;2025-12-12 15:15:00;2025-12-13 00:13:47;3
CHM-5243981;QRT-83424;FUN-08849;Limpeza Extra;Média;2026-03-08 23:10:00;2026-03-08 23:40:12;5
CHM-8452634;QRT-10607;FUN-32345;Limpeza Extra;Baixa;2026-06-08 12:58:00;2026-06-09 06:44:30;4
CHM-3325226;QRT-18531;FUN-47371;Wi-Fi;Média;2025-09-08 08:56:00;2025-09-08 18:59:27;2
CHM-3449355;QRT-64260;FUN-08234;Frigobar com Defeito;Média;2025-09-06 15:05:00;2025-09-06 19:14:01;5
CHM-5332916;QRT-06335;FUN-48159;Ar-condicionado;Média;2024-10-09 16:41:00;2024-10-09 20:20:12;5
CHM-2793583;QRT-43580;FUN-64706;Hidráulica;Baixa;2026-01-21 18:57:00;2026-01-22 18:56:56;5
CHM-8693730;QRT-26756;FUN-41540;Hidráulica;Média;2025-03-06 07:27:00;2025-03-06 12:54:37;5
CHM-5799687;QRT-41338;FUN-64047;TV / Controle;Média;2025-03-18 07:53:00;2025-03-18 08:42:51;3
CHM-5810328;QRT-81700;FUN-48159;Ar-condicionado;Alta;2024-08-05 22:36:00;2024-08-05 22:50:41;3
CHM-9289392;QRT-09785;FUN-18700;Wi-Fi;Média;2025-10-02 19:25:00;2025-10-03 01:47:10;4
CHM-5199642;QRT-17820;FUN-35080;Fechadura Eletrônica;Média;2025-06-18 21:41:00;2025-06-18 23:36:33;4
CHM-3542817;QRT-55454;FUN-13975;Elétrica;Baixa;2026-05-27 10:13:00;2026-05-28 02:01:12;5
CHM-6132034;QRT-31095;FUN-04670;Hidráulica;Baixa;2026-06-12 23:48:00;2026-06-13 18:51:57;5
CHM-5221994;QRT-62407;FUN-08849;Ar-condicionado;Alta;2026-04-19 13:20:00;2026-04-19 14:36:27;5
CHM-9049633;QRT-77112;FUN-49170;Ar-condicionado;Alta;2025-02-26 07:14:00;2025-02-26 07:44:04;3
CHM-2646180;QRT-81045;FUN-32345;Frigobar com Defeito;Baixa;2026-02-12 10:54:00;2026-02-12 23:19:23;5
CHM-1119884;QRT-40043;FUN-96106;Hidráulica;Média;2026-04-01 09:20:00;2026-04-01 11:25:04;5
CHM-3317444;QRT-75221;FUN-48683;Ar-condicionado;Baixa;2026-03-01 14:41:00;2026-03-02 02:26:22;5
CHM-1523383;QRT-06113;FUN-03036;Ar-condicionado;Média;2025-04-03 22:39:00;2025-04-04 02:13:01;4
CHM-6357331;QRT-25078;FUN-65780;Wi-Fi;Alta;2026-05-10 15:00:00;2026-05-10 15:40:09;5
CHM-9759260;QRT-21677;FUN-25313;TV / Controle;Média;2025-01-20 17:11:00;2025-01-21 00:21:29;5
CHM-2198395;QRT-85329;FUN-86199;Limpeza Extra;Média;2024-12-07 20:54:00;2024-12-08 12:09:33;2
CHM-0857763;QRT-93180;FUN-32345;Wi-Fi;Baixa;2025-08-17 06:00:00;2025-08-17 21:29:34;5
CHM-6144967;QRT-73232;FUN-67282;Limpeza Extra;Média;2025-12-14 16:16:00;2025-12-14 18:26:41;5
CHM-4348828;QRT-76454;FUN-23286;Hidráulica;Média;2025-10-02 10:30:00;2025-10-02 12:48:54;5
CHM-1295632;QRT-53868;FUN-18700;Ar-condicionado;Média;2024-12-12 23:30:00;2024-12-13 01:47:24;5
CHM-4412214;QRT-69835;FUN-92311;Limpeza Extra;Média;2025-10-14 07:03:00;2025-10-14 11:46:17;3
CHM-0468829;QRT-37477;FUN-64706;Ar-condicionado;Baixa;2025-05-02 12:00:00;2025-05-02 19:01:18;4
CHM-1518220;QRT-23373;FUN-02909;TV / Controle;Alta;2026-02-28 10:27:00;2026-02-28 11:58:42;4
CHM-5256772;QRT-75221;FUN-69727;Wi-Fi;Média;2025-02-01 11:23:00;2025-02-01 15:24:05;3
CHM-2639534;QRT-26716;FUN-90839;Hidráulica;Alta;2025-03-27 22:19:00;2025-03-27 23:02:57;5
CHM-2600247;QRT-75289;FUN-32345;Ar-condicionado;Baixa;2024-11-17 12:26:00;2024-11-18 17:51:09;2
CHM-4687666;QRT-69411;FUN-15867;Elétrica;Média;2026-02-21 10:23:00;2026-02-21 13:10:32;5
CHM-7796899;QRT-37204;FUN-34873;Ar-condicionado;Média;2025-11-19 23:35:00;2025-11-20 01:56:15;5
CHM-5791102;QRT-75289;FUN-22027;TV / Controle;Média;2024-09-04 20:32:00;2024-09-04 22:09:28;4
CHM-1443410;QRT-24594;FUN-22607;Limpeza Extra;Alta;2024-09-25 11:33:00;2024-09-25 21:08:12;2
CHM-6700710;QRT-58898;FUN-36473;Fechadura Eletrônica;Média;2025-09-20 11:15:00;2025-09-20 17:51:16;3
CHM-3367528;QRT-20055;FUN-83865;Hidráulica;Baixa;2024-10-12 12:09:00;2024-10-13 21:38:49;3
CHM-4341619;QRT-31095;FUN-23383;Wi-Fi;Média;2025-05-23 06:50:00;2025-05-23 10:44:26;3
CHM-2432041;QRT-17820;FUN-87234;Ar-condicionado;Baixa;2024-10-30 10:07:00;2024-10-30 19:51:03;5
CHM-0558407;QRT-87466;FUN-08849;Ar-condicionado;Média;2025-11-28 15:56:00;2025-11-28 19:21:58;5
CHM-4767161;QRT-95201;FUN-48683;Fechadura Eletrônica;Baixa;2024-09-07 06:48:00;2024-09-07 15:45:53;5
CHM-7203336;QRT-64260;FUN-41540;TV / Controle;Baixa;2024-08-04 19:25:00;2024-08-05 07:07:24;4
CHM-3041426;QRT-75289;FUN-05739;Wi-Fi;Média;2025-04-17 09:08:00;2025-04-17 13:15:33;5
CHM-1798088;QRT-94556;FUN-03036;Ar-condicionado;Alta;2026-01-16 20:59:00;2026-01-17 00:12:13;2
CHM-7762400;QRT-94991;FUN-71181;Frigobar com Defeito;Baixa;2025-08-08 20:32:00;2025-08-09 15:13:51;5
CHM-0054651;QRT-38689;FUN-36473;Wi-Fi;Média;2025-11-03 17:30:00;2025-11-04 00:51:54;5
CHM-6123429;QRT-27801;FUN-89330;Hidráulica;Baixa;2025-03-20 11:59:00;2025-03-22 02:52:08;1
CHM-0024034;QRT-22178;FUN-83865;Ar-condicionado;Média;2025-09-25 16:44:00;2025-09-25 18:04:47;5
CHM-2544658;QRT-42819;FUN-49170;Ar-condicionado;Média;2025-08-09 23:52:00;2025-08-10 03:06:11;3
CHM-4628874;QRT-20026;FUN-23286;Ar-condicionado;Alta;2025-06-11 06:14:00;2025-06-11 08:41:18;3
CHM-1256195;QRT-02007;FUN-52793;Ar-condicionado;Alta;2025-09-12 16:09:00;2025-09-12 16:44:20;5
CHM-0426489;QRT-50555;FUN-92045;Hidráulica;Alta;2026-03-23 21:16:00;2026-03-23 21:37:29;4
CHM-8091704;QRT-74691;FUN-49170;Elétrica;Alta;2024-09-24 18:57:00;2024-09-24 19:23:36;4
CHM-6108221;QRT-46748;FUN-70436;Ar-condicionado;Alta;2024-07-23 14:20:00;2024-07-23 16:33:36;2
CHM-6903562;QRT-29802;FUN-19473;Limpeza Extra;Baixa;2024-07-01 13:41:00;2024-07-03 01:46:48;3
CHM-3715382;QRT-50393;FUN-04670;Limpeza Extra;Média;2025-07-27 17:27:00;2025-07-27 21:21:57;4
CHM-7321948;QRT-99673;FUN-49013;Fechadura Eletrônica;Média;2025-11-24 16:15:00;2025-11-24 22:05:03;4
CHM-8367832;QRT-21677;FUN-02909;Fechadura Eletrônica;Baixa;2024-12-20 21:08:00;2024-12-21 09:49:13;3
CHM-0867658;QRT-09674;FUN-08234;Hidráulica;Média;2026-02-25 21:18:00;2026-02-26 02:24:48;3
CHM-6041237;QRT-75289;FUN-32345;Wi-Fi;Média;2025-01-22 11:15:00;2025-01-22 13:33:20;4
CHM-6919419;QRT-31095;FUN-28577;Ar-condicionado;Alta;2025-02-07 20:10:00;2025-02-07 20:22:13;4
CHM-8919188;QRT-12128;FUN-10947;Limpeza Extra;Baixa;2025-05-15 21:33:00;2025-05-16 06:17:49;4
CHM-4778437;QRT-55013;FUN-55799;Fechadura Eletrônica;Média;2025-10-15 12:28:00;2025-10-15 21:50:10;2
CHM-4083001;QRT-40043;FUN-96106;Wi-Fi;Baixa;2026-02-21 12:48:00;2026-02-22 23:30:18;1
CHM-8487592;QRT-91810;FUN-69104;Ar-condicionado;Média;2024-08-07 18:02:00;2024-08-07 20:33:27;4
CHM-0160702;QRT-48634;FUN-28577;Limpeza Extra;Média;2025-10-21 19:28:00;2025-10-21 22:23:09;5
CHM-8260337;QRT-86467;FUN-52300;Wi-Fi;Alta;2025-07-07 19:36:00;2025-07-07 21:08:59;5
CHM-5809201;QRT-68160;FUN-08828;Limpeza Extra;Baixa;2025-05-17 07:34:00;2025-05-19 18:12:56;3
CHM-4589561;QRT-85687;FUN-37715;Hidráulica;Alta;2025-01-15 20:53:00;2025-01-15 23:20:30;1
CHM-3152229;QRT-00699;FUN-57664;Wi-Fi;Média;2024-10-09 23:25:00;2024-10-10 10:17:28;2
CHM-3537751;QRT-60845;FUN-34873;Ar-condicionado;Baixa;2025-08-03 06:58:00;2025-08-03 11:50:48;5
CHM-2208910;QRT-82787;FUN-45111;TV / Controle;Baixa;2025-01-02 10:33:00;2025-01-04 07:30:17;3
CHM-6819294;QRT-38783;FUN-69727;Limpeza Extra;Baixa;2025-11-16 19:16:00;2025-11-17 03:51:46;5
CHM-8551359;QRT-99673;FUN-49013;Limpeza Extra;Baixa;2026-01-09 19:01:00;2026-01-10 03:28:56;5
CHM-8120552;QRT-28645;FUN-90839;Wi-Fi;Média;2024-11-10 19:47:00;2024-11-11 04:29:20;2
CHM-8912715;QRT-17482;FUN-08849;Ar-condicionado;Alta;2024-09-15 15:19:00;2024-09-15 17:14:23;4
CHM-1354322;QRT-88654;FUN-12040;Ar-condicionado;Baixa;2024-09-13 08:43:00;2024-09-14 05:46:01;5
CHM-2858084;QRT-02141;FUN-49170;Limpeza Extra;Média;2025-05-16 13:32:00;2025-05-16 21:43:51;2
CHM-2132816;QRT-51602;FUN-08486;Ar-condicionado;Média;2025-02-14 06:48:00;2025-02-14 10:48:00;5
CHM-9334020;QRT-58898;FUN-28577;Ar-condicionado;Média;2025-01-18 10:48:00;2025-01-18 20:56:58;3
CHM-9435776;QRT-84837;FUN-04670;Limpeza Extra;Alta;2026-06-25 11:43:00;2026-06-25 14:20:14;1
CHM-7354189;QRT-11218;FUN-07814;Limpeza Extra;Média;2024-11-13 20:19:00;2024-11-14 09:56:03;1
CHM-0359774;QRT-52853;FUN-39946;Limpeza Extra;Baixa;2024-08-18 22:45:00;2024-08-20 02:56:15;3
CHM-1506741;QRT-67310;FUN-64706;Ar-condicionado;Alta;2024-09-30 10:00:00;2024-09-30 10:20:58;4
CHM-9773704;QRT-93908;FUN-15867;Fechadura Eletrônica;Baixa;2026-05-30 11:41:00;2026-05-30 22:05:05;4
CHM-2971467;QRT-92954;FUN-55799;Ar-condicionado;Alta;2025-09-26 22:54:00;2025-09-26 23:50:23;4
CHM-1424228;QRT-02047;FUN-35080;Wi-Fi;Média;2026-05-08 08:55:00;2026-05-08 14:00:52;5
CHM-3920546;QRT-27540;FUN-65780;Ar-condicionado;Média;2024-10-15 18:26:00;2024-10-16 00:53:05;3
CHM-8321646;QRT-75030;FUN-19473;Limpeza Extra;Média;2025-07-12 09:25:00;2025-07-12 13:26:27;4
CHM-1085656;QRT-84837;FUN-48159;Ar-condicionado;Alta;2025-10-05 15:59:00;2025-10-05 17:40:51;5
CHM-1954291;QRT-44476;FUN-86194;Limpeza Extra;Baixa;2026-04-21 19:54:00;2026-04-22 10:51:20;4
CHM-4674086;QRT-20665;FUN-43763;Elétrica;Média;2024-09-12 13:49:00;2024-09-12 15:42:36;4
CHM-6866472;QRT-90111;FUN-48683;Wi-Fi;Média;2026-03-26 21:45:00;2026-03-26 23:02:12;5
CHM-2906923;QRT-63784;FUN-07814;Ar-condicionado;Baixa;2024-10-25 09:01:00;2024-10-25 14:51:53;4
CHM-7308495;QRT-01345;FUN-08828;Ar-condicionado;Baixa;2025-11-08 10:12:00;2025-11-08 14:57:34;5
CHM-4907857;QRT-07517;FUN-02909;Hidráulica;Média;2025-07-18 07:51:00;2025-07-18 08:54:01;4
CHM-3008701;QRT-14624;FUN-34873;TV / Controle;Baixa;2025-02-26 21:30:00;2025-02-27 21:55:11;1
CHM-4082380;QRT-78217;FUN-71493;Wi-Fi;Alta;2025-03-08 19:16:00;2025-03-08 22:46:47;3
CHM-0055671;QRT-26716;FUN-41540;Ar-condicionado;Baixa;2024-11-12 23:34:00;2024-11-13 08:21:30;4
CHM-4585227;QRT-26280;FUN-64047;Elétrica;Média;2024-06-30 14:20:00;2024-06-30 20:46:15;4
CHM-1705928;QRT-61962;FUN-64755;Ar-condicionado;Alta;2024-10-23 16:27:00;2024-10-23 20:15:21;1
CHM-5258154;QRT-67310;FUN-64706;TV / Controle;Média;2025-04-26 15:44:00;2025-04-26 22:36:06;5
CHM-4290001;QRT-61719;FUN-08849;TV / Controle;Média;2024-10-26 09:50:00;2024-10-26 12:00:46;4
CHM-6089076;QRT-38773;FUN-08486;Hidráulica;Baixa;2025-03-16 11:13:00;2025-03-16 23:32:06;4
CHM-2928599;QRT-27391;FUN-45111;Wi-Fi;Média;2025-03-24 17:05:00;2025-03-24 18:47:43;4
CHM-5419328;QRT-75221;FUN-29826;Wi-Fi;Baixa;2025-06-23 14:42:00;2025-06-23 21:25:36;4
CHM-4888663;QRT-59512;FUN-15784;Fechadura Eletrônica;Média;2025-10-07 22:13:00;2025-10-08 00:44:57;5
CHM-5316614;QRT-80800;FUN-43763;TV / Controle;Média;2024-09-15 06:05:00;2024-09-15 06:51:25;4
CHM-2294899;QRT-53868;FUN-07814;Hidráulica;Alta;2026-01-19 15:25:00;2026-01-19 16:31:42;5
CHM-5475736;QRT-73451;FUN-15867;Frigobar com Defeito;Média;2026-03-16 11:48:00;2026-03-16 12:58:23;5
CHM-0877795;QRT-85739;FUN-39946;Elétrica;Baixa;2024-11-16 16:08:00;2024-11-17 04:25:32;4
CHM-2906634;QRT-40043;FUN-22027;TV / Controle;Baixa;2025-03-24 19:09:00;2025-03-25 12:27:56;5
CHM-0743731;QRT-88654;FUN-23383;Hidráulica;Alta;2024-10-10 09:39:00;2024-10-10 11:14:24;5
CHM-9700073;QRT-04025;FUN-83865;Limpeza Extra;Baixa;2025-05-27 09:27:00;2025-05-28 00:46:33;5
CHM-6550183;QRT-24118;FUN-87234;Ar-condicionado;Média;2025-11-26 16:40:00;2025-11-26 22:52:10;4
CHM-7397937;QRT-92177;FUN-64047;Hidráulica;Média;2025-06-13 20:14:00;2025-06-14 09:11:03;2
CHM-6911501;QRT-43580;FUN-49013;Frigobar com Defeito;Alta;2025-02-05 12:27:00;2025-02-05 15:20:18;2
CHM-0439558;QRT-45866;FUN-48683;Wi-Fi;Baixa;2025-08-27 11:01:00;2025-08-27 21:38:31;4
CHM-4509008;QRT-57124;FUN-90839;Wi-Fi;Baixa;2025-12-05 22:49:00;2025-12-06 06:17:01;5
CHM-6249825;QRT-22178;FUN-73856;Limpeza Extra;Média;2025-09-09 06:05:00;2025-09-10 01:10:05;1
CHM-5235204;QRT-24274;FUN-15867;Wi-Fi;Alta;2024-08-01 07:58:00;2024-08-01 08:56:38;4
CHM-1974843;QRT-70661;FUN-82886;Ar-condicionado;Alta;2024-08-09 10:05:00;2024-08-09 10:52:35;5
CHM-9982734;QRT-59474;FUN-76103;Ar-condicionado;Baixa;2024-09-30 07:35:00;2024-10-01 13:48:20;3
CHM-8386468;QRT-09395;FUN-43763;TV / Controle;Média;2025-10-03 17:22:00;2025-10-04 00:10:01;4
CHM-5140237;QRT-95939;FUN-39946;TV / Controle;Baixa;2026-02-04 17:43:00;2026-02-06 01:58:25;3
CHM-1197012;QRT-51984;FUN-52793;Elétrica;Baixa;2025-02-23 19:17:00;2025-02-24 11:27:02;5
CHM-7400595;QRT-53917;FUN-49170;Hidráulica;Média;2024-11-19 23:11:00;2024-11-20 10:59:08;1
CHM-2795389;QRT-71194;FUN-48683;Ar-condicionado;Baixa;2024-09-08 07:14:00;2024-09-08 16:24:14;3
CHM-4780423;QRT-69411;FUN-34873;Wi-Fi;Média;2025-02-26 11:05:00;2025-02-26 13:40:53;4
CHM-2947860;QRT-96237;FUN-86194;Limpeza Extra;Alta;2025-02-20 18:47:00;2025-02-20 19:15:37;4
CHM-3419357;QRT-88906;FUN-92311;Hidráulica;Média;2025-05-08 16:00:00;2025-05-09 12:13:54;1
CHM-2452007;QRT-69835;FUN-28577;Ar-condicionado;Média;2025-06-21 17:17:00;2025-06-21 19:21:27;4
CHM-4409238;QRT-82654;FUN-25313;Wi-Fi;Baixa;2025-08-23 20:46:00;2025-08-24 05:44:37;3
CHM-6987586;QRT-49331;FUN-22607;Elétrica;Média;2025-12-01 15:23:00;2025-12-01 21:10:44;4
CHM-6578136;QRT-00699;FUN-96106;Limpeza Extra;Alta;2024-09-16 14:29:00;2024-09-16 16:12:07;3
CHM-0511337;QRT-86201;FUN-48683;Limpeza Extra;Média;2024-07-27 13:33:00;2024-07-28 02:24:36;1
CHM-4610723;QRT-63784;FUN-07814;Ar-condicionado;Alta;2024-12-28 21:49:00;2024-12-28 22:25:10;5
CHM-6592483;QRT-24929;FUN-48683;Limpeza Extra;Média;2025-03-11 19:46:00;2025-03-11 20:35:45;5
CHM-4033210;QRT-54918;FUN-50800;Ar-condicionado;Baixa;2025-10-26 23:57:00;2025-10-27 19:24:12;5
CHM-7747648;QRT-94756;FUN-82886;Limpeza Extra;Média;2024-11-11 22:11:00;2024-11-12 23:25:37;3
CHM-2691320;QRT-14866;FUN-08486;Ar-condicionado;Alta;2025-03-26 10:47:00;2025-03-26 12:02:30;5
CHM-8622690;QRT-95776;FUN-87234;TV / Controle;Média;2024-09-18 12:11:00;2024-09-18 15:53:58;5
CHM-2189969;QRT-12236;FUN-78820;Frigobar com Defeito;Média;2025-03-01 18:56:00;2025-03-02 10:41:51;1
CHM-4406741;QRT-44318;FUN-15867;Limpeza Extra;Baixa;2026-02-03 07:37:00;2026-02-04 00:48:39;5
CHM-0995147;QRT-24118;FUN-55799;Elétrica;Média;2025-04-19 18:04:00;2025-04-19 20:17:14;5
CHM-0171092;QRT-04283;FUN-12576;Limpeza Extra;Baixa;2025-05-30 06:33:00;2025-05-30 10:29:37;5
CHM-9697642;QRT-87654;FUN-02909;TV / Controle;Média;2025-05-02 09:36:00;2025-05-02 10:22:06;4
CHM-5484197;QRT-06043;FUN-08486;Hidráulica;Média;2025-03-08 18:10:00;2025-03-08 20:19:51;3
CHM-7846895;QRT-69835;FUN-92311;Hidráulica;Média;2024-10-05 14:30:00;2024-10-05 20:25:09;5
CHM-4978080;QRT-10817;FUN-28577;Wi-Fi;Alta;2026-03-09 20:52:00;2026-03-09 22:10:50;5
CHM-6839198;QRT-65099;FUN-22607;Ar-condicionado;Baixa;2026-01-23 22:06:00;2026-01-24 01:46:48;3
CHM-2916724;QRT-78808;FUN-32345;Ar-condicionado;Baixa;2025-02-12 21:13:00;2025-02-13 13:28:53;5
CHM-9497163;QRT-01562;FUN-83865;Fechadura Eletrônica;Média;2024-11-29 20:29:00;2024-11-29 23:56:00;5
CHM-5654742;QRT-45866;FUN-15867;Ar-condicionado;Média;2026-04-19 14:40:00;2026-04-20 19:49:38;2
CHM-4300768;QRT-87183;FUN-12576;Ar-condicionado;Média;2025-10-17 21:41:00;2025-10-18 00:35:03;5
CHM-9419696;QRT-11649;FUN-52300;Ar-condicionado;Média;2024-07-01 15:19:00;2024-07-01 16:13:43;5
CHM-1800243;QRT-72908;FUN-10947;Ar-condicionado;Baixa;2024-07-28 18:27:00;2024-07-30 09:29:48;3
CHM-5618598;QRT-43677;FUN-01568;Elétrica;Alta;2026-02-25 13:24:00;2026-02-25 15:10:51;4
CHM-7590817;QRT-44425;FUN-55799;Limpeza Extra;Média;2025-10-06 11:28:00;2025-10-07 00:19:48;2
CHM-2363356;QRT-09419;FUN-74014;Limpeza Extra;Média;2024-09-14 09:10:00;2024-09-14 12:27:35;4
CHM-1757319;QRT-60845;FUN-29826;Frigobar com Defeito;Baixa;2025-12-18 22:48:00;2025-12-21 18:15:45;3
CHM-6847785;QRT-17820;FUN-35080;Fechadura Eletrônica;Média;2024-12-30 13:45:00;2024-12-30 19:32:59;4
CHM-3790452;QRT-57208;FUN-74014;Wi-Fi;Alta;2024-08-01 17:57:00;2024-08-01 18:36:33;4
CHM-8009440;QRT-66125;FUN-92045;Wi-Fi;Média;2025-01-03 18:10:00;2025-01-04 00:29:26;5
CHM-4337091;QRT-95923;FUN-50800;Elétrica;Média;2025-06-18 10:29:00;2025-06-18 12:35:26;5
CHM-6242526;QRT-32164;FUN-78820;Ar-condicionado;Média;2025-02-10 23:57:00;2025-02-11 02:41:08;5
CHM-5812140;QRT-96972;FUN-12576;Elétrica;Média;2026-02-21 17:27:00;2026-02-21 18:59:22;5
CHM-9523227;QRT-20055;FUN-78820;Ar-condicionado;Média;2024-08-23 09:38:00;2024-08-23 12:46:35;5
CHM-1915951;QRT-69520;FUN-87234;Hidráulica;Alta;2024-12-19 10:15:00;2024-12-19 12:19:48;1
CHM-1451206;QRT-98284;FUN-22027;Ar-condicionado;Alta;2025-12-17 08:14:00;2025-12-17 09:04:12;5
CHM-6095972;QRT-68507;FUN-64755;Ar-condicionado;Média;2025-05-26 06:10:00;2025-05-26 12:51:38;5
CHM-6824252;QRT-73232;FUN-67282;Wi-Fi;Baixa;2025-11-10 18:20:00;2025-11-11 15:08:24;5
CHM-1814510;QRT-97434;FUN-08486;Hidráulica;Média;2024-12-10 14:01:00;2024-12-10 19:51:48;5
CHM-0643522;QRT-29439;FUN-64047;Wi-Fi;Alta;2025-06-23 14:28:00;2025-06-23 15:09:57;5
CHM-3858881;QRT-90947;FUN-39946;Wi-Fi;Média;2024-12-20 23:27:00;2024-12-21 01:44:20;5
CHM-8627887;QRT-74766;FUN-01568;Ar-condicionado;Alta;2025-05-09 17:11:00;2025-05-09 18:06:20;5
CHM-8044897;QRT-07031;FUN-45111;Limpeza Extra;Média;2026-04-04 14:51:00;2026-04-05 04:31:51;3
CHM-8577960;QRT-13238;FUN-12576;Limpeza Extra;Média;2024-07-30 12:21:00;2024-07-30 23:35:34;2
CHM-7715595;QRT-26080;FUN-74014;Limpeza Extra;Alta;2026-01-13 14:03:00;2026-01-13 15:56:16;4
CHM-6819740;QRT-29015;FUN-50800;Ar-condicionado;Alta;2025-09-30 16:11:00;2025-09-30 16:43:29;5
CHM-4585350;QRT-51590;FUN-32345;TV / Controle;Alta;2025-11-05 21:57:00;2025-11-05 22:59:44;5
CHM-0148640;QRT-78524;FUN-73856;Ar-condicionado;Baixa;2024-07-13 22:06:00;2024-07-15 09:42:06;3
CHM-6855286;QRT-01287;FUN-22607;Elétrica;Alta;2025-06-13 18:13:00;2025-06-13 19:20:11;5
CHM-3351159;QRT-03596;FUN-08849;Elétrica;Baixa;2026-01-24 11:33:00;2026-01-25 15:00:58;3
CHM-7489530;QRT-47928;FUN-01568;Wi-Fi;Média;2025-01-16 21:19:00;2025-01-16 23:29:34;5
CHM-8058017;QRT-09849;FUN-48683;Limpeza Extra;Média;2024-07-09 09:45:00;2024-07-09 11:45:19;5
CHM-2310654;QRT-64260;FUN-86199;Wi-Fi;Média;2024-09-25 14:23:00;2024-09-25 16:32:16;5
CHM-6200399;QRT-88906;FUN-12040;Elétrica;Baixa;2024-10-17 09:17:00;2024-10-17 13:05:45;5
CHM-8030684;QRT-42497;FUN-09324;Fechadura Eletrônica;Baixa;2024-08-05 13:34:00;2024-08-05 20:31:32;4
CHM-8108750;QRT-27723;FUN-12576;TV / Controle;Média;2025-11-14 23:01:00;2025-11-15 03:03:21;5
CHM-8538843;QRT-86536;FUN-66580;Limpeza Extra;Alta;2025-08-26 20:05:00;2025-08-26 21:10:39;4
CHM-8087001;QRT-51984;FUN-39946;Elétrica;Média;2025-04-13 21:18:00;2025-04-13 23:41:15;5
CHM-6059532;QRT-26237;FUN-49013;Ar-condicionado;Média;2024-12-27 20:38:00;2024-12-27 23:55:26;5
CHM-1431294;QRT-24274;FUN-29826;Wi-Fi;Média;2025-05-07 17:34:00;2025-05-07 18:51:02;4
CHM-3154913;QRT-11826;FUN-71493;Ar-condicionado;Média;2026-06-13 17:11:00;2026-06-14 03:03:54;1
CHM-3680201;QRT-68204;FUN-23286;Wi-Fi;Alta;2025-07-10 14:02:00;2025-07-10 14:52:54;5
CHM-6472766;QRT-11649;FUN-45111;Elétrica;Média;2025-10-03 18:41:00;2025-10-03 22:48:13;5
CHM-0013934;QRT-57190;FUN-12576;Wi-Fi;Baixa;2026-01-29 15:54:00;2026-01-29 19:30:16;5
CHM-7505118;QRT-42355;FUN-23286;Elétrica;Média;2025-10-28 22:52:00;2025-10-29 06:24:49;5
CHM-7793770;QRT-53432;FUN-09102;Hidráulica;Alta;2025-11-24 23:42:00;2025-11-25 01:01:52;5
CHM-3039378;QRT-62284;FUN-25313;Ar-condicionado;Alta;2025-02-06 16:56:00;2025-02-06 17:50:04;4
CHM-0905913;QRT-11218;FUN-07814;Hidráulica;Alta;2025-09-05 22:01:00;2025-09-05 22:35:40;5
CHM-9114549;QRT-78115;FUN-78820;Fechadura Eletrônica;Baixa;2026-02-21 16:37:00;2026-02-22 11:04:45;5
CHM-3480949;QRT-97434;FUN-37715;Elétrica;Média;2025-04-07 14:53:00;2025-04-07 16:56:20;3
CHM-0251376;QRT-86876;FUN-12040;TV / Controle;Baixa;2026-04-19 07:30:00;2026-04-20 14:24:23;2
CHM-5469095;QRT-21677;FUN-71493;Wi-Fi;Média;2024-11-28 18:43:00;2024-11-29 07:11:11;2
CHM-1344485;QRT-39888;FUN-16922;Ar-condicionado;Média;2025-05-15 12:20:00;2025-05-15 14:27:36;4
CHM-4137207;QRT-16535;FUN-16922;Ar-condicionado;Baixa;2026-05-24 15:35:00;2026-05-25 09:31:43;5
CHM-0140418;QRT-34396;FUN-71493;Wi-Fi;Média;2024-12-27 14:17:00;2024-12-27 16:28:15;5
CHM-3951178;QRT-26756;FUN-90839;Ar-condicionado;Baixa;2025-09-11 21:31:00;2025-09-12 01:00:50;5
CHM-6530350;QRT-21677;FUN-25313;Wi-Fi;Baixa;2025-06-11 14:15:00;2025-06-11 22:31:56;5
CHM-1020127;QRT-38783;FUN-15867;Wi-Fi;Média;2026-04-26 07:44:00;2026-04-26 11:16:34;5
CHM-2841792;QRT-13238;FUN-71181;Fechadura Eletrônica;Baixa;2025-06-14 14:20:00;2025-06-14 19:47:54;5
CHM-4617508;QRT-39575;FUN-50800;Ar-condicionado;Média;2026-04-28 08:35:00;2026-04-28 13:56:38;3
CHM-5367440;QRT-85367;FUN-39946;Fechadura Eletrônica;Alta;2026-04-11 18:04:00;2026-04-11 19:28:04;5
CHM-2875489;QRT-99814;FUN-73856;Limpeza Extra;Baixa;2024-09-14 21:33:00;2024-09-16 16:08:54;3
CHM-9802860;QRT-64556;FUN-96354;Frigobar com Defeito;Alta;2026-02-17 14:41:00;2026-02-17 16:25:32;5
CHM-1734818;QRT-21677;FUN-08109;Limpeza Extra;Média;2024-08-13 11:53:00;2024-08-13 22:58:25;1
CHM-8965285;QRT-92177;FUN-64706;Fechadura Eletrônica;Baixa;2025-10-28 08:48:00;2025-10-28 19:56:19;5
CHM-6854397;QRT-57208;FUN-37715;Ar-condicionado;Média;2026-01-31 09:55:00;2026-01-31 16:17:31;4
CHM-0869369;QRT-07215;FUN-22027;Ar-condicionado;Baixa;2025-10-11 09:07:00;2025-10-12 02:49:17;5
CHM-5387434;QRT-15228;FUN-43763;Elétrica;Média;2024-10-17 13:58:00;2024-10-17 16:17:25;4
CHM-5704376;QRT-11592;FUN-66580;Frigobar com Defeito;Média;2025-11-21 20:54:00;2025-11-22 01:56:00;4
CHM-1655538;QRT-88654;FUN-96354;Frigobar com Defeito;Baixa;2024-10-12 15:56:00;2024-10-13 13:37:55;5
CHM-6748314;QRT-09419;FUN-12576;Ar-condicionado;Média;2026-05-22 13:05:00;2026-05-22 17:56:35;3
CHM-7767958;QRT-63869;FUN-15867;Ar-condicionado;Alta;2025-11-29 08:07:00;2025-11-29 09:18:54;4
CHM-6983637;QRT-69520;FUN-92045;Ar-condicionado;Média;2026-01-27 13:34:00;2026-01-27 15:53:11;5
CHM-3851069;QRT-47628;FUN-66580;Elétrica;Média;2026-05-15 08:21:00;2026-05-16 03:45:24;1
CHM-2470112;QRT-53914;FUN-78820;Ar-condicionado;Média;2024-08-02 08:30:00;2024-08-02 11:09:12;4
CHM-9352227;QRT-84972;FUN-52300;Ar-condicionado;Baixa;2026-05-20 09:14:00;2026-05-20 19:14:15;4
CHM-1451559;QRT-86201;FUN-29826;Ar-condicionado;Média;2025-10-02 20:18:00;2025-10-03 08:52:00;3
CHM-7499369;QRT-03596;FUN-47371;Ar-condicionado;Média;2025-02-12 20:39:00;2025-02-13 10:16:41;2
CHM-4470938;QRT-92558;FUN-43763;Elétrica;Média;2024-10-09 12:10:00;2024-10-09 15:50:25;5
CHM-2477176;QRT-18801;FUN-12576;Fechadura Eletrônica;Média;2025-08-08 22:58:00;2025-08-09 03:09:04;4
CHM-5328564;QRT-69375;FUN-50800;Wi-Fi;Alta;2025-02-25 07:40:00;2025-02-25 10:05:17;1
CHM-5228783;QRT-22178;FUN-73856;Limpeza Extra;Alta;2025-01-23 20:43:00;2025-01-23 23:10:01;2
CHM-6458085;QRT-15064;FUN-74014;Limpeza Extra;Baixa;2026-03-17 06:37:00;2026-03-17 23:59:19;4
CHM-3498360;QRT-98065;FUN-49170;Limpeza Extra;Baixa;2025-06-14 21:41:00;2025-06-15 19:22:59;4
CHM-3577703;QRT-45185;FUN-48683;Hidráulica;Média;2025-04-06 12:44:00;2025-04-06 18:02:29;4
CHM-5049730;QRT-91492;FUN-34873;Limpeza Extra;Média;2025-11-25 19:52:00;2025-11-25 20:38:55;4
CHM-2137198;QRT-01345;FUN-23286;TV / Controle;Média;2025-01-19 10:57:00;2025-01-19 19:22:01;3
CHM-2878427;QRT-14624;FUN-48683;TV / Controle;Alta;2025-06-28 19:52:00;2025-06-28 20:16:37;5
CHM-2751311;QRT-26166;FUN-08828;Ar-condicionado;Média;2025-01-30 11:48:00;2025-01-30 13:48:01;5
CHM-3736192;QRT-41356;FUN-81524;Wi-Fi;Média;2025-03-03 06:07:00;2025-03-03 09:46:46;5
CHM-4160042;QRT-76454;FUN-35080;Wi-Fi;Baixa;2025-09-07 11:33:00;2025-09-07 20:12:05;5
CHM-5039592;QRT-29393;FUN-76103;Limpeza Extra;Alta;2026-06-24 13:07:00;2026-06-24 13:48:31;5
CHM-4085789;QRT-02007;FUN-37715;Limpeza Extra;Média;2026-06-10 18:07:00;2026-06-11 14:46:28;1
CHM-3305756;QRT-74690;FUN-69727;Wi-Fi;Média;2024-09-21 20:21:00;2024-09-22 06:31:50;3
CHM-5653219;QRT-21077;FUN-78820;TV / Controle;Baixa;2025-08-01 12:32:00;2025-08-02 06:08:36;5
CHM-8529480;QRT-39888;FUN-67710;Wi-Fi;Média;2025-04-09 22:27:00;2025-04-10 07:54:42;2
CHM-4878030;QRT-92964;FUN-96106;Hidráulica;Média;2025-08-30 20:57:00;2025-08-31 12:53:30;3
CHM-6063541;QRT-48634;FUN-12040;Hidráulica;Baixa;2024-09-27 07:51:00;2024-09-27 14:25:24;4
CHM-9238216;QRT-47928;FUN-01568;Hidráulica;Baixa;2026-05-19 17:47:00;2026-05-20 03:22:03;5
CHM-7654139;QRT-74691;FUN-05739;Ar-condicionado;Baixa;2025-01-11 08:15:00;2025-01-12 02:21:08;5
CHM-4787720;QRT-93908;FUN-15867;Ar-condicionado;Alta;2024-10-25 16:02:00;2024-10-25 17:10:20;5
CHM-2713907;QRT-25078;FUN-16922;Wi-Fi;Média;2025-06-13 14:41:00;2025-06-13 17:57:30;4
CHM-2421591;QRT-37102;FUN-18700;Elétrica;Média;2025-12-25 17:41:00;2025-12-26 03:10:06;3
CHM-8591675;QRT-23373;FUN-02909;Ar-condicionado;Baixa;2025-12-22 17:36:00;2025-12-23 04:39:37;3
CHM-3825956;QRT-76281;FUN-10947;Wi-Fi;Alta;2025-02-09 06:57:00;2025-02-09 07:21:56;5
CHM-1911195;QRT-90111;FUN-34873;Frigobar com Defeito;Alta;2024-07-09 22:24:00;2024-07-10 01:32:42;2
CHM-0735465;QRT-40975;FUN-08849;Limpeza Extra;Média;2025-06-30 22:08:00;2025-07-01 12:11:43;1
CHM-6412496;QRT-17482;FUN-22607;Limpeza Extra;Média;2025-02-13 22:41:00;2025-02-14 18:22:14;2
CHM-3408243;QRT-60661;FUN-74014;Fechadura Eletrônica;Média;2025-04-05 09:29:00;2025-04-06 04:43:34;3
CHM-8416928;QRT-09261;FUN-18700;Limpeza Extra;Baixa;2024-10-13 16:56:00;2024-10-14 03:45:38;3
CHM-4539884;QRT-11607;FUN-04670;Hidráulica;Alta;2025-04-30 16:13:00;2025-04-30 17:03:11;5
CHM-6403603;QRT-55013;FUN-08828;Wi-Fi;Baixa;2024-12-10 22:27:00;2024-12-11 01:41:48;3
CHM-4666065;QRT-51590;FUN-57664;Limpeza Extra;Média;2025-06-02 18:51:00;2025-06-02 21:00:22;5
CHM-8463958;QRT-09395;FUN-88121;Ar-condicionado;Baixa;2025-05-26 17:42:00;2025-05-27 11:02:03;4
CHM-7869128;QRT-68610;FUN-04670;TV / Controle;Alta;2026-06-07 20:03:00;2026-06-07 20:23:40;5
CHM-7759375;QRT-04414;FUN-39946;Hidráulica;Média;2025-08-24 20:21:00;2025-08-25 03:10:32;4
CHM-9030906;QRT-61719;FUN-02909;TV / Controle;Média;2024-11-12 21:15:00;2024-11-13 03:22:41;4
CHM-6554325;QRT-61962;FUN-64755;Frigobar com Defeito;Baixa;2025-12-17 10:03:00;2025-12-17 17:30:15;5
CHM-4956978;QRT-83187;FUN-86194;Hidráulica;Baixa;2025-06-13 16:25:00;2025-06-14 12:49:05;5
CHM-1529926;QRT-14624;FUN-69727;Ar-condicionado;Média;2025-03-20 18:55:00;2025-03-21 02:06:08;5
CHM-3267326;QRT-86201;FUN-69727;Fechadura Eletrônica;Média;2025-10-17 21:55:00;2025-10-17 23:52:00;5
CHM-7926611;QRT-99264;FUN-76103;Frigobar com Defeito;Média;2025-04-16 22:36:00;2025-04-17 01:41:01;5
CHM-3500298;QRT-33730;FUN-34873;Limpeza Extra;Alta;2026-02-05 07:24:00;2026-02-05 08:43:52;5
CHM-3824370;QRT-01562;FUN-86194;Limpeza Extra;Baixa;2025-06-18 18:02:00;2025-06-19 00:27:36;5
CHM-7292964;QRT-51602;FUN-12576;Ar-condicionado;Média;2025-06-07 14:18:00;2025-06-07 14:48:00;5
CHM-8145303;QRT-01798;FUN-15867;Hidráulica;Alta;2024-09-01 23:37:00;2024-09-02 00:54:30;4
CHM-4680874;QRT-75030;FUN-83865;Elétrica;Alta;2026-04-21 17:45:00;2026-04-21 18:19:34;5
CHM-2078852;QRT-85329;FUN-86199;Limpeza Extra;Média;2025-09-02 13:37:00;2025-09-02 14:54:53;4
CHM-2621066;QRT-86876;FUN-23383;Wi-Fi;Média;2026-03-08 17:30:00;2026-03-08 19:29:53;4
CHM-7745342;QRT-94556;FUN-23286;Fechadura Eletrônica;Média;2026-05-02 20:41:00;2026-05-02 22:05:35;4
CHM-8414363;QRT-10817;FUN-12040;Fechadura Eletrônica;Baixa;2025-03-23 23:19:00;2025-03-24 09:21:27;4
CHM-3895927;QRT-02007;FUN-10947;Wi-Fi;Média;2024-08-18 12:14:00;2024-08-19 03:09:50;1
CHM-7926055;QRT-57190;FUN-08486;Ar-condicionado;Baixa;2024-12-30 10:16:00;2024-12-31 14:27:41;3
CHM-9714919;QRT-88906;FUN-92311;Fechadura Eletrônica;Alta;2026-04-25 06:46:00;2026-04-25 08:08:50;4
CHM-9754698;QRT-21167;FUN-28577;TV / Controle;Média;2026-03-07 08:39:00;2026-03-07 11:44:01;5
CHM-2992348;QRT-86201;FUN-29826;Hidráulica;Alta;2025-07-06 10:51:00;2025-07-06 12:10:16;5
CHM-7891173;QRT-58808;FUN-96354;TV / Controle;Média;2024-11-12 10:22:00;2024-11-12 18:06:13;5
CHM-9082853;QRT-28319;FUN-22027;Wi-Fi;Baixa;2026-02-02 21:51:00;2026-02-04 05:19:27;2
CHM-4672971;QRT-84941;FUN-86199;Ar-condicionado;Média;2026-05-23 10:42:00;2026-05-23 13:10:53;5
CHM-8656133;QRT-94756;FUN-01568;Ar-condicionado;Média;2024-07-22 15:08:00;2024-07-22 16:07:03;5
CHM-6230830;QRT-13758;FUN-08849;Elétrica;Média;2025-02-07 17:38:00;2025-02-08 11:59:48;1
CHM-4998885;QRT-64332;FUN-25313;Hidráulica;Baixa;2025-12-04 14:19:00;2025-12-06 00:56:06;2
CHM-3614267;QRT-37102;FUN-76103;Hidráulica;Alta;2026-05-21 11:48:00;2026-05-21 12:54:08;5
CHM-2718971;QRT-09047;FUN-55799;Elétrica;Média;2024-07-11 23:34:00;2024-07-12 02:30:53;5
CHM-0065861;QRT-85702;FUN-83865;Ar-condicionado;Média;2025-04-22 06:51:00;2025-04-22 09:40:29;5
CHM-0894355;QRT-87613;FUN-89330;Fechadura Eletrônica;Média;2024-11-10 13:30:00;2024-11-10 16:11:44;5
CHM-1814933;QRT-76736;FUN-67710;Wi-Fi;Alta;2025-07-11 18:24:00;2025-07-11 18:43:23;4
CHM-7397910;QRT-64260;FUN-82886;Wi-Fi;Média;2025-04-09 12:36:00;2025-04-09 16:04:52;5
CHM-9908553;QRT-02055;FUN-08486;Wi-Fi;Média;2025-11-26 11:34:00;2025-11-26 15:24:35;5
CHM-5762221;QRT-63869;FUN-48683;Elétrica;Alta;2025-05-18 12:07:00;2025-05-18 12:34:59;4
CHM-8359414;QRT-58511;FUN-67710;Wi-Fi;Média;2026-04-02 09:20:00;2026-04-02 13:48:37;5
CHM-5113325;QRT-75123;FUN-50800;Wi-Fi;Média;2024-10-18 13:20:00;2024-10-18 22:48:51;1
CHM-1111005;QRT-11826;FUN-08849;Ar-condicionado;Média;2024-12-31 18:50:00;2024-12-31 21:42:21;5
CHM-2632460;QRT-78055;FUN-71493;Hidráulica;Média;2024-08-14 11:49:00;2024-08-14 22:04:56;2
CHM-5427433;QRT-04025;FUN-73856;Ar-condicionado;Média;2026-01-04 20:45:00;2026-01-05 02:25:21;5
CHM-2470662;QRT-26756;FUN-08234;Limpeza Extra;Média;2025-06-03 16:09:00;2025-06-03 21:35:03;5
CHM-8578912;QRT-67310;FUN-64047;Elétrica;Média;2024-11-04 21:31:00;2024-11-04 23:38:50;5
CHM-9070269;QRT-20896;FUN-64755;Ar-condicionado;Média;2025-08-02 06:15:00;2025-08-02 19:12:08;1
CHM-9145588;QRT-31095;FUN-28577;Elétrica;Média;2026-03-28 10:06:00;2026-03-28 15:47:44;4
CHM-9345526;QRT-37672;FUN-49170;Fechadura Eletrônica;Alta;2025-09-07 13:13:00;2025-09-07 14:47:16;3
CHM-1561077;QRT-09785;FUN-81524;Hidráulica;Média;2025-04-26 16:10:00;2025-04-27 01:17:01;2
CHM-5273701;QRT-13758;FUN-47371;Fechadura Eletrônica;Média;2024-11-24 07:12:00;2024-11-24 09:22:46;5
CHM-4838218;QRT-13326;FUN-57664;TV / Controle;Média;2025-08-16 22:33:00;2025-08-17 06:45:38;1
CHM-2824176;QRT-41316;FUN-18700;Ar-condicionado;Baixa;2025-11-19 21:02:00;2025-11-20 06:32:05;4
CHM-4136133;QRT-88939;FUN-74014;TV / Controle;Baixa;2026-06-27 21:32:00;2026-06-28 06:52:28;5
CHM-2685876;QRT-67879;FUN-92311;Limpeza Extra;Baixa;2024-08-19 22:44:00;2024-08-20 12:37:45;5
CHM-2763338;QRT-47628;FUN-66580;Ar-condicionado;Alta;2025-08-10 18:20:00;2025-08-10 19:05:32;4
CHM-2209709;QRT-64840;FUN-71181;Elétrica;Média;2026-03-31 15:33:00;2026-03-31 18:18:49;5
CHM-0636804;QRT-30636;FUN-34873;Wi-Fi;Média;2024-10-27 18:47:00;2024-10-27 21:26:23;5
CHM-0662956;QRT-70944;FUN-89330;Wi-Fi;Alta;2026-04-29 14:32:00;2026-04-29 15:29:51;4
CHM-9436433;QRT-75043;FUN-08486;TV / Controle;Média;2025-04-10 13:29:00;2025-04-10 15:06:05;3
CHM-0265043;QRT-03446;FUN-28577;TV / Controle;Alta;2024-09-06 15:54:00;2024-09-06 16:31:45;4
CHM-5303535;QRT-42908;FUN-23361;Ar-condicionado;Média;2025-05-15 18:36:00;2025-05-16 00:39:55;5
CHM-8338470;QRT-01287;FUN-08849;Frigobar com Defeito;Baixa;2024-07-01 19:43:00;2024-07-02 01:57:10;4
CHM-4563458;QRT-06043;FUN-39946;Ar-condicionado;Média;2026-05-13 17:02:00;2026-05-13 22:57:46;5
CHM-0865383;QRT-42819;FUN-96106;Hidráulica;Baixa;2025-11-26 11:31:00;2025-11-28 09:38:26;3
CHM-3382448;QRT-41934;FUN-64755;Hidráulica;Média;2024-09-15 19:24:00;2024-09-16 10:42:49;1
CHM-3897786;QRT-07215;FUN-64755;Ar-condicionado;Média;2024-07-21 13:27:00;2024-07-21 14:40:40;5
CHM-8021198;QRT-27723;FUN-74014;Ar-condicionado;Baixa;2025-05-11 22:48:00;2025-05-12 14:27:57;5
CHM-8974126;QRT-67310;FUN-64047;Wi-Fi;Baixa;2026-05-03 06:23:00;2026-05-03 12:29:21;5
CHM-4390984;QRT-00452;FUN-32345;Wi-Fi;Média;2025-04-27 21:56:00;2025-04-27 23:46:17;4
CHM-2969884;QRT-67310;FUN-67282;Wi-Fi;Média;2025-02-13 20:12:00;2025-02-14 00:43:39;4
CHM-5143634;QRT-84941;FUN-41540;Frigobar com Defeito;Alta;2025-11-14 19:47:00;2025-11-14 22:12:43;1
CHM-5310737;QRT-18801;FUN-08486;Hidráulica;Baixa;2025-09-29 13:37:00;2025-09-30 16:36:27;2
CHM-4534715;QRT-65099;FUN-25313;Elétrica;Alta;2024-10-26 15:47:00;2024-10-26 16:06:48;4
CHM-0990218;QRT-02007;FUN-37715;Ar-condicionado;Média;2025-06-10 14:14:00;2025-06-10 19:41:45;5
CHM-5293789;QRT-99673;FUN-88121;Elétrica;Média;2024-08-07 21:36:00;2024-08-08 01:05:58;4
CHM-1242682;QRT-70536;FUN-64706;Ar-condicionado;Baixa;2025-03-29 07:25:00;2025-03-29 11:22:35;4
CHM-9356436;QRT-26280;FUN-67282;Hidráulica;Média;2025-06-16 14:17:00;2025-06-16 21:35:04;4
CHM-4336827;QRT-95776;FUN-87234;Ar-condicionado;Média;2025-09-07 21:09:00;2025-09-07 22:35:17;5
CHM-8332342;QRT-21496;FUN-86199;Ar-condicionado;Média;2025-02-16 17:20:00;2025-02-16 21:37:42;4
CHM-1808735;QRT-41934;FUN-05739;Wi-Fi;Baixa;2025-07-04 17:51:00;2025-07-05 18:37:28;1
CHM-3794127;QRT-33730;FUN-50800;TV / Controle;Alta;2025-04-02 18:09:00;2025-04-02 19:20:26;5
CHM-7285092;QRT-51590;FUN-05739;Ar-condicionado;Alta;2025-01-06 06:26:00;2025-01-06 07:24:18;5
CHM-2612122;QRT-53290;FUN-28577;Frigobar com Defeito;Alta;2024-08-30 19:13:00;2024-08-30 20:48:31;5
CHM-9719288;QRT-45866;FUN-50800;Ar-condicionado;Baixa;2025-01-14 20:10:00;2025-01-15 13:52:20;4
CHM-1112181;QRT-58690;FUN-08486;TV / Controle;Média;2026-05-12 21:03:00;2026-05-13 05:42:27;3
CHM-5997081;QRT-88906;FUN-23383;Hidráulica;Baixa;2026-04-24 15:54:00;2026-04-25 07:20:17;4
CHM-3059878;QRT-17114;FUN-08486;Hidráulica;Baixa;2025-08-08 14:04:00;2025-08-09 15:47:01;2
CHM-5088805;QRT-26237;FUN-67282;Wi-Fi;Média;2025-04-25 13:44:00;2025-04-25 21:56:54;3
CHM-7305993;QRT-02141;FUN-22027;Limpeza Extra;Média;2026-02-16 11:43:00;2026-02-16 20:37:23;1
CHM-9699510;QRT-03659;FUN-57664;TV / Controle;Alta;2026-06-29 11:34:00;2026-06-29 11:48:50;4
CHM-5825156;QRT-54953;FUN-74014;Ar-condicionado;Alta;2025-11-28 06:20:00;2025-11-28 07:02:33;5
CHM-6360868;QRT-75043;FUN-08486;Wi-Fi;Média;2026-06-29 12:11:00;2026-06-29 20:55:00;2
CHM-8356300;QRT-82654;FUN-08109;Ar-condicionado;Média;2025-07-26 16:44:00;2025-07-26 23:22:02;5
CHM-3634422;QRT-14866;FUN-37715;Limpeza Extra;Média;2024-12-10 20:21:00;2024-12-11 01:22:12;4
CHM-3598111;QRT-29980;FUN-22027;TV / Controle;Média;2025-11-28 09:34:00;2025-11-28 16:22:10;3
CHM-8501663;QRT-03446;FUN-12040;Elétrica;Média;2024-07-13 12:16:00;2024-07-13 20:30:51;2
CHM-3597144;QRT-85739;FUN-10947;Ar-condicionado;Média;2026-01-18 21:35:00;2026-01-19 01:40:46;4
CHM-0954922;QRT-28485;FUN-71493;Ar-condicionado;Média;2025-02-02 08:47:00;2025-02-02 10:11:21;5
CHM-5946955;QRT-70536;FUN-64047;Hidráulica;Média;2024-10-16 07:14:00;2024-10-17 04:23:07;1
CHM-7545308;QRT-10817;FUN-96354;Hidráulica;Baixa;2024-10-04 10:56:00;2024-10-04 21:53:46;4
CHM-5813222;QRT-73232;FUN-43763;Ar-condicionado;Média;2026-05-15 19:04:00;2026-05-16 00:06:55;3
CHM-6205702;QRT-41356;FUN-66580;TV / Controle;Média;2026-06-27 11:27:00;2026-06-27 12:23:13;4
CHM-4557656;QRT-81819;FUN-13975;Hidráulica;Baixa;2025-07-11 08:16:00;2025-07-12 06:14:56;5
CHM-5582032;QRT-69835;FUN-36473;Wi-Fi;Alta;2025-05-03 13:45:00;2025-05-03 14:19:54;5
CHM-7688034;QRT-95776;FUN-92045;Wi-Fi;Baixa;2025-07-18 06:42:00;2025-07-18 16:40:05;5
CHM-9444874;QRT-85702;FUN-83865;Limpeza Extra;Média;2024-12-05 16:44:00;2024-12-05 20:40:04;5
CHM-4747999;QRT-49331;FUN-08109;Hidráulica;Baixa;2025-12-31 06:33:00;2026-01-01 18:48:18;3
CHM-0672562;QRT-75780;FUN-15867;Ar-condicionado;Média;2025-08-01 14:31:00;2025-08-02 07:58:01;3
CHM-7236211;QRT-48327;FUN-86199;Limpeza Extra;Baixa;2026-01-10 15:18:00;2026-01-11 08:20:52;4
CHM-1720027;QRT-43251;FUN-45111;Ar-condicionado;Média;2025-06-25 19:53:00;2025-06-26 02:51:26;5
CHM-9695160;QRT-66125;FUN-55799;Ar-condicionado;Média;2024-07-23 09:42:00;2024-07-23 15:15:17;5
CHM-6005550;QRT-85920;FUN-49170;Fechadura Eletrônica;Média;2025-11-26 12:42:00;2025-11-26 15:47:57;5
CHM-1494845;QRT-75043;FUN-12576;Elétrica;Média;2024-12-09 19:00:00;2024-12-09 20:16:14;5
CHM-7390449;QRT-63506;FUN-37715;Ar-condicionado;Baixa;2026-05-30 11:34:00;2026-06-01 01:11:22;3
CHM-0047431;QRT-15355;FUN-49170;Elétrica;Média;2024-08-22 17:29:00;2024-08-22 23:19:29;4
CHM-4191074;QRT-13758;FUN-25313;Limpeza Extra;Baixa;2024-09-28 17:31:00;2024-09-29 09:56:06;5
CHM-2745067;QRT-26166;FUN-92045;Limpeza Extra;Média;2024-10-19 08:46:00;2024-10-19 19:40:10;3
CHM-6382892;QRT-57190;FUN-39946;Limpeza Extra;Baixa;2026-06-24 06:54:00;2026-06-24 12:50:01;5
CHM-8929911;QRT-98065;FUN-64755;Limpeza Extra;Média;2025-12-23 18:22:00;2025-12-23 20:43:14;4
CHM-3821865;QRT-92384;FUN-64755;TV / Controle;Alta;2025-03-17 23:52:00;2025-03-18 01:03:57;5
CHM-9329929;QRT-96687;FUN-81524;TV / Controle;Baixa;2025-07-27 07:53:00;2025-07-28 05:23:05;4
CHM-2966569;QRT-96237;FUN-19473;TV / Controle;Alta;2024-07-28 14:49:00;2024-07-28 16:26:45;4
CHM-2807613;QRT-86536;FUN-23361;Wi-Fi;Baixa;2025-07-20 09:41:00;2025-07-21 11:27:35;3
CHM-0058073;QRT-57124;FUN-41540;Ar-condicionado;Alta;2025-09-27 10:54:00;2025-09-27 13:40:13;3
CHM-9206083;QRT-47802;FUN-34079;Ar-condicionado;Baixa;2024-10-17 07:05:00;2024-10-17 15:27:22;5
CHM-1074451;QRT-03540;FUN-71493;TV / Controle;Alta;2025-11-02 22:23:00;2025-11-03 06:42:35;3
CHM-4966869;QRT-98370;FUN-05739;Hidráulica;Média;2025-02-03 08:52:00;2025-02-03 11:33:43;3
CHM-0250603;QRT-02862;FUN-86199;Limpeza Extra;Média;2025-02-21 11:43:00;2025-02-21 17:34:27;5
CHM-2659233;QRT-10397;FUN-19473;Wi-Fi;Média;2025-11-05 09:23:00;2025-11-05 13:43:36;5
CHM-4353150;QRT-26756;FUN-01568;Ar-condicionado;Baixa;2024-08-08 14:54:00;2024-08-09 02:32:42;5
CHM-3984707;QRT-12236;FUN-65780;Wi-Fi;Alta;2026-03-18 11:51:00;2026-03-18 16:52:26;3
CHM-0720399;QRT-92964;FUN-57664;Wi-Fi;Média;2025-12-01 06:10:00;2025-12-01 19:11:27;2
CHM-4535835;QRT-31340;FUN-18700;Ar-condicionado;Média;2026-05-25 20:30:00;2026-05-26 01:46:23;5
CHM-9560940;QRT-37220;FUN-49013;Hidráulica;Média;2024-07-11 19:22:00;2024-07-12 00:25:26;3
CHM-6113279;QRT-78808;FUN-22027;Limpeza Extra;Baixa;2024-10-26 21:19:00;2024-10-26 23:55:11;5
CHM-1724573;QRT-62109;FUN-25313;Hidráulica;Baixa;2025-06-07 08:02:00;2025-06-07 16:12:38;4
CHM-0902767;QRT-06335;FUN-48159;TV / Controle;Média;2025-10-19 10:59:00;2025-10-19 14:44:00;5
CHM-8781238;QRT-64332;FUN-71493;Limpeza Extra;Alta;2024-12-27 10:36:00;2024-12-27 11:23:19;4
CHM-7101754;QRT-81700;FUN-96354;Ar-condicionado;Baixa;2026-04-17 08:30:00;2026-04-18 00:34:04;5
CHM-8240348;QRT-42497;FUN-94946;Elétrica;Média;2024-08-11 11:50:00;2024-08-11 15:28:23;3
CHM-8832818;QRT-86876;FUN-92311;Elétrica;Alta;2026-06-10 14:01:00;2026-06-10 15:23:08;4
CHM-2579549;QRT-47168;FUN-92311;Frigobar com Defeito;Média;2025-04-28 10:08:00;2025-04-28 14:50:33;4
CHM-8905043;QRT-03540;FUN-22607;Limpeza Extra;Alta;2025-01-04 08:41:00;2025-01-04 10:30:17;4
CHM-4728633;QRT-27540;FUN-86194;Elétrica;Baixa;2025-10-18 07:06:00;2025-10-18 23:41:25;5
CHM-6800093;QRT-78524;FUN-67710;Limpeza Extra;Média;2025-04-24 12:53:00;2025-04-25 05:34:45;3
CHM-9803985;QRT-83187;FUN-65780;Hidráulica;Média;2025-01-31 17:24:00;2025-01-31 21:37:35;5
CHM-9520239;QRT-08284;FUN-12576;Elétrica;Baixa;2026-04-27 23:09:00;2026-04-29 07:51:27;3
CHM-1356153;QRT-24274;FUN-15867;Elétrica;Baixa;2025-09-23 10:24:00;2025-09-23 15:43:02;4
CHM-7954224;QRT-82431;FUN-37715;Ar-condicionado;Média;2026-02-28 22:52:00;2026-03-01 01:30:01;5
CHM-6639553;QRT-19577;FUN-74014;Fechadura Eletrônica;Média;2025-02-14 06:04:00;2025-02-14 07:43:14;5
CHM-2505086;QRT-03596;FUN-25313;Ar-condicionado;Média;2025-03-30 17:21:00;2025-03-31 11:29:27;3
CHM-8069280;QRT-99673;FUN-88121;Limpeza Extra;Baixa;2025-04-10 15:47:00;2025-04-11 05:39:00;5
CHM-4452955;QRT-31930;FUN-86194;Limpeza Extra;Alta;2025-09-06 06:16:00;2025-09-06 06:34:59;4
CHM-4260577;QRT-57763;FUN-69104;Limpeza Extra;Alta;2025-07-20 06:29:00;2025-07-20 07:00:00;3
CHM-9116030;QRT-81933;FUN-23286;Ar-condicionado;Alta;2025-10-31 22:05:00;2025-10-31 23:34:02;4
CHM-4312767;QRT-90111;FUN-50800;Ar-condicionado;Média;2026-05-18 20:21:00;2026-05-18 23:25:13;4
CHM-5936903;QRT-62284;FUN-22607;Ar-condicionado;Baixa;2026-06-06 13:05:00;2026-06-06 21:03:21;5
CHM-7206837;QRT-87593;FUN-67710;Elétrica;Baixa;2026-06-15 21:51:00;2026-06-16 02:51:47;5
CHM-8605415;QRT-03049;FUN-67710;Wi-Fi;Alta;2026-03-01 18:34:00;2026-03-01 21:19:22;3
CHM-2240314;QRT-37672;FUN-05739;Limpeza Extra;Média;2025-08-06 10:29:00;2025-08-06 23:27:13;3
CHM-1128875;QRT-51602;FUN-12576;Ar-condicionado;Baixa;2024-10-07 09:38:00;2024-10-08 16:11:29;3
CHM-5276754;QRT-21167;FUN-92311;Ar-condicionado;Média;2025-03-21 10:29:00;2025-03-21 23:32:09;3
CHM-4764115;QRT-13534;FUN-29826;Fechadura Eletrônica;Baixa;2025-04-15 07:02:00;2025-04-15 23:38:30;5
CHM-4887769;QRT-39888;FUN-78820;Fechadura Eletrônica;Média;2026-03-11 08:10:00;2026-03-11 11:40:11;3
CHM-7160922;QRT-68160;FUN-87234;Wi-Fi;Média;2025-04-20 07:08:00;2025-04-20 08:06:05;3
CHM-5349224;QRT-53040;FUN-28577;TV / Controle;Média;2024-07-28 12:41:00;2024-07-28 15:03:01;3
CHM-2317737;QRT-27540;FUN-19473;Ar-condicionado;Média;2024-10-22 09:53:00;2024-10-22 14:05:10;5
CHM-9253945;QRT-09419;FUN-52793;Ar-condicionado;Alta;2024-10-08 19:48:00;2024-10-08 21:26:03;4
CHM-4132901;QRT-81819;FUN-21094;Limpeza Extra;Média;2024-11-21 10:42:00;2024-11-21 14:14:59;5
CHM-5414281;QRT-84220;FUN-52793;Ar-condicionado;Média;2025-04-25 09:49:00;2025-04-25 14:00:33;4
CHM-3756979;QRT-75030;FUN-65780;Ar-condicionado;Alta;2025-04-12 22:53:00;2025-04-12 23:20:42;3
CHM-9778926;QRT-07215;FUN-57664;Hidráulica;Baixa;2025-06-10 18:12:00;2025-06-12 10:49:56;2
CHM-9937482;QRT-46149;FUN-22027;Elétrica;Média;2025-09-18 07:05:00;2025-09-18 11:29:32;5
CHM-9632155;QRT-25217;FUN-23286;Wi-Fi;Baixa;2024-08-27 22:31:00;2024-08-28 08:17:29;4
CHM-7472519;QRT-77112;FUN-05739;Hidráulica;Baixa;2025-01-28 08:08:00;2025-01-28 12:53:38;4
CHM-1138704;QRT-43330;FUN-48683;Hidráulica;Média;2025-10-15 14:34:00;2025-10-16 04:29:28;1
CHM-5918932;QRT-26756;FUN-90839;Limpeza Extra;Baixa;2025-01-28 20:36:00;2025-01-28 23:32:11;4
CHM-0267051;QRT-19577;FUN-12576;Wi-Fi;Alta;2025-12-09 16:22:00;2025-12-09 17:42:57;3
CHM-2568538;QRT-66932;FUN-21094;Hidráulica;Baixa;2024-10-30 06:42:00;2024-10-30 15:03:16;5
CHM-3058740;QRT-70680;FUN-07814;Wi-Fi;Baixa;2025-04-05 21:19:00;2025-04-06 10:05:45;5
CHM-8783895;QRT-31908;FUN-92311;Wi-Fi;Alta;2024-12-28 18:18:00;2024-12-28 19:19:57;4
CHM-6471640;QRT-11649;FUN-89330;Ar-condicionado;Baixa;2026-05-11 07:12:00;2026-05-12 02:23:31;4
CHM-3500938;QRT-92321;FUN-74014;Limpeza Extra;Baixa;2024-11-16 18:54:00;2024-11-17 08:20:07;5
CHM-0461532;QRT-80227;FUN-05739;Wi-Fi;Baixa;2025-03-31 23:30:00;2025-04-01 16:41:05;5
CHM-0667624;QRT-27540;FUN-86194;Hidráulica;Baixa;2026-03-21 08:27:00;2026-03-21 18:32:46;4
CHM-5018988;QRT-69411;FUN-48683;Wi-Fi;Média;2025-11-18 10:14:00;2025-11-18 13:48:44;4
CHM-6164893;QRT-37477;FUN-64706;Limpeza Extra;Média;2025-05-02 12:59:00;2025-05-02 21:26:08;2
CHM-3676053;QRT-42444;FUN-18700;Wi-Fi;Média;2025-06-29 16:51:00;2025-06-29 22:17:33;4
CHM-4358783;QRT-17482;FUN-22607;Fechadura Eletrônica;Baixa;2025-05-28 09:12:00;2025-05-29 11:39:16;3
CHM-1017936;QRT-54918;FUN-29826;TV / Controle;Alta;2025-05-06 08:51:00;2025-05-06 09:27:43;3
CHM-6532753;QRT-01345;FUN-87234;Limpeza Extra;Baixa;2026-04-23 17:24:00;2026-04-24 05:33:22;5
CHM-8611499;QRT-63506;FUN-10947;Ar-condicionado;Baixa;2026-06-25 10:13:00;2026-06-25 18:03:20;4
CHM-7840704;QRT-41934;FUN-22027;Fechadura Eletrônica;Alta;2026-02-25 12:00:00;2026-02-25 13:00:52;4
CHM-4933053;QRT-59560;FUN-09102;TV / Controle;Baixa;2025-08-23 11:04:00;2025-08-23 17:37:09;5
CHM-0800903;QRT-00593;FUN-09102;TV / Controle;Baixa;2025-05-27 19:30:00;2025-05-28 03:13:20;5
CHM-1769974;QRT-75123;FUN-48683;Ar-condicionado;Alta;2025-11-15 14:43:00;2025-11-15 16:41:16;5
CHM-1986943;QRT-92384;FUN-05739;TV / Controle;Baixa;2025-02-03 14:44:00;2025-02-03 21:06:43;4
CHM-1017857;QRT-29980;FUN-96106;TV / Controle;Baixa;2025-05-08 10:31:00;2025-05-09 01:58:30;4
CHM-2799155;QRT-09261;FUN-45111;Frigobar com Defeito;Baixa;2025-10-25 17:00:00;2025-10-27 02:38:10;2
CHM-2684634;QRT-37672;FUN-49170;Limpeza Extra;Média;2026-04-15 09:47:00;2026-04-15 12:00:57;5
CHM-5817857;QRT-02862;FUN-69104;Fechadura Eletrônica;Média;2026-05-24 15:03:00;2026-05-24 23:31:08;2
CHM-0145182;QRT-74766;FUN-01568;Elétrica;Alta;2026-05-11 06:21:00;2026-05-11 06:57:32;5
CHM-7302264;QRT-45866;FUN-34873;Fechadura Eletrônica;Média;2026-03-08 20:44:00;2026-03-09 00:23:03;5
CHM-4884195;QRT-69520;FUN-13975;Ar-condicionado;Média;2024-12-02 16:38:00;2024-12-03 01:58:37;1
CHM-2540289;QRT-01562;FUN-16922;Wi-Fi;Média;2025-06-02 15:39:00;2025-06-02 17:36:15;5
CHM-8705399;QRT-54953;FUN-39946;Wi-Fi;Alta;2026-05-02 08:58:00;2026-05-02 16:49:18;2
CHM-7531523;QRT-42819;FUN-32345;Ar-condicionado;Alta;2024-07-08 08:20:00;2024-07-08 09:21:43;4
CHM-8190330;QRT-00087;FUN-08849;Frigobar com Defeito;Média;2025-09-03 15:54:00;2025-09-04 14:55:30;1
CHM-4805542;QRT-47759;FUN-23361;Fechadura Eletrônica;Baixa;2025-11-08 15:13:00;2025-11-10 14:13:40;3
CHM-6068565;QRT-02711;FUN-05739;Ar-condicionado;Baixa;2025-07-14 20:14:00;2025-07-15 13:12:10;3
CHM-7153910;QRT-88400;FUN-43763;Hidráulica;Baixa;2026-03-29 18:01:00;2026-03-29 22:45:42;4
CHM-7868642;QRT-23373;FUN-08109;Fechadura Eletrônica;Média;2026-04-04 06:57:00;2026-04-04 14:24:31;4
CHM-6444070;QRT-00699;FUN-57664;Elétrica;Baixa;2026-01-11 07:19:00;2026-01-11 13:20:38;5
CHM-9930924;QRT-39746;FUN-52793;Fechadura Eletrônica;Média;2025-02-06 15:18:00;2025-02-06 19:44:47;5
CHM-0950199;QRT-63869;FUN-50800;Hidráulica;Alta;2025-05-15 20:44:00;2025-05-15 21:49:05;4
CHM-8712709;QRT-53914;FUN-67710;Ar-condicionado;Alta;2024-12-15 20:48:00;2024-12-15 21:49:22;5
CHM-0847452;QRT-58808;FUN-04670;Hidráulica;Média;2026-02-20 23:11:00;2026-02-21 03:09:17;5
CHM-5044112;QRT-51351;FUN-71493;Elétrica;Média;2026-05-07 11:50:00;2026-05-07 14:41:50;5
CHM-6229228;QRT-22178;FUN-16922;Ar-condicionado;Baixa;2025-09-14 09:46:00;2025-09-14 17:21:47;5
CHM-4142124;QRT-98284;FUN-64755;Wi-Fi;Baixa;2026-04-17 13:20:00;2026-04-17 22:09:47;4
CHM-8442324;QRT-80227;FUN-32345;Elétrica;Alta;2024-08-20 13:54:00;2024-08-20 16:21:07;1
CHM-6509426;QRT-90762;FUN-64755;Limpeza Extra;Baixa;2026-05-10 14:01:00;2026-05-10 18:49:34;5
CHM-7687817;QRT-02141;FUN-05739;Frigobar com Defeito;Alta;2025-12-24 06:21:00;2025-12-24 07:00:58;5
CHM-3362576;QRT-27723;FUN-52793;Hidráulica;Baixa;2025-11-09 11:45:00;2025-11-11 22:44:07;1
CHM-2012129;QRT-55013;FUN-35080;Wi-Fi;Média;2024-08-10 09:09:00;2024-08-10 12:55:38;4
CHM-8413809;QRT-63609;FUN-81524;Hidráulica;Alta;2026-06-25 07:32:00;2026-06-25 09:22:17;4
CHM-8488591;QRT-74428;FUN-78820;Limpeza Extra;Média;2025-04-04 17:56:00;2025-04-04 20:22:21;5
CHM-0808173;QRT-02819;FUN-37715;Wi-Fi;Alta;2024-09-06 11:31:00;2024-09-06 11:56:28;3
CHM-9293722;QRT-21677;FUN-08109;Fechadura Eletrônica;Alta;2025-10-27 23:38:00;2025-10-28 01:08:19;5
CHM-2114498;QRT-53290;FUN-12040;TV / Controle;Média;2025-08-23 22:41:00;2025-08-24 02:01:03;4
CHM-8751358;QRT-37477;FUN-15784;Frigobar com Defeito;Média;2026-04-25 15:17:00;2026-04-26 01:10:56;3
CHM-2130293;QRT-23373;FUN-08109;Hidráulica;Média;2024-11-05 22:36:00;2024-11-06 01:26:28;5
CHM-1467595;QRT-70536;FUN-49013;Ar-condicionado;Média;2024-10-18 14:07:00;2024-10-18 18:30:34;5
CHM-3605864;QRT-41338;FUN-64047;Hidráulica;Média;2025-10-01 22:31:00;2025-10-02 11:48:24;3
CHM-5706093;QRT-78217;FUN-47371;Hidráulica;Alta;2024-07-14 18:03:00;2024-07-14 20:00:50;5
CHM-5200920;QRT-96972;FUN-37715;Fechadura Eletrônica;Baixa;2024-10-09 15:13:00;2024-10-10 03:58:11;5
CHM-7563748;QRT-81819;FUN-92045;TV / Controle;Média;2025-05-29 13:37:00;2025-05-29 19:08:24;4
CHM-0065243;QRT-27723;FUN-39946;Fechadura Eletrônica;Alta;2026-06-05 17:16:00;2026-06-05 19:20:54;3
CHM-1228878;QRT-99673;FUN-88121;TV / Controle;Alta;2026-04-04 07:07:00;2026-04-04 08:05:06;4
CHM-8484827;QRT-07215;FUN-32345;Limpeza Extra;Média;2024-12-28 14:09:00;2024-12-28 15:25:16;5
CHM-9714046;QRT-53914;FUN-83865;Elétrica;Baixa;2026-03-12 20:14:00;2026-03-13 00:00:48;5
CHM-8671755;QRT-26080;FUN-12576;Wi-Fi;Baixa;2025-03-22 22:55:00;2025-03-23 12:20:16;4
CHM-9236904;QRT-30636;FUN-69727;Wi-Fi;Alta;2025-06-16 18:47:00;2025-06-16 19:42:18;5
CHM-4075908;QRT-15064;FUN-52793;Hidráulica;Alta;2025-12-29 18:49:00;2025-12-29 21:08:20;3
CHM-5181743;QRT-92321;FUN-37715;Limpeza Extra;Média;2024-08-03 12:31:00;2024-08-04 00:35:22;1
CHM-3522163;QRT-37220;FUN-43763;Wi-Fi;Baixa;2026-05-11 23:52:00;2026-05-12 20:42:12;5
CHM-4498812;QRT-06780;FUN-52793;Limpeza Extra;Alta;2025-02-03 13:57:00;2025-02-03 15:45:59;4
CHM-0704492;QRT-81933;FUN-35080;Hidráulica;Alta;2026-03-30 11:49:00;2026-03-30 15:24:14;1
CHM-2385903;QRT-45132;FUN-04670;Wi-Fi;Baixa;2025-08-09 19:18:00;2025-08-09 22:28:35;5
CHM-5500838;QRT-66101;FUN-71493;Fechadura Eletrônica;Média;2026-02-13 10:04:00;2026-02-13 11:31:04;5
CHM-4123544;QRT-70661;FUN-82886;Limpeza Extra;Baixa;2026-06-02 11:49:00;2026-06-02 17:35:37;5
CHM-5574663;QRT-27391;FUN-66580;Limpeza Extra;Baixa;2026-01-04 12:16:00;2026-01-04 17:15:38;3
CHM-6473539;QRT-10455;FUN-15784;Elétrica;Baixa;2025-01-18 19:57:00;2025-01-19 07:50:00;4
CHM-4246646;QRT-92964;FUN-05739;Wi-Fi;Baixa;2025-04-08 08:30:00;2025-04-09 00:26:00;4
CHM-6860842;QRT-29439;FUN-15784;Fechadura Eletrônica;Média;2026-05-03 21:01:00;2026-05-04 02:21:58;5
CHM-5826204;QRT-31908;FUN-48159;Ar-condicionado;Baixa;2025-05-20 18:09:00;2025-05-21 13:22:37;5
CHM-0147325;QRT-46308;FUN-90839;Hidráulica;Média;2026-03-23 12:40:00;2026-03-23 18:09:14;5
CHM-8467137;QRT-69520;FUN-70436;Limpeza Extra;Alta;2025-02-24 15:10:00;2025-02-24 16:10:00;5
CHM-0720999;QRT-17820;FUN-87234;Elétrica;Média;2024-10-08 15:38:00;2024-10-08 18:35:03;4
CHM-7681808;QRT-43251;FUN-66580;Wi-Fi;Baixa;2024-12-02 17:12:00;2024-12-02 21:45:33;5
CHM-2533638;QRT-71194;FUN-50800;Hidráulica;Média;2025-07-02 21:28:00;2025-07-03 01:35:29;5
CHM-1826903;QRT-76575;FUN-23286;Wi-Fi;Média;2025-03-01 19:41:00;2025-03-02 02:21:39;4
CHM-6343835;QRT-24929;FUN-50800;Ar-condicionado;Alta;2025-06-24 06:25:00;2025-06-24 08:57:48;1
CHM-9631132;QRT-78808;FUN-32345;Wi-Fi;Média;2025-05-02 21:09:00;2025-05-02 23:31:58;5
CHM-1738175;QRT-61962;FUN-22027;Hidráulica;Média;2025-02-12 18:37:00;2025-02-13 19:07:23;2
CHM-9617418;QRT-09785;FUN-81524;Hidráulica;Baixa;2026-06-27 22:07:00;2026-06-28 23:41:10;3
CHM-7921857;QRT-63645;FUN-22027;Elétrica;Média;2026-04-10 21:43:00;2026-04-11 05:03:56;5
CHM-0345807;QRT-14528;FUN-67710;Hidráulica;Média;2025-07-16 10:02:00;2025-07-16 15:13:21;5
CHM-9643209;QRT-61719;FUN-22607;Fechadura Eletrônica;Alta;2025-09-03 13:07:00;2025-09-03 13:15:36;4
CHM-3490855;QRT-84072;FUN-49170;TV / Controle;Baixa;2025-11-04 12:33:00;2025-11-05 06:10:21;5
CHM-1193216;QRT-77112;FUN-57664;Ar-condicionado;Média;2025-09-06 19:57:00;2025-09-06 23:36:21;5
CHM-1472302;QRT-99673;FUN-43763;Wi-Fi;Média;2025-04-09 21:09:00;2025-04-10 08:33:05;2
CHM-5949467;QRT-42819;FUN-05739;Fechadura Eletrônica;Baixa;2025-03-25 16:36:00;2025-03-26 05:24:07;4
CHM-3741493;QRT-13534;FUN-34873;Limpeza Extra;Alta;2025-08-13 16:39:00;2025-08-13 19:20:59;1
CHM-9091606;QRT-58690;FUN-08486;Hidráulica;Média;2026-05-07 23:46:00;2026-05-08 02:24:12;5
CHM-1350005;QRT-45132;FUN-36473;Ar-condicionado;Alta;2026-06-29 16:28:00;2026-06-29 17:19:02;4
CHM-9566294;QRT-39575;FUN-69727;Ar-condicionado;Baixa;2025-03-12 12:01:00;2025-03-12 22:05:46;5
CHM-2095874;QRT-64556;FUN-23383;Limpeza Extra;Média;2025-02-24 11:03:00;2025-02-24 17:25:24;5
CHM-8339706;QRT-11654;FUN-47371;Ar-condicionado;Baixa;2025-01-25 19:13:00;2025-01-26 21:55:07;3
CHM-1293822;QRT-04414;FUN-71181;TV / Controle;Alta;2025-02-03 15:01:00;2025-02-03 16:01:04;4
CHM-5096306;QRT-51590;FUN-64755;Limpeza Extra;Média;2026-04-13 11:24:00;2026-04-13 19:50:09;3
CHM-5675851;QRT-38689;FUN-12040;Ar-condicionado;Média;2026-01-22 10:15:00;2026-01-22 15:37:53;5
CHM-8910899;QRT-18824;FUN-22607;Hidráulica;Alta;2025-01-21 22:14:00;2025-01-21 22:36:00;4
CHM-3933144;QRT-26756;FUN-08234;Ar-condicionado;Média;2025-12-05 11:19:00;2025-12-05 19:56:27;1
CHM-6253208;QRT-04414;FUN-10947;Elétrica;Média;2025-02-24 08:12:00;2025-02-24 09:48:30;5
CHM-3585247;QRT-83481;FUN-86194;Hidráulica;Média;2026-01-20 15:05:00;2026-01-20 16:05:13;4
CHM-2664061;QRT-69925;FUN-10947;Elétrica;Baixa;2026-04-27 16:01:00;2026-04-28 00:33:56;4
CHM-8728255;QRT-20055;FUN-83865;Limpeza Extra;Alta;2026-03-31 21:36:00;2026-03-31 22:04:10;5
CHM-5613298;QRT-60540;FUN-43763;Wi-Fi;Alta;2025-02-05 17:22:00;2025-02-05 18:50:31;4
CHM-1316830;QRT-58511;FUN-67710;TV / Controle;Alta;2024-12-31 23:34:00;2025-01-01 01:13:52;5
CHM-6290288;QRT-24118;FUN-35080;Fechadura Eletrônica;Média;2025-03-06 06:42:00;2025-03-06 14:08:32;4
CHM-2971846;QRT-86201;FUN-69727;Wi-Fi;Baixa;2024-11-23 13:41:00;2024-11-24 01:24:38;5
CHM-9051770;QRT-43677;FUN-08234;TV / Controle;Baixa;2026-05-12 07:49:00;2026-05-12 16:02:45;5
CHM-4594342;QRT-94991;FUN-37715;Ar-condicionado;Baixa;2025-10-28 13:41:00;2025-10-28 22:01:51;4
CHM-7542760;QRT-63207;FUN-65780;Elétrica;Alta;2025-04-07 20:01:00;2025-04-07 21:02:43;5
CHM-8615610;QRT-87613;FUN-52300;Fechadura Eletrônica;Baixa;2026-06-11 23:00:00;2026-06-12 14:56:40;4
CHM-4548501;QRT-04542;FUN-90839;Ar-condicionado;Média;2025-04-04 19:07:00;2025-04-05 04:42:59;3
CHM-4158731;QRT-00087;FUN-08849;Frigobar com Defeito;Média;2025-11-21 13:19:00;2025-11-21 14:40:27;5
CHM-9757109;QRT-26756;FUN-09102;Fechadura Eletrônica;Média;2024-08-08 14:36:00;2024-08-08 22:32:42;4
CHM-3250941;QRT-92954;FUN-03036;Limpeza Extra;Alta;2025-12-20 18:33:00;2025-12-20 19:53:17;4
CHM-7978100;QRT-23373;FUN-71493;Hidráulica;Média;2024-11-22 17:52:00;2024-11-23 14:46:51;3
CHM-5901362;QRT-93908;FUN-50800;Wi-Fi;Alta;2024-10-23 14:18:00;2024-10-23 15:35:57;3
CHM-9243536;QRT-29980;FUN-32345;Wi-Fi;Média;2025-10-17 15:32:00;2025-10-18 05:31:02;3
CHM-1937501;QRT-63645;FUN-96106;Ar-condicionado;Média;2026-06-18 11:32:00;2026-06-18 16:06:16;3
CHM-8572693;QRT-29485;FUN-67710;Elétrica;Média;2025-10-28 08:41:00;2025-10-28 14:19:12;5
CHM-8410921;QRT-91492;FUN-29826;Ar-condicionado;Alta;2025-10-09 06:39:00;2025-10-09 07:56:50;4
CHM-8345853;QRT-68507;FUN-64755;Limpeza Extra;Média;2025-06-03 11:20:00;2025-06-03 15:52:24;4
CHM-9301700;QRT-22585;FUN-09102;Wi-Fi;Média;2026-01-30 15:39:00;2026-01-30 20:51:13;5
CHM-0953161;QRT-85702;FUN-65780;Fechadura Eletrônica;Alta;2025-05-19 19:21:00;2025-05-19 21:42:42;1
CHM-1618483;QRT-02819;FUN-37715;Fechadura Eletrônica;Média;2025-01-11 08:38:00;2025-01-11 19:44:29;1
CHM-3271607;QRT-09047;FUN-35080;TV / Controle;Baixa;2025-03-22 10:47:00;2025-03-23 04:38:34;3
CHM-0918318;QRT-39575;FUN-69727;Limpeza Extra;Baixa;2024-11-18 11:20:00;2024-11-19 12:29:18;1
CHM-2469690;QRT-78115;FUN-67710;Fechadura Eletrônica;Média;2025-05-27 18:06:00;2025-05-27 21:10:47;4
CHM-0838886;QRT-37204;FUN-29826;TV / Controle;Baixa;2025-05-30 22:21:00;2025-06-01 04:38:42;1
CHM-0712511;QRT-37672;FUN-22027;Limpeza Extra;Média;2025-12-06 16:35:00;2025-12-06 21:10:12;5
CHM-2913663;QRT-62109;FUN-71493;Ar-condicionado;Alta;2024-09-10 15:55:00;2024-09-10 18:24:26;2
CHM-1901986;QRT-69835;FUN-92311;Frigobar com Defeito;Alta;2025-10-16 21:27:00;2025-10-16 23:35:37;3
CHM-9658804;QRT-31340;FUN-66580;Ar-condicionado;Média;2025-05-24 12:49:00;2025-05-24 15:04:49;5
CHM-7717373;QRT-41263;FUN-29826;Hidráulica;Alta;2025-03-15 07:35:00;2025-03-15 08:32:31;4
CHM-8801515;QRT-37204;FUN-50800;Ar-condicionado;Baixa;2025-02-06 23:15:00;2025-02-07 14:55:24;3
CHM-4922949;QRT-46748;FUN-08828;TV / Controle;Baixa;2025-07-13 13:40:00;2025-07-13 17:52:17;4
CHM-6215612;QRT-95776;FUN-70436;Elétrica;Média;2025-01-13 16:19:00;2025-01-13 17:45:45;4
CHM-0759522;QRT-03930;FUN-08849;Limpeza Extra;Média;2024-09-25 17:05:00;2024-09-25 22:46:32;4
CHM-2095508;QRT-88654;FUN-36473;Elétrica;Alta;2026-03-13 20:17:00;2026-03-13 20:56:17;4
CHM-4925403;QRT-65173;FUN-23383;Elétrica;Baixa;2026-03-05 13:14:00;2026-03-05 20:29:08;5
CHM-7216467;QRT-13595;FUN-09324;Ar-condicionado;Baixa;2025-04-08 09:30:00;2025-04-09 15:03:04;3
CHM-8504588;QRT-62284;FUN-08109;Elétrica;Alta;2024-07-24 11:17:00;2024-07-24 16:10:26;2
CHM-5843850;QRT-92321;FUN-52793;Elétrica;Alta;2025-02-13 22:59:00;2025-02-14 00:14:12;5
CHM-4847418;QRT-28485;FUN-25313;Ar-condicionado;Média;2024-12-29 10:23:00;2024-12-29 19:57:48;2
CHM-8197318;QRT-66307;FUN-52300;Wi-Fi;Baixa;2024-07-10 07:38:00;2024-07-11 19:12:10;3
CHM-6324939;QRT-70680;FUN-52300;Fechadura Eletrônica;Média;2025-04-08 15:24:00;2025-04-08 16:42:10;4
CHM-4346263;QRT-67310;FUN-15784;Fechadura Eletrônica;Média;2025-09-26 15:01:00;2025-09-26 20:50:44;5
CHM-4658946;QRT-87466;FUN-08849;Ar-condicionado;Baixa;2026-03-19 16:37:00;2026-03-21 05:00:11;1
CHM-3471805;QRT-01562;FUN-86194;Wi-Fi;Baixa;2026-04-18 16:01:00;2026-04-19 21:44:51;1
CHM-8457565;QRT-29854;FUN-05739;Ar-condicionado;Média;2024-07-04 15:42:00;2024-07-04 21:39:06;3
CHM-3975488;QRT-63645;FUN-57664;Elétrica;Média;2025-03-21 07:41:00;2025-03-21 10:45:31;4
CHM-8349980;QRT-75043;FUN-52793;Wi-Fi;Média;2024-11-14 14:59:00;2024-11-15 01:03:13;2
CHM-3470591;QRT-37102;FUN-52300;TV / Controle;Média;2025-07-26 23:20:00;2025-07-27 04:04:50;5
CHM-9142269;QRT-27574;FUN-89330;Hidráulica;Média;2025-03-14 12:33:00;2025-03-14 17:28:10;4
CHM-2364998;QRT-16535;FUN-78820;Ar-condicionado;Média;2025-01-24 14:42:00;2025-01-24 15:51:33;4
CHM-3736700;QRT-57124;FUN-69104;Hidráulica;Média;2026-04-24 22:11:00;2026-04-25 06:18:26;2
CHM-9290514;QRT-26716;FUN-08234;Fechadura Eletrônica;Alta;2025-06-08 14:49:00;2025-06-08 15:27:14;4
CHM-6076344;QRT-60979;FUN-18700;Fechadura Eletrônica;Média;2025-02-17 10:05:00;2025-02-17 14:29:41;4
CHM-4060064;QRT-69925;FUN-52793;Hidráulica;Média;2025-05-19 22:17:00;2025-05-20 02:22:19;5
CHM-5825511;QRT-35519;FUN-29826;Elétrica;Baixa;2025-05-15 11:43:00;2025-05-16 12:12:34;3
CHM-8865113;QRT-86201;FUN-48683;Hidráulica;Alta;2025-03-05 11:25:00;2025-03-05 11:53:33;3
CHM-9816126;QRT-46748;FUN-08828;TV / Controle;Média;2026-05-19 20:18:00;2026-05-19 23:34:09;3
CHM-2148380;QRT-42714;FUN-12040;Hidráulica;Alta;2024-09-12 10:22:00;2024-09-12 11:16:04;5
CHM-9442481;QRT-74465;FUN-37715;Ar-condicionado;Alta;2025-07-02 11:14:00;2025-07-02 11:40:18;4
CHM-4790498;QRT-96972;FUN-39946;Wi-Fi;Média;2025-06-03 06:29:00;2025-06-03 18:52:16;1
CHM-1623304;QRT-11826;FUN-71493;Ar-condicionado;Baixa;2025-04-05 14:41:00;2025-04-06 04:22:40;5
CHM-1502927;QRT-65055;FUN-19473;Hidráulica;Baixa;2024-08-08 23:41:00;2024-08-09 03:49:49;5
CHM-7381642;QRT-70944;FUN-81524;Fechadura Eletrônica;Média;2025-06-13 14:29:00;2025-06-13 15:18:25;5
CHM-0682819;QRT-47802;FUN-23286;Limpeza Extra;Alta;2025-11-02 10:53:00;2025-11-02 12:23:21;4
CHM-6161127;QRT-15710;FUN-22027;TV / Controle;Baixa;2025-08-23 07:56:00;2025-08-23 19:13:45;4
CHM-3477309;QRT-01345;FUN-87234;Elétrica;Média;2025-09-23 07:49:00;2025-09-23 14:24:12;5
CHM-9474795;QRT-27574;FUN-76103;Hidráulica;Baixa;2024-10-02 19:55:00;2024-10-03 13:36:15;5
CHM-8481849;QRT-59117;FUN-25313;Wi-Fi;Baixa;2026-06-07 13:13:00;2026-06-07 21:07:56;5
CHM-1881936;QRT-17114;FUN-10947;Ar-condicionado;Baixa;2026-03-18 20:37:00;2026-03-19 01:14:52;5
CHM-5512698;QRT-41934;FUN-05739;Ar-condicionado;Média;2025-02-11 07:33:00;2025-02-11 17:42:17;3
CHM-8161164;QRT-31930;FUN-73856;Wi-Fi;Baixa;2025-08-09 23:47:00;2025-08-10 13:16:38;4
CHM-0013689;QRT-46308;FUN-90839;Limpeza Extra;Média;2025-12-28 19:53:00;2025-12-28 21:10:50;5
CHM-7096334;QRT-22076;FUN-03036;Wi-Fi;Média;2026-04-01 09:28:00;2026-04-02 02:48:40;1
CHM-7955153;QRT-15355;FUN-49170;Wi-Fi;Média;2024-12-02 10:20:00;2024-12-02 15:05:38;4
CHM-1481289;QRT-17861;FUN-39946;Ar-condicionado;Baixa;2025-02-10 23:33:00;2025-02-11 04:01:35;5
CHM-6293725;QRT-71975;FUN-64706;Limpeza Extra;Baixa;2024-07-02 14:56:00;2024-07-02 21:29:38;5
CHM-8818389;QRT-27723;FUN-10947;Fechadura Eletrônica;Média;2026-05-17 08:57:00;2026-05-17 15:25:41;4
CHM-7872198;QRT-53868;FUN-07814;Wi-Fi;Média;2025-09-19 18:14:00;2025-09-19 19:48:50;5
CHM-2020726;QRT-74691;FUN-49170;Limpeza Extra;Baixa;2026-04-13 22:15:00;2026-04-14 04:53:40;4
CHM-4836686;QRT-02047;FUN-08828;Ar-condicionado;Baixa;2025-08-08 17:40:00;2025-08-09 02:12:36;4
CHM-0628865;QRT-42819;FUN-64755;Wi-Fi;Alta;2025-12-12 13:58:00;2025-12-12 15:03:33;5
CHM-1909031;QRT-23801;FUN-09324;Wi-Fi;Baixa;2024-08-17 17:56:00;2024-08-18 12:41:07;5
CHM-4698009;QRT-59560;FUN-86199;Elétrica;Alta;2025-05-17 17:04:00;2025-05-17 18:09:54;5
CHM-3554793;QRT-11218;FUN-23361;TV / Controle;Alta;2025-10-20 14:31:00;2025-10-20 14:49:07;4
CHM-8877167;QRT-55192;FUN-45111;Limpeza Extra;Alta;2025-08-31 10:41:00;2025-08-31 13:06:35;3
CHM-1271688;QRT-25217;FUN-13975;Hidráulica;Média;2025-02-02 14:05:00;2025-02-02 19:00:02;5
CHM-6503871;QRT-29802;FUN-67710;Limpeza Extra;Baixa;2026-05-22 19:12:00;2026-05-22 23:47:41;5
CHM-5972231;QRT-85188;FUN-29826;Hidráulica;Baixa;2026-02-21 10:01:00;2026-02-22 14:47:29;2
CHM-6256537;QRT-24118;FUN-92045;Elétrica;Média;2026-05-26 06:22:00;2026-05-26 11:13:41;4
CHM-0642943;QRT-60661;FUN-39946;Hidráulica;Alta;2025-06-17 08:28:00;2025-06-17 10:28:10;1
CHM-1348488;QRT-66195;FUN-86199;Fechadura Eletrônica;Baixa;2025-01-23 20:58:00;2025-01-24 07:59:34;4
CHM-0497811;QRT-25571;FUN-88121;Ar-condicionado;Média;2024-10-06 08:16:00;2024-10-06 10:06:04;5
CHM-4060185;QRT-02007;FUN-12576;TV / Controle;Alta;2026-02-04 16:39:00;2026-02-04 17:15:16;5
CHM-2227964;QRT-66307;FUN-07814;Elétrica;Média;2026-06-01 06:17:00;2026-06-01 11:16:17;5
CHM-0702117;QRT-49331;FUN-47371;Wi-Fi;Média;2026-04-24 12:49:00;2026-04-24 15:53:38;3
CHM-1302691;QRT-22585;FUN-82886;Wi-Fi;Alta;2026-06-19 21:29:00;2026-06-19 22:10:13;5
CHM-4267029;QRT-06335;FUN-23383;Frigobar com Defeito;Média;2025-10-24 19:08:00;2025-10-24 19:54:30;5
CHM-8420647;QRT-11654;FUN-08849;Wi-Fi;Média;2024-08-19 20:45:00;2024-08-19 22:27:35;5
CHM-6838150;QRT-60661;FUN-52793;Ar-condicionado;Alta;2025-04-14 17:17:00;2025-04-14 17:55:18;4
CHM-8885621;QRT-78217;FUN-08109;Elétrica;Alta;2025-11-01 19:55:00;2025-11-01 21:34:24;3
CHM-9733049;QRT-87654;FUN-25313;Fechadura Eletrônica;Alta;2025-10-23 07:43:00;2025-10-23 09:14:09;5
CHM-3256643;QRT-26716;FUN-08234;Wi-Fi;Baixa;2025-08-26 16:51:00;2025-08-27 10:19:43;4
CHM-9473808;QRT-95201;FUN-29826;Limpeza Extra;Alta;2026-06-06 21:24:00;2026-06-06 23:23:10;4
CHM-9752939;QRT-25078;FUN-83865;Elétrica;Alta;2026-02-25 20:56:00;2026-02-25 22:33:40;4
CHM-8488521;QRT-37477;FUN-64047;Hidráulica;Média;2024-09-26 18:35:00;2024-09-26 20:22:43;5
CHM-8517200;QRT-43330;FUN-50800;TV / Controle;Baixa;2026-01-30 19:06:00;2026-01-31 06:06:43;3
CHM-4108231;QRT-38773;FUN-39946;Hidráulica;Baixa;2026-02-15 09:28:00;2026-02-15 22:51:30;4
CHM-9350317;QRT-88906;FUN-36473;Wi-Fi;Baixa;2025-10-16 23:10:00;2025-10-17 23:10:26;2
CHM-6896716;QRT-47168;FUN-36473;Limpeza Extra;Baixa;2026-03-05 12:12:00;2026-03-05 18:08:42;4
CHM-2582554;QRT-37477;FUN-64047;Limpeza Extra;Média;2026-01-24 14:06:00;2026-01-24 17:01:38;5
CHM-2996298;QRT-26080;FUN-52793;Hidráulica;Média;2025-01-01 19:05:00;2025-01-02 01:12:21;5
CHM-6726324;QRT-08799;FUN-22027;Ar-condicionado;Baixa;2026-03-08 06:00:00;2026-03-08 17:42:15;5
CHM-0072864;QRT-73974;FUN-81524;Limpeza Extra;Baixa;2024-10-16 20:56:00;2024-10-18 18:57:41;2
CHM-6523908;QRT-14624;FUN-15867;Hidráulica;Média;2024-07-07 23:41:00;2024-07-08 01:46:53;5
CHM-9771713;QRT-03540;FUN-22607;Wi-Fi;Média;2024-09-09 16:30:00;2024-09-10 01:22:21;3
CHM-7792043;QRT-86467;FUN-76103;Elétrica;Média;2025-05-06 09:32:00;2025-05-06 13:34:49;4
CHM-9187935;QRT-12128;FUN-10947;Ar-condicionado;Média;2025-01-15 14:50:00;2025-01-15 17:59:55;5
CHM-2367695;QRT-00087;FUN-08849;Fechadura Eletrônica;Alta;2025-01-26 09:56:00;2025-01-26 11:55:16;5
CHM-5857795;QRT-92377;FUN-25313;Ar-condicionado;Média;2024-09-13 16:26:00;2024-09-14 16:47:19;1
CHM-2753039;QRT-64840;FUN-52793;Wi-Fi;Média;2025-09-19 11:35:00;2025-09-19 12:11:28;5
CHM-7299901;QRT-75123;FUN-48683;Hidráulica;Alta;2024-07-20 20:32:00;2024-07-20 21:13:44;4
CHM-4073449;QRT-02711;FUN-49170;Hidráulica;Alta;2025-01-19 23:19:00;2025-01-19 23:40:44;4
CHM-3926131;QRT-02007;FUN-74014;Elétrica;Baixa;2025-09-06 14:52:00;2025-09-07 05:36:17;4
CHM-5822838;QRT-76454;FUN-70436;Hidráulica;Média;2025-09-30 06:09:00;2025-09-30 09:15:45;4
CHM-8063546;QRT-99264;FUN-07814;Limpeza Extra;Média;2026-02-12 15:42:00;2026-02-12 22:49:13;3
CHM-4757403;QRT-99181;FUN-70436;Limpeza Extra;Alta;2025-02-19 06:49:00;2025-02-19 07:08:29;5
CHM-7231653;QRT-41934;FUN-22027;Ar-condicionado;Alta;2024-12-17 09:07:00;2024-12-17 09:34:21;5
CHM-1477799;QRT-98065;FUN-32345;Wi-Fi;Alta;2026-02-16 16:58:00;2026-02-16 17:42:54;3
CHM-5157714;QRT-31095;FUN-04670;Ar-condicionado;Média;2025-12-04 23:05:00;2025-12-05 01:03:29;4
CHM-9413170;QRT-39312;FUN-08486;Frigobar com Defeito;Média;2025-01-21 19:12:00;2025-01-21 20:02:35;5
CHM-5981722;QRT-24810;FUN-71181;Elétrica;Média;2026-05-08 11:30:00;2026-05-08 15:14:10;4
CHM-6112969;QRT-93908;FUN-48683;Wi-Fi;Média;2025-12-11 21:59:00;2025-12-12 04:08:01;3
CHM-9900944;QRT-87466;FUN-02909;Elétrica;Baixa;2024-10-07 06:45:00;2024-10-07 18:01:39;5
CHM-6781363;QRT-28212;FUN-49170;Ar-condicionado;Alta;2026-04-30 06:09:00;2026-04-30 09:45:37;3
CHM-5246923;QRT-27833;FUN-15867;TV / Controle;Baixa;2025-09-17 12:58:00;2025-09-18 01:26:57;5
CHM-4545172;QRT-39575;FUN-50800;Elétrica;Média;2024-10-30 18:24:00;2024-10-31 00:53:45;5
CHM-6710232;QRT-53917;FUN-05739;Elétrica;Alta;2026-04-15 20:00:00;2026-04-15 21:09:38;5
CHM-3358645;QRT-74690;FUN-48683;Hidráulica;Média;2026-05-01 22:46:00;2026-05-02 04:26:17;5
CHM-2040447;QRT-12128;FUN-12576;TV / Controle;Alta;2026-05-09 11:00:00;2026-05-09 12:28:00;4
CHM-5769099;QRT-02862;FUN-08234;Elétrica;Média;2025-01-23 23:40:00;2025-01-24 08:39:00;1
CHM-5178325;QRT-21077;FUN-19473;Ar-condicionado;Média;2026-06-23 23:41:00;2026-06-24 02:45:07;5
CHM-6488281;QRT-63506;FUN-37715;Limpeza Extra;Baixa;2025-08-17 13:58:00;2025-08-18 01:41:56;4
CHM-3316005;QRT-43677;FUN-09324;TV / Controle;Baixa;2024-10-07 18:06:00;2024-10-08 06:29:19;4
CHM-0853003;QRT-93180;FUN-05739;Hidráulica;Alta;2026-03-25 18:21:00;2026-03-25 19:20:27;5
CHM-2387655;QRT-98370;FUN-05739;Limpeza Extra;Média;2025-07-16 18:23:00;2025-07-16 20:45:18;5
CHM-6825596;QRT-00087;FUN-71493;Elétrica;Alta;2025-11-16 06:01:00;2025-11-16 06:06:30;5
CHM-9629308;QRT-75780;FUN-29826;Wi-Fi;Média;2025-04-19 17:03:00;2025-04-19 18:41:13;4
CHM-2676863;QRT-63609;FUN-66580;Hidráulica;Alta;2025-03-30 20:51:00;2025-03-30 22:41:05;5
CHM-1848187;QRT-53290;FUN-04670;Hidráulica;Alta;2025-06-19 13:01:00;2025-06-19 14:29:27;5
CHM-2740181;QRT-47964;FUN-50800;Wi-Fi;Média;2025-02-14 17:05:00;2025-02-14 22:02:21;5
CHM-6777245;QRT-08799;FUN-57664;Hidráulica;Média;2026-04-25 19:57:00;2026-04-26 01:54:43;5
CHM-8111551;QRT-31340;FUN-76103;Hidráulica;Baixa;2025-12-21 23:44:00;2025-12-22 16:04:38;3
CHM-7070721;QRT-81700;FUN-28577;Hidráulica;Média;2024-07-25 06:18:00;2024-07-26 01:38:04;2
CHM-6019814;QRT-03446;FUN-28577;Elétrica;Alta;2025-11-29 18:55:00;2025-11-29 20:01:45;4
CHM-1797815;QRT-24274;FUN-15867;Fechadura Eletrônica;Baixa;2025-01-20 21:34:00;2025-01-22 05:24:55;1
CHM-7616062;QRT-58808;FUN-28577;Hidráulica;Baixa;2025-04-10 07:11:00;2025-04-11 06:53:59;5
CHM-9624512;QRT-06280;FUN-69727;Ar-condicionado;Baixa;2025-04-11 21:28:00;2025-04-12 06:54:25;5
CHM-9200675;QRT-25078;FUN-65780;Fechadura Eletrônica;Alta;2026-01-02 07:57:00;2026-01-02 08:30:01;5
CHM-4636404;QRT-21167;FUN-36473;Ar-condicionado;Média;2025-04-13 07:30:00;2025-04-13 10:57:56;4
CHM-3287085;QRT-88906;FUN-12040;Wi-Fi;Baixa;2025-01-12 14:54:00;2025-01-13 03:05:34;5
CHM-0519988;QRT-06780;FUN-37715;Limpeza Extra;Baixa;2025-02-10 14:02:00;2025-02-10 23:35:12;4
CHM-1378506;QRT-24810;FUN-37715;Hidráulica;Média;2026-05-30 09:51:00;2026-05-30 13:55:21;5
CHM-5987682;QRT-38689;FUN-92311;Wi-Fi;Alta;2025-10-27 14:46:00;2025-10-27 15:21:11;5
CHM-3532205;QRT-47759;FUN-45111;Fechadura Eletrônica;Média;2026-06-10 18:18:00;2026-06-10 21:40:17;4
CHM-6604595;QRT-98042;FUN-65780;Ar-condicionado;Alta;2024-07-31 08:57:00;2024-07-31 10:05:31;5
CHM-4848005;QRT-44318;FUN-15867;Ar-condicionado;Média;2024-11-09 12:38:00;2024-11-09 16:36:37;4
CHM-2460684;QRT-26237;FUN-67282;Elétrica;Média;2025-07-03 11:31:00;2025-07-03 16:46:25;5
CHM-9986267;QRT-33730;FUN-50800;TV / Controle;Alta;2026-02-23 11:27:00;2026-02-23 12:13:39;4
CHM-7146495;QRT-42355;FUN-34079;Hidráulica;Média;2024-11-17 23:23:00;2024-11-18 02:18:09;5
CHM-2640763;QRT-88654;FUN-96354;Frigobar com Defeito;Média;2025-09-14 13:19:00;2025-09-14 18:07:20;5
CHM-2764851;QRT-09419;FUN-39946;Elétrica;Média;2025-06-30 14:59:00;2025-06-30 23:02:24;3
CHM-3127041;QRT-86712;FUN-69727;Limpeza Extra;Média;2025-11-04 18:17:00;2025-11-04 22:30:30;4
CHM-3631655;QRT-04025;FUN-86194;Elétrica;Alta;2025-12-17 16:04:00;2025-12-17 17:22:27;4
CHM-4283638;QRT-24337;FUN-12040;Limpeza Extra;Média;2024-07-29 07:17:00;2024-07-29 12:35:16;5
CHM-3906026;QRT-21496;FUN-90839;TV / Controle;Média;2026-06-22 07:38:00;2026-06-22 11:45:22;5
CHM-3157146;QRT-28485;FUN-08109;TV / Controle;Média;2024-10-08 22:03:00;2024-10-09 05:15:43;4
CHM-6649149;QRT-63506;FUN-37715;Wi-Fi;Baixa;2024-11-09 14:34:00;2024-11-10 04:17:53;5
CHM-0293280;QRT-26756;FUN-09324;Ar-condicionado;Média;2024-12-30 07:28:00;2024-12-30 19:12:26;2
CHM-7950036;QRT-24337;FUN-04670;Wi-Fi;Baixa;2025-04-17 16:25:00;2025-04-18 00:43:36;5
CHM-9780871;QRT-51602;FUN-74014;Fechadura Eletrônica;Alta;2024-09-20 17:25:00;2024-09-20 18:39:40;5
CHM-1951250;QRT-24929;FUN-15867;Fechadura Eletrônica;Média;2024-11-21 21:58:00;2024-11-22 01:39:11;3
CHM-0949934;QRT-40975;FUN-22607;Limpeza Extra;Baixa;2025-02-26 20:12:00;2025-02-27 06:09:36;3
CHM-5865166;QRT-34521;FUN-49013;Wi-Fi;Baixa;2025-09-30 23:16:00;2025-10-01 07:21:16;5
CHM-2250545;QRT-09261;FUN-45111;Hidráulica;Baixa;2025-04-28 17:22:00;2025-04-29 15:28:52;3
CHM-2439011;QRT-40975;FUN-25313;Wi-Fi;Baixa;2024-09-23 09:14:00;2024-09-24 01:51:25;3
CHM-4051307;QRT-28645;FUN-41540;Fechadura Eletrônica;Alta;2025-04-22 23:48:00;2025-04-23 03:26:02;3
CHM-3800784;QRT-86712;FUN-48683;Ar-condicionado;Baixa;2026-04-20 12:56:00;2026-04-21 02:01:05;5
CHM-3678053;QRT-70536;FUN-64047;Limpeza Extra;Média;2025-01-10 16:54:00;2025-01-11 00:46:23;5
CHM-3735133;QRT-03930;FUN-71493;Elétrica;Média;2026-05-17 21:58:00;2026-05-18 00:51:01;5
CHM-9366186;QRT-33730;FUN-29826;Hidráulica;Baixa;2025-07-15 15:12:00;2025-07-16 03:15:33;5
CHM-5770199;QRT-19734;FUN-69104;Limpeza Extra;Baixa;2025-11-08 13:58:00;2025-11-08 19:45:09;4
CHM-1604462;QRT-78808;FUN-22027;Frigobar com Defeito;Média;2024-07-15 10:51:00;2024-07-15 16:12:11;5
CHM-7036908;QRT-67310;FUN-64706;Ar-condicionado;Baixa;2025-01-20 21:34:00;2025-01-21 22:11:02;3
CHM-5812484;QRT-29854;FUN-57664;Hidráulica;Baixa;2024-08-12 08:28:00;2024-08-14 00:03:35;1
CHM-2688603;QRT-74690;FUN-15867;Ar-condicionado;Baixa;2025-05-03 06:41:00;2025-05-03 18:39:49;3
CHM-6652648;QRT-17114;FUN-08486;Hidráulica;Média;2026-04-28 14:55:00;2026-04-28 19:44:11;4
CHM-8356410;QRT-57124;FUN-90839;Fechadura Eletrônica;Baixa;2025-05-04 19:44:00;2025-05-05 23:44:17;3
CHM-2215757;QRT-85188;FUN-15867;Limpeza Extra;Média;2025-07-16 20:02:00;2025-07-17 09:14:50;3
CHM-9969675;QRT-03930;FUN-08849;Wi-Fi;Média;2025-06-01 18:16:00;2025-06-01 21:28:43;4
CHM-0413744;QRT-75289;FUN-57664;Elétrica;Média;2025-01-18 12:30:00;2025-01-18 22:10:37;3
CHM-5359687;QRT-47628;FUN-76103;Elétrica;Média;2025-04-12 18:27:00;2025-04-13 00:29:39;3
CHM-0942999;QRT-95201;FUN-50800;Limpeza Extra;Média;2024-08-13 15:10:00;2024-08-13 20:44:07;4
CHM-6383589;QRT-63869;FUN-50800;Ar-condicionado;Alta;2026-04-26 12:57:00;2026-04-26 16:38:22;2
CHM-7763631;QRT-85367;FUN-39946;Wi-Fi;Média;2025-05-11 10:31:00;2025-05-11 11:39:47;5
CHM-6769373;QRT-15710;FUN-64755;Ar-condicionado;Baixa;2025-01-31 07:00:00;2025-01-31 14:47:46;5
CHM-6353984;QRT-59560;FUN-01568;Wi-Fi;Média;2025-07-17 21:59:00;2025-07-18 01:11:29;3
CHM-0118032;QRT-46149;FUN-05739;Limpeza Extra;Média;2026-04-05 07:08:00;2026-04-05 13:51:11;4
CHM-3265873;QRT-85367;FUN-71181;Wi-Fi;Baixa;2026-04-10 22:35:00;2026-04-11 04:58:00;5
CHM-7120940;QRT-86959;FUN-01568;Wi-Fi;Média;2024-07-02 22:51:00;2024-07-03 05:46:17;5
CHM-2888381;QRT-11218;FUN-23361;Wi-Fi;Média;2024-11-08 15:58:00;2024-11-08 18:41:59;4
CHM-7923080;QRT-31095;FUN-48159;Ar-condicionado;Baixa;2025-04-13 07:51:00;2025-04-14 04:29:04;5
CHM-4382127;QRT-89443;FUN-05739;Elétrica;Alta;2025-06-07 22:06:00;2025-06-07 23:07:50;5
CHM-2869768;QRT-57763;FUN-90839;Wi-Fi;Média;2026-03-06 11:55:00;2026-03-07 05:17:33;3
CHM-9362550;QRT-03540;FUN-22607;Fechadura Eletrônica;Baixa;2024-10-15 14:19:00;2024-10-15 20:13:18;5
CHM-4515627;QRT-04414;FUN-37715;Wi-Fi;Média;2025-03-29 23:11:00;2025-03-30 06:30:41;4
CHM-1647627;QRT-80765;FUN-86194;Limpeza Extra;Alta;2025-01-06 08:34:00;2025-01-06 09:58:25;4
CHM-3789561;QRT-99264;FUN-45111;Ar-condicionado;Média;2025-02-14 12:51:00;2025-02-14 16:26:35;5
CHM-0459461;QRT-49331;FUN-22607;Wi-Fi;Baixa;2024-08-04 15:07:00;2024-08-05 09:19:29;4
CHM-6168232;QRT-10397;FUN-16922;Frigobar com Defeito;Média;2025-06-21 19:08:00;2025-06-21 22:00:34;4
CHM-6685275;QRT-70944;FUN-18700;Limpeza Extra;Baixa;2026-05-25 19:43:00;2026-05-26 10:13:08;5
CHM-6307169;QRT-72908;FUN-71181;Wi-Fi;Baixa;2026-03-02 07:06:00;2026-03-02 15:40:19;5
CHM-6229837;QRT-17495;FUN-15784;Fechadura Eletrônica;Alta;2025-04-09 07:57:00;2025-04-09 09:13:05;3
CHM-4599781;QRT-14624;FUN-50800;Fechadura Eletrônica;Média;2024-12-12 17:49:00;2024-12-12 23:32:48;3
CHM-4188135;QRT-04443;FUN-86199;Wi-Fi;Baixa;2025-03-25 21:34:00;2025-03-26 09:32:45;5
CHM-7978610;QRT-47964;FUN-69727;Limpeza Extra;Alta;2025-06-08 19:31:00;2025-06-08 21:15:34;4
CHM-3211155;QRT-27833;FUN-15867;Ar-condicionado;Baixa;2025-11-30 12:43:00;2025-11-30 23:13:12;5
CHM-1882738;QRT-66307;FUN-66580;Ar-condicionado;Baixa;2025-06-01 09:06:00;2025-06-02 01:14:17;5
CHM-6279805;QRT-27540;FUN-83865;Wi-Fi;Média;2026-04-18 18:50:00;2026-04-18 20:40:21;5
CHM-1614348;QRT-31908;FUN-96354;Ar-condicionado;Baixa;2025-09-15 07:36:00;2025-09-15 17:06:29;4
CHM-0038827;QRT-86201;FUN-48683;Hidráulica;Média;2025-11-21 14:18:00;2025-11-21 18:18:17;4
CHM-3894342;QRT-45185;FUN-50800;Elétrica;Média;2025-12-21 07:26:00;2025-12-21 20:43:28;3
CHM-4921814;QRT-66307;FUN-76103;Fechadura Eletrônica;Baixa;2025-02-07 09:45:00;2025-02-08 01:17:10;5
CHM-5498122;QRT-13238;FUN-52793;Elétrica;Média;2025-01-16 18:17:00;2025-01-16 22:58:33;5
CHM-2825010;QRT-00452;FUN-22027;Hidráulica;Média;2024-12-18 19:36:00;2024-12-19 04:21:13;3
CHM-8243499;QRT-24337;FUN-12040;Fechadura Eletrônica;Baixa;2025-03-30 22:29:00;2025-03-31 05:24:41;5
CHM-6848926;QRT-37131;FUN-48159;Ar-condicionado;Alta;2026-05-19 10:24:00;2026-05-19 11:59:11;4
CHM-6501885;QRT-91628;FUN-71181;Wi-Fi;Média;2026-01-15 20:57:00;2026-01-16 03:08:27;4
CHM-9860364;QRT-15064;FUN-08486;Hidráulica;Baixa;2026-02-04 10:18:00;2026-02-04 18:52:44;4
CHM-5055089;QRT-84220;FUN-39946;Hidráulica;Alta;2026-05-08 06:59:00;2026-05-08 08:38:21;4
CHM-4585496;QRT-66195;FUN-09324;Hidráulica;Média;2026-03-15 12:28:00;2026-03-15 14:02:59;4
CHM-3350748;QRT-15355;FUN-96106;Wi-Fi;Alta;2025-02-18 16:19:00;2025-02-18 17:54:06;5
CHM-0078615;QRT-49496;FUN-02909;Hidráulica;Média;2025-05-15 09:16:00;2025-05-16 01:31:15;1
CHM-0530027;QRT-37672;FUN-96106;Wi-Fi;Baixa;2024-10-27 08:24:00;2024-10-28 08:13:09;5
CHM-6854918;QRT-61962;FUN-22027;Wi-Fi;Média;2024-12-09 12:11:00;2024-12-09 16:46:26;5
CHM-7357398;QRT-81045;FUN-57664;Elétrica;Média;2026-02-11 17:16:00;2026-02-11 20:08:46;5
CHM-2333553;QRT-16398;FUN-08828;Ar-condicionado;Média;2025-02-22 23:31:00;2025-02-23 15:48:08;1
CHM-4406214;QRT-89443;FUN-57664;Wi-Fi;Média;2026-04-28 10:18:00;2026-04-28 11:05:29;4
CHM-2808545;QRT-92171;FUN-65780;Hidráulica;Alta;2025-10-29 16:55:00;2025-10-29 17:39:18;4
CHM-7013255;QRT-68692;FUN-49170;Limpeza Extra;Baixa;2025-10-09 17:58:00;2025-10-10 05:38:26;5
CHM-1825120;QRT-06335;FUN-12040;Wi-Fi;Baixa;2026-04-19 23:48:00;2026-04-20 08:14:54;4
CHM-3648746;QRT-00699;FUN-22027;Ar-condicionado;Baixa;2025-11-24 09:10:00;2025-11-24 18:54:27;4
CHM-6349512;QRT-34521;FUN-64047;Hidráulica;Média;2024-12-27 13:28:00;2024-12-27 23:59:52;2
CHM-1857349;QRT-66932;FUN-13975;TV / Controle;Baixa;2024-10-12 11:53:00;2024-10-12 21:34:36;3
CHM-4578559;QRT-20026;FUN-21094;Limpeza Extra;Média;2025-06-16 17:07:00;2025-06-16 23:19:03;5
CHM-6388729;QRT-57181;FUN-49170;Ar-condicionado;Média;2024-11-17 10:54:00;2024-11-17 15:00:45;3
CHM-4864734;QRT-41356;FUN-07814;Limpeza Extra;Média;2025-02-02 10:23:00;2025-02-02 13:16:24;5
CHM-3756816;QRT-45866;FUN-34873;TV / Controle;Alta;2024-11-05 12:30:00;2024-11-05 15:35:08;1
CHM-2537983;QRT-15355;FUN-05739;TV / Controle;Baixa;2025-02-26 12:53:00;2025-02-26 22:37:53;5
CHM-7886905;QRT-41316;FUN-52300;Wi-Fi;Média;2026-05-01 19:45:00;2026-05-02 06:39:06;3
CHM-0173029;QRT-78808;FUN-05739;Elétrica;Baixa;2026-04-01 21:32:00;2026-04-03 00:54:17;3
CHM-3399780;QRT-38773;FUN-12576;Elétrica;Média;2025-08-03 08:49:00;2025-08-03 11:00:16;5
CHM-9621827;QRT-09419;FUN-74014;Ar-condicionado;Baixa;2025-08-05 06:37:00;2025-08-05 19:09:34;3
CHM-3873816;QRT-29439;FUN-49013;TV / Controle;Baixa;2026-01-16 16:51:00;2026-01-19 13:58:07;2
CHM-8296904;QRT-92954;FUN-21094;TV / Controle;Baixa;2025-04-07 08:55:00;2025-04-07 17:54:34;3
CHM-5692623;QRT-59498;FUN-55799;Elétrica;Média;2026-02-23 21:45:00;2026-02-24 04:55:13;5
CHM-4370656;QRT-78380;FUN-76103;Wi-Fi;Média;2025-10-19 08:39:00;2025-10-19 16:10:00;3
CHM-6237572;QRT-87613;FUN-23361;Wi-Fi;Baixa;2025-03-27 15:21:00;2025-03-28 00:28:19;5
CHM-0240402;QRT-11218;FUN-81524;Wi-Fi;Baixa;2025-02-28 09:51:00;2025-03-01 08:07:30;5
CHM-3432301;QRT-86467;FUN-18700;Ar-condicionado;Média;2025-09-27 23:25:00;2025-09-28 00:57:04;5
CHM-4256048;QRT-46748;FUN-08828;Ar-condicionado;Alta;2025-06-04 11:11:00;2025-06-04 13:19:25;2
CHM-7808853;QRT-66170;FUN-04670;TV / Controle;Baixa;2026-04-04 21:47:00;2026-04-05 12:16:39;5
CHM-7655588;QRT-68610;FUN-48159;Ar-condicionado;Média;2024-09-23 09:12:00;2024-09-23 10:10:38;4
CHM-3953245;QRT-20665;FUN-64706;TV / Controle;Baixa;2025-09-21 11:14:00;2025-09-21 21:35:28;4
CHM-3075584;QRT-50393;FUN-92311;Ar-condicionado;Alta;2025-10-10 10:00:00;2025-10-10 10:21:56;4
CHM-3191599;QRT-46748;FUN-08828;Wi-Fi;Baixa;2024-09-20 18:48:00;2024-09-21 01:35:20;5
CHM-0062610;QRT-03500;FUN-64047;Hidráulica;Alta;2025-05-25 22:25:00;2025-05-25 23:14:25;5
CHM-0629072;QRT-46308;FUN-01568;Fechadura Eletrônica;Média;2025-04-01 07:07:00;2025-04-01 14:22:29;5
CHM-8967330;QRT-30636;FUN-15867;Hidráulica;Média;2025-01-03 14:26:00;2025-01-03 16:19:26;5
CHM-8385841;QRT-16851;FUN-73856;Elétrica;Média;2024-11-19 12:18:00;2024-11-19 15:30:22;5
CHM-7565380;QRT-48634;FUN-23383;Limpeza Extra;Baixa;2024-10-29 20:53:00;2024-10-30 02:13:57;3
CHM-0966206;QRT-72144;FUN-36473;Frigobar com Defeito;Alta;2024-12-25 15:47:00;2024-12-25 16:22:00;5
CHM-2640138;QRT-70123;FUN-35080;Wi-Fi;Baixa;2025-12-26 07:01:00;2025-12-27 22:27:49;2
CHM-2536588;QRT-98284;FUN-05739;Elétrica;Média;2025-06-03 10:15:00;2025-06-03 15:37:37;4
CHM-0737806;QRT-94756;FUN-69104;Ar-condicionado;Média;2024-07-21 08:25:00;2024-07-21 09:58:38;5
CHM-9619776;QRT-83665;FUN-12576;Hidráulica;Baixa;2025-08-30 09:15:00;2025-08-31 16:43:26;2
CHM-3347912;QRT-53290;FUN-04670;Elétrica;Baixa;2025-05-13 20:53:00;2025-05-15 02:49:15;3
CHM-6191928;QRT-38773;FUN-52793;Wi-Fi;Média;2024-08-08 12:04:00;2024-08-08 15:37:04;5
CHM-8695734;QRT-02711;FUN-96106;Limpeza Extra;Média;2024-08-10 18:28:00;2024-08-11 02:39:32;1
CHM-3044715;QRT-53432;FUN-90839;TV / Controle;Média;2025-04-11 13:04:00;2025-04-12 04:16:00;2
CHM-2666134;QRT-09261;FUN-52300;Frigobar com Defeito;Média;2026-05-13 18:30:00;2026-05-13 23:09:32;5
CHM-6563869;QRT-11142;FUN-13975;Ar-condicionado;Média;2025-08-03 15:52:00;2025-08-03 18:07:10;5
CHM-8281758;QRT-63869;FUN-34873;Wi-Fi;Baixa;2026-06-19 12:57:00;2026-06-20 13:02:46;2
CHM-8656382;QRT-19577;FUN-08486;Elétrica;Alta;2026-03-23 10:22:00;2026-03-23 11:02:18;3
CHM-4373943;QRT-47802;FUN-70436;Ar-condicionado;Média;2025-02-09 06:09:00;2025-02-09 08:48:17;5
CHM-9514143;QRT-75123;FUN-50800;Hidráulica;Alta;2026-04-03 17:53:00;2026-04-03 18:27:13;5
CHM-6897486;QRT-53917;FUN-22027;Elétrica;Média;2024-10-20 14:34:00;2024-10-20 21:44:00;5
CHM-3842918;QRT-84837;FUN-23383;Hidráulica;Média;2025-03-08 23:16:00;2025-03-09 08:46:44;3
CHM-7187832;QRT-42714;FUN-96354;Elétrica;Alta;2025-04-12 10:55:00;2025-04-12 11:47:09;4
CHM-8885649;QRT-89068;FUN-39946;Limpeza Extra;Baixa;2025-10-06 12:29:00;2025-10-07 21:28:37;2
CHM-9076544;QRT-84941;FUN-41540;Hidráulica;Média;2026-03-21 21:07:00;2026-03-22 00:22:24;3
CHM-0445401;QRT-41934;FUN-32345;Limpeza Extra;Média;2025-11-24 12:45:00;2025-11-24 16:46:31;4
CHM-8316083;QRT-63869;FUN-48683;Hidráulica;Média;2026-01-03 15:08:00;2026-01-03 17:18:39;4
CHM-1932295;QRT-29485;FUN-67710;Frigobar com Defeito;Alta;2026-01-14 21:11:00;2026-01-14 21:55:53;4
CHM-9658400;QRT-94756;FUN-09324;Limpeza Extra;Alta;2025-12-29 20:10:00;2025-12-29 22:33:28;1
CHM-4856294;QRT-84972;FUN-18700;Hidráulica;Baixa;2025-04-11 20:46:00;2025-04-12 05:37:14;5
CHM-4019895;QRT-52853;FUN-74014;Ar-condicionado;Média;2025-10-06 07:52:00;2025-10-06 10:14:39;5
CHM-7517601;QRT-07215;FUN-22027;Ar-condicionado;Alta;2025-12-16 13:16:00;2025-12-16 13:48:25;4
CHM-9001861;QRT-76445;FUN-03036;Ar-condicionado;Baixa;2025-01-06 22:04:00;2025-01-07 01:24:02;4
CHM-2172897;QRT-70944;FUN-45111;Wi-Fi;Média;2026-04-11 23:51:00;2026-04-12 01:57:58;3
CHM-5798504;QRT-06113;FUN-13975;Ar-condicionado;Média;2026-06-07 07:50:00;2026-06-07 09:18:53;3
CHM-3349733;QRT-26237;FUN-49013;TV / Controle;Baixa;2025-05-22 19:25:00;2025-05-23 03:17:49;5
CHM-9259811;QRT-92321;FUN-74014;Wi-Fi;Alta;2024-10-24 08:07:00;2024-10-24 09:02:02;5
CHM-2957289;QRT-82787;FUN-07814;Wi-Fi;Média;2025-10-04 06:27:00;2025-10-04 09:59:45;4
CHM-6593932;QRT-09849;FUN-50800;Wi-Fi;Média;2024-11-05 10:50:00;2024-11-05 15:57:04;5
CHM-1397237;QRT-41356;FUN-07814;Ar-condicionado;Alta;2026-01-19 12:24:00;2026-01-19 13:54:13;4
CHM-7593797;QRT-94991;FUN-71181;Wi-Fi;Alta;2025-01-05 23:48:00;2025-01-06 00:18:15;4
CHM-2544141;QRT-40043;FUN-22027;Frigobar com Defeito;Alta;2025-12-18 11:36:00;2025-12-18 14:30:21;2
CHM-2685073;QRT-66195;FUN-82886;Limpeza Extra;Baixa;2024-09-19 12:42:00;2024-09-20 10:42:15;5
CHM-1051099;QRT-60845;FUN-48683;Ar-condicionado;Baixa;2024-08-11 10:15:00;2024-08-12 10:33:57;2
CHM-4700932;QRT-06043;FUN-12576;Fechadura Eletrônica;Média;2025-08-06 08:08:00;2025-08-06 12:26:44;4
CHM-1783082;QRT-64260;FUN-90839;Frigobar com Defeito;Média;2025-02-07 18:53:00;2025-02-08 02:48:34;5
CHM-0801824;QRT-72144;FUN-23383;Ar-condicionado;Média;2024-12-24 20:49:00;2024-12-25 14:53:26;3
CHM-5183335;QRT-88906;FUN-23383;Limpeza Extra;Alta;2024-10-07 23:45:00;2024-10-08 02:03:28;1
CHM-0396810;QRT-25571;FUN-88121;Hidráulica;Alta;2024-07-30 18:41:00;2024-07-30 20:30:06;4
CHM-0542834;QRT-27801;FUN-23361;Limpeza Extra;Baixa;2026-02-04 18:42:00;2026-02-04 21:13:50;4
CHM-4569463;QRT-17482;FUN-02909;Wi-Fi;Alta;2026-04-08 23:44:00;2026-04-09 01:30:41;5
CHM-2992568;QRT-76281;FUN-12576;Elétrica;Alta;2024-09-22 06:17:00;2024-09-22 07:39:46;5
CHM-8153866;QRT-99264;FUN-23361;TV / Controle;Média;2026-01-11 15:28:00;2026-01-11 18:25:24;5
CHM-5984842;QRT-65055;FUN-67710;Frigobar com Defeito;Média;2025-06-23 17:52:00;2025-06-23 20:36:20;4
CHM-0042908;QRT-31908;FUN-12040;Wi-Fi;Baixa;2025-02-08 23:23:00;2025-02-09 22:47:58;5
CHM-1817579;QRT-27391;FUN-81524;Elétrica;Média;2025-07-22 18:01:00;2025-07-23 07:51:18;3
CHM-9634496;QRT-58690;FUN-74014;TV / Controle;Baixa;2026-05-13 07:29:00;2026-05-13 19:26:01;3
CHM-2484637;QRT-72078;FUN-32345;Hidráulica;Alta;2024-12-21 10:37:00;2024-12-21 11:23:02;5
CHM-6407702;QRT-59512;FUN-15784;TV / Controle;Média;2026-03-31 12:45:00;2026-03-31 14:57:43;5
CHM-3006315;QRT-27833;FUN-48683;Ar-condicionado;Alta;2025-09-17 18:49:00;2025-09-17 19:09:40;5
CHM-8451144;QRT-44476;FUN-73856;Elétrica;Baixa;2025-03-25 21:31:00;2025-03-26 09:43:19;4
CHM-6699708;QRT-69411;FUN-50800;Ar-condicionado;Média;2025-03-30 07:02:00;2025-03-30 14:32:40;5
CHM-0411983;QRT-92964;FUN-49170;Limpeza Extra;Baixa;2024-07-19 11:13:00;2024-07-20 06:32:14;5
CHM-6233957;QRT-29802;FUN-78820;Limpeza Extra;Média;2025-03-22 19:02:00;2025-03-22 21:09:05;5
CHM-3609550;QRT-25217;FUN-34079;TV / Controle;Baixa;2025-03-19 12:49:00;2025-03-20 08:15:53;3
CHM-2050308;QRT-09785;FUN-81524;Hidráulica;Alta;2026-01-10 21:57:00;2026-01-10 22:53:28;4
CHM-7279622;QRT-21677;FUN-02909;Elétrica;Média;2025-06-10 07:30:00;2025-06-10 09:01:36;5
CHM-4658255;QRT-47964;FUN-29826;Hidráulica;Baixa;2024-07-12 16:35:00;2024-07-12 19:44:39;4
CHM-7910496;QRT-85329;FUN-09102;Ar-condicionado;Baixa;2024-10-11 06:38:00;2024-10-11 21:53:08;5
CHM-5442817;QRT-69835;FUN-96354;Ar-condicionado;Média;2026-01-23 06:49:00;2026-01-23 21:49:21;1
CHM-6243365;QRT-37204;FUN-69727;Frigobar com Defeito;Média;2025-11-22 21:41:00;2025-11-22 22:46:18;4
CHM-8396176;QRT-70123;FUN-08828;TV / Controle;Baixa;2025-07-26 15:10:00;2025-07-27 08:25:46;5
CHM-7559919;QRT-03540;FUN-71493;Limpeza Extra;Média;2025-02-27 15:29:00;2025-02-27 19:34:06;4
CHM-3171819;QRT-61287;FUN-02909;Ar-condicionado;Baixa;2025-06-28 15:30:00;2025-06-29 03:00:32;5
CHM-6260851;QRT-78115;FUN-19473;TV / Controle;Alta;2026-05-27 16:36:00;2026-05-27 18:15:51;5
CHM-5904018;QRT-72908;FUN-39946;Limpeza Extra;Alta;2026-04-08 20:59:00;2026-04-08 21:36:04;4
CHM-6886980;QRT-03540;FUN-47371;Limpeza Extra;Média;2025-07-05 16:01:00;2025-07-05 23:46:14;5
CHM-9286046;QRT-22560;FUN-34873;TV / Controle;Média;2024-07-03 10:22:00;2024-07-03 18:47:37;2
CHM-4495335;QRT-64840;FUN-52793;Hidráulica;Alta;2025-01-14 07:29:00;2025-01-14 09:44:10;3
CHM-0401961;QRT-11649;FUN-81524;Hidráulica;Alta;2025-11-28 14:41:00;2025-11-28 16:32:46;4
CHM-4310708;QRT-99181;FUN-34079;Wi-Fi;Média;2026-04-08 09:00:00;2026-04-08 11:25:25;5
CHM-4082828;QRT-37204;FUN-50800;Wi-Fi;Baixa;2025-02-24 15:55:00;2025-02-25 02:35:06;5
CHM-4080248;QRT-76454;FUN-70436;Elétrica;Baixa;2025-06-11 18:28:00;2025-06-12 00:55:35;4
CHM-4991574;QRT-23373;FUN-25313;Limpeza Extra;Média;2024-10-18 08:08:00;2024-10-18 11:20:50;5
CHM-3889303;QRT-81700;FUN-96354;Ar-condicionado;Média;2024-11-07 10:40:00;2024-11-07 13:53:40;4
CHM-7763899;QRT-89410;FUN-39946;Limpeza Extra;Média;2024-10-07 14:56:00;2024-10-07 22:28:42;5
CHM-8969693;QRT-49331;FUN-08849;Ar-condicionado;Alta;2025-07-20 06:44:00;2025-07-20 07:47:32;3
CHM-0200537;QRT-02711;FUN-32345;Fechadura Eletrônica;Baixa;2025-05-25 19:26:00;2025-05-25 23:06:28;4
CHM-5010196;QRT-10607;FUN-22027;Elétrica;Alta;2024-08-26 12:02:00;2024-08-26 13:26:01;5
CHM-4980790;QRT-51590;FUN-22027;Ar-condicionado;Média;2025-07-17 18:52:00;2025-07-17 22:24:11;4
CHM-1490277;QRT-41316;FUN-18700;Limpeza Extra;Média;2024-12-26 15:54:00;2024-12-27 00:20:59;1
CHM-4987259;QRT-14866;FUN-08486;Wi-Fi;Baixa;2025-01-31 15:03:00;2025-02-01 10:19:44;5
CHM-8806914;QRT-47802;FUN-34079;Wi-Fi;Baixa;2025-01-29 07:09:00;2025-01-29 15:30:10;3
CHM-9432087;QRT-37204;FUN-15867;Ar-condicionado;Baixa;2024-10-10 17:25:00;2024-10-11 09:07:31;5
CHM-1986072;QRT-94991;FUN-39946;Frigobar com Defeito;Média;2026-03-02 10:39:00;2026-03-03 00:42:04;2
CHM-9433398;QRT-34396;FUN-71493;Ar-condicionado;Alta;2025-08-18 11:47:00;2025-08-18 12:04:13;4
CHM-4069177;QRT-29980;FUN-32345;Hidráulica;Média;2024-09-25 13:06:00;2024-09-25 20:05:46;3
CHM-9864319;QRT-66602;FUN-12040;Hidráulica;Baixa;2024-07-27 18:01:00;2024-07-28 01:03:08;5
CHM-7198760;QRT-40957;FUN-67710;Ar-condicionado;Média;2024-10-20 06:12:00;2024-10-20 07:55:10;4
CHM-0552386;QRT-13595;FUN-90839;Elétrica;Baixa;2026-03-15 10:43:00;2026-03-15 22:56:42;4
CHM-9478266;QRT-29980;FUN-05739;Elétrica;Baixa;2024-11-03 17:57:00;2024-11-04 05:35:50;5
CHM-7669943;QRT-92955;FUN-23286;Wi-Fi;Baixa;2026-04-22 07:41:00;2026-04-22 20:59:47;5
CHM-1816700;QRT-64260;FUN-90839;Limpeza Extra;Média;2026-03-21 11:13:00;2026-03-21 15:27:34;5
CHM-0048193;QRT-44425;FUN-13975;Wi-Fi;Média;2025-12-23 21:22:00;2025-12-23 23:29:16;5
CHM-6615189;QRT-98233;FUN-09324;Ar-condicionado;Baixa;2024-11-24 10:11:00;2024-11-25 10:03:54;4
CHM-4044370;QRT-29980;FUN-49170;Wi-Fi;Média;2024-08-18 18:40:00;2024-08-18 21:48:48;4
CHM-0748287;QRT-92955;FUN-23286;TV / Controle;Média;2025-07-23 15:52:00;2025-07-24 10:16:15;3
CHM-5381008;QRT-54918;FUN-15867;Wi-Fi;Baixa;2025-06-20 22:07:00;2025-06-21 18:31:13;5
CHM-3443417;QRT-09674;FUN-09102;TV / Controle;Alta;2025-06-17 19:19:00;2025-06-17 21:31:53;3
CHM-7116733;QRT-66083;FUN-08109;Wi-Fi;Média;2025-05-16 23:52:00;2025-05-17 04:55:59;3
CHM-7065606;QRT-41934;FUN-64755;Limpeza Extra;Média;2024-08-07 20:02:00;2024-08-08 14:08:51;1
CHM-2054508;QRT-04414;FUN-52793;Ar-condicionado;Média;2025-09-15 20:17:00;2025-09-16 04:07:15;4
CHM-2029813;QRT-87654;FUN-47371;TV / Controle;Baixa;2025-10-23 23:52:00;2025-10-25 11:14:43;3
CHM-0740636;QRT-63645;FUN-57664;Hidráulica;Alta;2026-05-15 10:04:00;2026-05-15 11:54:24;5
CHM-0063352;QRT-56047;FUN-34079;Frigobar com Defeito;Média;2024-08-03 10:20:00;2024-08-03 15:24:52;3
CHM-9062505;QRT-72144;FUN-48159;Limpeza Extra;Baixa;2025-01-24 17:08:00;2025-01-25 05:23:15;5
CHM-9747124;QRT-78217;FUN-71493;Hidráulica;Média;2025-06-28 06:03:00;2025-06-28 11:30:19;4
CHM-2505380;QRT-55454;FUN-13975;TV / Controle;Alta;2026-04-16 08:06:00;2026-04-16 09:06:13;4
CHM-4405120;QRT-02711;FUN-96106;Ar-condicionado;Média;2025-10-29 09:10:00;2025-10-29 18:08:57;1
CHM-7769079;QRT-77112;FUN-32345;TV / Controle;Alta;2026-05-29 12:43:00;2026-05-29 14:04:29;4
CHM-4927808;QRT-16535;FUN-83865;Elétrica;Alta;2025-08-06 12:37:00;2025-08-06 14:36:53;4
CHM-3519226;QRT-15710;FUN-64755;Ar-condicionado;Média;2024-11-06 10:42:00;2024-11-06 17:23:03;4
CHM-1200996;QRT-03446;FUN-23383;Elétrica;Média;2025-03-19 15:49:00;2025-03-19 19:16:58;4
CHM-9752063;QRT-86959;FUN-01568;Elétrica;Alta;2024-07-14 10:55:00;2024-07-14 11:34:41;4
CHM-5081146;QRT-61719;FUN-08109;Ar-condicionado;Baixa;2024-12-29 19:30:00;2024-12-30 22:20:13;3
CHM-6451318;QRT-45866;FUN-29826;Ar-condicionado;Média;2025-04-28 06:12:00;2025-04-28 13:39:02;3
CHM-3104058;QRT-86712;FUN-15867;Elétrica;Alta;2025-11-02 15:06:00;2025-11-02 15:52:57;4
CHM-9599056;QRT-67879;FUN-23383;Wi-Fi;Baixa;2025-05-06 13:26:00;2025-05-06 16:19:59;4
CHM-4929030;QRT-11826;FUN-47371;Ar-condicionado;Alta;2025-12-16 16:40:00;2025-12-16 18:27:59;5
CHM-5014585;QRT-03049;FUN-65780;Hidráulica;Alta;2025-08-16 17:28:00;2025-08-16 20:16:15;3
CHM-5742539;QRT-26756;FUN-08234;Ar-condicionado;Média;2025-08-30 19:24:00;2025-08-30 21:38:05;5
CHM-5570604;QRT-11218;FUN-89330;Hidráulica;Média;2026-06-13 11:16:00;2026-06-13 17:21:19;5
CHM-9736142;QRT-46308;FUN-86199;Ar-condicionado;Alta;2026-05-23 07:17:00;2026-05-23 10:01:35;3
CHM-1102019;QRT-28212;FUN-64755;Ar-condicionado;Média;2026-01-02 16:03:00;2026-01-02 18:41:38;5
CHM-4276609;QRT-83481;FUN-78820;TV / Controle;Média;2025-11-26 11:45:00;2025-11-26 12:48:01;5
CHM-4484043;QRT-73232;FUN-15784;Hidráulica;Alta;2025-09-22 08:43:00;2025-09-22 11:38:55;3
CHM-2469794;QRT-49331;FUN-25313;Fechadura Eletrônica;Baixa;2025-12-23 15:38:00;2025-12-23 19:43:28;5
CHM-3782090;QRT-56980;FUN-64755;Limpeza Extra;Alta;2026-06-21 11:18:00;2026-06-21 12:32:54;5
CHM-5996767;QRT-59512;FUN-15784;Elétrica;Média;2025-09-16 21:40:00;2025-09-17 04:19:34;5
CHM-1021835;QRT-75289;FUN-96106;Wi-Fi;Baixa;2024-08-24 21:59:00;2024-08-25 08:50:08;5
CHM-7988249;QRT-82654;FUN-02909;Frigobar com Defeito;Média;2025-11-08 17:35:00;2025-11-09 15:45:18;3
CHM-5777577;QRT-65099;FUN-47371;TV / Controle;Média;2025-12-25 18:19:00;2025-12-25 23:06:53;5
CHM-4194241;QRT-22585;FUN-09102;Fechadura Eletrônica;Baixa;2025-09-16 14:01:00;2025-09-17 09:33:42;5
CHM-0835167;QRT-51483;FUN-23383;Hidráulica;Média;2025-03-09 16:41:00;2025-03-09 20:00:32;5
CHM-0895862;QRT-96237;FUN-73856;Hidráulica;Alta;2025-08-25 23:38:00;2025-08-26 01:04:43;4
CHM-3080678;QRT-53040;FUN-36473;Ar-condicionado;Média;2026-03-30 22:37:00;2026-03-31 04:41:57;5
CHM-8153439;QRT-10817;FUN-28577;Wi-Fi;Média;2025-09-13 15:55:00;2025-09-13 19:36:33;5
CHM-3673953;QRT-68160;FUN-34079;Ar-condicionado;Baixa;2026-06-10 06:53:00;2026-06-10 13:32:50;4
CHM-6450511;QRT-43580;FUN-43763;Hidráulica;Alta;2025-01-08 23:38:00;2025-01-09 00:01:51;3
CHM-4012754;QRT-19734;FUN-86199;Hidráulica;Média;2026-05-14 08:50:00;2026-05-14 11:24:08;4
CHM-4565160;QRT-88284;FUN-73856;Wi-Fi;Média;2026-03-15 15:21:00;2026-03-16 06:51:14;2
CHM-8450976;QRT-64840;FUN-74014;Elétrica;Baixa;2025-05-14 16:39:00;2025-05-14 20:18:27;4
CHM-0506395;QRT-63998;FUN-64047;Elétrica;Baixa;2026-05-03 21:53:00;2026-05-05 18:30:35;1
CHM-6887225;QRT-60845;FUN-34873;Hidráulica;Média;2025-10-04 08:34:00;2025-10-05 02:09:11;2
CHM-7415108;QRT-39312;FUN-08486;Wi-Fi;Alta;2026-01-16 22:05:00;2026-01-16 23:09:25;4
CHM-8038913;QRT-84941;FUN-69104;Frigobar com Defeito;Baixa;2025-07-01 23:14:00;2025-07-03 16:44:42;1
CHM-4992236;QRT-70680;FUN-81524;Frigobar com Defeito;Baixa;2026-01-03 18:50:00;2026-01-04 07:44:18;5
CHM-4439649;QRT-40043;FUN-05739;Ar-condicionado;Alta;2024-08-24 13:24:00;2024-08-24 14:13:28;5
CHM-5117987;QRT-47628;FUN-45111;Wi-Fi;Baixa;2024-07-06 10:31:00;2024-07-06 18:26:39;3
CHM-3937875;QRT-37477;FUN-49013;Elétrica;Alta;2025-08-31 18:34:00;2025-08-31 19:24:22;5
CHM-0656123;QRT-53432;FUN-01568;Wi-Fi;Média;2025-02-22 14:32:00;2025-02-22 21:07:28;5
CHM-8841443;QRT-57181;FUN-64755;Ar-condicionado;Média;2025-03-20 17:52:00;2025-03-20 22:07:04;4
CHM-9988615;QRT-43330;FUN-69727;Elétrica;Média;2025-10-17 06:30:00;2025-10-17 09:37:00;5
CHM-8094878;QRT-69375;FUN-34873;Ar-condicionado;Média;2025-08-17 12:22:00;2025-08-17 14:11:50;5
CHM-2379932;QRT-86959;FUN-09102;Elétrica;Média;2024-07-19 22:48:00;2024-07-20 00:16:03;5
CHM-2971964;QRT-84072;FUN-64755;Ar-condicionado;Alta;2026-06-27 16:34:00;2026-06-27 16:59:16;4
CHM-9651996;QRT-76281;FUN-71181;Ar-condicionado;Média;2025-11-23 23:10:00;2025-11-24 01:42:34;5
CHM-1519005;QRT-54116;FUN-29826;Elétrica;Alta;2025-06-10 16:12:00;2025-06-11 06:59:18;3
CHM-0624805;QRT-77305;FUN-48683;Fechadura Eletrônica;Média;2025-09-30 22:23:00;2025-10-01 08:39:07;3
CHM-3783264;QRT-43251;FUN-89330;Ar-condicionado;Média;2025-08-07 23:22:00;2025-08-08 11:41:23;3
CHM-6910066;QRT-72908;FUN-74014;Elétrica;Média;2024-10-02 22:40:00;2024-10-03 03:18:12;5
CHM-2030816;QRT-85702;FUN-19473;Wi-Fi;Baixa;2025-12-24 10:56:00;2025-12-24 16:54:57;3
CHM-7997039;QRT-45866;FUN-48683;Ar-condicionado;Média;2025-02-01 22:17:00;2025-02-01 23:33:40;5
CHM-4953371;QRT-37477;FUN-64047;Wi-Fi;Baixa;2025-11-21 09:12:00;2025-11-22 03:57:57;5
CHM-0313682;QRT-39746;FUN-52793;TV / Controle;Alta;2025-02-16 13:10:00;2025-02-16 14:09:58;5
CHM-8323439;QRT-21496;FUN-94946;Ar-condicionado;Baixa;2026-06-09 06:09:00;2026-06-09 17:53:53;5
CHM-9192204;QRT-46149;FUN-22027;Ar-condicionado;Baixa;2025-06-02 21:00:00;2025-06-03 04:21:59;5
CHM-5139970;QRT-10397;FUN-19473;Wi-Fi;Baixa;2024-11-27 14:30:00;2024-11-28 01:09:38;5
CHM-9478260;QRT-66170;FUN-23383;Limpeza Extra;Baixa;2025-05-04 17:31:00;2025-05-04 21:07:42;5
CHM-1468037;QRT-37672;FUN-05739;Wi-Fi;Média;2025-05-22 06:30:00;2025-05-22 08:55:58;5
CHM-7167163;QRT-81775;FUN-88121;Wi-Fi;Baixa;2026-03-14 16:19:00;2026-03-15 02:39:38;5
CHM-5353590;QRT-12128;FUN-10947;Limpeza Extra;Baixa;2025-06-29 13:56:00;2025-06-30 19:41:26;3
CHM-4525540;QRT-22076;FUN-23286;Elétrica;Baixa;2025-07-11 14:57:00;2025-07-12 00:08:19;5
CHM-9738591;QRT-04443;FUN-90839;Wi-Fi;Média;2025-08-31 08:40:00;2025-08-31 20:10:35;2
CHM-6242967;QRT-37477;FUN-88121;TV / Controle;Baixa;2025-12-29 09:10:00;2025-12-29 21:32:30;4
CHM-6842557;QRT-03596;FUN-47371;Ar-condicionado;Alta;2025-05-05 12:32:00;2025-05-05 12:59:53;5
CHM-8893087;QRT-21677;FUN-25313;Ar-condicionado;Média;2024-08-21 09:31:00;2024-08-21 12:57:50;4
CHM-9088209;QRT-94862;FUN-29826;Wi-Fi;Média;2025-02-10 13:15:00;2025-02-10 20:47:32;3
CHM-6191434;QRT-60845;FUN-69727;Limpeza Extra;Alta;2026-04-20 12:41:00;2026-04-20 14:24:36;5
CHM-7897135;QRT-81045;FUN-96106;Hidráulica;Baixa;2025-04-18 22:18:00;2025-04-19 05:20:40;5
CHM-2480289;QRT-07215;FUN-05739;Elétrica;Baixa;2026-01-16 22:08:00;2026-01-18 19:42:24;2
CHM-7060467;QRT-58690;FUN-71181;Ar-condicionado;Média;2025-09-16 08:36:00;2025-09-16 15:44:01;4
CHM-0418898;QRT-81819;FUN-92045;Limpeza Extra;Alta;2025-10-29 08:28:00;2025-10-29 11:44:46;2
CHM-6022076;QRT-09785;FUN-23361;Hidráulica;Baixa;2024-09-07 22:25:00;2024-09-08 14:59:47;4
CHM-2002149;QRT-78380;FUN-52300;Ar-condicionado;Média;2025-12-31 07:34:00;2025-12-31 19:36:54;1
CHM-9795515;QRT-73232;FUN-64047;Hidráulica;Média;2025-06-12 08:35:00;2025-06-12 11:59:06;5
CHM-4428096;QRT-25905;FUN-09324;Elétrica;Alta;2026-01-28 06:16:00;2026-01-28 08:15:21;5
CHM-5110174;QRT-75289;FUN-49170;Fechadura Eletrônica;Alta;2026-03-17 12:35:00;2026-03-17 13:13:52;5
CHM-8124678;QRT-85739;FUN-39946;Wi-Fi;Baixa;2025-03-03 08:32:00;2025-03-05 01:07:51;2
CHM-6046884;QRT-22178;FUN-65780;Hidráulica;Alta;2025-09-29 06:20:00;2025-09-29 06:32:15;5
CHM-6673080;QRT-08549;FUN-09324;Wi-Fi;Média;2025-11-09 08:46:00;2025-11-10 00:00:20;3
CHM-0050454;QRT-83665;FUN-71181;Limpeza Extra;Baixa;2025-07-24 20:40:00;2025-07-25 00:18:15;4
CHM-4980228;QRT-68692;FUN-22027;Ar-condicionado;Média;2024-11-18 12:48:00;2024-11-18 13:42:51;3
CHM-0042804;QRT-87613;FUN-45111;Ar-condicionado;Baixa;2024-12-22 07:23:00;2024-12-22 12:49:48;5
CHM-9488199;QRT-08549;FUN-82886;Wi-Fi;Média;2025-06-03 08:55:00;2025-06-03 13:49:51;4
CHM-9234037;QRT-87466;FUN-47371;Limpeza Extra;Média;2025-04-28 23:54:00;2025-04-29 05:35:05;4
CHM-3157773;QRT-47168;FUN-48159;Ar-condicionado;Média;2025-08-15 08:45:00;2025-08-15 15:31:13;5
CHM-5633722;QRT-79165;FUN-48683;Hidráulica;Baixa;2025-11-12 10:21:00;2025-11-12 18:15:37;5
CHM-9473727;QRT-45866;FUN-69727;Ar-condicionado;Alta;2024-08-14 18:09:00;2024-08-14 19:10:24;5
CHM-4704690;QRT-51590;FUN-32345;Fechadura Eletrônica;Alta;2025-03-23 16:05:00;2025-03-23 16:54:56;5
CHM-0840264;QRT-06043;FUN-71181;Wi-Fi;Média;2025-10-02 23:12:00;2025-10-03 03:21:41;5
CHM-0485211;QRT-84972;FUN-52300;Fechadura Eletrônica;Média;2026-01-23 09:05:00;2026-01-23 14:49:55;3
CHM-1984710;QRT-78524;FUN-16922;Wi-Fi;Alta;2025-09-28 15:37:00;2025-09-28 16:36:50;5
CHM-6589171;QRT-66092;FUN-86199;Ar-condicionado;Baixa;2026-04-16 18:47:00;2026-04-17 10:04:22;5
CHM-2652167;QRT-21496;FUN-09102;Wi-Fi;Alta;2024-07-24 11:23:00;2024-07-24 11:46:57;5
CHM-5862393;QRT-76445;FUN-23286;TV / Controle;Média;2026-01-20 13:17:00;2026-01-20 22:42:50;2
CHM-6559855;QRT-74690;FUN-34873;TV / Controle;Alta;2025-07-20 12:13:00;2025-07-20 13:59:08;3
CHM-2971644;QRT-10397;FUN-86194;Ar-condicionado;Média;2025-04-11 08:37:00;2025-04-11 13:53:24;5
CHM-6757362;QRT-00699;FUN-22027;Elétrica;Baixa;2024-12-06 08:39:00;2024-12-06 15:49:34;5
CHM-6256096;QRT-11649;FUN-18700;Ar-condicionado;Média;2024-12-03 22:52:00;2024-12-04 01:23:52;4
CHM-2717996;QRT-81045;FUN-32345;Ar-condicionado;Baixa;2026-02-02 22:52:00;2026-02-03 10:07:45;5
CHM-5712909;QRT-84072;FUN-49170;TV / Controle;Média;2024-09-10 07:55:00;2024-09-10 18:08:45;3
CHM-3727841;QRT-37204;FUN-29826;Hidráulica;Média;2024-09-12 14:40:00;2024-09-12 16:46:10;4
CHM-0005895;QRT-65173;FUN-96354;Elétrica;Baixa;2026-04-21 14:52:00;2026-04-21 19:48:45;4
CHM-3864902;QRT-94556;FUN-21094;Wi-Fi;Baixa;2025-05-26 07:44:00;2025-05-26 14:42:29;3
CHM-0113381;QRT-02862;FUN-09102;Elétrica;Baixa;2025-06-28 19:46:00;2025-06-29 19:00:39;4
CHM-2306073;QRT-51483;FUN-04670;Limpeza Extra;Média;2026-06-15 23:08:00;2026-06-16 04:39:25;5
CHM-1162246;QRT-02711;FUN-22027;TV / Controle;Baixa;2026-03-20 18:54:00;2026-03-21 16:58:30;4
CHM-9938412;QRT-57190;FUN-39946;TV / Controle;Média;2025-05-18 21:08:00;2025-05-18 23:38:58;5
CHM-9264238;QRT-04414;FUN-10947;Elétrica;Baixa;2025-10-13 15:31:00;2025-10-14 04:41:46;4
CHM-1914248;QRT-80765;FUN-86194;Ar-condicionado;Baixa;2026-01-09 15:34:00;2026-01-10 16:13:02;1
CHM-8307522;QRT-49496;FUN-71493;Elétrica;Média;2025-03-05 12:35:00;2025-03-05 15:08:06;5
CHM-8409592;QRT-78808;FUN-57664;TV / Controle;Baixa;2025-04-17 12:21:00;2025-04-19 10:09:00;2
CHM-6116919;QRT-59512;FUN-49013;Hidráulica;Média;2026-06-29 15:55:00;2026-06-29 23:51:53;5
CHM-8733103;QRT-25217;FUN-92045;Ar-condicionado;Baixa;2026-06-17 14:23:00;2026-06-18 00:52:49;4
CHM-1490576;QRT-13758;FUN-08109;Ar-condicionado;Média;2025-06-05 08:58:00;2025-06-05 22:40:22;2
CHM-4150605;QRT-13534;FUN-34873;TV / Controle;Baixa;2026-02-05 13:32:00;2026-02-05 22:57:11;4
CHM-5487942;QRT-16398;FUN-87234;Elétrica;Média;2024-10-28 07:19:00;2024-10-28 08:59:25;5
CHM-4893916;QRT-00699;FUN-96106;Ar-condicionado;Média;2024-09-13 23:33:00;2024-09-14 03:59:59;5
CHM-3027930;QRT-27391;FUN-23361;Wi-Fi;Média;2025-02-07 08:05:00;2025-02-07 11:08:14;5
CHM-3410549;QRT-85702;FUN-65780;Hidráulica;Baixa;2024-09-11 08:11:00;2024-09-11 22:37:02;5
CHM-8891855;QRT-63784;FUN-76103;Limpeza Extra;Alta;2025-07-23 11:37:00;2025-07-23 14:11:46;3
CHM-5819472;QRT-37220;FUN-67282;Limpeza Extra;Alta;2025-05-08 19:40:00;2025-05-08 20:42:24;5
CHM-5739876;QRT-41316;FUN-66580;Limpeza Extra;Média;2024-07-31 14:39:00;2024-07-31 17:33:38;5
CHM-0519340;QRT-23801;FUN-69104;Ar-condicionado;Alta;2026-01-27 23:15:00;2026-01-28 00:22:26;4
CHM-3263787;QRT-45866;FUN-34873;Hidráulica;Média;2024-10-25 12:27:00;2024-10-25 21:10:31;2
CHM-5551260;QRT-53040;FUN-28577;Ar-condicionado;Média;2025-12-24 07:28:00;2025-12-24 09:36:02;5
CHM-3683307;QRT-58808;FUN-48159;Hidráulica;Alta;2024-08-21 09:18:00;2024-08-21 09:35:18;4
CHM-6556222;QRT-16851;FUN-16922;Hidráulica;Média;2025-03-09 23:37:00;2025-03-10 02:22:27;5
CHM-6921682;QRT-16398;FUN-87234;Ar-condicionado;Baixa;2026-03-01 22:27:00;2026-03-02 07:35:35;4
CHM-7810451;QRT-76575;FUN-21094;Hidráulica;Média;2024-08-03 18:59:00;2024-08-03 23:03:20;4
CHM-4762310;QRT-88400;FUN-43763;Wi-Fi;Baixa;2026-04-21 17:51:00;2026-04-22 03:13:26;5
CHM-1420706;QRT-01798;FUN-29826;Elétrica;Baixa;2025-11-04 22:38:00;2025-11-05 07:18:55;5
CHM-5848607;QRT-10607;FUN-22027;Elétrica;Média;2026-03-25 12:33:00;2026-03-25 14:34:50;4
CHM-5500043;QRT-13238;FUN-37715;TV / Controle;Baixa;2024-11-23 17:50:00;2024-11-24 00:29:13;5
CHM-6840027;QRT-84072;FUN-57664;Hidráulica;Média;2025-05-02 23:51:00;2025-05-03 10:35:16;3
CHM-8507525;QRT-27833;FUN-15867;Limpeza Extra;Baixa;2025-12-09 11:21:00;2025-12-09 20:31:15;5
CHM-9666558;QRT-14624;FUN-48683;Hidráulica;Média;2024-09-10 20:18:00;2024-09-10 21:33:17;4
CHM-2041986;QRT-87654;FUN-25313;Ar-condicionado;Média;2026-06-02 09:20:00;2026-06-02 11:59:59;4
CHM-9289294;QRT-83689;FUN-05739;Wi-Fi;Média;2025-09-11 23:11:00;2025-09-12 08:36:08;3
CHM-6949288;QRT-88939;FUN-37715;TV / Controle;Média;2025-05-04 19:30:00;2025-05-04 22:31:05;4
CHM-2551738;QRT-92964;FUN-64755;Ar-condicionado;Média;2024-12-23 16:23:00;2024-12-23 20:31:58;5
CHM-0765152;QRT-40975;FUN-02909;TV / Controle;Média;2024-11-14 21:38:00;2024-11-15 02:50:30;5
CHM-9688611;QRT-54375;FUN-66580;Hidráulica;Baixa;2025-01-07 17:42:00;2025-01-08 05:15:12;5
CHM-7169979;QRT-96237;FUN-16922;Limpeza Extra;Baixa;2024-09-22 06:40:00;2024-09-22 13:20:05;4
CHM-0168938;QRT-16851;FUN-65780;Ar-condicionado;Média;2025-01-20 15:54:00;2025-01-20 19:15:15;5
CHM-1885967;QRT-51351;FUN-47371;TV / Controle;Média;2025-06-15 18:37:00;2025-06-15 21:46:29;4
CHM-0268405;QRT-78115;FUN-78820;TV / Controle;Baixa;2025-04-28 08:36:00;2025-04-28 21:31:36;5
CHM-6715239;QRT-31340;FUN-45111;Wi-Fi;Baixa;2026-06-01 20:53:00;2026-06-04 18:09:31;3
CHM-8980811;QRT-31095;FUN-48159;Elétrica;Média;2024-10-03 22:09:00;2024-10-04 00:51:32;4
CHM-7136420;QRT-98042;FUN-86194;Ar-condicionado;Baixa;2026-02-01 11:55:00;2026-02-03 08:56:17;1
CHM-5102825;QRT-66170;FUN-12040;Limpeza Extra;Média;2025-01-01 06:55:00;2025-01-01 08:53:37;4
CHM-1298461;QRT-06043;FUN-37715;Ar-condicionado;Média;2025-06-08 15:50:00;2025-06-08 18:29:39;5
CHM-5353286;QRT-23801;FUN-94946;Limpeza Extra;Alta;2025-08-18 08:14:00;2025-08-18 08:44:19;5
CHM-8535228;QRT-70680;FUN-76103;Wi-Fi;Média;2025-01-03 19:52:00;2025-01-03 22:17:19;3
CHM-0894780;QRT-33730;FUN-48683;Hidráulica;Alta;2025-01-13 20:13:00;2025-01-13 23:01:03;1
CHM-9749771;QRT-26080;FUN-74014;Frigobar com Defeito;Baixa;2024-10-31 11:04:00;2024-11-01 00:05:59;4
CHM-9561434;QRT-81933;FUN-34079;Hidráulica;Média;2026-06-13 15:14:00;2026-06-13 16:27:34;4
CHM-2167609;QRT-02055;FUN-71181;Wi-Fi;Média;2025-02-04 12:40:00;2025-02-04 14:58:28;4
CHM-0966081;QRT-75121;FUN-50800;Hidráulica;Média;2024-08-09 14:48:00;2024-08-09 15:33:36;5
CHM-5069082;QRT-20026;FUN-13975;Limpeza Extra;Média;2026-03-19 14:17:00;2026-03-19 18:09:21;5
CHM-6425037;QRT-59560;FUN-69104;Hidráulica;Média;2025-05-24 17:09:00;2025-05-24 21:09:52;5
CHM-0300813;QRT-27540;FUN-73856;Wi-Fi;Média;2024-07-02 18:43:00;2024-07-02 22:06:14;5
CHM-4979292;QRT-99814;FUN-19473;TV / Controle;Alta;2025-03-29 11:40:00;2025-03-29 14:24:25;1
CHM-3927942;QRT-64840;FUN-74014;Ar-condicionado;Alta;2025-04-08 18:17:00;2025-04-08 18:48:00;5
CHM-4872838;QRT-80800;FUN-15784;Limpeza Extra;Alta;2025-07-05 18:30:00;2025-07-05 19:48:36;4
CHM-1274356;QRT-92377;FUN-22607;Limpeza Extra;Média;2026-03-26 19:33:00;2026-03-26 21:56:20;5
CHM-0374060;QRT-08549;FUN-09102;Elétrica;Alta;2025-09-11 20:45:00;2025-09-11 23:12:48;1
CHM-6284541;QRT-91810;FUN-08234;Ar-condicionado;Baixa;2025-06-29 18:10:00;2025-06-29 22:01:30;5
CHM-3759596;QRT-86201;FUN-69727;Ar-condicionado;Baixa;2026-05-12 06:03:00;2026-05-12 14:23:29;5
CHM-7517811;QRT-58808;FUN-92311;Limpeza Extra;Média;2025-06-17 14:24:00;2025-06-18 09:29:12;1
CHM-0726360;QRT-01287;FUN-02909;Elétrica;Alta;2025-12-14 07:36:00;2025-12-14 08:19:14;4
CHM-2147905;QRT-46149;FUN-57664;Elétrica;Baixa;2026-01-15 18:36:00;2026-01-15 23:04:18;5
CHM-8957216;QRT-25905;FUN-41540;Wi-Fi;Baixa;2026-06-04 23:15:00;2026-06-05 15:04:43;3
CHM-5650839;QRT-29802;FUN-67710;Ar-condicionado;Média;2024-10-20 12:20:00;2024-10-21 01:03:35;1
CHM-1510345;QRT-71975;FUN-15784;Fechadura Eletrônica;Alta;2026-03-01 23:09:00;2026-03-02 00:38:25;5
CHM-1439664;QRT-44425;FUN-03036;Ar-condicionado;Média;2025-08-31 14:01:00;2025-08-31 19:22:13;5
CHM-4052853;QRT-37672;FUN-64755;Limpeza Extra;Baixa;2026-03-13 11:18:00;2026-03-13 17:14:32;4
CHM-0120848;QRT-41316;FUN-18700;TV / Controle;Alta;2025-02-07 20:07:00;2025-02-07 21:44:12;4
CHM-8922174;QRT-17495;FUN-43763;Fechadura Eletrônica;Alta;2026-06-05 17:51:00;2026-06-05 18:32:10;4
CHM-3268294;QRT-95201;FUN-69727;Limpeza Extra;Alta;2024-07-21 18:19:00;2024-07-21 18:55:19;3
CHM-5807690;QRT-41356;FUN-07814;Ar-condicionado;Média;2026-03-15 13:35:00;2026-03-15 14:51:19;5
CHM-6338462;QRT-25571;FUN-15784;Elétrica;Alta;2026-01-08 09:11:00;2026-01-08 09:56:59;4
CHM-3248426;QRT-77112;FUN-96106;Elétrica;Baixa;2026-04-27 07:03:00;2026-04-27 11:38:06;4
CHM-7567164;QRT-73451;FUN-15867;Ar-condicionado;Alta;2025-09-04 13:08:00;2025-09-04 13:45:50;4
CHM-1687987;QRT-70536;FUN-64706;Wi-Fi;Média;2026-03-05 21:25:00;2026-03-06 01:02:04;4
CHM-4997668;QRT-87466;FUN-71493;Elétrica;Baixa;2025-11-12 23:56:00;2025-11-14 07:37:29;2
CHM-5263620;QRT-70536;FUN-15784;Hidráulica;Média;2026-03-22 17:02:00;2026-03-22 18:13:51;5
CHM-3922598;QRT-40043;FUN-96106;Ar-condicionado;Média;2026-01-26 13:31:00;2026-01-26 17:53:00;4
CHM-6549150;QRT-62109;FUN-08849;TV / Controle;Baixa;2026-06-27 23:06:00;2026-06-28 17:11:43;5
CHM-2110279;QRT-25571;FUN-64706;Frigobar com Defeito;Baixa;2025-11-16 10:24:00;2025-11-16 17:43:38;3
CHM-2335599;QRT-33730;FUN-50800;TV / Controle;Média;2025-07-06 20:09:00;2025-07-06 22:43:24;4
CHM-0300500;QRT-83689;FUN-96106;Elétrica;Baixa;2026-01-21 23:32:00;2026-01-23 13:48:17;3
CHM-4800422;QRT-02141;FUN-05739;Elétrica;Alta;2024-11-24 12:21:00;2024-11-24 12:49:54;4
CHM-3327721;QRT-09674;FUN-69104;TV / Controle;Média;2024-12-15 18:54:00;2024-12-16 10:25:34;1
CHM-6942053;QRT-95923;FUN-15867;Frigobar com Defeito;Média;2026-06-02 14:12:00;2026-06-02 20:27:54;5
CHM-1647238;QRT-83665;FUN-10947;Ar-condicionado;Média;2024-11-03 21:36:00;2024-11-04 13:36:45;3
CHM-7265597;QRT-72107;FUN-52793;Wi-Fi;Média;2024-12-14 13:41:00;2024-12-14 20:58:28;4
CHM-9611809;QRT-46308;FUN-69104;Ar-condicionado;Baixa;2026-04-26 17:16:00;2026-04-26 20:10:18;3
CHM-4245700;QRT-47759;FUN-52300;Ar-condicionado;Média;2026-01-27 13:13:00;2026-01-27 20:06:42;5
CHM-5571699;QRT-69925;FUN-52793;Fechadura Eletrônica;Baixa;2025-07-12 17:58:00;2025-07-12 23:53:32;5
CHM-8435951;QRT-92321;FUN-37715;Wi-Fi;Baixa;2025-11-28 12:24:00;2025-11-29 02:16:03;5
CHM-8683136;QRT-43677;FUN-86199;Limpeza Extra;Alta;2024-08-28 16:35:00;2024-08-28 18:43:22;1
CHM-3495411;QRT-00087;FUN-71493;Hidráulica;Média;2025-05-02 15:55:00;2025-05-02 20:54:09;5
CHM-4200206;QRT-50393;FUN-92311;Ar-condicionado;Média;2025-05-16 19:49:00;2025-05-17 00:00:35;4
CHM-9130441;QRT-59117;FUN-22607;Hidráulica;Média;2026-03-20 14:41:00;2026-03-20 20:20:18;5
CHM-5188117;QRT-13326;FUN-32345;Elétrica;Média;2025-08-04 08:57:00;2025-08-05 08:32:30;3
CHM-9242500;QRT-49389;FUN-92045;Limpeza Extra;Baixa;2024-07-15 08:59:00;2024-07-16 15:43:01;1
CHM-9140925;QRT-16068;FUN-22607;Wi-Fi;Baixa;2024-12-18 08:52:00;2024-12-18 11:21:25;5
CHM-4969508;QRT-89068;FUN-12576;Elétrica;Média;2025-04-25 10:59:00;2025-04-25 23:09:02;2
CHM-7029605;QRT-92964;FUN-64755;Wi-Fi;Alta;2024-08-19 13:40:00;2024-08-19 14:45:08;4
CHM-8809538;QRT-82787;FUN-07814;Hidráulica;Média;2025-01-28 06:47:00;2025-01-28 11:47:59;5
CHM-6856262;QRT-02711;FUN-96106;Ar-condicionado;Alta;2026-02-28 20:25:00;2026-02-28 21:44:11;3
CHM-5528678;QRT-69925;FUN-52793;Hidráulica;Alta;2025-01-22 17:56:00;2025-01-22 20:17:06;3
CHM-6988121;QRT-60845;FUN-34873;Limpeza Extra;Média;2025-09-25 08:52:00;2025-09-25 10:11:55;4
CHM-1455404;QRT-62284;FUN-02909;Ar-condicionado;Média;2024-07-21 07:55:00;2024-07-21 11:30:34;3
CHM-4661979;QRT-95923;FUN-29826;Elétrica;Média;2026-03-28 06:12:00;2026-03-28 13:00:14;5
CHM-2020488;QRT-53040;FUN-36473;Ar-condicionado;Média;2025-02-21 07:29:00;2025-02-21 15:12:32;3
CHM-1871370;QRT-74690;FUN-50800;Wi-Fi;Alta;2025-10-17 20:01:00;2025-10-18 00:59:34;1
CHM-3037330;QRT-60540;FUN-15784;Limpeza Extra;Alta;2024-11-09 14:09:00;2024-11-09 15:28:11;4
CHM-4262739;QRT-45132;FUN-96354;Limpeza Extra;Alta;2026-05-22 10:48:00;2026-05-22 11:53:16;4
CHM-9872391;QRT-19734;FUN-90839;Hidráulica;Alta;2024-12-17 12:04:00;2024-12-17 12:30:48;5
CHM-1590333;QRT-01798;FUN-34873;Limpeza Extra;Média;2026-01-19 08:29:00;2026-01-19 11:07:22;5
CHM-9095950;QRT-66170;FUN-36473;Wi-Fi;Média;2025-03-08 19:01:00;2025-03-08 21:22:39;5
CHM-4487347;QRT-15710;FUN-64755;Ar-condicionado;Baixa;2024-10-26 11:35:00;2024-10-27 02:00:32;5
CHM-2506276;QRT-09047;FUN-92045;Limpeza Extra;Baixa;2024-10-26 13:51:00;2024-10-26 21:18:47;4
CHM-1939226;QRT-03446;FUN-96354;Ar-condicionado;Média;2026-01-13 14:00:00;2026-01-13 16:20:47;5
CHM-9205002;QRT-45866;FUN-34873;Elétrica;Média;2025-04-15 06:29:00;2025-04-15 10:05:34;5
CHM-1139134;QRT-64840;FUN-71181;Limpeza Extra;Baixa;2024-08-18 14:31:00;2024-08-18 23:42:23;5
CHM-9131710;QRT-00087;FUN-47371;Limpeza Extra;Média;2026-06-17 08:28:00;2026-06-17 09:03:06;5
CHM-7456330;QRT-09419;FUN-74014;Elétrica;Média;2024-08-08 07:46:00;2024-08-08 11:01:49;5
CHM-5416094;QRT-26166;FUN-35080;Elétrica;Média;2025-03-30 18:26:00;2025-03-30 22:06:41;5
CHM-2788621;QRT-68507;FUN-05739;Fechadura Eletrônica;Alta;2025-02-04 19:17:00;2025-02-04 20:00:25;4
CHM-2183262;QRT-64332;FUN-47371;Frigobar com Defeito;Baixa;2024-07-19 17:30:00;2024-07-20 01:15:01;5
CHM-5682010;QRT-43677;FUN-69104;Wi-Fi;Média;2025-03-27 23:52:00;2025-03-28 16:42:11;1
CHM-0751056;QRT-49331;FUN-71493;Elétrica;Alta;2024-07-26 16:03:00;2024-07-26 16:41:21;5
CHM-6970001;QRT-26354;FUN-94946;Limpeza Extra;Média;2026-04-26 13:36:00;2026-04-26 16:49:58;5
CHM-3196725;QRT-01562;FUN-16922;TV / Controle;Baixa;2025-09-15 09:05:00;2025-09-16 19:15:34;2
CHM-6593813;QRT-94991;FUN-10947;Ar-condicionado;Média;2025-07-31 09:43:00;2025-07-31 12:32:07;3
CHM-9854128;QRT-26237;FUN-49013;Wi-Fi;Baixa;2024-09-09 14:32:00;2024-09-10 01:03:41;5
CHM-9271349;QRT-68160;FUN-21094;Wi-Fi;Baixa;2025-12-23 17:31:00;2025-12-23 19:23:00;4
CHM-8339920;QRT-85920;FUN-49170;Limpeza Extra;Baixa;2026-01-15 12:05:00;2026-01-15 20:22:38;4
CHM-0800649;QRT-50555;FUN-13975;Limpeza Extra;Média;2025-06-02 09:28:00;2025-06-02 15:31:25;5
CHM-8778690;QRT-31340;FUN-18700;Ar-condicionado;Média;2025-02-20 21:03:00;2025-02-21 11:48:49;1
CHM-4123814;QRT-80765;FUN-65780;Fechadura Eletrônica;Média;2025-04-06 20:17:00;2025-04-06 22:56:33;5
CHM-2845976;QRT-84837;FUN-48159;Wi-Fi;Média;2024-10-20 08:23:00;2024-10-20 10:40:52;4
CHM-8601795;QRT-63784;FUN-89330;Hidráulica;Alta;2025-04-24 09:41:00;2025-04-24 10:46:16;5
CHM-3486433;QRT-53868;FUN-23361;Elétrica;Alta;2025-05-04 07:21:00;2025-05-04 08:21:32;5
CHM-6798930;QRT-53914;FUN-19473;Wi-Fi;Média;2026-04-17 09:27:00;2026-04-17 13:29:22;5
CHM-3040289;QRT-06335;FUN-92311;Ar-condicionado;Baixa;2024-12-21 19:04:00;2024-12-22 16:06:43;5
CHM-4486645;QRT-54918;FUN-69727;Hidráulica;Média;2024-10-14 23:34:00;2024-10-15 12:42:19;2
CHM-0671419;QRT-78380;FUN-23361;Elétrica;Média;2024-09-28 21:38:00;2024-09-29 03:40:35;5
CHM-9431763;QRT-03659;FUN-96106;Ar-condicionado;Média;2025-07-09 09:35:00;2025-07-09 16:45:19;5
CHM-3068454;QRT-06043;FUN-12576;Wi-Fi;Baixa;2025-11-28 17:54:00;2025-11-29 20:53:24;1
CHM-5423089;QRT-88400;FUN-49013;Limpeza Extra;Baixa;2026-05-09 07:25:00;2026-05-10 22:42:46;2
CHM-4495395;QRT-26716;FUN-09102;Frigobar com Defeito;Média;2025-12-25 15:23:00;2025-12-25 21:39:23;4
CHM-0730822;QRT-06335;FUN-48159;Hidráulica;Média;2025-04-22 15:07:00;2025-04-22 17:38:17;5
CHM-2744866;QRT-91810;FUN-09102;Limpeza Extra;Alta;2025-04-04 19:25:00;2025-04-04 21:43:46;3
CHM-9591294;QRT-57181;FUN-96106;Fechadura Eletrônica;Baixa;2026-05-12 13:54:00;2026-05-15 01:44:03;2
CHM-2347482;QRT-85739;FUN-71181;Wi-Fi;Alta;2024-11-14 15:28:00;2024-11-14 16:11:47;5
CHM-7032360;QRT-26354;FUN-09102;Ar-condicionado;Média;2026-06-18 11:17:00;2026-06-18 17:03:04;4
CHM-0990614;QRT-31042;FUN-08849;Fechadura Eletrônica;Alta;2026-05-29 21:19:00;2026-05-29 23:00:04;5
CHM-4581019;QRT-22178;FUN-73856;TV / Controle;Alta;2024-07-13 23:24:00;2024-07-14 00:50:57;4
CHM-8356982;QRT-70123;FUN-92045;Ar-condicionado;Baixa;2025-03-05 06:34:00;2025-03-06 02:44:49;4
CHM-0330270;QRT-53040;FUN-36473;Wi-Fi;Média;2024-08-19 07:56:00;2024-08-19 10:09:58;5
CHM-1667311;QRT-83424;FUN-08109;Wi-Fi;Média;2025-08-05 07:48:00;2025-08-05 16:32:14;3
CHM-9737328;QRT-13238;FUN-71181;Elétrica;Alta;2025-06-16 07:05:00;2025-06-16 10:01:46;3
CHM-5488723;QRT-86201;FUN-15867;Ar-condicionado;Baixa;2026-03-07 11:49:00;2026-03-07 19:31:55;5
CHM-8444980;QRT-06043;FUN-12576;Limpeza Extra;Alta;2026-02-17 13:51:00;2026-02-17 14:22:49;3
CHM-5328180;QRT-26539;FUN-23383;Ar-condicionado;Baixa;2026-04-24 08:24:00;2026-04-24 20:49:43;4
CHM-5467915;QRT-89443;FUN-64755;TV / Controle;Baixa;2025-11-10 19:32:00;2025-11-11 12:16:29;5
CHM-5430359;QRT-06043;FUN-10947;Elétrica;Média;2024-12-01 08:43:00;2024-12-01 13:02:51;5
CHM-2185153;QRT-81700;FUN-36473;Limpeza Extra;Alta;2025-05-16 15:14:00;2025-05-16 16:22:38;5
CHM-2232705;QRT-41934;FUN-64755;Ar-condicionado;Média;2025-09-04 11:56:00;2025-09-04 15:28:34;4
CHM-8346606;QRT-51483;FUN-28577;Fechadura Eletrônica;Baixa;2024-08-12 10:31:00;2024-08-13 04:04:02;4
CHM-4158006;QRT-86959;FUN-41540;Ar-condicionado;Média;2025-09-22 20:25:00;2025-09-22 21:31:03;4
CHM-1693924;QRT-29854;FUN-22027;Elétrica;Baixa;2025-10-15 16:25:00;2025-10-15 23:40:24;3
CHM-0825771;QRT-66932;FUN-34079;Hidráulica;Média;2026-04-09 07:10:00;2026-04-09 10:44:30;5
CHM-6785860;QRT-31930;FUN-19473;Limpeza Extra;Baixa;2026-03-26 15:54:00;2026-03-27 11:32:49;4
CHM-3944726;QRT-39575;FUN-50800;Wi-Fi;Baixa;2024-11-08 08:26:00;2024-11-09 13:58:16;3
CHM-2876406;QRT-66083;FUN-08109;Ar-condicionado;Baixa;2026-06-03 12:34:00;2026-06-04 23:26:38;1
CHM-9268889;QRT-24929;FUN-34873;TV / Controle;Alta;2024-09-11 14:34:00;2024-09-11 15:05:43;4
CHM-7142095;QRT-02819;FUN-12576;TV / Controle;Média;2025-04-12 11:27:00;2025-04-12 12:49:18;4
CHM-4241917;QRT-72078;FUN-96106;Limpeza Extra;Alta;2025-02-27 09:11:00;2025-02-27 09:34:55;4
CHM-4871649;QRT-02141;FUN-05739;TV / Controle;Baixa;2026-05-28 07:59:00;2026-05-28 13:12:31;4
CHM-8506759;QRT-59498;FUN-92045;Wi-Fi;Alta;2025-07-19 12:05:00;2025-07-19 12:28:02;5
CHM-2747344;QRT-44318;FUN-50800;Ar-condicionado;Baixa;2024-12-19 14:21:00;2024-12-19 20:50:06;5
CHM-3015075;QRT-66602;FUN-96354;Ar-condicionado;Média;2025-04-25 09:26:00;2025-04-25 12:57:39;4
CHM-3500920;QRT-47802;FUN-87234;TV / Controle;Média;2024-11-17 23:42:00;2024-11-18 16:58:03;2
CHM-7948274;QRT-38783;FUN-50800;Limpeza Extra;Média;2025-07-02 06:14:00;2025-07-02 07:36:06;4
CHM-8607079;QRT-81775;FUN-49013;Ar-condicionado;Baixa;2026-03-27 18:40:00;2026-03-28 08:19:09;3
CHM-7533322;QRT-25905;FUN-90839;Limpeza Extra;Baixa;2024-10-24 13:22:00;2024-10-24 20:33:10;3
CHM-1764560;QRT-37131;FUN-04670;Limpeza Extra;Média;2026-01-18 07:32:00;2026-01-18 09:15:39;5
CHM-6257092;QRT-41934;FUN-32345;Limpeza Extra;Baixa;2025-06-17 06:48:00;2025-06-19 04:06:29;1
CHM-8733657;QRT-84220;FUN-39946;Hidráulica;Baixa;2026-01-03 09:41:00;2026-01-03 18:26:47;3
CHM-9055981;QRT-14528;FUN-16922;Ar-condicionado;Alta;2025-03-17 18:28:00;2025-03-17 19:27:31;5
CHM-1125696;QRT-95201;FUN-15867;TV / Controle;Média;2025-06-30 13:17:00;2025-06-30 21:04:58;4
CHM-7132727;QRT-47964;FUN-29826;Ar-condicionado;Alta;2025-05-13 09:27:00;2025-05-13 10:14:06;5
CHM-1325610;QRT-06280;FUN-50800;Limpeza Extra;Média;2024-10-10 08:35:00;2024-10-10 09:57:22;5
CHM-8233083;QRT-62284;FUN-08109;Ar-condicionado;Média;2024-12-19 12:51:00;2024-12-20 00:46:08;2
CHM-3145302;QRT-41934;FUN-57664;Ar-condicionado;Média;2025-11-28 23:30:00;2025-11-29 02:00:12;4
CHM-6478892;QRT-42714;FUN-12040;Hidráulica;Alta;2024-11-28 21:31:00;2024-11-28 23:02:06;5
CHM-2549565;QRT-25571;FUN-88121;Hidráulica;Média;2025-08-17 07:06:00;2025-08-17 10:17:38;4
CHM-0595447;QRT-07517;FUN-08849;Ar-condicionado;Baixa;2025-05-31 16:47:00;2025-06-01 05:27:15;5
CHM-9566533;QRT-94862;FUN-69727;Elétrica;Baixa;2024-11-12 06:06:00;2024-11-12 23:38:00;3
CHM-5300864;QRT-93180;FUN-49170;Ar-condicionado;Média;2025-02-13 10:05:00;2025-02-13 16:04:21;3
CHM-6834695;QRT-11607;FUN-28577;Fechadura Eletrônica;Alta;2026-02-13 09:42:00;2026-02-13 11:05:56;3
CHM-1268971;QRT-57208;FUN-74014;Hidráulica;Média;2026-01-25 08:11:00;2026-01-25 11:03:32;5
CHM-0757581;QRT-38783;FUN-69727;Elétrica;Baixa;2026-02-23 16:41:00;2026-02-23 22:05:19;5
CHM-6171812;QRT-72363;FUN-57664;Limpeza Extra;Média;2026-06-07 08:56:00;2026-06-07 10:26:48;4
CHM-1404084;QRT-04542;FUN-82886;Fechadura Eletrônica;Baixa;2025-08-15 14:10:00;2025-08-16 04:27:35;4
CHM-7459502;QRT-08799;FUN-96106;Elétrica;Baixa;2024-12-20 18:31:00;2024-12-21 09:35:14;5
CHM-1712677;QRT-03540;FUN-47371;Ar-condicionado;Média;2025-11-05 07:39:00;2025-11-05 11:06:59;4
CHM-5152726;QRT-55192;FUN-52300;Limpeza Extra;Média;2025-05-02 20:05:00;2025-05-03 00:09:28;5
CHM-2402142;QRT-89410;FUN-71181;Hidráulica;Baixa;2024-09-06 16:19:00;2024-09-07 01:57:27;5
CHM-1342582;QRT-00699;FUN-22027;Ar-condicionado;Baixa;2026-03-12 19:39:00;2026-03-14 23:22:41;1
CHM-6558759;QRT-77112;FUN-32345;Frigobar com Defeito;Alta;2025-12-01 13:04:00;2025-12-01 13:32:56;5
CHM-3110094;QRT-89443;FUN-96106;Fechadura Eletrônica;Média;2025-11-16 16:41:00;2025-11-16 18:27:01;5
CHM-7060874;QRT-72078;FUN-49170;Ar-condicionado;Baixa;2025-07-16 21:10:00;2025-07-17 12:00:16;4
CHM-7200900;QRT-81045;FUN-96106;Fechadura Eletrônica;Baixa;2025-03-23 10:44:00;2025-03-23 22:22:40;4
CHM-6024909;QRT-09785;FUN-23361;Limpeza Extra;Média;2024-07-15 12:03:00;2024-07-15 14:18:17;5
CHM-0231725;QRT-98370;FUN-22027;TV / Controle;Média;2025-01-23 08:57:00;2025-01-23 11:12:18;5
CHM-3473447;QRT-43580;FUN-64706;Elétrica;Alta;2025-03-04 09:02:00;2025-03-04 10:01:45;5
CHM-6849037;QRT-03596;FUN-22607;Ar-condicionado;Alta;2025-03-27 19:17:00;2025-03-27 20:08:44;5
CHM-0494327;QRT-07215;FUN-64755;Frigobar com Defeito;Baixa;2024-08-19 12:33:00;2024-08-19 16:53:50;4
CHM-8957164;QRT-94991;FUN-52793;Fechadura Eletrônica;Alta;2024-09-22 20:21:00;2024-09-22 21:37:56;5
CHM-0332428;QRT-70536;FUN-15784;Fechadura Eletrônica;Alta;2024-07-25 10:12:00;2024-07-25 11:27:52;5
CHM-3223412;QRT-29393;FUN-52300;Elétrica;Baixa;2025-03-22 18:49:00;2025-03-24 15:57:21;3
CHM-9863971;QRT-64840;FUN-08486;TV / Controle;Média;2025-02-01 17:41:00;2025-02-01 23:13:57;4
CHM-1643211;QRT-70661;FUN-94946;Hidráulica;Baixa;2026-01-30 06:08:00;2026-01-31 02:43:30;5
CHM-2177343;QRT-61719;FUN-25313;Hidráulica;Alta;2026-03-25 14:40:00;2026-03-25 16:20:38;5
CHM-9287859;QRT-65173;FUN-04670;Ar-condicionado;Média;2025-11-17 20:21:00;2025-11-18 06:02:28;2
CHM-9923640;QRT-99181;FUN-92045;Wi-Fi;Média;2025-01-12 13:58:00;2025-01-12 15:55:51;5
CHM-1499682;QRT-99673;FUN-88121;Elétrica;Média;2025-02-16 14:47:00;2025-02-16 18:58:10;5
CHM-5046618;QRT-27540;FUN-78820;Frigobar com Defeito;Média;2025-04-05 08:23:00;2025-04-05 12:04:00;5
CHM-7973842;QRT-37204;FUN-50800;TV / Controle;Baixa;2025-02-24 20:13:00;2025-02-25 15:36:07;4
CHM-9093094;QRT-94431;FUN-05739;Ar-condicionado;Alta;2026-06-22 22:28:00;2026-06-22 23:13:26;4
CHM-7409459;QRT-73232;FUN-88121;TV / Controle;Média;2025-04-01 09:13:00;2025-04-02 01:43:13;2
CHM-2452444;QRT-00087;FUN-71493;Wi-Fi;Alta;2025-01-09 12:27:00;2025-01-09 13:59:20;3
CHM-1203074;QRT-68692;FUN-96106;Ar-condicionado;Baixa;2026-01-31 23:24:00;2026-02-01 22:38:03;4
CHM-4272208;QRT-37102;FUN-76103;Limpeza Extra;Baixa;2026-05-30 20:25:00;2026-05-31 03:52:30;5
CHM-9923424;QRT-53914;FUN-65780;Wi-Fi;Média;2024-11-07 17:28:00;2024-11-07 21:23:25;5
CHM-5708861;QRT-27574;FUN-52300;Ar-condicionado;Média;2025-07-22 10:55:00;2025-07-22 14:02:11;5
CHM-8796530;QRT-88284;FUN-83865;Frigobar com Defeito;Média;2024-12-14 13:11:00;2024-12-14 16:43:52;5
CHM-2246588;QRT-61287;FUN-08109;Limpeza Extra;Baixa;2025-07-16 09:25:00;2025-07-17 12:54:00;1
CHM-1942971;QRT-55013;FUN-35080;Limpeza Extra;Alta;2024-12-06 08:30:00;2024-12-06 09:48:43;5
CHM-7266966;QRT-59512;FUN-64047;Wi-Fi;Baixa;2026-02-24 21:37:00;2026-02-25 02:33:11;5
CHM-0252383;QRT-17820;FUN-70436;Fechadura Eletrônica;Média;2025-06-20 10:30:00;2025-06-20 11:35:28;4
CHM-4989478;QRT-88400;FUN-43763;Frigobar com Defeito;Média;2025-06-18 23:28:00;2025-06-19 12:40:26;1
CHM-6009715;QRT-43330;FUN-34873;Elétrica;Alta;2026-06-26 12:00:00;2026-06-26 12:21:56;4
CHM-3974998;QRT-48634;FUN-12040;Ar-condicionado;Média;2026-01-25 12:35:00;2026-01-25 15:23:07;5
CHM-7286181;QRT-19577;FUN-52793;Limpeza Extra;Baixa;2024-09-09 15:11:00;2024-09-11 03:13:00;1
CHM-5952714;QRT-86467;FUN-52300;Elétrica;Média;2024-09-16 23:51:00;2024-09-17 02:43:51;3
CHM-9065004;QRT-13326;FUN-22027;Wi-Fi;Baixa;2026-04-11 11:04:00;2026-04-11 20:27:57;4
CHM-6079404;QRT-98284;FUN-49170;Limpeza Extra;Média;2026-01-09 07:17:00;2026-01-09 10:56:45;4
CHM-3576806;QRT-08799;FUN-57664;Limpeza Extra;Baixa;2025-09-18 22:55:00;2025-09-19 10:26:55;5
CHM-4267794;QRT-60661;FUN-52793;TV / Controle;Alta;2026-06-23 19:39:00;2026-06-23 20:21:45;5
CHM-1431946;QRT-14866;FUN-74014;Hidráulica;Média;2025-04-26 14:00:00;2025-04-26 16:55:47;5
CHM-2262291;QRT-54116;FUN-29826;Hidráulica;Média;2025-10-31 23:51:00;2025-11-01 10:11:41;2
CHM-0591230;QRT-73232;FUN-88121;TV / Controle;Média;2024-12-07 07:59:00;2024-12-07 13:27:48;3
CHM-9607440;QRT-08689;FUN-15784;Ar-condicionado;Média;2026-02-23 08:34:00;2026-02-23 10:43:55;5
CHM-6539077;QRT-27801;FUN-89330;Wi-Fi;Média;2025-04-25 23:55:00;2025-04-26 18:55:59;3
CHM-5393161;QRT-66170;FUN-92311;Hidráulica;Baixa;2026-05-17 21:26:00;2026-05-19 12:38:58;3
CHM-6238330;QRT-72078;FUN-05739;Hidráulica;Baixa;2024-07-11 19:27:00;2024-07-12 16:01:53;5
CHM-6765460;QRT-85687;FUN-74014;Wi-Fi;Baixa;2026-04-12 19:59:00;2026-04-13 09:11:30;5
CHM-7328255;QRT-80306;FUN-23361;Elétrica;Média;2025-05-06 08:23:00;2025-05-06 11:37:32;4
CHM-9207612;QRT-75780;FUN-69727;Elétrica;Média;2026-06-24 08:55:00;2026-06-24 17:37:24;2
CHM-2452237;QRT-85367;FUN-71181;Hidráulica;Média;2025-05-25 19:58:00;2025-05-26 22:50:57;2
CHM-8914162;QRT-10397;FUN-65780;Hidráulica;Baixa;2026-02-19 13:16:00;2026-02-22 12:44:23;2
CHM-2739666;QRT-02862;FUN-01568;Fechadura Eletrônica;Média;2025-09-14 16:11:00;2025-09-14 18:35:30;4
CHM-8464473;QRT-19577;FUN-12576;Elétrica;Baixa;2025-03-17 11:17:00;2025-03-18 22:16:32;2
CHM-0664901;QRT-87613;FUN-23361;Limpeza Extra;Baixa;2026-01-07 23:33:00;2026-01-08 07:02:57;4
CHM-4467044;QRT-66170;FUN-92311;Frigobar com Defeito;Alta;2024-10-31 12:55:00;2024-10-31 16:07:05;2
CHM-0996835;QRT-01798;FUN-69727;Wi-Fi;Baixa;2025-05-15 06:30:00;2025-05-15 17:26:11;4
CHM-8155901;QRT-78217;FUN-08109;Limpeza Extra;Média;2025-07-29 12:00:00;2025-07-29 18:05:05;4
CHM-6253935;QRT-14866;FUN-08486;Hidráulica;Média;2025-11-04 22:43:00;2025-11-05 01:00:55;4
CHM-5515560;QRT-69925;FUN-08486;Limpeza Extra;Baixa;2024-10-03 06:41:00;2024-10-03 10:39:34;4
CHM-9779041;QRT-83481;FUN-86194;Ar-condicionado;Média;2026-06-05 20:55:00;2026-06-06 02:37:03;5
CHM-7961292;QRT-78380;FUN-23361;Ar-condicionado;Baixa;2025-11-08 09:12:00;2025-11-08 21:15:52;5
CHM-4634569;QRT-94556;FUN-87234;Hidráulica;Baixa;2025-06-22 11:48:00;2025-06-22 15:47:55;5
CHM-5852825;QRT-26280;FUN-67282;TV / Controle;Baixa;2026-03-24 11:26:00;2026-03-25 07:57:09;5
CHM-7429640;QRT-40043;FUN-32345;Frigobar com Defeito;Média;2025-06-10 23:40:00;2025-06-11 02:07:33;4
CHM-9594496;QRT-59560;FUN-90839;Frigobar com Defeito;Média;2024-11-23 06:39:00;2024-11-23 07:32:54;5
CHM-6997809;QRT-60661;FUN-52793;Wi-Fi;Baixa;2026-05-02 21:56:00;2026-05-03 05:07:02;5
CHM-6414866;QRT-19734;FUN-69104;Wi-Fi;Média;2025-05-21 12:43:00;2025-05-22 05:12:10;3
CHM-5322446;QRT-29439;FUN-64706;Hidráulica;Baixa;2026-05-21 16:08:00;2026-05-22 15:02:51;5
CHM-6573793;QRT-14528;FUN-19473;Hidráulica;Baixa;2025-09-06 11:51:00;2025-09-07 07:01:04;3
CHM-8503057;QRT-29439;FUN-43763;Ar-condicionado;Baixa;2025-11-03 13:02:00;2025-11-04 12:41:36;5
CHM-3418095;QRT-55333;FUN-92311;Limpeza Extra;Alta;2024-11-08 21:36:00;2024-11-08 22:14:02;3
CHM-0446851;QRT-62407;FUN-22607;Wi-Fi;Média;2025-12-30 19:55:00;2025-12-30 21:10:07;5
CHM-1082144;QRT-86536;FUN-45111;Ar-condicionado;Alta;2025-04-10 23:07:00;2025-04-10 23:52:47;5
CHM-1850129;QRT-27833;FUN-48683;Elétrica;Média;2025-07-27 22:31:00;2025-07-28 04:28:45;5
CHM-1969070;QRT-13595;FUN-94946;Hidráulica;Média;2026-03-31 19:39:00;2026-04-01 00:22:49;3
CHM-8482937;QRT-74465;FUN-08486;Limpeza Extra;Média;2026-05-24 16:23:00;2026-05-24 19:53:41;4
CHM-2005864;QRT-54918;FUN-48683;Hidráulica;Média;2025-04-01 08:50:00;2025-04-01 14:16:19;4
CHM-9777055;QRT-03596;FUN-08109;Hidráulica;Média;2025-01-07 19:40:00;2025-01-08 03:19:11;4
CHM-1397505;QRT-15710;FUN-32345;Ar-condicionado;Baixa;2025-05-14 06:25:00;2025-05-14 14:54:11;5
CHM-0258685;QRT-28485;FUN-02909;Ar-condicionado;Baixa;2026-05-02 11:27:00;2026-05-03 06:51:49;4
CHM-2154525;QRT-78115;FUN-65780;Fechadura Eletrônica;Alta;2025-09-22 16:53:00;2025-09-22 20:05:43;3
CHM-2418664;QRT-99181;FUN-55799;Elétrica;Média;2026-04-02 18:55:00;2026-04-03 07:15:40;3
CHM-3857920;QRT-02141;FUN-22027;Limpeza Extra;Alta;2024-08-27 11:02:00;2024-08-27 11:36:32;5
CHM-9700117;QRT-85920;FUN-22027;Frigobar com Defeito;Baixa;2024-12-07 10:37:00;2024-12-08 17:22:30;3
CHM-9785972;QRT-57190;FUN-10947;Limpeza Extra;Baixa;2025-12-04 19:29:00;2025-12-05 04:06:12;5
CHM-1481328;QRT-71975;FUN-67282;Hidráulica;Baixa;2025-12-10 21:09:00;2025-12-11 14:32:17;5
CHM-1041357;QRT-76454;FUN-03036;Elétrica;Alta;2024-11-04 17:50:00;2024-11-04 20:41:40;1
CHM-3361224;QRT-53868;FUN-23361;Ar-condicionado;Baixa;2025-07-09 16:33:00;2025-07-09 18:46:56;3
CHM-1786652;QRT-86712;FUN-48683;Ar-condicionado;Média;2024-08-26 12:38:00;2024-08-26 14:09:52;4
CHM-7309524;QRT-66307;FUN-45111;TV / Controle;Média;2024-12-17 06:19:00;2024-12-17 09:08:11;5
CHM-7295936;QRT-59560;FUN-01568;Elétrica;Baixa;2026-04-12 20:48:00;2026-04-13 04:45:46;5
CHM-5526889;QRT-19734;FUN-86199;Limpeza Extra;Baixa;2026-01-02 11:00:00;2026-01-02 16:24:45;4
CHM-7177369;QRT-09785;FUN-18700;Wi-Fi;Média;2024-11-01 19:30:00;2024-11-01 23:40:54;4
CHM-9589679;QRT-03596;FUN-22607;Ar-condicionado;Baixa;2024-07-02 10:55:00;2024-07-02 19:35:01;5
CHM-5346472;QRT-09419;FUN-10947;Hidráulica;Média;2024-12-07 16:41:00;2024-12-07 21:52:48;4
CHM-7960258;QRT-09261;FUN-07814;Hidráulica;Baixa;2026-03-14 20:26:00;2026-03-15 05:00:21;3
CHM-1355287;QRT-51483;FUN-23383;Limpeza Extra;Média;2024-12-26 09:35:00;2024-12-27 04:32:22;2
CHM-5378284;QRT-90762;FUN-96106;Fechadura Eletrônica;Média;2025-04-12 23:12:00;2025-04-13 02:40:00;3
CHM-6009418;QRT-35519;FUN-69727;Limpeza Extra;Alta;2024-10-02 18:15:00;2024-10-02 19:48:47;4
CHM-2628277;QRT-46794;FUN-22027;Limpeza Extra;Baixa;2026-02-06 20:26:00;2026-02-08 14:24:58;2
CHM-9667188;QRT-11649;FUN-81524;Hidráulica;Alta;2024-09-07 13:14:00;2024-09-07 13:42:31;5
CHM-0919271;QRT-42444;FUN-07814;Elétrica;Baixa;2025-04-10 16:45:00;2025-04-11 03:42:15;5
CHM-3727574;QRT-82431;FUN-08486;Frigobar com Defeito;Média;2025-03-15 12:53:00;2025-03-15 14:38:48;4
CHM-7037337;QRT-26539;FUN-23383;Limpeza Extra;Média;2026-04-16 17:20:00;2026-04-16 18:51:40;5
CHM-4945436;QRT-47964;FUN-34873;Ar-condicionado;Alta;2026-04-05 18:04:00;2026-04-05 18:23:04;5
CHM-0991092;QRT-16398;FUN-03036;Ar-condicionado;Média;2026-04-13 07:27:00;2026-04-13 09:14:33;5
CHM-7841443;QRT-57190;FUN-39946;TV / Controle;Baixa;2026-06-15 23:39:00;2026-06-17 14:38:33;1
CHM-5675749;QRT-56321;FUN-23361;Elétrica;Média;2025-05-16 13:49:00;2025-05-16 15:48:41;5
CHM-7971510;QRT-87613;FUN-07814;TV / Controle;Baixa;2026-03-27 22:38:00;2026-03-28 16:00:33;5
CHM-4945928;QRT-56047;FUN-03036;Wi-Fi;Média;2024-10-29 12:48:00;2024-10-29 21:59:50;1
CHM-0832568;QRT-89068;FUN-39946;TV / Controle;Baixa;2025-11-08 06:38:00;2025-11-08 16:58:49;4
CHM-3570831;QRT-95201;FUN-48683;Ar-condicionado;Baixa;2026-05-01 20:30:00;2026-05-03 13:16:30;2
CHM-7502261;QRT-45866;FUN-34873;Limpeza Extra;Média;2025-11-24 12:05:00;2025-11-24 15:44:11;4
CHM-5943276;QRT-63784;FUN-23361;Limpeza Extra;Alta;2025-08-25 17:45:00;2025-08-25 19:08:57;5
CHM-2572667;QRT-66170;FUN-96354;Limpeza Extra;Baixa;2026-03-20 18:56:00;2026-03-21 10:22:38;5
CHM-9231428;QRT-80765;FUN-65780;Ar-condicionado;Média;2024-08-18 23:52:00;2024-08-19 01:02:22;4
CHM-5172839;QRT-74690;FUN-29826;Hidráulica;Baixa;2025-02-12 22:24:00;2025-02-14 00:24:24;3
CHM-2725709;QRT-98284;FUN-49170;Fechadura Eletrônica;Média;2026-03-14 14:03:00;2026-03-14 21:48:10;5
CHM-8491205;QRT-09047;FUN-23286;TV / Controle;Baixa;2025-10-09 18:34:00;2025-10-09 23:24:54;5
CHM-0282795;QRT-94756;FUN-01568;Elétrica;Média;2026-03-27 22:18:00;2026-03-28 01:01:45;3
CHM-7617993;QRT-81045;FUN-57664;Wi-Fi;Baixa;2024-09-12 16:23:00;2024-09-14 03:07:50;2
CHM-0875222;QRT-79165;FUN-29826;Elétrica;Média;2026-05-11 08:55:00;2026-05-11 12:01:27;5
CHM-6909754;QRT-96617;FUN-78820;Ar-condicionado;Baixa;2025-11-07 09:07:00;2025-11-09 07:35:35;2
CHM-5771184;QRT-85739;FUN-52793;Wi-Fi;Baixa;2025-12-07 08:11:00;2025-12-09 04:25:03;3
CHM-9323963;QRT-10397;FUN-86194;Frigobar com Defeito;Média;2025-11-03 09:53:00;2025-11-03 12:19:23;5
CHM-6244402;QRT-14624;FUN-48683;Limpeza Extra;Alta;2025-12-07 16:37:00;2025-12-07 17:40:36;3
CHM-0596909;QRT-13758;FUN-08109;Ar-condicionado;Alta;2024-10-10 11:09:00;2024-10-10 11:31:03;3
CHM-3239392;QRT-03049;FUN-16922;Hidráulica;Alta;2025-08-20 19:12:00;2025-08-20 19:50:43;5
CHM-3065344;QRT-45132;FUN-36473;Elétrica;Média;2025-12-09 22:42:00;2025-12-09 23:51:48;4
CHM-6386407;QRT-62284;FUN-02909;Ar-condicionado;Alta;2026-02-24 17:53:00;2026-02-24 18:14:30;5
CHM-0306068;QRT-13534;FUN-69727;Ar-condicionado;Média;2025-09-22 19:01:00;2025-09-22 22:50:15;4
CHM-8316315;QRT-15710;FUN-22027;Limpeza Extra;Alta;2025-04-13 16:16:00;2025-04-13 17:34:27;4
CHM-2998067;QRT-00087;FUN-08109;Elétrica;Alta;2026-05-26 12:52:00;2026-05-26 13:57:49;5
CHM-1655690;QRT-39368;FUN-66580;TV / Controle;Baixa;2026-04-09 23:06:00;2026-04-10 04:25:07;4
CHM-7063905;QRT-26354;FUN-94946;Ar-condicionado;Média;2026-04-28 22:45:00;2026-04-29 11:54:51;2
CHM-9111908;QRT-43330;FUN-29826;Frigobar com Defeito;Baixa;2025-02-05 17:59:00;2025-02-06 10:42:34;4
CHM-2130255;QRT-66307;FUN-23361;Ar-condicionado;Alta;2025-12-06 10:01:00;2025-12-06 10:43:46;5
CHM-1421517;QRT-74766;FUN-90839;Fechadura Eletrônica;Baixa;2025-02-24 23:27:00;2025-02-25 08:21:47;5
CHM-6325894;QRT-70536;FUN-64047;Ar-condicionado;Baixa;2026-04-04 13:52:00;2026-04-05 06:24:58;4
CHM-4692164;QRT-60979;FUN-18700;Wi-Fi;Alta;2026-03-13 21:27:00;2026-03-14 03:26:39;1
CHM-5872291;QRT-37102;FUN-18700;Fechadura Eletrônica;Média;2025-08-14 08:05:00;2025-08-14 17:37:34;3
CHM-4216809;QRT-63784;FUN-45111;Ar-condicionado;Média;2025-12-20 20:38:00;2025-12-21 00:46:58;3
CHM-7260562;QRT-26280;FUN-67282;TV / Controle;Baixa;2025-11-07 11:59:00;2025-11-08 01:56:07;4
CHM-7533118;QRT-80227;FUN-64755;TV / Controle;Baixa;2025-07-16 17:16:00;2025-07-18 05:53:08;1
CHM-4122829;QRT-78217;FUN-47371;Hidráulica;Baixa;2025-08-29 11:43:00;2025-08-30 17:32:15;2
CHM-4771379;QRT-41934;FUN-64755;Limpeza Extra;Baixa;2025-08-16 07:50:00;2025-08-17 01:25:42;4
CHM-1719777;QRT-13534;FUN-29826;TV / Controle;Baixa;2025-12-11 17:44:00;2025-12-11 23:09:41;4
CHM-9463726;QRT-73451;FUN-48683;TV / Controle;Alta;2025-09-14 11:46:00;2025-09-14 12:57:00;3
CHM-4797850;QRT-98065;FUN-32345;Fechadura Eletrônica;Baixa;2025-08-28 12:04:00;2025-08-29 16:23:44;3
CHM-9793326;QRT-01562;FUN-86194;Wi-Fi;Média;2026-05-13 14:28:00;2026-05-13 21:16:08;4
CHM-3218712;QRT-98065;FUN-96106;Ar-condicionado;Baixa;2025-01-01 18:07:00;2025-01-02 07:06:35;4
CHM-2635336;QRT-25905;FUN-41540;Wi-Fi;Média;2024-12-10 13:49:00;2024-12-10 17:42:42;5
CHM-3760767;QRT-45866;FUN-15867;Frigobar com Defeito;Média;2025-09-20 12:42:00;2025-09-20 21:01:21;1
CHM-2201356;QRT-27723;FUN-37715;Hidráulica;Baixa;2025-10-07 23:04:00;2025-10-08 11:08:29;5
CHM-5607675;QRT-76454;FUN-92045;Hidráulica;Alta;2026-02-21 17:29:00;2026-02-21 17:54:39;3
CHM-4411129;QRT-62407;FUN-71493;Ar-condicionado;Baixa;2025-02-17 16:29:00;2025-02-17 21:57:03;3
CHM-3856255;QRT-41338;FUN-64706;Ar-condicionado;Alta;2025-04-26 16:52:00;2025-04-26 17:18:33;5
CHM-9329491;QRT-81819;FUN-87234;Ar-condicionado;Baixa;2026-05-26 10:39:00;2026-05-26 19:35:35;4
CHM-9789841;QRT-82654;FUN-02909;Frigobar com Defeito;Alta;2024-08-30 10:19:00;2024-08-30 14:51:53;3
CHM-4871554;QRT-99181;FUN-23286;Limpeza Extra;Média;2025-01-14 23:09:00;2025-01-15 03:23:47;5
CHM-9467202;QRT-81775;FUN-15784;Ar-condicionado;Média;2026-04-22 17:30:00;2026-04-23 01:32:14;2
